[2026-08-27 08:55:46.069] [44240] [HailoRT] [info] [vdevice.cpp:535] [create] Creating vdevice with params: device_count: 1, scheduling_algorithm: NONE, multi_process_service: false
[2026-08-27 08:55:46.081] [44240] [HailoRT] [info] [device.cpp:51] [Device] OS Version: Linux 6.18.39+rpt-rpi-2712 #1 SMP PREEMPT Debian 1:6.18.39-1+rpt1 (2026-07-29) aarch64
[2026-08-27 08:55:46.082] [44240] [HailoRT] [info] [control.cpp:113] [control__parse_identify_results] firmware_version is: 4.23.0
[2026-08-27 08:55:46.082] [44240] [HailoRT] [info] [vdevice.cpp:682] [create] VDevice Infos: 0001:01:00.0
[2026-08-27 08:55:46.087] [44240] [HailoRT] [info] [internal_buffer_manager.cpp:75] [print_execution_results] Default Internal buffer planner failed to meet requirements
[2026-08-27 08:55:46.087] [44240] [HailoRT] [info] [internal_buffer_manager.cpp:86] [print_execution_results] Default Internal buffer planner executed successfully
[2026-08-27 08:55:46.096] [44240] [HailoRT] [info] [device_internal.cpp:57] [configure] Configuring HEF took 14.239148 milliseconds
[2026-08-27 08:55:46.096] [44240] [HailoRT] [info] [vdevice.cpp:780] [configure] Configuring HEF on VDevice took 14.539056 milliseconds
[2026-08-27 08:55:46.096] [44240] [HailoRT] [info] [hef.cpp:1994] [get_network_group_and_network_name] No name was given. Addressing all networks of default network_group: best
[2026-08-27 08:55:46.096] [44240] [HailoRT] [info] [hef.cpp:1994] [get_network_group_and_network_name] No name was given. Addressing all networks of default network_group: best
[2026-08-27 08:55:46.097] [44240] [HailoRT] [info] [core_op.cpp:156] [activate] Activating best took 0.442055 milliseconds. Note that the function is asynchronous and thus the network is not fully activated yet.
[2026-08-27 08:55:46.097] [44240] [HailoRT] [info] [core_op.cpp:156] [activate] Activating best took 0.451833 milliseconds. Note that the function is asynchronous and thus the network is not fully activated yet.
[2026-08-27 08:55:46.097] [44240] [HailoRT] [info] [edge_elements.cpp:52] [create] Created (HwWriteEl10best/input_layer1 | hw_frame_size: 307200)
[2026-08-27 08:55:46.097] [44240] [HailoRT] [info] [vstream.cpp:754] [InputVStreamImpl] Creating best/input_layer1...
[2026-08-27 08:55:46.097] [44240] [HailoRT] [info] [vstream_builder.cpp:102] [create_inputs] Input pipeline 'best/input_layer1': (HwWriteEl10best/input_layer1 | hw_frame_size: 307200) >> HW
[2026-08-27 08:55:46.097] [44240] [HailoRT] [info] [edge_elements.cpp:287] [create] Created (HwReadEl13best/conv41 | hw_frame_size: 102400)
[2026-08-27 08:55:46.097] [44240] [HailoRT] [info] [queue_elements.cpp:657] [create] Created (PullQEl_hw_read13best/conv41)
[2026-08-27 08:55:46.097] [44240] [HailoRT] [info] [filter_elements.cpp:372] [create] Created (PostInferEl13best/conv41 | Quantization - src_type: UINT8, dst_type FLOAT32, limvals_min: -10.4737, limvals_max: 14.487)
[2026-08-27 08:55:46.097] [44240] [HailoRT] [info] [queue_elements.cpp:800] [create] Created (UserBuffQEl13best/conv41 | timeout: 10s)
[2026-08-27 08:55:46.097] [44240] [HailoRT] [info] [vstream.cpp:1114] [OutputVStreamImpl] Creating best/conv41...
[2026-08-27 08:55:46.097] [44240] [HailoRT] [info] [vstream_builder.cpp:220] [create_outputs] Output pipeline 'best/conv41': HW >> (HwReadEl13best/conv41 | hw_frame_size: 102400) >> (PullQEl_hw_read13best/conv41) >> (PostInferEl13best/conv41 | Quantization - src_type: UINT8, dst_type FLOAT32, limvals_min: -10.4737, limvals_max: 14.487) >> (UserBuffQEl13best/conv41 | timeout: 10s)
[2026-08-27 08:55:46.097] [44240] [HailoRT] [info] [edge_elements.cpp:287] [create] Created (HwReadEl12best/conv42 | hw_frame_size: 1600)
[2026-08-27 08:55:46.098] [44240] [HailoRT] [info] [queue_elements.cpp:657] [create] Created (PullQEl_hw_read12best/conv42)
[2026-08-27 08:55:46.098] [44240] [HailoRT] [info] [filter_elements.cpp:372] [create] Created (PostInferEl12best/conv42 | Quantization - src_type: UINT8, dst_type FLOAT32, limvals_min: -21.8247, limvals_max: 2.0607)
[2026-08-27 08:55:46.098] [44240] [HailoRT] [info] [queue_elements.cpp:800] [create] Created (UserBuffQEl12best/conv42 | timeout: 10s)
[2026-08-27 08:55:46.098] [44240] [HailoRT] [info] [vstream.cpp:1114] [OutputVStreamImpl] Creating best/conv42...
[2026-08-27 08:55:46.098] [44240] [HailoRT] [info] [vstream_builder.cpp:220] [create_outputs] Output pipeline 'best/conv42': HW >> (HwReadEl12best/conv42 | hw_frame_size: 1600) >> (PullQEl_hw_read12best/conv42) >> (PostInferEl12best/conv42 | Quantization - src_type: UINT8, dst_type FLOAT32, limvals_min: -21.8247, limvals_max: 2.0607) >> (UserBuffQEl12best/conv42 | timeout: 10s)
[2026-08-27 08:55:46.098] [44240] [HailoRT] [info] [edge_elements.cpp:287] [create] Created (HwReadEl15best/conv52 | hw_frame_size: 25600)
[2026-08-27 08:55:46.098] [44240] [HailoRT] [info] [queue_elements.cpp:657] [create] Created (PullQEl_hw_read15best/conv52)
[2026-08-27 08:55:46.098] [44240] [HailoRT] [info] [filter_elements.cpp:372] [create] Created (PostInferEl15best/conv52 | Quantization - src_type: UINT8, dst_type FLOAT32, limvals_min: -9.8639, limvals_max: 15.289)
[2026-08-27 08:55:46.098] [44240] [HailoRT] [info] [queue_elements.cpp:800] [create] Created (UserBuffQEl15best/conv52 | timeout: 10s)
[2026-08-27 08:55:46.098] [44240] [HailoRT] [info] [vstream.cpp:1114] [OutputVStreamImpl] Creating best/conv52...
[2026-08-27 08:55:46.098] [44240] [HailoRT] [info] [vstream_builder.cpp:220] [create_outputs] Output pipeline 'best/conv52': HW >> (HwReadEl15best/conv52 | hw_frame_size: 25600) >> (PullQEl_hw_read15best/conv52) >> (PostInferEl15best/conv52 | Quantization - src_type: UINT8, dst_type FLOAT32, limvals_min: -9.8639, limvals_max: 15.289) >> (UserBuffQEl15best/conv52 | timeout: 10s)
[2026-08-27 08:55:46.098] [44240] [HailoRT] [info] [edge_elements.cpp:287] [create] Created (HwReadEl14best/conv53 | hw_frame_size: 3200)
[2026-08-27 08:55:46.098] [44240] [HailoRT] [info] [queue_elements.cpp:657] [create] Created (PullQEl_hw_read14best/conv53)
[2026-08-27 08:55:46.098] [44240] [HailoRT] [info] [filter_elements.cpp:372] [create] Created (PostInferEl14best/conv53 | Quantization - src_type: UINT8, dst_type FLOAT32, limvals_min: -16.0087, limvals_max: 3.52344 | Reorder - src_order: FCR, src_shape: (20, 20, 8), dst_order: FCR, dst_shape: (20, 20, 1))
[2026-08-27 08:55:46.098] [44240] [HailoRT] [info] [queue_elements.cpp:800] [create] Created (UserBuffQEl14best/conv53 | timeout: 10s)
[2026-08-27 08:55:46.098] [44240] [HailoRT] [info] [vstream.cpp:1114] [OutputVStreamImpl] Creating best/conv53...
[2026-08-27 08:55:46.098] [44240] [HailoRT] [info] [vstream_builder.cpp:220] [create_outputs] Output pipeline 'best/conv53': HW >> (HwReadEl14best/conv53 | hw_frame_size: 3200) >> (PullQEl_hw_read14best/conv53) >> (PostInferEl14best/conv53 | Quantization - src_type: UINT8, dst_type FLOAT32, limvals_min: -16.0087, limvals_max: 3.52344 | Reorder - src_order: FCR, src_shape: (20, 20, 8), dst_order: FCR, dst_shape: (20, 20, 1)) >> (UserBuffQEl14best/conv53 | timeout: 10s)
[2026-08-27 08:55:46.098] [44240] [HailoRT] [info] [edge_elements.cpp:287] [create] Created (HwReadEl11best/conv62 | hw_frame_size: 6400)
[2026-08-27 08:55:46.098] [44240] [HailoRT] [info] [queue_elements.cpp:657] [create] Created (PullQEl_hw_read11best/conv62)
[2026-08-27 08:55:46.098] [44240] [HailoRT] [info] [filter_elements.cpp:372] [create] Created (PostInferEl11best/conv62 | Quantization - src_type: UINT8, dst_type FLOAT32, limvals_min: -7.15299, limvals_max: 11.0871)
[2026-08-27 08:55:46.098] [44240] [HailoRT] [info] [queue_elements.cpp:800] [create] Created (UserBuffQEl11best/conv62 | timeout: 10s)
[2026-08-27 08:55:46.098] [44240] [HailoRT] [info] [vstream.cpp:1114] [OutputVStreamImpl] Creating best/conv62...
[2026-08-27 08:55:46.098] [44240] [HailoRT] [info] [vstream_builder.cpp:220] [create_outputs] Output pipeline 'best/conv62': HW >> (HwReadEl11best/conv62 | hw_frame_size: 6400) >> (PullQEl_hw_read11best/conv62) >> (PostInferEl11best/conv62 | Quantization - src_type: UINT8, dst_type FLOAT32, limvals_min: -7.15299, limvals_max: 11.0871) >> (UserBuffQEl11best/conv62 | timeout: 10s)
[2026-08-27 08:55:46.098] [44240] [HailoRT] [info] [edge_elements.cpp:287] [create] Created (HwReadEl6best/conv63 | hw_frame_size: 800)
[2026-08-27 08:55:46.098] [44240] [HailoRT] [info] [queue_elements.cpp:657] [create] Created (PullQEl_hw_read6best/conv63)
[2026-08-27 08:55:46.098] [44240] [HailoRT] [info] [filter_elements.cpp:372] [create] Created (PostInferEl6best/conv63 | Quantization - src_type: UINT8, dst_type FLOAT32, limvals_min: -10.7449, limvals_max: 0 | Reorder - src_order: FCR, src_shape: (10, 10, 8), dst_order: FCR, dst_shape: (10, 10, 1))
[2026-08-27 08:55:46.098] [44240] [HailoRT] [info] [queue_elements.cpp:800] [create] Created (UserBuffQEl6best/conv63 | timeout: 10s)
[2026-08-27 08:55:46.098] [44240] [HailoRT] [info] [vstream.cpp:1114] [OutputVStreamImpl] Creating best/conv63...
[2026-08-27 08:55:46.098] [44240] [HailoRT] [info] [vstream_builder.cpp:220] [create_outputs] Output pipeline 'best/conv63': HW >> (HwReadEl6best/conv63 | hw_frame_size: 800) >> (PullQEl_hw_read6best/conv63) >> (PostInferEl6best/conv63 | Quantization - src_type: UINT8, dst_type FLOAT32, limvals_min: -10.7449, limvals_max: 0 | Reorder - src_order: FCR, src_shape: (10, 10, 8), dst_order: FCR, dst_shape: (10, 10, 1)) >> (UserBuffQEl6best/conv63 | timeout: 10s)
[2026-08-27 09:03:54.661] [1641] [HailoRT] [info] [device.cpp:51] [Device] OS Version: Linux 6.18.39+rpt-rpi-2712 #1 SMP PREEMPT Debian 1:6.18.39-1+rpt1 (2026-07-29) aarch64
[2026-08-27 09:03:54.665] [1641] [HailoRT] [info] [control.cpp:113] [control__parse_identify_results] firmware_version is: 4.23.0
[2026-08-27 09:03:54.665] [1641] [HailoRT] [info] [control.cpp:113] [control__parse_identify_results] firmware_version is: 4.23.0
[2026-08-27 09:03:58.540] [1682] [HailoRT] [info] [vdevice.cpp:535] [create] Creating vdevice with params: device_count: 1, scheduling_algorithm: NONE, multi_process_service: false
[2026-08-27 09:03:58.552] [1682] [HailoRT] [info] [device.cpp:51] [Device] OS Version: Linux 6.18.39+rpt-rpi-2712 #1 SMP PREEMPT Debian 1:6.18.39-1+rpt1 (2026-07-29) aarch64
[2026-08-27 09:03:58.553] [1682] [HailoRT] [info] [control.cpp:113] [control__parse_identify_results] firmware_version is: 4.23.0
[2026-08-27 09:03:58.553] [1682] [HailoRT] [info] [vdevice.cpp:682] [create] VDevice Infos: 0001:01:00.0
[2026-08-27 09:03:58.564] [1682] [HailoRT] [info] [internal_buffer_manager.cpp:75] [print_execution_results] Default Internal buffer planner failed to meet requirements
[2026-08-27 09:03:58.564] [1682] [HailoRT] [info] [internal_buffer_manager.cpp:86] [print_execution_results] Default Internal buffer planner executed successfully
[2026-08-27 09:03:58.574] [1682] [HailoRT] [info] [device_internal.cpp:57] [configure] Configuring HEF took 20.444148 milliseconds
[2026-08-27 09:03:58.574] [1682] [HailoRT] [info] [vdevice.cpp:780] [configure] Configuring HEF on VDevice took 21.108518 milliseconds
[2026-08-27 09:03:58.574] [1682] [HailoRT] [info] [hef.cpp:1994] [get_network_group_and_network_name] No name was given. Addressing all networks of default network_group: best
[2026-08-27 09:03:58.577] [1682] [HailoRT] [info] [hef.cpp:1994] [get_network_group_and_network_name] No name was given. Addressing all networks of default network_group: best
[2026-08-27 09:03:58.578] [1682] [HailoRT] [info] [core_op.cpp:156] [activate] Activating best took 0.462963 milliseconds. Note that the function is asynchronous and thus the network is not fully activated yet.
[2026-08-27 09:03:58.578] [1682] [HailoRT] [info] [core_op.cpp:156] [activate] Activating best took 0.472851 milliseconds. Note that the function is asynchronous and thus the network is not fully activated yet.
[2026-08-27 09:03:58.581] [1682] [HailoRT] [info] [edge_elements.cpp:52] [create] Created (HwWriteEl10best/input_layer1 | hw_frame_size: 307200)
[2026-08-27 09:03:58.582] [1682] [HailoRT] [info] [vstream.cpp:754] [InputVStreamImpl] Creating best/input_layer1...
[2026-08-27 09:03:58.582] [1682] [HailoRT] [info] [vstream_builder.cpp:102] [create_inputs] Input pipeline 'best/input_layer1': (HwWriteEl10best/input_layer1 | hw_frame_size: 307200) >> HW
[2026-08-27 09:03:58.582] [1682] [HailoRT] [info] [edge_elements.cpp:287] [create] Created (HwReadEl13best/conv41 | hw_frame_size: 102400)
[2026-08-27 09:03:58.582] [1682] [HailoRT] [info] [queue_elements.cpp:657] [create] Created (PullQEl_hw_read13best/conv41)
[2026-08-27 09:03:58.582] [1682] [HailoRT] [info] [filter_elements.cpp:372] [create] Created (PostInferEl13best/conv41 | Quantization - src_type: UINT8, dst_type FLOAT32, limvals_min: -10.4737, limvals_max: 14.487)
[2026-08-27 09:03:58.583] [1682] [HailoRT] [info] [queue_elements.cpp:800] [create] Created (UserBuffQEl13best/conv41 | timeout: 10s)
[2026-08-27 09:03:58.583] [1682] [HailoRT] [info] [vstream.cpp:1114] [OutputVStreamImpl] Creating best/conv41...
[2026-08-27 09:03:58.583] [1682] [HailoRT] [info] [vstream_builder.cpp:220] [create_outputs] Output pipeline 'best/conv41': HW >> (HwReadEl13best/conv41 | hw_frame_size: 102400) >> (PullQEl_hw_read13best/conv41) >> (PostInferEl13best/conv41 | Quantization - src_type: UINT8, dst_type FLOAT32, limvals_min: -10.4737, limvals_max: 14.487) >> (UserBuffQEl13best/conv41 | timeout: 10s)
[2026-08-27 09:03:58.583] [1682] [HailoRT] [info] [edge_elements.cpp:287] [create] Created (HwReadEl12best/conv42 | hw_frame_size: 1600)
[2026-08-27 09:03:58.583] [1682] [HailoRT] [info] [queue_elements.cpp:657] [create] Created (PullQEl_hw_read12best/conv42)
[2026-08-27 09:03:58.583] [1682] [HailoRT] [info] [filter_elements.cpp:372] [create] Created (PostInferEl12best/conv42 | Quantization - src_type: UINT8, dst_type FLOAT32, limvals_min: -21.8247, limvals_max: 2.0607)
[2026-08-27 09:03:58.583] [1682] [HailoRT] [info] [queue_elements.cpp:800] [create] Created (UserBuffQEl12best/conv42 | timeout: 10s)
[2026-08-27 09:03:58.583] [1682] [HailoRT] [info] [vstream.cpp:1114] [OutputVStreamImpl] Creating best/conv42...
[2026-08-27 09:03:58.583] [1682] [HailoRT] [info] [vstream_builder.cpp:220] [create_outputs] Output pipeline 'best/conv42': HW >> (HwReadEl12best/conv42 | hw_frame_size: 1600) >> (PullQEl_hw_read12best/conv42) >> (PostInferEl12best/conv42 | Quantization - src_type: UINT8, dst_type FLOAT32, limvals_min: -21.8247, limvals_max: 2.0607) >> (UserBuffQEl12best/conv42 | timeout: 10s)
[2026-08-27 09:03:58.583] [1682] [HailoRT] [info] [edge_elements.cpp:287] [create] Created (HwReadEl15best/conv52 | hw_frame_size: 25600)
[2026-08-27 09:03:58.583] [1682] [HailoRT] [info] [queue_elements.cpp:657] [create] Created (PullQEl_hw_read15best/conv52)
[2026-08-27 09:03:58.583] [1682] [HailoRT] [info] [filter_elements.cpp:372] [create] Created (PostInferEl15best/conv52 | Quantization - src_type: UINT8, dst_type FLOAT32, limvals_min: -9.8639, limvals_max: 15.289)
[2026-08-27 09:03:58.583] [1682] [HailoRT] [info] [queue_elements.cpp:800] [create] Created (UserBuffQEl15best/conv52 | timeout: 10s)
[2026-08-27 09:03:58.583] [1682] [HailoRT] [info] [vstream.cpp:1114] [OutputVStreamImpl] Creating best/conv52...
[2026-08-27 09:03:58.583] [1682] [HailoRT] [info] [vstream_builder.cpp:220] [create_outputs] Output pipeline 'best/conv52': HW >> (HwReadEl15best/conv52 | hw_frame_size: 25600) >> (PullQEl_hw_read15best/conv52) >> (PostInferEl15best/conv52 | Quantization - src_type: UINT8, dst_type FLOAT32, limvals_min: -9.8639, limvals_max: 15.289) >> (UserBuffQEl15best/conv52 | timeout: 10s)
[2026-08-27 09:03:58.583] [1682] [HailoRT] [info] [edge_elements.cpp:287] [create] Created (HwReadEl14best/conv53 | hw_frame_size: 3200)
[2026-08-27 09:03:58.583] [1682] [HailoRT] [info] [queue_elements.cpp:657] [create] Created (PullQEl_hw_read14best/conv53)
[2026-08-27 09:03:58.583] [1682] [HailoRT] [info] [filter_elements.cpp:372] [create] Created (PostInferEl14best/conv53 | Quantization - src_type: UINT8, dst_type FLOAT32, limvals_min: -16.0087, limvals_max: 3.52344 | Reorder - src_order: FCR, src_shape: (20, 20, 8), dst_order: FCR, dst_shape: (20, 20, 1))
[2026-08-27 09:03:58.583] [1682] [HailoRT] [info] [queue_elements.cpp:800] [create] Created (UserBuffQEl14best/conv53 | timeout: 10s)
[2026-08-27 09:03:58.583] [1682] [HailoRT] [info] [vstream.cpp:1114] [OutputVStreamImpl] Creating best/conv53...
[2026-08-27 09:03:58.583] [1682] [HailoRT] [info] [vstream_builder.cpp:220] [create_outputs] Output pipeline 'best/conv53': HW >> (HwReadEl14best/conv53 | hw_frame_size: 3200) >> (PullQEl_hw_read14best/conv53) >> (PostInferEl14best/conv53 | Quantization - src_type: UINT8, dst_type FLOAT32, limvals_min: -16.0087, limvals_max: 3.52344 | Reorder - src_order: FCR, src_shape: (20, 20, 8), dst_order: FCR, dst_shape: (20, 20, 1)) >> (UserBuffQEl14best/conv53 | timeout: 10s)
[2026-08-27 09:03:58.583] [1682] [HailoRT] [info] [edge_elements.cpp:287] [create] Created (HwReadEl11best/conv62 | hw_frame_size: 6400)
[2026-08-27 09:03:58.584] [1682] [HailoRT] [info] [queue_elements.cpp:657] [create] Created (PullQEl_hw_read11best/conv62)
[2026-08-27 09:03:58.584] [1682] [HailoRT] [info] [filter_elements.cpp:372] [create] Created (PostInferEl11best/conv62 | Quantization - src_type: UINT8, dst_type FLOAT32, limvals_min: -7.15299, limvals_max: 11.0871)
[2026-08-27 09:03:58.584] [1682] [HailoRT] [info] [queue_elements.cpp:800] [create] Created (UserBuffQEl11best/conv62 | timeout: 10s)
[2026-08-27 09:03:58.584] [1682] [HailoRT] [info] [vstream.cpp:1114] [OutputVStreamImpl] Creating best/conv62...
[2026-08-27 09:03:58.584] [1682] [HailoRT] [info] [vstream_builder.cpp:220] [create_outputs] Output pipeline 'best/conv62': HW >> (HwReadEl11best/conv62 | hw_frame_size: 6400) >> (PullQEl_hw_read11best/conv62) >> (PostInferEl11best/conv62 | Quantization - src_type: UINT8, dst_type FLOAT32, limvals_min: -7.15299, limvals_max: 11.0871) >> (UserBuffQEl11best/conv62 | timeout: 10s)
[2026-08-27 09:03:58.584] [1682] [HailoRT] [info] [edge_elements.cpp:287] [create] Created (HwReadEl6best/conv63 | hw_frame_size: 800)
[2026-08-27 09:03:58.584] [1682] [HailoRT] [info] [queue_elements.cpp:657] [create] Created (PullQEl_hw_read6best/conv63)
[2026-08-27 09:03:58.584] [1682] [HailoRT] [info] [filter_elements.cpp:372] [create] Created (PostInferEl6best/conv63 | Quantization - src_type: UINT8, dst_type FLOAT32, limvals_min: -10.7449, limvals_max: 0 | Reorder - src_order: FCR, src_shape: (10, 10, 8), dst_order: FCR, dst_shape: (10, 10, 1))
[2026-08-27 09:03:58.584] [1682] [HailoRT] [info] [queue_elements.cpp:800] [create] Created (UserBuffQEl6best/conv63 | timeout: 10s)
[2026-08-27 09:03:58.584] [1682] [HailoRT] [info] [vstream.cpp:1114] [OutputVStreamImpl] Creating best/conv63...
[2026-08-27 09:03:58.584] [1682] [HailoRT] [info] [vstream_builder.cpp:220] [create_outputs] Output pipeline 'best/conv63': HW >> (HwReadEl6best/conv63 | hw_frame_size: 800) >> (PullQEl_hw_read6best/conv63) >> (PostInferEl6best/conv63 | Quantization - src_type: UINT8, dst_type FLOAT32, limvals_min: -10.7449, limvals_max: 0 | Reorder - src_order: FCR, src_shape: (10, 10, 8), dst_order: FCR, dst_shape: (10, 10, 1)) >> (UserBuffQEl6best/conv63 | timeout: 10s)
[2026-08-27 09:04:10.894] [1997] [HailoRT] [error] [queue_elements.cpp:838] [run_pull] CHECK failed - UserBuffQEl12best/conv42 (D2H) failed with status=HAILO_TIMEOUT(4) (timeout=10000ms)
[2026-08-27 09:04:10.894] [1973] [HailoRT] [info] [vdevice_native_stream.cpp:331] [read_impl] Failed read from stream HAILO_STREAM_ABORT(63) (device: 0001:01:00.0)
[2026-08-27 09:04:10.894] [1953] [HailoRT] [info] [queue_elements.cpp:706] [run_pull] Shutdown event was signaled in dequeue of queue element PullQEl_hw_read12best/conv42!
[2026-08-27 09:04:10.894] [1952] [HailoRT] [info] [vdevice_native_stream.cpp:331] [read_impl] Failed read from stream HAILO_STREAM_ABORT(63) (device: 0001:01:00.0)
[2026-08-27 09:04:10.894] [1952] [HailoRT] [info] [edge_elements.cpp:396] [run_pull] Reading from stream was aborted!
[2026-08-27 09:04:10.894] [1953] [HailoRT] [info] [queue_elements.cpp:862] [run_in_thread] Shutdown event was signaled in run_pull of UserBuffQEl12best/conv42!
[2026-08-27 09:04:10.894] [1973] [HailoRT] [info] [vdevice_native_stream.cpp:331] [read_impl] Failed read from stream HAILO_STREAM_ABORT(63) (device: 0001:01:00.0)
[2026-08-27 09:04:10.894] [1952] [HailoRT] [info] [queue_elements.cpp:738] [run_in_thread] run_pull of queue element PullQEl_hw_read12best/conv42 was aborted!
[2026-08-27 09:04:10.894] [1973] [HailoRT] [info] [vdevice_native_stream.cpp:331] [read_impl] Failed read from stream HAILO_STREAM_ABORT(63) (device: 0001:01:00.0)
[2026-08-27 09:04:10.894] [1973] [HailoRT] [info] [vdevice_native_stream.cpp:331] [read_impl] Failed read from stream HAILO_STREAM_ABORT(63) (device: 0001:01:00.0)
[2026-08-27 09:04:10.894] [1682] [HailoRT] [error] [inference_pipeline.cpp:257] [infer] Failed waiting for threads with status HAILO_TIMEOUT(4)
[2026-08-27 09:04:10.903] [1951] [HailoRT] [info] [queue_elements.cpp:855] [run_in_thread] Shutdown event was signaled in dequeue of UserBuffQEl13best/conv41!
[2026-08-27 09:04:10.903] [1972] [HailoRT] [info] [vdevice_native_stream.cpp:331] [read_impl] Failed read from stream HAILO_STREAM_ABORT(63) (device: 0001:01:00.0)
[2026-08-27 09:04:10.903] [1950] [HailoRT] [info] [vdevice_native_stream.cpp:331] [read_impl] Failed read from stream HAILO_STREAM_ABORT(63) (device: 0001:01:00.0)
[2026-08-27 09:04:10.903] [1950] [HailoRT] [info] [edge_elements.cpp:396] [run_pull] Reading from stream was aborted!
[2026-08-27 09:04:10.903] [1972] [HailoRT] [info] [vdevice_native_stream.cpp:331] [read_impl] Failed read from stream HAILO_STREAM_ABORT(63) (device: 0001:01:00.0)
[2026-08-27 09:04:10.903] [1972] [HailoRT] [info] [vdevice_native_stream.cpp:331] [read_impl] Failed read from stream HAILO_STREAM_ABORT(63) (device: 0001:01:00.0)
[2026-08-27 09:04:10.903] [1972] [HailoRT] [info] [vdevice_native_stream.cpp:331] [read_impl] Failed read from stream HAILO_STREAM_ABORT(63) (device: 0001:01:00.0)
[2026-08-27 09:04:10.903] [1950] [HailoRT] [info] [queue_elements.cpp:738] [run_in_thread] run_pull of queue element PullQEl_hw_read13best/conv41 was aborted!
[2026-08-27 09:04:10.903] [1972] [HailoRT] [info] [vdevice_native_stream.cpp:331] [read_impl] Failed read from stream HAILO_STREAM_ABORT(63) (device: 0001:01:00.0)
[2026-08-27 09:04:10.903] [1972] [HailoRT] [info] [vdevice_native_stream.cpp:331] [read_impl] Failed read from stream HAILO_STREAM_ABORT(63) (device: 0001:01:00.0)
[2026-08-27 09:04:10.903] [1950] [HailoRT] [info] [queue_elements.cpp:68] [operator()] Thread in element PullQEl_hw_read13best/conv41 is not running anymore, exiting..
[2026-08-27 09:04:10.903] [1682] [HailoRT] [info] [queue_elements.cpp:46] [~BaseQueueElement] Queue element PullQEl_hw_read13best/conv41 has 0 frames in his Queue on destruction
[2026-08-27 09:04:10.904] [1951] [HailoRT] [info] [queue_elements.cpp:68] [operator()] Thread in element UserBuffQEl13best/conv41 is not running anymore, exiting..
[2026-08-27 09:04:10.904] [1682] [HailoRT] [info] [queue_elements.cpp:46] [~BaseQueueElement] Queue element UserBuffQEl13best/conv41 has 0 frames in his Queue on destruction
[2026-08-27 09:04:10.904] [1973] [HailoRT] [info] [vdevice_native_stream.cpp:331] [read_impl] Failed read from stream HAILO_STREAM_ABORT(63) (device: 0001:01:00.0)
[2026-08-27 09:04:10.904] [1952] [HailoRT] [info] [vdevice_native_stream.cpp:331] [read_impl] Failed read from stream HAILO_STREAM_ABORT(63) (device: 0001:01:00.0)
[2026-08-27 09:04:10.904] [1953] [HailoRT] [info] [queue_elements.cpp:855] [run_in_thread] Shutdown event was signaled in dequeue of UserBuffQEl12best/conv42!
[2026-08-27 09:04:10.904] [1952] [HailoRT] [info] [edge_elements.cpp:396] [run_pull] Reading from stream was aborted!
[2026-08-27 09:04:10.904] [1973] [HailoRT] [info] [vdevice_native_stream.cpp:331] [read_impl] Failed read from stream HAILO_STREAM_ABORT(63) (device: 0001:01:00.0)
[2026-08-27 09:04:10.904] [1973] [HailoRT] [info] [vdevice_native_stream.cpp:331] [read_impl] Failed read from stream HAILO_STREAM_ABORT(63) (device: 0001:01:00.0)
[2026-08-27 09:04:10.904] [1952] [HailoRT] [info] [queue_elements.cpp:738] [run_in_thread] run_pull of queue element PullQEl_hw_read12best/conv42 was aborted!
[2026-08-27 09:04:10.904] [1973] [HailoRT] [info] [vdevice_native_stream.cpp:331] [read_impl] Failed read from stream HAILO_STREAM_ABORT(63) (device: 0001:01:00.0)
[2026-08-27 09:04:10.904] [1973] [HailoRT] [info] [vdevice_native_stream.cpp:331] [read_impl] Failed read from stream HAILO_STREAM_ABORT(63) (device: 0001:01:00.0)
[2026-08-27 09:04:10.904] [1952] [HailoRT] [info] [queue_elements.cpp:68] [operator()] Thread in element PullQEl_hw_read12best/conv42 is not running anymore, exiting..
[2026-08-27 09:04:10.904] [1682] [HailoRT] [info] [queue_elements.cpp:46] [~BaseQueueElement] Queue element PullQEl_hw_read12best/conv42 has 0 frames in his Queue on destruction
[2026-08-27 09:04:10.904] [1953] [HailoRT] [info] [queue_elements.cpp:68] [operator()] Thread in element UserBuffQEl12best/conv42 is not running anymore, exiting..
[2026-08-27 09:04:10.904] [1682] [HailoRT] [info] [queue_elements.cpp:46] [~BaseQueueElement] Queue element UserBuffQEl12best/conv42 has 0 frames in his Queue on destruction
[2026-08-27 09:04:10.904] [1974] [HailoRT] [info] [vdevice_native_stream.cpp:331] [read_impl] Failed read from stream HAILO_STREAM_ABORT(63) (device: 0001:01:00.0)
[2026-08-27 09:04:10.904] [1954] [HailoRT] [info] [vdevice_native_stream.cpp:331] [read_impl] Failed read from stream HAILO_STREAM_ABORT(63) (device: 0001:01:00.0)
[2026-08-27 09:04:10.904] [1954] [HailoRT] [info] [edge_elements.cpp:396] [run_pull] Reading from stream was aborted!
[2026-08-27 09:04:10.904] [1974] [HailoRT] [info] [vdevice_native_stream.cpp:331] [read_impl] Failed read from stream HAILO_STREAM_ABORT(63) (device: 0001:01:00.0)
[2026-08-27 09:04:10.904] [1955] [HailoRT] [info] [queue_elements.cpp:855] [run_in_thread] Shutdown event was signaled in dequeue of UserBuffQEl15best/conv52!
[2026-08-27 09:04:10.904] [1974] [HailoRT] [info] [vdevice_native_stream.cpp:331] [read_impl] Failed read from stream HAILO_STREAM_ABORT(63) (device: 0001:01:00.0)
[2026-08-27 09:04:10.904] [1954] [HailoRT] [info] [queue_elements.cpp:738] [run_in_thread] run_pull of queue element PullQEl_hw_read15best/conv52 was aborted!
[2026-08-27 09:04:10.904] [1974] [HailoRT] [info] [vdevice_native_stream.cpp:331] [read_impl] Failed read from stream HAILO_STREAM_ABORT(63) (device: 0001:01:00.0)
[2026-08-27 09:04:10.904] [1974] [HailoRT] [info] [vdevice_native_stream.cpp:331] [read_impl] Failed read from stream HAILO_STREAM_ABORT(63) (device: 0001:01:00.0)
[2026-08-27 09:04:10.904] [1954] [HailoRT] [info] [queue_elements.cpp:68] [operator()] Thread in element PullQEl_hw_read15best/conv52 is not running anymore, exiting..
[2026-08-27 09:04:10.904] [1682] [HailoRT] [info] [queue_elements.cpp:46] [~BaseQueueElement] Queue element PullQEl_hw_read15best/conv52 has 0 frames in his Queue on destruction
[2026-08-27 09:04:10.904] [1955] [HailoRT] [info] [queue_elements.cpp:68] [operator()] Thread in element UserBuffQEl15best/conv52 is not running anymore, exiting..
[2026-08-27 09:04:10.904] [1682] [HailoRT] [info] [queue_elements.cpp:46] [~BaseQueueElement] Queue element UserBuffQEl15best/conv52 has 0 frames in his Queue on destruction
[2026-08-27 09:04:10.904] [1956] [HailoRT] [info] [vdevice_native_stream.cpp:331] [read_impl] Failed read from stream HAILO_STREAM_ABORT(63) (device: 0001:01:00.0)
[2026-08-27 09:04:10.904] [1957] [HailoRT] [info] [queue_elements.cpp:855] [run_in_thread] Shutdown event was signaled in dequeue of UserBuffQEl14best/conv53!
[2026-08-27 09:04:10.904] [1975] [HailoRT] [info] [vdevice_native_stream.cpp:331] [read_impl] Failed read from stream HAILO_STREAM_ABORT(63) (device: 0001:01:00.0)
[2026-08-27 09:04:10.904] [1956] [HailoRT] [info] [edge_elements.cpp:396] [run_pull] Reading from stream was aborted!
[2026-08-27 09:04:10.904] [1975] [HailoRT] [info] [vdevice_native_stream.cpp:331] [read_impl] Failed read from stream HAILO_STREAM_ABORT(63) (device: 0001:01:00.0)
[2026-08-27 09:04:10.904] [1975] [HailoRT] [info] [vdevice_native_stream.cpp:331] [read_impl] Failed read from stream HAILO_STREAM_ABORT(63) (device: 0001:01:00.0)
[2026-08-27 09:04:10.904] [1956] [HailoRT] [info] [queue_elements.cpp:738] [run_in_thread] run_pull of queue element PullQEl_hw_read14best/conv53 was aborted!
[2026-08-27 09:04:10.904] [1975] [HailoRT] [info] [vdevice_native_stream.cpp:331] [read_impl] Failed read from stream HAILO_STREAM_ABORT(63) (device: 0001:01:00.0)
[2026-08-27 09:04:10.904] [1975] [HailoRT] [info] [vdevice_native_stream.cpp:331] [read_impl] Failed read from stream HAILO_STREAM_ABORT(63) (device: 0001:01:00.0)
[2026-08-27 09:04:10.904] [1956] [HailoRT] [info] [queue_elements.cpp:68] [operator()] Thread in element PullQEl_hw_read14best/conv53 is not running anymore, exiting..
[2026-08-27 09:04:10.904] [1682] [HailoRT] [info] [queue_elements.cpp:46] [~BaseQueueElement] Queue element PullQEl_hw_read14best/conv53 has 0 frames in his Queue on destruction
[2026-08-27 09:04:10.904] [1957] [HailoRT] [info] [queue_elements.cpp:68] [operator()] Thread in element UserBuffQEl14best/conv53 is not running anymore, exiting..
[2026-08-27 09:04:10.904] [1682] [HailoRT] [info] [queue_elements.cpp:46] [~BaseQueueElement] Queue element UserBuffQEl14best/conv53 has 0 frames in his Queue on destruction
[2026-08-27 09:04:10.904] [1976] [HailoRT] [info] [vdevice_native_stream.cpp:331] [read_impl] Failed read from stream HAILO_STREAM_ABORT(63) (device: 0001:01:00.0)
[2026-08-27 09:04:10.904] [1958] [HailoRT] [info] [vdevice_native_stream.cpp:331] [read_impl] Failed read from stream HAILO_STREAM_ABORT(63) (device: 0001:01:00.0)
[2026-08-27 09:04:10.904] [1958] [HailoRT] [info] [edge_elements.cpp:396] [run_pull] Reading from stream was aborted!
[2026-08-27 09:04:10.904] [1976] [HailoRT] [info] [vdevice_native_stream.cpp:331] [read_impl] Failed read from stream HAILO_STREAM_ABORT(63) (device: 0001:01:00.0)
[2026-08-27 09:04:10.904] [1959] [HailoRT] [info] [queue_elements.cpp:855] [run_in_thread] Shutdown event was signaled in dequeue of UserBuffQEl11best/conv62!
[2026-08-27 09:04:10.904] [1976] [HailoRT] [info] [vdevice_native_stream.cpp:331] [read_impl] Failed read from stream HAILO_STREAM_ABORT(63) (device: 0001:01:00.0)
[2026-08-27 09:04:10.904] [1958] [HailoRT] [info] [queue_elements.cpp:738] [run_in_thread] run_pull of queue element PullQEl_hw_read11best/conv62 was aborted!
[2026-08-27 09:04:10.904] [1976] [HailoRT] [info] [vdevice_native_stream.cpp:331] [read_impl] Failed read from stream HAILO_STREAM_ABORT(63) (device: 0001:01:00.0)
[2026-08-27 09:04:10.904] [1976] [HailoRT] [info] [vdevice_native_stream.cpp:331] [read_impl] Failed read from stream HAILO_STREAM_ABORT(63) (device: 0001:01:00.0)
[2026-08-27 09:04:10.904] [1958] [HailoRT] [info] [queue_elements.cpp:68] [operator()] Thread in element PullQEl_hw_read11best/conv62 is not running anymore, exiting..
[2026-08-27 09:04:10.904] [1682] [HailoRT] [info] [queue_elements.cpp:46] [~BaseQueueElement] Queue element PullQEl_hw_read11best/conv62 has 0 frames in his Queue on destruction
[2026-08-27 09:04:10.904] [1959] [HailoRT] [info] [queue_elements.cpp:68] [operator()] Thread in element UserBuffQEl11best/conv62 is not running anymore, exiting..
[2026-08-27 09:04:10.904] [1682] [HailoRT] [info] [queue_elements.cpp:46] [~BaseQueueElement] Queue element UserBuffQEl11best/conv62 has 0 frames in his Queue on destruction
[2026-08-27 09:04:10.904] [1960] [HailoRT] [info] [vdevice_native_stream.cpp:331] [read_impl] Failed read from stream HAILO_STREAM_ABORT(63) (device: 0001:01:00.0)
[2026-08-27 09:04:10.904] [1960] [HailoRT] [info] [edge_elements.cpp:396] [run_pull] Reading from stream was aborted!
[2026-08-27 09:04:10.904] [1961] [HailoRT] [info] [queue_elements.cpp:855] [run_in_thread] Shutdown event was signaled in dequeue of UserBuffQEl6best/conv63!
[2026-08-27 09:04:10.904] [1977] [HailoRT] [info] [vdevice_native_stream.cpp:331] [read_impl] Failed read from stream HAILO_STREAM_ABORT(63) (device: 0001:01:00.0)
[2026-08-27 09:04:10.904] [1960] [HailoRT] [info] [queue_elements.cpp:738] [run_in_thread] run_pull of queue element PullQEl_hw_read6best/conv63 was aborted!
[2026-08-27 09:04:10.904] [1977] [HailoRT] [info] [vdevice_native_stream.cpp:331] [read_impl] Failed read from stream HAILO_STREAM_ABORT(63) (device: 0001:01:00.0)
[2026-08-27 09:04:10.904] [1977] [HailoRT] [info] [vdevice_native_stream.cpp:331] [read_impl] Failed read from stream HAILO_STREAM_ABORT(63) (device: 0001:01:00.0)
[2026-08-27 09:04:10.904] [1977] [HailoRT] [info] [vdevice_native_stream.cpp:331] [read_impl] Failed read from stream HAILO_STREAM_ABORT(63) (device: 0001:01:00.0)
[2026-08-27 09:04:10.904] [1960] [HailoRT] [info] [queue_elements.cpp:68] [operator()] Thread in element PullQEl_hw_read6best/conv63 is not running anymore, exiting..
[2026-08-27 09:04:10.904] [1682] [HailoRT] [info] [queue_elements.cpp:46] [~BaseQueueElement] Queue element PullQEl_hw_read6best/conv63 has 0 frames in his Queue on destruction
[2026-08-27 09:04:10.904] [1961] [HailoRT] [info] [queue_elements.cpp:68] [operator()] Thread in element UserBuffQEl6best/conv63 is not running anymore, exiting..
[2026-08-27 09:04:10.904] [1682] [HailoRT] [info] [queue_elements.cpp:46] [~BaseQueueElement] Queue element UserBuffQEl6best/conv63 has 0 frames in his Queue on destruction
[2026-08-27 09:04:10.904] [1972] [HailoRT] [info] [vdevice_native_stream.cpp:331] [read_impl] Failed read from stream HAILO_STREAM_NOT_ACTIVATED(72) (device: 0001:01:00.0)
[2026-08-27 09:04:10.904] [1973] [HailoRT] [info] [vdevice_native_stream.cpp:331] [read_impl] Failed read from stream HAILO_STREAM_NOT_ACTIVATED(72) (device: 0001:01:00.0)
[2026-08-27 09:04:10.904] [1974] [HailoRT] [info] [vdevice_native_stream.cpp:331] [read_impl] Failed read from stream HAILO_STREAM_NOT_ACTIVATED(72) (device: 0001:01:00.0)
[2026-08-27 09:04:10.904] [1976] [HailoRT] [info] [vdevice_native_stream.cpp:331] [read_impl] Failed read from stream HAILO_STREAM_NOT_ACTIVATED(72) (device: 0001:01:00.0)
[2026-08-27 09:04:10.904] [1975] [HailoRT] [info] [vdevice_native_stream.cpp:331] [read_impl] Failed read from stream HAILO_STREAM_NOT_ACTIVATED(72) (device: 0001:01:00.0)
[2026-08-27 09:04:10.904] [1977] [HailoRT] [info] [vdevice_native_stream.cpp:331] [read_impl] Failed read from stream HAILO_STREAM_NOT_ACTIVATED(72) (device: 0001:01:00.0)
[2026-08-27 09:04:10.905] [1682] [HailoRT] [info] [core_op.cpp:186] [deactivate] Deactivating took 0.434426 ms
[2026-08-27 09:04:10.905] [1682] [HailoRT] [info] [core_op.cpp:186] [deactivate] Deactivating took 0.445815 ms
[2026-08-27 09:04:15.467] [2017] [HailoRT] [info] [vdevice.cpp:535] [create] Creating vdevice with params: device_count: 1, scheduling_algorithm: NONE, multi_process_service: false
[2026-08-27 09:04:15.478] [2017] [HailoRT] [info] [device.cpp:51] [Device] OS Version: Linux 6.18.39+rpt-rpi-2712 #1 SMP PREEMPT Debian 1:6.18.39-1+rpt1 (2026-07-29) aarch64
[2026-08-27 09:04:15.478] [2017] [HailoRT] [info] [control.cpp:113] [control__parse_identify_results] firmware_version is: 4.23.0
[2026-08-27 09:04:15.478] [2017] [HailoRT] [info] [vdevice.cpp:682] [create] VDevice Infos: 0001:01:00.0
[2026-08-27 09:04:15.483] [2017] [HailoRT] [info] [internal_buffer_manager.cpp:75] [print_execution_results] Default Internal buffer planner failed to meet requirements
[2026-08-27 09:04:15.483] [2017] [HailoRT] [info] [internal_buffer_manager.cpp:86] [print_execution_results] Default Internal buffer planner executed successfully
[2026-08-27 09:04:15.494] [2017] [HailoRT] [info] [device_internal.cpp:57] [configure] Configuring HEF took 15.513815 milliseconds
[2026-08-27 09:04:15.494] [2017] [HailoRT] [info] [vdevice.cpp:780] [configure] Configuring HEF on VDevice took 15.863037 milliseconds
[2026-08-27 09:04:15.494] [2017] [HailoRT] [info] [hef.cpp:1994] [get_network_group_and_network_name] No name was given. Addressing all networks of default network_group: best
[2026-08-27 09:04:15.494] [2017] [HailoRT] [info] [hef.cpp:1994] [get_network_group_and_network_name] No name was given. Addressing all networks of default network_group: best
[2026-08-27 09:04:15.495] [2017] [HailoRT] [info] [core_op.cpp:156] [activate] Activating best took 0.559019 milliseconds. Note that the function is asynchronous and thus the network is not fully activated yet.
[2026-08-27 09:04:15.495] [2017] [HailoRT] [info] [core_op.cpp:156] [activate] Activating best took 0.571278 milliseconds. Note that the function is asynchronous and thus the network is not fully activated yet.
[2026-08-27 09:04:15.495] [2017] [HailoRT] [info] [edge_elements.cpp:52] [create] Created (HwWriteEl10best/input_layer1 | hw_frame_size: 307200)
[2026-08-27 09:04:15.495] [2017] [HailoRT] [info] [vstream.cpp:754] [InputVStreamImpl] Creating best/input_layer1...
[2026-08-27 09:04:15.495] [2017] [HailoRT] [info] [vstream_builder.cpp:102] [create_inputs] Input pipeline 'best/input_layer1': (HwWriteEl10best/input_layer1 | hw_frame_size: 307200) >> HW
[2026-08-27 09:04:15.495] [2017] [HailoRT] [info] [edge_elements.cpp:287] [create] Created (HwReadEl13best/conv41 | hw_frame_size: 102400)
[2026-08-27 09:04:15.495] [2017] [HailoRT] [info] [queue_elements.cpp:657] [create] Created (PullQEl_hw_read13best/conv41)
[2026-08-27 09:04:15.495] [2017] [HailoRT] [info] [filter_elements.cpp:372] [create] Created (PostInferEl13best/conv41 | Quantization - src_type: UINT8, dst_type FLOAT32, limvals_min: -10.4737, limvals_max: 14.487)
[2026-08-27 09:04:15.495] [2017] [HailoRT] [info] [queue_elements.cpp:800] [create] Created (UserBuffQEl13best/conv41 | timeout: 10s)
[2026-08-27 09:04:15.495] [2017] [HailoRT] [info] [vstream.cpp:1114] [OutputVStreamImpl] Creating best/conv41...
[2026-08-27 09:04:15.495] [2017] [HailoRT] [info] [vstream_builder.cpp:220] [create_outputs] Output pipeline 'best/conv41': HW >> (HwReadEl13best/conv41 | hw_frame_size: 102400) >> (PullQEl_hw_read13best/conv41) >> (PostInferEl13best/conv41 | Quantization - src_type: UINT8, dst_type FLOAT32, limvals_min: -10.4737, limvals_max: 14.487) >> (UserBuffQEl13best/conv41 | timeout: 10s)
[2026-08-27 09:04:15.495] [2017] [HailoRT] [info] [edge_elements.cpp:287] [create] Created (HwReadEl12best/conv42 | hw_frame_size: 1600)
[2026-08-27 09:04:15.496] [2017] [HailoRT] [info] [queue_elements.cpp:657] [create] Created (PullQEl_hw_read12best/conv42)
[2026-08-27 09:04:15.496] [2017] [HailoRT] [info] [filter_elements.cpp:372] [create] Created (PostInferEl12best/conv42 | Quantization - src_type: UINT8, dst_type FLOAT32, limvals_min: -21.8247, limvals_max: 2.0607)
[2026-08-27 09:04:15.496] [2017] [HailoRT] [info] [queue_elements.cpp:800] [create] Created (UserBuffQEl12best/conv42 | timeout: 10s)
[2026-08-27 09:04:15.496] [2017] [HailoRT] [info] [vstream.cpp:1114] [OutputVStreamImpl] Creating best/conv42...
[2026-08-27 09:04:15.496] [2017] [HailoRT] [info] [vstream_builder.cpp:220] [create_outputs] Output pipeline 'best/conv42': HW >> (HwReadEl12best/conv42 | hw_frame_size: 1600) >> (PullQEl_hw_read12best/conv42) >> (PostInferEl12best/conv42 | Quantization - src_type: UINT8, dst_type FLOAT32, limvals_min: -21.8247, limvals_max: 2.0607) >> (UserBuffQEl12best/conv42 | timeout: 10s)
[2026-08-27 09:04:15.496] [2017] [HailoRT] [info] [edge_elements.cpp:287] [create] Created (HwReadEl15best/conv52 | hw_frame_size: 25600)
[2026-08-27 09:04:15.496] [2017] [HailoRT] [info] [queue_elements.cpp:657] [create] Created (PullQEl_hw_read15best/conv52)
[2026-08-27 09:04:15.496] [2017] [HailoRT] [info] [filter_elements.cpp:372] [create] Created (PostInferEl15best/conv52 | Quantization - src_type: UINT8, dst_type FLOAT32, limvals_min: -9.8639, limvals_max: 15.289)
[2026-08-27 09:04:15.496] [2017] [HailoRT] [info] [queue_elements.cpp:800] [create] Created (UserBuffQEl15best/conv52 | timeout: 10s)
[2026-08-27 09:04:15.496] [2017] [HailoRT] [info] [vstream.cpp:1114] [OutputVStreamImpl] Creating best/conv52...
[2026-08-27 09:04:15.496] [2017] [HailoRT] [info] [vstream_builder.cpp:220] [create_outputs] Output pipeline 'best/conv52': HW >> (HwReadEl15best/conv52 | hw_frame_size: 25600) >> (PullQEl_hw_read15best/conv52) >> (PostInferEl15best/conv52 | Quantization - src_type: UINT8, dst_type FLOAT32, limvals_min: -9.8639, limvals_max: 15.289) >> (UserBuffQEl15best/conv52 | timeout: 10s)
[2026-08-27 09:04:15.496] [2017] [HailoRT] [info] [edge_elements.cpp:287] [create] Created (HwReadEl14best/conv53 | hw_frame_size: 3200)
[2026-08-27 09:04:15.496] [2017] [HailoRT] [info] [queue_elements.cpp:657] [create] Created (PullQEl_hw_read14best/conv53)
[2026-08-27 09:04:15.496] [2017] [HailoRT] [info] [filter_elements.cpp:372] [create] Created (PostInferEl14best/conv53 | Quantization - src_type: UINT8, dst_type FLOAT32, limvals_min: -16.0087, limvals_max: 3.52344 | Reorder - src_order: FCR, src_shape: (20, 20, 8), dst_order: FCR, dst_shape: (20, 20, 1))
[2026-08-27 09:04:15.496] [2017] [HailoRT] [info] [queue_elements.cpp:800] [create] Created (UserBuffQEl14best/conv53 | timeout: 10s)
[2026-08-27 09:04:15.496] [2017] [HailoRT] [info] [vstream.cpp:1114] [OutputVStreamImpl] Creating best/conv53...
[2026-08-27 09:04:15.496] [2017] [HailoRT] [info] [vstream_builder.cpp:220] [create_outputs] Output pipeline 'best/conv53': HW >> (HwReadEl14best/conv53 | hw_frame_size: 3200) >> (PullQEl_hw_read14best/conv53) >> (PostInferEl14best/conv53 | Quantization - src_type: UINT8, dst_type FLOAT32, limvals_min: -16.0087, limvals_max: 3.52344 | Reorder - src_order: FCR, src_shape: (20, 20, 8), dst_order: FCR, dst_shape: (20, 20, 1)) >> (UserBuffQEl14best/conv53 | timeout: 10s)
[2026-08-27 09:04:15.496] [2017] [HailoRT] [info] [edge_elements.cpp:287] [create] Created (HwReadEl11best/conv62 | hw_frame_size: 6400)
[2026-08-27 09:04:15.496] [2017] [HailoRT] [info] [queue_elements.cpp:657] [create] Created (PullQEl_hw_read11best/conv62)
[2026-08-27 09:04:15.496] [2017] [HailoRT] [info] [filter_elements.cpp:372] [create] Created (PostInferEl11best/conv62 | Quantization - src_type: UINT8, dst_type FLOAT32, limvals_min: -7.15299, limvals_max: 11.0871)
[2026-08-27 09:04:15.496] [2017] [HailoRT] [info] [queue_elements.cpp:800] [create] Created (UserBuffQEl11best/conv62 | timeout: 10s)
[2026-08-27 09:04:15.496] [2017] [HailoRT] [info] [vstream.cpp:1114] [OutputVStreamImpl] Creating best/conv62...
[2026-08-27 09:04:15.496] [2017] [HailoRT] [info] [vstream_builder.cpp:220] [create_outputs] Output pipeline 'best/conv62': HW >> (HwReadEl11best/conv62 | hw_frame_size: 6400) >> (PullQEl_hw_read11best/conv62) >> (PostInferEl11best/conv62 | Quantization - src_type: UINT8, dst_type FLOAT32, limvals_min: -7.15299, limvals_max: 11.0871) >> (UserBuffQEl11best/conv62 | timeout: 10s)
[2026-08-27 09:04:15.497] [2017] [HailoRT] [info] [edge_elements.cpp:287] [create] Created (HwReadEl6best/conv63 | hw_frame_size: 800)
[2026-08-27 09:04:15.497] [2017] [HailoRT] [info] [queue_elements.cpp:657] [create] Created (PullQEl_hw_read6best/conv63)
[2026-08-27 09:04:15.497] [2017] [HailoRT] [info] [filter_elements.cpp:372] [create] Created (PostInferEl6best/conv63 | Quantization - src_type: UINT8, dst_type FLOAT32, limvals_min: -10.7449, limvals_max: 0 | Reorder - src_order: FCR, src_shape: (10, 10, 8), dst_order: FCR, dst_shape: (10, 10, 1))
[2026-08-27 09:04:15.497] [2017] [HailoRT] [info] [queue_elements.cpp:800] [create] Created (UserBuffQEl6best/conv63 | timeout: 10s)
[2026-08-27 09:04:15.497] [2017] [HailoRT] [info] [vstream.cpp:1114] [OutputVStreamImpl] Creating best/conv63...
[2026-08-27 09:04:15.497] [2017] [HailoRT] [info] [vstream_builder.cpp:220] [create_outputs] Output pipeline 'best/conv63': HW >> (HwReadEl6best/conv63 | hw_frame_size: 800) >> (PullQEl_hw_read6best/conv63) >> (PostInferEl6best/conv63 | Quantization - src_type: UINT8, dst_type FLOAT32, limvals_min: -10.7449, limvals_max: 0 | Reorder - src_order: FCR, src_shape: (10, 10, 8), dst_order: FCR, dst_shape: (10, 10, 1)) >> (UserBuffQEl6best/conv63 | timeout: 10s)
[2026-08-27 09:07:45.790] [2024] [HailoRT] [info] [queue_elements.cpp:855] [run_in_thread] Shutdown event was signaled in dequeue of UserBuffQEl13best/conv41!
[2026-08-27 09:07:45.790] [2023] [HailoRT] [info] [vdevice_native_stream.cpp:331] [read_impl] Failed read from stream HAILO_STREAM_ABORT(63) (device: 0001:01:00.0)
[2026-08-27 09:07:45.790] [2023] [HailoRT] [info] [edge_elements.cpp:396] [run_pull] Reading from stream was aborted!
[2026-08-27 09:07:45.790] [2023] [HailoRT] [info] [queue_elements.cpp:738] [run_in_thread] run_pull of queue element PullQEl_hw_read13best/conv41 was aborted!
[2026-08-27 09:07:45.790] [2023] [HailoRT] [info] [queue_elements.cpp:68] [operator()] Thread in element PullQEl_hw_read13best/conv41 is not running anymore, exiting..
[2026-08-27 09:07:45.791] [2017] [HailoRT] [info] [queue_elements.cpp:46] [~BaseQueueElement] Queue element PullQEl_hw_read13best/conv41 has 0 frames in his Queue on destruction
[2026-08-27 09:07:45.791] [2024] [HailoRT] [info] [queue_elements.cpp:68] [operator()] Thread in element UserBuffQEl13best/conv41 is not running anymore, exiting..
[2026-08-27 09:07:45.791] [2017] [HailoRT] [info] [queue_elements.cpp:46] [~BaseQueueElement] Queue element UserBuffQEl13best/conv41 has 0 frames in his Queue on destruction
[2026-08-27 09:07:45.791] [2025] [HailoRT] [info] [vdevice_native_stream.cpp:331] [read_impl] Failed read from stream HAILO_STREAM_ABORT(63) (device: 0001:01:00.0)
[2026-08-27 09:07:45.791] [2026] [HailoRT] [info] [queue_elements.cpp:855] [run_in_thread] Shutdown event was signaled in dequeue of UserBuffQEl12best/conv42!
[2026-08-27 09:07:45.791] [2025] [HailoRT] [info] [edge_elements.cpp:396] [run_pull] Reading from stream was aborted!
[2026-08-27 09:07:45.791] [2025] [HailoRT] [info] [queue_elements.cpp:738] [run_in_thread] run_pull of queue element PullQEl_hw_read12best/conv42 was aborted!
[2026-08-27 09:07:45.791] [2025] [HailoRT] [info] [queue_elements.cpp:68] [operator()] Thread in element PullQEl_hw_read12best/conv42 is not running anymore, exiting..
[2026-08-27 09:07:45.791] [2017] [HailoRT] [info] [queue_elements.cpp:46] [~BaseQueueElement] Queue element PullQEl_hw_read12best/conv42 has 0 frames in his Queue on destruction
[2026-08-27 09:07:45.791] [2026] [HailoRT] [info] [queue_elements.cpp:68] [operator()] Thread in element UserBuffQEl12best/conv42 is not running anymore, exiting..
[2026-08-27 09:07:45.791] [2017] [HailoRT] [info] [queue_elements.cpp:46] [~BaseQueueElement] Queue element UserBuffQEl12best/conv42 has 0 frames in his Queue on destruction
[2026-08-27 09:07:45.791] [2028] [HailoRT] [info] [queue_elements.cpp:855] [run_in_thread] Shutdown event was signaled in dequeue of UserBuffQEl15best/conv52!
[2026-08-27 09:07:45.791] [2027] [HailoRT] [info] [vdevice_native_stream.cpp:331] [read_impl] Failed read from stream HAILO_STREAM_ABORT(63) (device: 0001:01:00.0)
[2026-08-27 09:07:45.791] [2027] [HailoRT] [info] [edge_elements.cpp:396] [run_pull] Reading from stream was aborted!
[2026-08-27 09:07:45.791] [2027] [HailoRT] [info] [queue_elements.cpp:738] [run_in_thread] run_pull of queue element PullQEl_hw_read15best/conv52 was aborted!
[2026-08-27 09:07:45.791] [2027] [HailoRT] [info] [queue_elements.cpp:68] [operator()] Thread in element PullQEl_hw_read15best/conv52 is not running anymore, exiting..
[2026-08-27 09:07:45.791] [2017] [HailoRT] [info] [queue_elements.cpp:46] [~BaseQueueElement] Queue element PullQEl_hw_read15best/conv52 has 0 frames in his Queue on destruction
[2026-08-27 09:07:45.791] [2028] [HailoRT] [info] [queue_elements.cpp:68] [operator()] Thread in element UserBuffQEl15best/conv52 is not running anymore, exiting..
[2026-08-27 09:07:45.791] [2017] [HailoRT] [info] [queue_elements.cpp:46] [~BaseQueueElement] Queue element UserBuffQEl15best/conv52 has 0 frames in his Queue on destruction
[2026-08-27 09:07:45.791] [2029] [HailoRT] [info] [vdevice_native_stream.cpp:331] [read_impl] Failed read from stream HAILO_STREAM_ABORT(63) (device: 0001:01:00.0)
[2026-08-27 09:07:45.791] [2029] [HailoRT] [info] [edge_elements.cpp:396] [run_pull] Reading from stream was aborted!
[2026-08-27 09:07:45.791] [2030] [HailoRT] [info] [queue_elements.cpp:855] [run_in_thread] Shutdown event was signaled in dequeue of UserBuffQEl14best/conv53!
[2026-08-27 09:07:45.791] [2029] [HailoRT] [info] [queue_elements.cpp:738] [run_in_thread] run_pull of queue element PullQEl_hw_read14best/conv53 was aborted!
[2026-08-27 09:07:45.791] [2029] [HailoRT] [info] [queue_elements.cpp:68] [operator()] Thread in element PullQEl_hw_read14best/conv53 is not running anymore, exiting..
[2026-08-27 09:07:45.791] [2017] [HailoRT] [info] [queue_elements.cpp:46] [~BaseQueueElement] Queue element PullQEl_hw_read14best/conv53 has 0 frames in his Queue on destruction
[2026-08-27 09:07:45.791] [2030] [HailoRT] [info] [queue_elements.cpp:68] [operator()] Thread in element UserBuffQEl14best/conv53 is not running anymore, exiting..
[2026-08-27 09:07:45.791] [2017] [HailoRT] [info] [queue_elements.cpp:46] [~BaseQueueElement] Queue element UserBuffQEl14best/conv53 has 0 frames in his Queue on destruction
[2026-08-27 09:07:45.792] [2031] [HailoRT] [info] [vdevice_native_stream.cpp:331] [read_impl] Failed read from stream HAILO_STREAM_ABORT(63) (device: 0001:01:00.0)
[2026-08-27 09:07:45.792] [2032] [HailoRT] [info] [queue_elements.cpp:855] [run_in_thread] Shutdown event was signaled in dequeue of UserBuffQEl11best/conv62!
[2026-08-27 09:07:45.792] [2031] [HailoRT] [info] [edge_elements.cpp:396] [run_pull] Reading from stream was aborted!
[2026-08-27 09:07:45.792] [2031] [HailoRT] [info] [queue_elements.cpp:738] [run_in_thread] run_pull of queue element PullQEl_hw_read11best/conv62 was aborted!
[2026-08-27 09:07:45.792] [2031] [HailoRT] [info] [queue_elements.cpp:68] [operator()] Thread in element PullQEl_hw_read11best/conv62 is not running anymore, exiting..
[2026-08-27 09:07:45.792] [2017] [HailoRT] [info] [queue_elements.cpp:46] [~BaseQueueElement] Queue element PullQEl_hw_read11best/conv62 has 0 frames in his Queue on destruction
[2026-08-27 09:07:45.792] [2032] [HailoRT] [info] [queue_elements.cpp:68] [operator()] Thread in element UserBuffQEl11best/conv62 is not running anymore, exiting..
[2026-08-27 09:07:45.792] [2017] [HailoRT] [info] [queue_elements.cpp:46] [~BaseQueueElement] Queue element UserBuffQEl11best/conv62 has 0 frames in his Queue on destruction
[2026-08-27 09:07:45.792] [2033] [HailoRT] [info] [vdevice_native_stream.cpp:331] [read_impl] Failed read from stream HAILO_STREAM_ABORT(63) (device: 0001:01:00.0)
[2026-08-27 09:07:45.792] [2033] [HailoRT] [info] [edge_elements.cpp:396] [run_pull] Reading from stream was aborted!
[2026-08-27 09:07:45.792] [2034] [HailoRT] [info] [queue_elements.cpp:855] [run_in_thread] Shutdown event was signaled in dequeue of UserBuffQEl6best/conv63!
[2026-08-27 09:07:45.792] [2033] [HailoRT] [info] [queue_elements.cpp:738] [run_in_thread] run_pull of queue element PullQEl_hw_read6best/conv63 was aborted!
[2026-08-27 09:07:45.792] [2033] [HailoRT] [info] [queue_elements.cpp:68] [operator()] Thread in element PullQEl_hw_read6best/conv63 is not running anymore, exiting..
[2026-08-27 09:07:45.792] [2017] [HailoRT] [info] [queue_elements.cpp:46] [~BaseQueueElement] Queue element PullQEl_hw_read6best/conv63 has 0 frames in his Queue on destruction
[2026-08-27 09:07:45.792] [2034] [HailoRT] [info] [queue_elements.cpp:68] [operator()] Thread in element UserBuffQEl6best/conv63 is not running anymore, exiting..
[2026-08-27 09:07:45.792] [2017] [HailoRT] [info] [queue_elements.cpp:46] [~BaseQueueElement] Queue element UserBuffQEl6best/conv63 has 0 frames in his Queue on destruction
[2026-08-27 09:07:45.793] [2017] [HailoRT] [info] [core_op.cpp:186] [deactivate] Deactivating took 0.540056 ms
[2026-08-27 09:07:45.793] [2017] [HailoRT] [info] [core_op.cpp:186] [deactivate] Deactivating took 0.560908 ms
[2026-08-27 09:07:50.722] [36128] [HailoRT] [info] [vdevice.cpp:535] [create] Creating vdevice with params: device_count: 1, scheduling_algorithm: NONE, multi_process_service: false
[2026-08-27 09:07:50.734] [36128] [HailoRT] [info] [device.cpp:51] [Device] OS Version: Linux 6.18.39+rpt-rpi-2712 #1 SMP PREEMPT Debian 1:6.18.39-1+rpt1 (2026-07-29) aarch64
[2026-08-27 09:07:50.734] [36128] [HailoRT] [info] [control.cpp:113] [control__parse_identify_results] firmware_version is: 4.23.0
[2026-08-27 09:07:50.734] [36128] [HailoRT] [info] [vdevice.cpp:682] [create] VDevice Infos: 0001:01:00.0
[2026-08-27 09:07:50.740] [36128] [HailoRT] [info] [internal_buffer_manager.cpp:75] [print_execution_results] Default Internal buffer planner failed to meet requirements
[2026-08-27 09:07:50.740] [36128] [HailoRT] [info] [internal_buffer_manager.cpp:86] [print_execution_results] Default Internal buffer planner executed successfully
[2026-08-27 09:07:50.758] [36128] [HailoRT] [info] [device_internal.cpp:57] [configure] Configuring HEF took 22.988537 milliseconds
[2026-08-27 09:07:50.758] [36128] [HailoRT] [info] [vdevice.cpp:780] [configure] Configuring HEF on VDevice took 23.459851 milliseconds
[2026-08-27 09:07:50.758] [36128] [HailoRT] [info] [hef.cpp:1994] [get_network_group_and_network_name] No name was given. Addressing all networks of default network_group: best
[2026-08-27 09:07:50.758] [36128] [HailoRT] [info] [hef.cpp:1994] [get_network_group_and_network_name] No name was given. Addressing all networks of default network_group: best
[2026-08-27 09:07:50.759] [36128] [HailoRT] [info] [core_op.cpp:156] [activate] Activating best took 0.668315 milliseconds. Note that the function is asynchronous and thus the network is not fully activated yet.
[2026-08-27 09:07:50.759] [36128] [HailoRT] [info] [core_op.cpp:156] [activate] Activating best took 0.687388 milliseconds. Note that the function is asynchronous and thus the network is not fully activated yet.
[2026-08-27 09:07:50.759] [36128] [HailoRT] [info] [edge_elements.cpp:52] [create] Created (HwWriteEl10best/input_layer1 | hw_frame_size: 307200)
[2026-08-27 09:07:50.759] [36128] [HailoRT] [info] [vstream.cpp:754] [InputVStreamImpl] Creating best/input_layer1...
[2026-08-27 09:07:50.759] [36128] [HailoRT] [info] [vstream_builder.cpp:102] [create_inputs] Input pipeline 'best/input_layer1': (HwWriteEl10best/input_layer1 | hw_frame_size: 307200) >> HW
[2026-08-27 09:07:50.759] [36128] [HailoRT] [info] [edge_elements.cpp:287] [create] Created (HwReadEl13best/conv41 | hw_frame_size: 102400)
[2026-08-27 09:07:50.760] [36128] [HailoRT] [info] [queue_elements.cpp:657] [create] Created (PullQEl_hw_read13best/conv41)
[2026-08-27 09:07:50.760] [36128] [HailoRT] [info] [filter_elements.cpp:372] [create] Created (PostInferEl13best/conv41 | Quantization - src_type: UINT8, dst_type FLOAT32, limvals_min: -10.4737, limvals_max: 14.487)
[2026-08-27 09:07:50.760] [36128] [HailoRT] [info] [queue_elements.cpp:800] [create] Created (UserBuffQEl13best/conv41 | timeout: 10s)
[2026-08-27 09:07:50.760] [36128] [HailoRT] [info] [vstream.cpp:1114] [OutputVStreamImpl] Creating best/conv41...
[2026-08-27 09:07:50.760] [36128] [HailoRT] [info] [vstream_builder.cpp:220] [create_outputs] Output pipeline 'best/conv41': HW >> (HwReadEl13best/conv41 | hw_frame_size: 102400) >> (PullQEl_hw_read13best/conv41) >> (PostInferEl13best/conv41 | Quantization - src_type: UINT8, dst_type FLOAT32, limvals_min: -10.4737, limvals_max: 14.487) >> (UserBuffQEl13best/conv41 | timeout: 10s)
[2026-08-27 09:07:50.760] [36128] [HailoRT] [info] [edge_elements.cpp:287] [create] Created (HwReadEl12best/conv42 | hw_frame_size: 1600)
[2026-08-27 09:07:50.760] [36128] [HailoRT] [info] [queue_elements.cpp:657] [create] Created (PullQEl_hw_read12best/conv42)
[2026-08-27 09:07:50.760] [36128] [HailoRT] [info] [filter_elements.cpp:372] [create] Created (PostInferEl12best/conv42 | Quantization - src_type: UINT8, dst_type FLOAT32, limvals_min: -21.8247, limvals_max: 2.0607)
[2026-08-27 09:07:50.760] [36128] [HailoRT] [info] [queue_elements.cpp:800] [create] Created (UserBuffQEl12best/conv42 | timeout: 10s)
[2026-08-27 09:07:50.760] [36128] [HailoRT] [info] [vstream.cpp:1114] [OutputVStreamImpl] Creating best/conv42...
[2026-08-27 09:07:50.760] [36128] [HailoRT] [info] [vstream_builder.cpp:220] [create_outputs] Output pipeline 'best/conv42': HW >> (HwReadEl12best/conv42 | hw_frame_size: 1600) >> (PullQEl_hw_read12best/conv42) >> (PostInferEl12best/conv42 | Quantization - src_type: UINT8, dst_type FLOAT32, limvals_min: -21.8247, limvals_max: 2.0607) >> (UserBuffQEl12best/conv42 | timeout: 10s)
[2026-08-27 09:07:50.760] [36128] [HailoRT] [info] [edge_elements.cpp:287] [create] Created (HwReadEl15best/conv52 | hw_frame_size: 25600)
[2026-08-27 09:07:50.760] [36128] [HailoRT] [info] [queue_elements.cpp:657] [create] Created (PullQEl_hw_read15best/conv52)
[2026-08-27 09:07:50.760] [36128] [HailoRT] [info] [filter_elements.cpp:372] [create] Created (PostInferEl15best/conv52 | Quantization - src_type: UINT8, dst_type FLOAT32, limvals_min: -9.8639, limvals_max: 15.289)
[2026-08-27 09:07:50.761] [36128] [HailoRT] [info] [queue_elements.cpp:800] [create] Created (UserBuffQEl15best/conv52 | timeout: 10s)
[2026-08-27 09:07:50.761] [36128] [HailoRT] [info] [vstream.cpp:1114] [OutputVStreamImpl] Creating best/conv52...
[2026-08-27 09:07:50.761] [36128] [HailoRT] [info] [vstream_builder.cpp:220] [create_outputs] Output pipeline 'best/conv52': HW >> (HwReadEl15best/conv52 | hw_frame_size: 25600) >> (PullQEl_hw_read15best/conv52) >> (PostInferEl15best/conv52 | Quantization - src_type: UINT8, dst_type FLOAT32, limvals_min: -9.8639, limvals_max: 15.289) >> (UserBuffQEl15best/conv52 | timeout: 10s)
[2026-08-27 09:07:50.761] [36128] [HailoRT] [info] [edge_elements.cpp:287] [create] Created (HwReadEl14best/conv53 | hw_frame_size: 3200)
[2026-08-27 09:07:50.761] [36128] [HailoRT] [info] [queue_elements.cpp:657] [create] Created (PullQEl_hw_read14best/conv53)
[2026-08-27 09:07:50.761] [36128] [HailoRT] [info] [filter_elements.cpp:372] [create] Created (PostInferEl14best/conv53 | Quantization - src_type: UINT8, dst_type FLOAT32, limvals_min: -16.0087, limvals_max: 3.52344 | Reorder - src_order: FCR, src_shape: (20, 20, 8), dst_order: FCR, dst_shape: (20, 20, 1))
[2026-08-27 09:07:50.761] [36128] [HailoRT] [info] [queue_elements.cpp:800] [create] Created (UserBuffQEl14best/conv53 | timeout: 10s)
[2026-08-27 09:07:50.761] [36128] [HailoRT] [info] [vstream.cpp:1114] [OutputVStreamImpl] Creating best/conv53...
[2026-08-27 09:07:50.761] [36128] [HailoRT] [info] [vstream_builder.cpp:220] [create_outputs] Output pipeline 'best/conv53': HW >> (HwReadEl14best/conv53 | hw_frame_size: 3200) >> (PullQEl_hw_read14best/conv53) >> (PostInferEl14best/conv53 | Quantization - src_type: UINT8, dst_type FLOAT32, limvals_min: -16.0087, limvals_max: 3.52344 | Reorder - src_order: FCR, src_shape: (20, 20, 8), dst_order: FCR, dst_shape: (20, 20, 1)) >> (UserBuffQEl14best/conv53 | timeout: 10s)
[2026-08-27 09:07:50.761] [36128] [HailoRT] [info] [edge_elements.cpp:287] [create] Created (HwReadEl11best/conv62 | hw_frame_size: 6400)
[2026-08-27 09:07:50.761] [36128] [HailoRT] [info] [queue_elements.cpp:657] [create] Created (PullQEl_hw_read11best/conv62)
[2026-08-27 09:07:50.761] [36128] [HailoRT] [info] [filter_elements.cpp:372] [create] Created (PostInferEl11best/conv62 | Quantization - src_type: UINT8, dst_type FLOAT32, limvals_min: -7.15299, limvals_max: 11.0871)
[2026-08-27 09:07:50.761] [36128] [HailoRT] [info] [queue_elements.cpp:800] [create] Created (UserBuffQEl11best/conv62 | timeout: 10s)
[2026-08-27 09:07:50.761] [36128] [HailoRT] [info] [vstream.cpp:1114] [OutputVStreamImpl] Creating best/conv62...
[2026-08-27 09:07:50.761] [36128] [HailoRT] [info] [vstream_builder.cpp:220] [create_outputs] Output pipeline 'best/conv62': HW >> (HwReadEl11best/conv62 | hw_frame_size: 6400) >> (PullQEl_hw_read11best/conv62) >> (PostInferEl11best/conv62 | Quantization - src_type: UINT8, dst_type FLOAT32, limvals_min: -7.15299, limvals_max: 11.0871) >> (UserBuffQEl11best/conv62 | timeout: 10s)
[2026-08-27 09:07:50.761] [36128] [HailoRT] [info] [edge_elements.cpp:287] [create] Created (HwReadEl6best/conv63 | hw_frame_size: 800)
[2026-08-27 09:07:50.761] [36128] [HailoRT] [info] [queue_elements.cpp:657] [create] Created (PullQEl_hw_read6best/conv63)
[2026-08-27 09:07:50.761] [36128] [HailoRT] [info] [filter_elements.cpp:372] [create] Created (PostInferEl6best/conv63 | Quantization - src_type: UINT8, dst_type FLOAT32, limvals_min: -10.7449, limvals_max: 0 | Reorder - src_order: FCR, src_shape: (10, 10, 8), dst_order: FCR, dst_shape: (10, 10, 1))
[2026-08-27 09:07:50.762] [36128] [HailoRT] [info] [queue_elements.cpp:800] [create] Created (UserBuffQEl6best/conv63 | timeout: 10s)
[2026-08-27 09:07:50.762] [36128] [HailoRT] [info] [vstream.cpp:1114] [OutputVStreamImpl] Creating best/conv63...
[2026-08-27 09:07:50.762] [36128] [HailoRT] [info] [vstream_builder.cpp:220] [create_outputs] Output pipeline 'best/conv63': HW >> (HwReadEl6best/conv63 | hw_frame_size: 800) >> (PullQEl_hw_read6best/conv63) >> (PostInferEl6best/conv63 | Quantization - src_type: UINT8, dst_type FLOAT32, limvals_min: -10.7449, limvals_max: 0 | Reorder - src_order: FCR, src_shape: (10, 10, 8), dst_order: FCR, dst_shape: (10, 10, 1)) >> (UserBuffQEl6best/conv63 | timeout: 10s)
[2026-08-27 09:15:47.386] [36134] [HailoRT] [info] [vdevice_native_stream.cpp:331] [read_impl] Failed read from stream HAILO_STREAM_ABORT(63) (device: 0001:01:00.0)
[2026-08-27 09:15:47.386] [36134] [HailoRT] [info] [edge_elements.cpp:396] [run_pull] Reading from stream was aborted!
[2026-08-27 09:15:47.386] [36135] [HailoRT] [info] [queue_elements.cpp:855] [run_in_thread] Shutdown event was signaled in dequeue of UserBuffQEl13best/conv41!
[2026-08-27 09:15:47.386] [36134] [HailoRT] [info] [queue_elements.cpp:738] [run_in_thread] run_pull of queue element PullQEl_hw_read13best/conv41 was aborted!
[2026-08-27 09:15:47.386] [36134] [HailoRT] [info] [queue_elements.cpp:68] [operator()] Thread in element PullQEl_hw_read13best/conv41 is not running anymore, exiting..
[2026-08-27 09:15:47.386] [36128] [HailoRT] [info] [queue_elements.cpp:46] [~BaseQueueElement] Queue element PullQEl_hw_read13best/conv41 has 0 frames in his Queue on destruction
[2026-08-27 09:15:47.386] [36135] [HailoRT] [info] [queue_elements.cpp:68] [operator()] Thread in element UserBuffQEl13best/conv41 is not running anymore, exiting..
[2026-08-27 09:15:47.386] [36128] [HailoRT] [info] [queue_elements.cpp:46] [~BaseQueueElement] Queue element UserBuffQEl13best/conv41 has 0 frames in his Queue on destruction
[2026-08-27 09:15:47.387] [36137] [HailoRT] [info] [queue_elements.cpp:855] [run_in_thread] Shutdown event was signaled in dequeue of UserBuffQEl12best/conv42!
[2026-08-27 09:15:47.387] [36136] [HailoRT] [info] [vdevice_native_stream.cpp:331] [read_impl] Failed read from stream HAILO_STREAM_ABORT(63) (device: 0001:01:00.0)
[2026-08-27 09:15:47.387] [36136] [HailoRT] [info] [edge_elements.cpp:396] [run_pull] Reading from stream was aborted!
[2026-08-27 09:15:47.387] [36136] [HailoRT] [info] [queue_elements.cpp:738] [run_in_thread] run_pull of queue element PullQEl_hw_read12best/conv42 was aborted!
[2026-08-27 09:15:47.387] [36136] [HailoRT] [info] [queue_elements.cpp:68] [operator()] Thread in element PullQEl_hw_read12best/conv42 is not running anymore, exiting..
[2026-08-27 09:15:47.387] [36128] [HailoRT] [info] [queue_elements.cpp:46] [~BaseQueueElement] Queue element PullQEl_hw_read12best/conv42 has 0 frames in his Queue on destruction
[2026-08-27 09:15:47.387] [36137] [HailoRT] [info] [queue_elements.cpp:68] [operator()] Thread in element UserBuffQEl12best/conv42 is not running anymore, exiting..
[2026-08-27 09:15:47.387] [36128] [HailoRT] [info] [queue_elements.cpp:46] [~BaseQueueElement] Queue element UserBuffQEl12best/conv42 has 0 frames in his Queue on destruction
[2026-08-27 09:15:47.387] [36139] [HailoRT] [info] [queue_elements.cpp:855] [run_in_thread] Shutdown event was signaled in dequeue of UserBuffQEl15best/conv52!
[2026-08-27 09:15:47.387] [36138] [HailoRT] [info] [vdevice_native_stream.cpp:331] [read_impl] Failed read from stream HAILO_STREAM_ABORT(63) (device: 0001:01:00.0)
[2026-08-27 09:15:47.387] [36138] [HailoRT] [info] [edge_elements.cpp:396] [run_pull] Reading from stream was aborted!
[2026-08-27 09:15:47.387] [36138] [HailoRT] [info] [queue_elements.cpp:738] [run_in_thread] run_pull of queue element PullQEl_hw_read15best/conv52 was aborted!
[2026-08-27 09:15:47.387] [36138] [HailoRT] [info] [queue_elements.cpp:68] [operator()] Thread in element PullQEl_hw_read15best/conv52 is not running anymore, exiting..
[2026-08-27 09:15:47.387] [36128] [HailoRT] [info] [queue_elements.cpp:46] [~BaseQueueElement] Queue element PullQEl_hw_read15best/conv52 has 0 frames in his Queue on destruction
[2026-08-27 09:15:47.387] [36139] [HailoRT] [info] [queue_elements.cpp:68] [operator()] Thread in element UserBuffQEl15best/conv52 is not running anymore, exiting..
[2026-08-27 09:15:47.387] [36128] [HailoRT] [info] [queue_elements.cpp:46] [~BaseQueueElement] Queue element UserBuffQEl15best/conv52 has 0 frames in his Queue on destruction
[2026-08-27 09:15:47.387] [36141] [HailoRT] [info] [queue_elements.cpp:855] [run_in_thread] Shutdown event was signaled in dequeue of UserBuffQEl14best/conv53!
[2026-08-27 09:15:47.387] [36140] [HailoRT] [info] [vdevice_native_stream.cpp:331] [read_impl] Failed read from stream HAILO_STREAM_ABORT(63) (device: 0001:01:00.0)
[2026-08-27 09:15:47.387] [36140] [HailoRT] [info] [edge_elements.cpp:396] [run_pull] Reading from stream was aborted!
[2026-08-27 09:15:47.387] [36140] [HailoRT] [info] [queue_elements.cpp:738] [run_in_thread] run_pull of queue element PullQEl_hw_read14best/conv53 was aborted!
[2026-08-27 09:15:47.387] [36140] [HailoRT] [info] [queue_elements.cpp:68] [operator()] Thread in element PullQEl_hw_read14best/conv53 is not running anymore, exiting..
[2026-08-27 09:15:47.387] [36128] [HailoRT] [info] [queue_elements.cpp:46] [~BaseQueueElement] Queue element PullQEl_hw_read14best/conv53 has 0 frames in his Queue on destruction
[2026-08-27 09:15:47.387] [36141] [HailoRT] [info] [queue_elements.cpp:68] [operator()] Thread in element UserBuffQEl14best/conv53 is not running anymore, exiting..
[2026-08-27 09:15:47.387] [36128] [HailoRT] [info] [queue_elements.cpp:46] [~BaseQueueElement] Queue element UserBuffQEl14best/conv53 has 0 frames in his Queue on destruction
[2026-08-27 09:15:47.387] [36143] [HailoRT] [info] [queue_elements.cpp:855] [run_in_thread] Shutdown event was signaled in dequeue of UserBuffQEl11best/conv62!
[2026-08-27 09:15:47.387] [36142] [HailoRT] [info] [vdevice_native_stream.cpp:331] [read_impl] Failed read from stream HAILO_STREAM_ABORT(63) (device: 0001:01:00.0)
[2026-08-27 09:15:47.387] [36142] [HailoRT] [info] [edge_elements.cpp:396] [run_pull] Reading from stream was aborted!
[2026-08-27 09:15:47.387] [36142] [HailoRT] [info] [queue_elements.cpp:738] [run_in_thread] run_pull of queue element PullQEl_hw_read11best/conv62 was aborted!
[2026-08-27 09:15:47.387] [36142] [HailoRT] [info] [queue_elements.cpp:68] [operator()] Thread in element PullQEl_hw_read11best/conv62 is not running anymore, exiting..
[2026-08-27 09:15:47.387] [36128] [HailoRT] [info] [queue_elements.cpp:46] [~BaseQueueElement] Queue element PullQEl_hw_read11best/conv62 has 0 frames in his Queue on destruction
[2026-08-27 09:15:47.387] [36143] [HailoRT] [info] [queue_elements.cpp:68] [operator()] Thread in element UserBuffQEl11best/conv62 is not running anymore, exiting..
[2026-08-27 09:15:47.388] [36128] [HailoRT] [info] [queue_elements.cpp:46] [~BaseQueueElement] Queue element UserBuffQEl11best/conv62 has 0 frames in his Queue on destruction
[2026-08-27 09:15:47.388] [36145] [HailoRT] [info] [queue_elements.cpp:855] [run_in_thread] Shutdown event was signaled in dequeue of UserBuffQEl6best/conv63!
[2026-08-27 09:15:47.388] [36144] [HailoRT] [info] [vdevice_native_stream.cpp:331] [read_impl] Failed read from stream HAILO_STREAM_ABORT(63) (device: 0001:01:00.0)
[2026-08-27 09:15:47.388] [36144] [HailoRT] [info] [edge_elements.cpp:396] [run_pull] Reading from stream was aborted!
[2026-08-27 09:15:47.388] [36144] [HailoRT] [info] [queue_elements.cpp:738] [run_in_thread] run_pull of queue element PullQEl_hw_read6best/conv63 was aborted!
[2026-08-27 09:15:47.388] [36144] [HailoRT] [info] [queue_elements.cpp:68] [operator()] Thread in element PullQEl_hw_read6best/conv63 is not running anymore, exiting..
[2026-08-27 09:15:47.388] [36128] [HailoRT] [info] [queue_elements.cpp:46] [~BaseQueueElement] Queue element PullQEl_hw_read6best/conv63 has 0 frames in his Queue on destruction
[2026-08-27 09:15:47.388] [36145] [HailoRT] [info] [queue_elements.cpp:68] [operator()] Thread in element UserBuffQEl6best/conv63 is not running anymore, exiting..
[2026-08-27 09:15:47.388] [36128] [HailoRT] [info] [queue_elements.cpp:46] [~BaseQueueElement] Queue element UserBuffQEl6best/conv63 has 0 frames in his Queue on destruction
[2026-08-27 09:15:47.389] [36128] [HailoRT] [info] [core_op.cpp:186] [deactivate] Deactivating took 0.577148 ms
[2026-08-27 09:15:47.389] [36128] [HailoRT] [info] [core_op.cpp:186] [deactivate] Deactivating took 0.616648 ms
[2026-08-27 09:15:52.942] [90250] [HailoRT] [info] [vdevice.cpp:535] [create] Creating vdevice with params: device_count: 1, scheduling_algorithm: NONE, multi_process_service: false
[2026-08-27 09:15:52.954] [90250] [HailoRT] [info] [device.cpp:51] [Device] OS Version: Linux 6.18.39+rpt-rpi-2712 #1 SMP PREEMPT Debian 1:6.18.39-1+rpt1 (2026-07-29) aarch64
[2026-08-27 09:15:52.954] [90250] [HailoRT] [info] [control.cpp:113] [control__parse_identify_results] firmware_version is: 4.23.0
[2026-08-27 09:15:52.954] [90250] [HailoRT] [info] [vdevice.cpp:682] [create] VDevice Infos: 0001:01:00.0
[2026-08-27 09:15:52.960] [90250] [HailoRT] [info] [internal_buffer_manager.cpp:75] [print_execution_results] Default Internal buffer planner failed to meet requirements
[2026-08-27 09:15:52.960] [90250] [HailoRT] [info] [internal_buffer_manager.cpp:86] [print_execution_results] Default Internal buffer planner executed successfully
[2026-08-27 09:15:52.978] [90250] [HailoRT] [info] [device_internal.cpp:57] [configure] Configuring HEF took 23.876852 milliseconds
[2026-08-27 09:15:52.979] [90250] [HailoRT] [info] [vdevice.cpp:780] [configure] Configuring HEF on VDevice took 24.341445 milliseconds
[2026-08-27 09:15:52.979] [90250] [HailoRT] [info] [hef.cpp:1994] [get_network_group_and_network_name] No name was given. Addressing all networks of default network_group: best
[2026-08-27 09:15:52.979] [90250] [HailoRT] [info] [hef.cpp:1994] [get_network_group_and_network_name] No name was given. Addressing all networks of default network_group: best
[2026-08-27 09:15:52.980] [90250] [HailoRT] [info] [core_op.cpp:156] [activate] Activating best took 0.676297 milliseconds. Note that the function is asynchronous and thus the network is not fully activated yet.
[2026-08-27 09:15:52.980] [90250] [HailoRT] [info] [core_op.cpp:156] [activate] Activating best took 0.696 milliseconds. Note that the function is asynchronous and thus the network is not fully activated yet.
[2026-08-27 09:15:52.980] [90250] [HailoRT] [info] [edge_elements.cpp:52] [create] Created (HwWriteEl10best/input_layer1 | hw_frame_size: 307200)
[2026-08-27 09:15:52.980] [90250] [HailoRT] [info] [vstream.cpp:754] [InputVStreamImpl] Creating best/input_layer1...
[2026-08-27 09:15:52.980] [90250] [HailoRT] [info] [vstream_builder.cpp:102] [create_inputs] Input pipeline 'best/input_layer1': (HwWriteEl10best/input_layer1 | hw_frame_size: 307200) >> HW
[2026-08-27 09:15:52.980] [90250] [HailoRT] [info] [edge_elements.cpp:287] [create] Created (HwReadEl13best/conv41 | hw_frame_size: 102400)
[2026-08-27 09:15:52.980] [90250] [HailoRT] [info] [queue_elements.cpp:657] [create] Created (PullQEl_hw_read13best/conv41)
[2026-08-27 09:15:52.981] [90250] [HailoRT] [info] [filter_elements.cpp:372] [create] Created (PostInferEl13best/conv41 | Quantization - src_type: UINT8, dst_type FLOAT32, limvals_min: -10.4737, limvals_max: 14.487)
[2026-08-27 09:15:52.981] [90250] [HailoRT] [info] [queue_elements.cpp:800] [create] Created (UserBuffQEl13best/conv41 | timeout: 10s)
[2026-08-27 09:15:52.981] [90250] [HailoRT] [info] [vstream.cpp:1114] [OutputVStreamImpl] Creating best/conv41...
[2026-08-27 09:15:52.981] [90250] [HailoRT] [info] [vstream_builder.cpp:220] [create_outputs] Output pipeline 'best/conv41': HW >> (HwReadEl13best/conv41 | hw_frame_size: 102400) >> (PullQEl_hw_read13best/conv41) >> (PostInferEl13best/conv41 | Quantization - src_type: UINT8, dst_type FLOAT32, limvals_min: -10.4737, limvals_max: 14.487) >> (UserBuffQEl13best/conv41 | timeout: 10s)
[2026-08-27 09:15:52.981] [90250] [HailoRT] [info] [edge_elements.cpp:287] [create] Created (HwReadEl12best/conv42 | hw_frame_size: 1600)
[2026-08-27 09:15:52.981] [90250] [HailoRT] [info] [queue_elements.cpp:657] [create] Created (PullQEl_hw_read12best/conv42)
[2026-08-27 09:15:52.981] [90250] [HailoRT] [info] [filter_elements.cpp:372] [create] Created (PostInferEl12best/conv42 | Quantization - src_type: UINT8, dst_type FLOAT32, limvals_min: -21.8247, limvals_max: 2.0607)
[2026-08-27 09:15:52.981] [90250] [HailoRT] [info] [queue_elements.cpp:800] [create] Created (UserBuffQEl12best/conv42 | timeout: 10s)
[2026-08-27 09:15:52.981] [90250] [HailoRT] [info] [vstream.cpp:1114] [OutputVStreamImpl] Creating best/conv42...
[2026-08-27 09:15:52.981] [90250] [HailoRT] [info] [vstream_builder.cpp:220] [create_outputs] Output pipeline 'best/conv42': HW >> (HwReadEl12best/conv42 | hw_frame_size: 1600) >> (PullQEl_hw_read12best/conv42) >> (PostInferEl12best/conv42 | Quantization - src_type: UINT8, dst_type FLOAT32, limvals_min: -21.8247, limvals_max: 2.0607) >> (UserBuffQEl12best/conv42 | timeout: 10s)
[2026-08-27 09:15:52.981] [90250] [HailoRT] [info] [edge_elements.cpp:287] [create] Created (HwReadEl15best/conv52 | hw_frame_size: 25600)
[2026-08-27 09:15:52.981] [90250] [HailoRT] [info] [queue_elements.cpp:657] [create] Created (PullQEl_hw_read15best/conv52)
[2026-08-27 09:15:52.981] [90250] [HailoRT] [info] [filter_elements.cpp:372] [create] Created (PostInferEl15best/conv52 | Quantization - src_type: UINT8, dst_type FLOAT32, limvals_min: -9.8639, limvals_max: 15.289)
[2026-08-27 09:15:52.981] [90250] [HailoRT] [info] [queue_elements.cpp:800] [create] Created (UserBuffQEl15best/conv52 | timeout: 10s)
[2026-08-27 09:15:52.981] [90250] [HailoRT] [info] [vstream.cpp:1114] [OutputVStreamImpl] Creating best/conv52...
[2026-08-27 09:15:52.981] [90250] [HailoRT] [info] [vstream_builder.cpp:220] [create_outputs] Output pipeline 'best/conv52': HW >> (HwReadEl15best/conv52 | hw_frame_size: 25600) >> (PullQEl_hw_read15best/conv52) >> (PostInferEl15best/conv52 | Quantization - src_type: UINT8, dst_type FLOAT32, limvals_min: -9.8639, limvals_max: 15.289) >> (UserBuffQEl15best/conv52 | timeout: 10s)
[2026-08-27 09:15:52.982] [90250] [HailoRT] [info] [edge_elements.cpp:287] [create] Created (HwReadEl14best/conv53 | hw_frame_size: 3200)
[2026-08-27 09:15:52.982] [90250] [HailoRT] [info] [queue_elements.cpp:657] [create] Created (PullQEl_hw_read14best/conv53)
[2026-08-27 09:15:52.982] [90250] [HailoRT] [info] [filter_elements.cpp:372] [create] Created (PostInferEl14best/conv53 | Quantization - src_type: UINT8, dst_type FLOAT32, limvals_min: -16.0087, limvals_max: 3.52344 | Reorder - src_order: FCR, src_shape: (20, 20, 8), dst_order: FCR, dst_shape: (20, 20, 1))
[2026-08-27 09:15:52.982] [90250] [HailoRT] [info] [queue_elements.cpp:800] [create] Created (UserBuffQEl14best/conv53 | timeout: 10s)
[2026-08-27 09:15:52.982] [90250] [HailoRT] [info] [vstream.cpp:1114] [OutputVStreamImpl] Creating best/conv53...
[2026-08-27 09:15:52.982] [90250] [HailoRT] [info] [vstream_builder.cpp:220] [create_outputs] Output pipeline 'best/conv53': HW >> (HwReadEl14best/conv53 | hw_frame_size: 3200) >> (PullQEl_hw_read14best/conv53) >> (PostInferEl14best/conv53 | Quantization - src_type: UINT8, dst_type FLOAT32, limvals_min: -16.0087, limvals_max: 3.52344 | Reorder - src_order: FCR, src_shape: (20, 20, 8), dst_order: FCR, dst_shape: (20, 20, 1)) >> (UserBuffQEl14best/conv53 | timeout: 10s)
[2026-08-27 09:15:52.982] [90250] [HailoRT] [info] [edge_elements.cpp:287] [create] Created (HwReadEl11best/conv62 | hw_frame_size: 6400)
[2026-08-27 09:15:52.982] [90250] [HailoRT] [info] [queue_elements.cpp:657] [create] Created (PullQEl_hw_read11best/conv62)
[2026-08-27 09:15:52.982] [90250] [HailoRT] [info] [filter_elements.cpp:372] [create] Created (PostInferEl11best/conv62 | Quantization - src_type: UINT8, dst_type FLOAT32, limvals_min: -7.15299, limvals_max: 11.0871)
[2026-08-27 09:15:52.982] [90250] [HailoRT] [info] [queue_elements.cpp:800] [create] Created (UserBuffQEl11best/conv62 | timeout: 10s)
[2026-08-27 09:15:52.982] [90250] [HailoRT] [info] [vstream.cpp:1114] [OutputVStreamImpl] Creating best/conv62...
[2026-08-27 09:15:52.982] [90250] [HailoRT] [info] [vstream_builder.cpp:220] [create_outputs] Output pipeline 'best/conv62': HW >> (HwReadEl11best/conv62 | hw_frame_size: 6400) >> (PullQEl_hw_read11best/conv62) >> (PostInferEl11best/conv62 | Quantization - src_type: UINT8, dst_type FLOAT32, limvals_min: -7.15299, limvals_max: 11.0871) >> (UserBuffQEl11best/conv62 | timeout: 10s)
[2026-08-27 09:15:52.982] [90250] [HailoRT] [info] [edge_elements.cpp:287] [create] Created (HwReadEl6best/conv63 | hw_frame_size: 800)
[2026-08-27 09:15:52.982] [90250] [HailoRT] [info] [queue_elements.cpp:657] [create] Created (PullQEl_hw_read6best/conv63)
[2026-08-27 09:15:52.982] [90250] [HailoRT] [info] [filter_elements.cpp:372] [create] Created (PostInferEl6best/conv63 | Quantization - src_type: UINT8, dst_type FLOAT32, limvals_min: -10.7449, limvals_max: 0 | Reorder - src_order: FCR, src_shape: (10, 10, 8), dst_order: FCR, dst_shape: (10, 10, 1))
[2026-08-27 09:15:52.983] [90250] [HailoRT] [info] [queue_elements.cpp:800] [create] Created (UserBuffQEl6best/conv63 | timeout: 10s)
[2026-08-27 09:15:52.983] [90250] [HailoRT] [info] [vstream.cpp:1114] [OutputVStreamImpl] Creating best/conv63...
[2026-08-27 09:15:52.983] [90250] [HailoRT] [info] [vstream_builder.cpp:220] [create_outputs] Output pipeline 'best/conv63': HW >> (HwReadEl6best/conv63 | hw_frame_size: 800) >> (PullQEl_hw_read6best/conv63) >> (PostInferEl6best/conv63 | Quantization - src_type: UINT8, dst_type FLOAT32, limvals_min: -10.7449, limvals_max: 0 | Reorder - src_order: FCR, src_shape: (10, 10, 8), dst_order: FCR, dst_shape: (10, 10, 1)) >> (UserBuffQEl6best/conv63 | timeout: 10s)
[2026-08-27 09:16:28.806] [1636] [HailoRT] [info] [device.cpp:51] [Device] OS Version: Linux 6.18.39+rpt-rpi-2712 #1 SMP PREEMPT Debian 1:6.18.39-1+rpt1 (2026-07-29) aarch64
[2026-08-27 09:16:28.809] [1636] [HailoRT] [info] [control.cpp:113] [control__parse_identify_results] firmware_version is: 4.23.0
[2026-08-27 09:16:28.809] [1636] [HailoRT] [info] [control.cpp:113] [control__parse_identify_results] firmware_version is: 4.23.0
[2026-08-27 09:16:32.577] [1678] [HailoRT] [info] [vdevice.cpp:535] [create] Creating vdevice with params: device_count: 1, scheduling_algorithm: NONE, multi_process_service: false
[2026-08-27 09:16:32.589] [1678] [HailoRT] [info] [device.cpp:51] [Device] OS Version: Linux 6.18.39+rpt-rpi-2712 #1 SMP PREEMPT Debian 1:6.18.39-1+rpt1 (2026-07-29) aarch64
[2026-08-27 09:16:32.590] [1678] [HailoRT] [info] [control.cpp:113] [control__parse_identify_results] firmware_version is: 4.23.0
[2026-08-27 09:16:32.590] [1678] [HailoRT] [info] [vdevice.cpp:682] [create] VDevice Infos: 0001:01:00.0
[2026-08-27 09:16:32.600] [1678] [HailoRT] [info] [internal_buffer_manager.cpp:75] [print_execution_results] Default Internal buffer planner failed to meet requirements
[2026-08-27 09:16:32.600] [1678] [HailoRT] [info] [internal_buffer_manager.cpp:86] [print_execution_results] Default Internal buffer planner executed successfully
[2026-08-27 09:16:32.610] [1678] [HailoRT] [info] [device_internal.cpp:57] [configure] Configuring HEF took 19.204037 milliseconds
[2026-08-27 09:16:32.610] [1678] [HailoRT] [info] [vdevice.cpp:780] [configure] Configuring HEF on VDevice took 19.867445 milliseconds
[2026-08-27 09:16:32.610] [1678] [HailoRT] [info] [hef.cpp:1994] [get_network_group_and_network_name] No name was given. Addressing all networks of default network_group: best
[2026-08-27 09:16:32.612] [1678] [HailoRT] [info] [hef.cpp:1994] [get_network_group_and_network_name] No name was given. Addressing all networks of default network_group: best
[2026-08-27 09:16:32.613] [1678] [HailoRT] [info] [core_op.cpp:156] [activate] Activating best took 0.400667 milliseconds. Note that the function is asynchronous and thus the network is not fully activated yet.
[2026-08-27 09:16:32.613] [1678] [HailoRT] [info] [core_op.cpp:156] [activate] Activating best took 0.409611 milliseconds. Note that the function is asynchronous and thus the network is not fully activated yet.
[2026-08-27 09:16:32.616] [1678] [HailoRT] [info] [edge_elements.cpp:52] [create] Created (HwWriteEl10best/input_layer1 | hw_frame_size: 307200)
[2026-08-27 09:16:32.617] [1678] [HailoRT] [info] [vstream.cpp:754] [InputVStreamImpl] Creating best/input_layer1...
[2026-08-27 09:16:32.617] [1678] [HailoRT] [info] [vstream_builder.cpp:102] [create_inputs] Input pipeline 'best/input_layer1': (HwWriteEl10best/input_layer1 | hw_frame_size: 307200) >> HW
[2026-08-27 09:16:32.617] [1678] [HailoRT] [info] [edge_elements.cpp:287] [create] Created (HwReadEl13best/conv41 | hw_frame_size: 102400)
[2026-08-27 09:16:32.617] [1678] [HailoRT] [info] [queue_elements.cpp:657] [create] Created (PullQEl_hw_read13best/conv41)
[2026-08-27 09:16:32.617] [1678] [HailoRT] [info] [filter_elements.cpp:372] [create] Created (PostInferEl13best/conv41 | Quantization - src_type: UINT8, dst_type FLOAT32, limvals_min: -10.4737, limvals_max: 14.487)
[2026-08-27 09:16:32.618] [1678] [HailoRT] [info] [queue_elements.cpp:800] [create] Created (UserBuffQEl13best/conv41 | timeout: 10s)
[2026-08-27 09:16:32.618] [1678] [HailoRT] [info] [vstream.cpp:1114] [OutputVStreamImpl] Creating best/conv41...
[2026-08-27 09:16:32.618] [1678] [HailoRT] [info] [vstream_builder.cpp:220] [create_outputs] Output pipeline 'best/conv41': HW >> (HwReadEl13best/conv41 | hw_frame_size: 102400) >> (PullQEl_hw_read13best/conv41) >> (PostInferEl13best/conv41 | Quantization - src_type: UINT8, dst_type FLOAT32, limvals_min: -10.4737, limvals_max: 14.487) >> (UserBuffQEl13best/conv41 | timeout: 10s)
[2026-08-27 09:16:32.618] [1678] [HailoRT] [info] [edge_elements.cpp:287] [create] Created (HwReadEl12best/conv42 | hw_frame_size: 1600)
[2026-08-27 09:16:32.618] [1678] [HailoRT] [info] [queue_elements.cpp:657] [create] Created (PullQEl_hw_read12best/conv42)
[2026-08-27 09:16:32.618] [1678] [HailoRT] [info] [filter_elements.cpp:372] [create] Created (PostInferEl12best/conv42 | Quantization - src_type: UINT8, dst_type FLOAT32, limvals_min: -21.8247, limvals_max: 2.0607)
[2026-08-27 09:16:32.618] [1678] [HailoRT] [info] [queue_elements.cpp:800] [create] Created (UserBuffQEl12best/conv42 | timeout: 10s)
[2026-08-27 09:16:32.618] [1678] [HailoRT] [info] [vstream.cpp:1114] [OutputVStreamImpl] Creating best/conv42...
[2026-08-27 09:16:32.618] [1678] [HailoRT] [info] [vstream_builder.cpp:220] [create_outputs] Output pipeline 'best/conv42': HW >> (HwReadEl12best/conv42 | hw_frame_size: 1600) >> (PullQEl_hw_read12best/conv42) >> (PostInferEl12best/conv42 | Quantization - src_type: UINT8, dst_type FLOAT32, limvals_min: -21.8247, limvals_max: 2.0607) >> (UserBuffQEl12best/conv42 | timeout: 10s)
[2026-08-27 09:16:32.618] [1678] [HailoRT] [info] [edge_elements.cpp:287] [create] Created (HwReadEl15best/conv52 | hw_frame_size: 25600)
[2026-08-27 09:16:32.618] [1678] [HailoRT] [info] [queue_elements.cpp:657] [create] Created (PullQEl_hw_read15best/conv52)
[2026-08-27 09:16:32.618] [1678] [HailoRT] [info] [filter_elements.cpp:372] [create] Created (PostInferEl15best/conv52 | Quantization - src_type: UINT8, dst_type FLOAT32, limvals_min: -9.8639, limvals_max: 15.289)
[2026-08-27 09:16:32.618] [1678] [HailoRT] [info] [queue_elements.cpp:800] [create] Created (UserBuffQEl15best/conv52 | timeout: 10s)
[2026-08-27 09:16:32.618] [1678] [HailoRT] [info] [vstream.cpp:1114] [OutputVStreamImpl] Creating best/conv52...
[2026-08-27 09:16:32.618] [1678] [HailoRT] [info] [vstream_builder.cpp:220] [create_outputs] Output pipeline 'best/conv52': HW >> (HwReadEl15best/conv52 | hw_frame_size: 25600) >> (PullQEl_hw_read15best/conv52) >> (PostInferEl15best/conv52 | Quantization - src_type: UINT8, dst_type FLOAT32, limvals_min: -9.8639, limvals_max: 15.289) >> (UserBuffQEl15best/conv52 | timeout: 10s)
[2026-08-27 09:16:32.618] [1678] [HailoRT] [info] [edge_elements.cpp:287] [create] Created (HwReadEl14best/conv53 | hw_frame_size: 3200)
[2026-08-27 09:16:32.618] [1678] [HailoRT] [info] [queue_elements.cpp:657] [create] Created (PullQEl_hw_read14best/conv53)
[2026-08-27 09:16:32.618] [1678] [HailoRT] [info] [filter_elements.cpp:372] [create] Created (PostInferEl14best/conv53 | Quantization - src_type: UINT8, dst_type FLOAT32, limvals_min: -16.0087, limvals_max: 3.52344 | Reorder - src_order: FCR, src_shape: (20, 20, 8), dst_order: FCR, dst_shape: (20, 20, 1))
[2026-08-27 09:16:32.618] [1678] [HailoRT] [info] [queue_elements.cpp:800] [create] Created (UserBuffQEl14best/conv53 | timeout: 10s)
[2026-08-27 09:16:32.618] [1678] [HailoRT] [info] [vstream.cpp:1114] [OutputVStreamImpl] Creating best/conv53...
[2026-08-27 09:16:32.618] [1678] [HailoRT] [info] [vstream_builder.cpp:220] [create_outputs] Output pipeline 'best/conv53': HW >> (HwReadEl14best/conv53 | hw_frame_size: 3200) >> (PullQEl_hw_read14best/conv53) >> (PostInferEl14best/conv53 | Quantization - src_type: UINT8, dst_type FLOAT32, limvals_min: -16.0087, limvals_max: 3.52344 | Reorder - src_order: FCR, src_shape: (20, 20, 8), dst_order: FCR, dst_shape: (20, 20, 1)) >> (UserBuffQEl14best/conv53 | timeout: 10s)
[2026-08-27 09:16:32.619] [1678] [HailoRT] [info] [edge_elements.cpp:287] [create] Created (HwReadEl11best/conv62 | hw_frame_size: 6400)
[2026-08-27 09:16:32.619] [1678] [HailoRT] [info] [queue_elements.cpp:657] [create] Created (PullQEl_hw_read11best/conv62)
[2026-08-27 09:16:32.619] [1678] [HailoRT] [info] [filter_elements.cpp:372] [create] Created (PostInferEl11best/conv62 | Quantization - src_type: UINT8, dst_type FLOAT32, limvals_min: -7.15299, limvals_max: 11.0871)
[2026-08-27 09:16:32.619] [1678] [HailoRT] [info] [queue_elements.cpp:800] [create] Created (UserBuffQEl11best/conv62 | timeout: 10s)
[2026-08-27 09:16:32.619] [1678] [HailoRT] [info] [vstream.cpp:1114] [OutputVStreamImpl] Creating best/conv62...
[2026-08-27 09:16:32.619] [1678] [HailoRT] [info] [vstream_builder.cpp:220] [create_outputs] Output pipeline 'best/conv62': HW >> (HwReadEl11best/conv62 | hw_frame_size: 6400) >> (PullQEl_hw_read11best/conv62) >> (PostInferEl11best/conv62 | Quantization - src_type: UINT8, dst_type FLOAT32, limvals_min: -7.15299, limvals_max: 11.0871) >> (UserBuffQEl11best/conv62 | timeout: 10s)
[2026-08-27 09:16:32.619] [1678] [HailoRT] [info] [edge_elements.cpp:287] [create] Created (HwReadEl6best/conv63 | hw_frame_size: 800)
[2026-08-27 09:16:32.619] [1678] [HailoRT] [info] [queue_elements.cpp:657] [create] Created (PullQEl_hw_read6best/conv63)
[2026-08-27 09:16:32.619] [1678] [HailoRT] [info] [filter_elements.cpp:372] [create] Created (PostInferEl6best/conv63 | Quantization - src_type: UINT8, dst_type FLOAT32, limvals_min: -10.7449, limvals_max: 0 | Reorder - src_order: FCR, src_shape: (10, 10, 8), dst_order: FCR, dst_shape: (10, 10, 1))
[2026-08-27 09:16:32.619] [1678] [HailoRT] [info] [queue_elements.cpp:800] [create] Created (UserBuffQEl6best/conv63 | timeout: 10s)
[2026-08-27 09:16:32.619] [1678] [HailoRT] [info] [vstream.cpp:1114] [OutputVStreamImpl] Creating best/conv63...
[2026-08-27 09:16:32.619] [1678] [HailoRT] [info] [vstream_builder.cpp:220] [create_outputs] Output pipeline 'best/conv63': HW >> (HwReadEl6best/conv63 | hw_frame_size: 800) >> (PullQEl_hw_read6best/conv63) >> (PostInferEl6best/conv63 | Quantization - src_type: UINT8, dst_type FLOAT32, limvals_min: -10.7449, limvals_max: 0 | Reorder - src_order: FCR, src_shape: (10, 10, 8), dst_order: FCR, dst_shape: (10, 10, 1)) >> (UserBuffQEl6best/conv63 | timeout: 10s)
                                                                                                                                                                                           [2026-08-27 09:16:29.915] [1640] [HailoRT] [info] [device.cpp:51] [Device] OS Version: Linux 6.18.39+rpt-rpi-2712 #1 SMP PREEMPT Debian 1:6.18.39-1+rpt1 (2026-07-29) aarch64
[2026-08-27 09:16:29.923] [1640] [HailoRT] [info] [control.cpp:113] [control__parse_identify_results] firmware_version is: 4.23.0
[2026-08-27 09:16:29.923] [1640] [HailoRT] [info] [control.cpp:113] [control__parse_identify_results] firmware_version is: 4.23.0
[2026-08-27 09:16:33.640] [1681] [HailoRT] [info] [vdevice.cpp:535] [create] Creating vdevice with params: device_count: 1, scheduling_algorithm: NONE, multi_process_service: false
[2026-08-27 09:16:33.652] [1681] [HailoRT] [info] [device.cpp:51] [Device] OS Version: Linux 6.18.39+rpt-rpi-2712 #1 SMP PREEMPT Debian 1:6.18.39-1+rpt1 (2026-07-29) aarch64
[2026-08-27 09:16:33.652] [1681] [HailoRT] [info] [control.cpp:113] [control__parse_identify_results] firmware_version is: 4.23.0
[2026-08-27 09:16:33.652] [1681] [HailoRT] [info] [vdevice.cpp:682] [create] VDevice Infos: 0001:01:00.0
[2026-08-27 09:16:33.663] [1681] [HailoRT] [info] [internal_buffer_manager.cpp:75] [print_execution_results] Default Internal buffer planner failed to meet requirements
[2026-08-27 09:16:33.663] [1681] [HailoRT] [info] [internal_buffer_manager.cpp:86] [print_execution_results] Default Internal buffer planner executed successfully
[2026-08-27 09:16:33.672] [1681] [HailoRT] [info] [device_internal.cpp:57] [configure] Configuring HEF took 19.252519 milliseconds
[2026-08-27 09:16:33.672] [1681] [HailoRT] [info] [vdevice.cpp:780] [configure] Configuring HEF on VDevice took 19.894074 milliseconds
[2026-08-27 09:16:33.672] [1681] [HailoRT] [info] [hef.cpp:1994] [get_network_group_and_network_name] No name was given. Addressing all networks of default network_group: best
[2026-08-27 09:16:33.675] [1681] [HailoRT] [info] [hef.cpp:1994] [get_network_group_and_network_name] No name was given. Addressing all networks of default network_group: best
[2026-08-27 09:16:33.675] [1681] [HailoRT] [info] [core_op.cpp:156] [activate] Activating best took 0.415297 milliseconds. Note that the function is asynchronous and thus the network is not fully activated yet.
[2026-08-27 09:16:33.675] [1681] [HailoRT] [info] [core_op.cpp:156] [activate] Activating best took 0.427629 milliseconds. Note that the function is asynchronous and thus the network is not fully activated yet.
[2026-08-27 09:16:33.678] [1681] [HailoRT] [info] [edge_elements.cpp:52] [create] Created (HwWriteEl10best/input_layer1 | hw_frame_size: 307200)
[2026-08-27 09:16:33.679] [1681] [HailoRT] [info] [vstream.cpp:754] [InputVStreamImpl] Creating best/input_layer1...
[2026-08-27 09:16:33.679] [1681] [HailoRT] [info] [vstream_builder.cpp:102] [create_inputs] Input pipeline 'best/input_layer1': (HwWriteEl10best/input_layer1 | hw_frame_size: 307200) >> HW
[2026-08-27 09:16:33.679] [1681] [HailoRT] [info] [edge_elements.cpp:287] [create] Created (HwReadEl13best/conv41 | hw_frame_size: 102400)
[2026-08-27 09:16:33.679] [1681] [HailoRT] [info] [queue_elements.cpp:657] [create] Created (PullQEl_hw_read13best/conv41)
[2026-08-27 09:16:33.679] [1681] [HailoRT] [info] [filter_elements.cpp:372] [create] Created (PostInferEl13best/conv41 | Quantization - src_type: UINT8, dst_type FLOAT32, limvals_min: -10.4737, limvals_max: 14.487)
[2026-08-27 09:16:33.680] [1681] [HailoRT] [info] [queue_elements.cpp:800] [create] Created (UserBuffQEl13best/conv41 | timeout: 10s)
[2026-08-27 09:16:33.680] [1681] [HailoRT] [info] [vstream.cpp:1114] [OutputVStreamImpl] Creating best/conv41...
[2026-08-27 09:16:33.680] [1681] [HailoRT] [info] [vstream_builder.cpp:220] [create_outputs] Output pipeline 'best/conv41': HW >> (HwReadEl13best/conv41 | hw_frame_size: 102400) >> (PullQEl_hw_read13best/conv41) >> (PostInferEl13best/conv41 | Quantization - src_type: UINT8, dst_type FLOAT32, limvals_min: -10.4737, limvals_max: 14.487) >> (UserBuffQEl13best/conv41 | timeout: 10s)
[2026-08-27 09:16:33.680] [1681] [HailoRT] [info] [edge_elements.cpp:287] [create] Created (HwReadEl12best/conv42 | hw_frame_size: 1600)
[2026-08-27 09:16:33.681] [1681] [HailoRT] [info] [queue_elements.cpp:657] [create] Created (PullQEl_hw_read12best/conv42)
[2026-08-27 09:16:33.681] [1681] [HailoRT] [info] [filter_elements.cpp:372] [create] Created (PostInferEl12best/conv42 | Quantization - src_type: UINT8, dst_type FLOAT32, limvals_min: -21.8247, limvals_max: 2.0607)
[2026-08-27 09:16:33.681] [1681] [HailoRT] [info] [queue_elements.cpp:800] [create] Created (UserBuffQEl12best/conv42 | timeout: 10s)
[2026-08-27 09:16:33.681] [1681] [HailoRT] [info] [vstream.cpp:1114] [OutputVStreamImpl] Creating best/conv42...
[2026-08-27 09:16:33.681] [1681] [HailoRT] [info] [vstream_builder.cpp:220] [create_outputs] Output pipeline 'best/conv42': HW >> (HwReadEl12best/conv42 | hw_frame_size: 1600) >> (PullQEl_hw_read12best/conv42) >> (PostInferEl12best/conv42 | Quantization - src_type: UINT8, dst_type FLOAT32, limvals_min: -21.8247, limvals_max: 2.0607) >> (UserBuffQEl12best/conv42 | timeout: 10s)
[2026-08-27 09:16:33.681] [1681] [HailoRT] [info] [edge_elements.cpp:287] [create] Created (HwReadEl15best/conv52 | hw_frame_size: 25600)
[2026-08-27 09:16:33.681] [1681] [HailoRT] [info] [queue_elements.cpp:657] [create] Created (PullQEl_hw_read15best/conv52)
[2026-08-27 09:16:33.681] [1681] [HailoRT] [info] [filter_elements.cpp:372] [create] Created (PostInferEl15best/conv52 | Quantization - src_type: UINT8, dst_type FLOAT32, limvals_min: -9.8639, limvals_max: 15.289)
[2026-08-27 09:16:33.681] [1681] [HailoRT] [info] [queue_elements.cpp:800] [create] Created (UserBuffQEl15best/conv52 | timeout: 10s)
[2026-08-27 09:16:33.681] [1681] [HailoRT] [info] [vstream.cpp:1114] [OutputVStreamImpl] Creating best/conv52...
[2026-08-27 09:16:33.681] [1681] [HailoRT] [info] [vstream_builder.cpp:220] [create_outputs] Output pipeline 'best/conv52': HW >> (HwReadEl15best/conv52 | hw_frame_size: 25600) >> (PullQEl_hw_read15best/conv52) >> (PostInferEl15best/conv52 | Quantization - src_type: UINT8, dst_type FLOAT32, limvals_min: -9.8639, limvals_max: 15.289) >> (UserBuffQEl15best/conv52 | timeout: 10s)
[2026-08-27 09:16:33.681] [1681] [HailoRT] [info] [edge_elements.cpp:287] [create] Created (HwReadEl14best/conv53 | hw_frame_size: 3200)
[2026-08-27 09:16:33.681] [1681] [HailoRT] [info] [queue_elements.cpp:657] [create] Created (PullQEl_hw_read14best/conv53)
[2026-08-27 09:16:33.681] [1681] [HailoRT] [info] [filter_elements.cpp:372] [create] Created (PostInferEl14best/conv53 | Quantization - src_type: UINT8, dst_type FLOAT32, limvals_min: -16.0087, limvals_max: 3.52344 | Reorder - src_order: FCR, src_shape: (20, 20, 8), dst_order: FCR, dst_shape: (20, 20, 1))
[2026-08-27 09:16:33.681] [1681] [HailoRT] [info] [queue_elements.cpp:800] [create] Created (UserBuffQEl14best/conv53 | timeout: 10s)
[2026-08-27 09:16:33.681] [1681] [HailoRT] [info] [vstream.cpp:1114] [OutputVStreamImpl] Creating best/conv53...
[2026-08-27 09:16:33.681] [1681] [HailoRT] [info] [vstream_builder.cpp:220] [create_outputs] Output pipeline 'best/conv53': HW >> (HwReadEl14best/conv53 | hw_frame_size: 3200) >> (PullQEl_hw_read14best/conv53) >> (PostInferEl14best/conv53 | Quantization - src_type: UINT8, dst_type FLOAT32, limvals_min: -16.0087, limvals_max: 3.52344 | Reorder - src_order: FCR, src_shape: (20, 20, 8), dst_order: FCR, dst_shape: (20, 20, 1)) >> (UserBuffQEl14best/conv53 | timeout: 10s)
[2026-08-27 09:16:33.681] [1681] [HailoRT] [info] [edge_elements.cpp:287] [create] Created (HwReadEl11best/conv62 | hw_frame_size: 6400)
[2026-08-27 09:16:33.681] [1681] [HailoRT] [info] [queue_elements.cpp:657] [create] Created (PullQEl_hw_read11best/conv62)
[2026-08-27 09:16:33.681] [1681] [HailoRT] [info] [filter_elements.cpp:372] [create] Created (PostInferEl11best/conv62 | Quantization - src_type: UINT8, dst_type FLOAT32, limvals_min: -7.15299, limvals_max: 11.0871)
[2026-08-27 09:16:33.681] [1681] [HailoRT] [info] [queue_elements.cpp:800] [create] Created (UserBuffQEl11best/conv62 | timeout: 10s)
[2026-08-27 09:16:33.681] [1681] [HailoRT] [info] [vstream.cpp:1114] [OutputVStreamImpl] Creating best/conv62...
[2026-08-27 09:16:33.681] [1681] [HailoRT] [info] [vstream_builder.cpp:220] [create_outputs] Output pipeline 'best/conv62': HW >> (HwReadEl11best/conv62 | hw_frame_size: 6400) >> (PullQEl_hw_read11best/conv62) >> (PostInferEl11best/conv62 | Quantization - src_type: UINT8, dst_type FLOAT32, limvals_min: -7.15299, limvals_max: 11.0871) >> (UserBuffQEl11best/conv62 | timeout: 10s)
[2026-08-27 09:16:33.681] [1681] [HailoRT] [info] [edge_elements.cpp:287] [create] Created (HwReadEl6best/conv63 | hw_frame_size: 800)
[2026-08-27 09:16:33.681] [1681] [HailoRT] [info] [queue_elements.cpp:657] [create] Created (PullQEl_hw_read6best/conv63)
[2026-08-27 09:16:33.681] [1681] [HailoRT] [info] [filter_elements.cpp:372] [create] Created (PostInferEl6best/conv63 | Quantization - src_type: UINT8, dst_type FLOAT32, limvals_min: -10.7449, limvals_max: 0 | Reorder - src_order: FCR, src_shape: (10, 10, 8), dst_order: FCR, dst_shape: (10, 10, 1))
[2026-08-27 09:16:33.681] [1681] [HailoRT] [info] [queue_elements.cpp:800] [create] Created (UserBuffQEl6best/conv63 | timeout: 10s)
[2026-08-27 09:16:33.681] [1681] [HailoRT] [info] [vstream.cpp:1114] [OutputVStreamImpl] Creating best/conv63...
[2026-08-27 09:16:33.681] [1681] [HailoRT] [info] [vstream_builder.cpp:220] [create_outputs] Output pipeline 'best/conv63': HW >> (HwReadEl6best/conv63 | hw_frame_size: 800) >> (PullQEl_hw_read6best/conv63) >> (PostInferEl6best/conv63 | Quantization - src_type: UINT8, dst_type FLOAT32, limvals_min: -10.7449, limvals_max: 0 | Reorder - src_order: FCR, src_shape: (10, 10, 8), dst_order: FCR, dst_shape: (10, 10, 1)) >> (UserBuffQEl6best/conv63 | timeout: 10s)
[2026-08-27 09:17:04.192] [1947] [HailoRT] [info] [vdevice_native_stream.cpp:331] [read_impl] Failed read from stream HAILO_STREAM_ABORT(63) (device: 0001:01:00.0)
[2026-08-27 09:17:04.192] [1948] [HailoRT] [info] [queue_elements.cpp:855] [run_in_thread] Shutdown event was signaled in dequeue of UserBuffQEl13best/conv41!
[2026-08-27 09:17:04.192] [1947] [HailoRT] [info] [edge_elements.cpp:396] [run_pull] Reading from stream was aborted!
[2026-08-27 09:17:04.192] [1947] [HailoRT] [info] [queue_elements.cpp:738] [run_in_thread] run_pull of queue element PullQEl_hw_read13best/conv41 was aborted!
[2026-08-27 09:17:04.192] [1947] [HailoRT] [info] [queue_elements.cpp:68] [operator()] Thread in element PullQEl_hw_read13best/conv41 is not running anymore, exiting..
[2026-08-27 09:17:04.192] [1681] [HailoRT] [info] [queue_elements.cpp:46] [~BaseQueueElement] Queue element PullQEl_hw_read13best/conv41 has 0 frames in his Queue on destruction
[2026-08-27 09:17:04.192] [1948] [HailoRT] [info] [queue_elements.cpp:68] [operator()] Thread in element UserBuffQEl13best/conv41 is not running anymore, exiting..
[2026-08-27 09:17:04.192] [1681] [HailoRT] [info] [queue_elements.cpp:46] [~BaseQueueElement] Queue element UserBuffQEl13best/conv41 has 0 frames in his Queue on destruction
[2026-08-27 09:17:04.192] [1950] [HailoRT] [info] [queue_elements.cpp:855] [run_in_thread] Shutdown event was signaled in dequeue of UserBuffQEl12best/conv42!
[2026-08-27 09:17:04.192] [1949] [HailoRT] [info] [vdevice_native_stream.cpp:331] [read_impl] Failed read from stream HAILO_STREAM_ABORT(63) (device: 0001:01:00.0)
[2026-08-27 09:17:04.192] [1949] [HailoRT] [info] [edge_elements.cpp:396] [run_pull] Reading from stream was aborted!
[2026-08-27 09:17:04.192] [1949] [HailoRT] [info] [queue_elements.cpp:738] [run_in_thread] run_pull of queue element PullQEl_hw_read12best/conv42 was aborted!
[2026-08-27 09:17:04.193] [1949] [HailoRT] [info] [queue_elements.cpp:68] [operator()] Thread in element PullQEl_hw_read12best/conv42 is not running anymore, exiting..
[2026-08-27 09:17:04.193] [1681] [HailoRT] [info] [queue_elements.cpp:46] [~BaseQueueElement] Queue element PullQEl_hw_read12best/conv42 has 0 frames in his Queue on destruction
[2026-08-27 09:17:04.193] [1950] [HailoRT] [info] [queue_elements.cpp:68] [operator()] Thread in element UserBuffQEl12best/conv42 is not running anymore, exiting..
[2026-08-27 09:17:04.193] [1681] [HailoRT] [info] [queue_elements.cpp:46] [~BaseQueueElement] Queue element UserBuffQEl12best/conv42 has 0 frames in his Queue on destruction
[2026-08-27 09:17:04.193] [1951] [HailoRT] [info] [vdevice_native_stream.cpp:331] [read_impl] Failed read from stream HAILO_STREAM_ABORT(63) (device: 0001:01:00.0)
[2026-08-27 09:17:04.193] [1952] [HailoRT] [info] [queue_elements.cpp:855] [run_in_thread] Shutdown event was signaled in dequeue of UserBuffQEl15best/conv52!
[2026-08-27 09:17:04.193] [1951] [HailoRT] [info] [edge_elements.cpp:396] [run_pull] Reading from stream was aborted!
[2026-08-27 09:17:04.193] [1951] [HailoRT] [info] [queue_elements.cpp:738] [run_in_thread] run_pull of queue element PullQEl_hw_read15best/conv52 was aborted!
[2026-08-27 09:17:04.193] [1951] [HailoRT] [info] [queue_elements.cpp:68] [operator()] Thread in element PullQEl_hw_read15best/conv52 is not running anymore, exiting..
[2026-08-27 09:17:04.193] [1681] [HailoRT] [info] [queue_elements.cpp:46] [~BaseQueueElement] Queue element PullQEl_hw_read15best/conv52 has 0 frames in his Queue on destruction
[2026-08-27 09:17:04.193] [1952] [HailoRT] [info] [queue_elements.cpp:68] [operator()] Thread in element UserBuffQEl15best/conv52 is not running anymore, exiting..
[2026-08-27 09:17:04.193] [1681] [HailoRT] [info] [queue_elements.cpp:46] [~BaseQueueElement] Queue element UserBuffQEl15best/conv52 has 0 frames in his Queue on destruction
[2026-08-27 09:17:04.193] [1953] [HailoRT] [info] [vdevice_native_stream.cpp:331] [read_impl] Failed read from stream HAILO_STREAM_ABORT(63) (device: 0001:01:00.0)
[2026-08-27 09:17:04.193] [1953] [HailoRT] [info] [edge_elements.cpp:396] [run_pull] Reading from stream was aborted!
[2026-08-27 09:17:04.193] [1954] [HailoRT] [info] [queue_elements.cpp:855] [run_in_thread] Shutdown event was signaled in dequeue of UserBuffQEl14best/conv53!
[2026-08-27 09:17:04.193] [1953] [HailoRT] [info] [queue_elements.cpp:738] [run_in_thread] run_pull of queue element PullQEl_hw_read14best/conv53 was aborted!
[2026-08-27 09:17:04.193] [1953] [HailoRT] [info] [queue_elements.cpp:68] [operator()] Thread in element PullQEl_hw_read14best/conv53 is not running anymore, exiting..
[2026-08-27 09:17:04.193] [1681] [HailoRT] [info] [queue_elements.cpp:46] [~BaseQueueElement] Queue element PullQEl_hw_read14best/conv53 has 0 frames in his Queue on destruction
[2026-08-27 09:17:04.193] [1954] [HailoRT] [info] [queue_elements.cpp:68] [operator()] Thread in element UserBuffQEl14best/conv53 is not running anymore, exiting..
[2026-08-27 09:17:04.193] [1681] [HailoRT] [info] [queue_elements.cpp:46] [~BaseQueueElement] Queue element UserBuffQEl14best/conv53 has 0 frames in his Queue on destruction
[2026-08-27 09:17:04.193] [1955] [HailoRT] [info] [vdevice_native_stream.cpp:331] [read_impl] Failed read from stream HAILO_STREAM_ABORT(63) (device: 0001:01:00.0)
[2026-08-27 09:17:04.193] [1956] [HailoRT] [info] [queue_elements.cpp:855] [run_in_thread] Shutdown event was signaled in dequeue of UserBuffQEl11best/conv62!
[2026-08-27 09:17:04.193] [1955] [HailoRT] [info] [edge_elements.cpp:396] [run_pull] Reading from stream was aborted!
[2026-08-27 09:17:04.193] [1955] [HailoRT] [info] [queue_elements.cpp:738] [run_in_thread] run_pull of queue element PullQEl_hw_read11best/conv62 was aborted!
[2026-08-27 09:17:04.193] [1955] [HailoRT] [info] [queue_elements.cpp:68] [operator()] Thread in element PullQEl_hw_read11best/conv62 is not running anymore, exiting..
[2026-08-27 09:17:04.193] [1681] [HailoRT] [info] [queue_elements.cpp:46] [~BaseQueueElement] Queue element PullQEl_hw_read11best/conv62 has 0 frames in his Queue on destruction
[2026-08-27 09:17:04.193] [1956] [HailoRT] [info] [queue_elements.cpp:68] [operator()] Thread in element UserBuffQEl11best/conv62 is not running anymore, exiting..
[2026-08-27 09:17:04.193] [1681] [HailoRT] [info] [queue_elements.cpp:46] [~BaseQueueElement] Queue element UserBuffQEl11best/conv62 has 0 frames in his Queue on destruction
[2026-08-27 09:17:04.193] [1957] [HailoRT] [info] [vdevice_native_stream.cpp:331] [read_impl] Failed read from stream HAILO_STREAM_ABORT(63) (device: 0001:01:00.0)
[2026-08-27 09:17:04.193] [1958] [HailoRT] [info] [queue_elements.cpp:855] [run_in_thread] Shutdown event was signaled in dequeue of UserBuffQEl6best/conv63!
[2026-08-27 09:17:04.193] [1957] [HailoRT] [info] [edge_elements.cpp:396] [run_pull] Reading from stream was aborted!
[2026-08-27 09:17:04.193] [1957] [HailoRT] [info] [queue_elements.cpp:738] [run_in_thread] run_pull of queue element PullQEl_hw_read6best/conv63 was aborted!
[2026-08-27 09:17:04.193] [1957] [HailoRT] [info] [queue_elements.cpp:68] [operator()] Thread in element PullQEl_hw_read6best/conv63 is not running anymore, exiting..
[2026-08-27 09:17:04.193] [1681] [HailoRT] [info] [queue_elements.cpp:46] [~BaseQueueElement] Queue element PullQEl_hw_read6best/conv63 has 0 frames in his Queue on destruction
[2026-08-27 09:17:04.193] [1958] [HailoRT] [info] [queue_elements.cpp:68] [operator()] Thread in element UserBuffQEl6best/conv63 is not running anymore, exiting..
[2026-08-27 09:17:04.193] [1681] [HailoRT] [info] [queue_elements.cpp:46] [~BaseQueueElement] Queue element UserBuffQEl6best/conv63 has 0 frames in his Queue on destruction
[2026-08-27 09:17:04.193] [1681] [HailoRT] [info] [core_op.cpp:186] [deactivate] Deactivating took 0.415092 ms
[2026-08-27 09:17:04.193] [1681] [HailoRT] [info] [core_op.cpp:186] [deactivate] Deactivating took 0.425444 ms
[2026-08-27 09:17:08.532] [2010] [HailoRT] [info] [vdevice.cpp:535] [create] Creating vdevice with params: device_count: 1, scheduling_algorithm: NONE, multi_process_service: false
[2026-08-27 09:17:08.544] [2010] [HailoRT] [info] [device.cpp:51] [Device] OS Version: Linux 6.18.39+rpt-rpi-2712 #1 SMP PREEMPT Debian 1:6.18.39-1+rpt1 (2026-07-29) aarch64
[2026-08-27 09:17:08.544] [2010] [HailoRT] [info] [control.cpp:113] [control__parse_identify_results] firmware_version is: 4.23.0
[2026-08-27 09:17:08.544] [2010] [HailoRT] [info] [vdevice.cpp:682] [create] VDevice Infos: 0001:01:00.0
[2026-08-27 09:17:08.549] [2010] [HailoRT] [info] [internal_buffer_manager.cpp:75] [print_execution_results] Default Internal buffer planner failed to meet requirements
[2026-08-27 09:17:08.549] [2010] [HailoRT] [info] [internal_buffer_manager.cpp:86] [print_execution_results] Default Internal buffer planner executed successfully
[2026-08-27 09:17:08.558] [2010] [HailoRT] [info] [device_internal.cpp:57] [configure] Configuring HEF took 14.142759 milliseconds
[2026-08-27 09:17:08.559] [2010] [HailoRT] [info] [vdevice.cpp:780] [configure] Configuring HEF on VDevice took 14.443111 milliseconds
[2026-08-27 09:17:08.559] [2010] [HailoRT] [info] [hef.cpp:1994] [get_network_group_and_network_name] No name was given. Addressing all networks of default network_group: best
[2026-08-27 09:17:08.559] [2010] [HailoRT] [info] [hef.cpp:1994] [get_network_group_and_network_name] No name was given. Addressing all networks of default network_group: best
[2026-08-27 09:17:08.559] [2010] [HailoRT] [info] [core_op.cpp:156] [activate] Activating best took 0.426629 milliseconds. Note that the function is asynchronous and thus the network is not fully activated yet.
[2026-08-27 09:17:08.559] [2010] [HailoRT] [info] [core_op.cpp:156] [activate] Activating best took 0.437055 milliseconds. Note that the function is asynchronous and thus the network is not fully activated yet.
[2026-08-27 09:17:08.559] [2010] [HailoRT] [info] [edge_elements.cpp:52] [create] Created (HwWriteEl10best/input_layer1 | hw_frame_size: 307200)
[2026-08-27 09:17:08.559] [2010] [HailoRT] [info] [vstream.cpp:754] [InputVStreamImpl] Creating best/input_layer1...
[2026-08-27 09:17:08.559] [2010] [HailoRT] [info] [vstream_builder.cpp:102] [create_inputs] Input pipeline 'best/input_layer1': (HwWriteEl10best/input_layer1 | hw_frame_size: 307200) >> HW
[2026-08-27 09:17:08.559] [2010] [HailoRT] [info] [edge_elements.cpp:287] [create] Created (HwReadEl13best/conv41 | hw_frame_size: 102400)
[2026-08-27 09:17:08.560] [2010] [HailoRT] [info] [queue_elements.cpp:657] [create] Created (PullQEl_hw_read13best/conv41)
[2026-08-27 09:17:08.560] [2010] [HailoRT] [info] [filter_elements.cpp:372] [create] Created (PostInferEl13best/conv41 | Quantization - src_type: UINT8, dst_type FLOAT32, limvals_min: -10.4737, limvals_max: 14.487)
[2026-08-27 09:17:08.560] [2010] [HailoRT] [info] [queue_elements.cpp:800] [create] Created (UserBuffQEl13best/conv41 | timeout: 10s)
[2026-08-27 09:17:08.560] [2010] [HailoRT] [info] [vstream.cpp:1114] [OutputVStreamImpl] Creating best/conv41...
[2026-08-27 09:17:08.560] [2010] [HailoRT] [info] [vstream_builder.cpp:220] [create_outputs] Output pipeline 'best/conv41': HW >> (HwReadEl13best/conv41 | hw_frame_size: 102400) >> (PullQEl_hw_read13best/conv41) >> (PostInferEl13best/conv41 | Quantization - src_type: UINT8, dst_type FLOAT32, limvals_min: -10.4737, limvals_max: 14.487) >> (UserBuffQEl13best/conv41 | timeout: 10s)
[2026-08-27 09:17:08.560] [2010] [HailoRT] [info] [edge_elements.cpp:287] [create] Created (HwReadEl12best/conv42 | hw_frame_size: 1600)
[2026-08-27 09:17:08.560] [2010] [HailoRT] [info] [queue_elements.cpp:657] [create] Created (PullQEl_hw_read12best/conv42)
[2026-08-27 09:17:08.560] [2010] [HailoRT] [info] [filter_elements.cpp:372] [create] Created (PostInferEl12best/conv42 | Quantization - src_type: UINT8, dst_type FLOAT32, limvals_min: -21.8247, limvals_max: 2.0607)
[2026-08-27 09:17:08.560] [2010] [HailoRT] [info] [queue_elements.cpp:800] [create] Created (UserBuffQEl12best/conv42 | timeout: 10s)
[2026-08-27 09:17:08.560] [2010] [HailoRT] [info] [vstream.cpp:1114] [OutputVStreamImpl] Creating best/conv42...
[2026-08-27 09:17:08.560] [2010] [HailoRT] [info] [vstream_builder.cpp:220] [create_outputs] Output pipeline 'best/conv42': HW >> (HwReadEl12best/conv42 | hw_frame_size: 1600) >> (PullQEl_hw_read12best/conv42) >> (PostInferEl12best/conv42 | Quantization - src_type: UINT8, dst_type FLOAT32, limvals_min: -21.8247, limvals_max: 2.0607) >> (UserBuffQEl12best/conv42 | timeout: 10s)
[2026-08-27 09:17:08.560] [2010] [HailoRT] [info] [edge_elements.cpp:287] [create] Created (HwReadEl15best/conv52 | hw_frame_size: 25600)
[2026-08-27 09:17:08.560] [2010] [HailoRT] [info] [queue_elements.cpp:657] [create] Created (PullQEl_hw_read15best/conv52)
[2026-08-27 09:17:08.560] [2010] [HailoRT] [info] [filter_elements.cpp:372] [create] Created (PostInferEl15best/conv52 | Quantization - src_type: UINT8, dst_type FLOAT32, limvals_min: -9.8639, limvals_max: 15.289)
[2026-08-27 09:17:08.560] [2010] [HailoRT] [info] [queue_elements.cpp:800] [create] Created (UserBuffQEl15best/conv52 | timeout: 10s)
[2026-08-27 09:17:08.560] [2010] [HailoRT] [info] [vstream.cpp:1114] [OutputVStreamImpl] Creating best/conv52...
[2026-08-27 09:17:08.560] [2010] [HailoRT] [info] [vstream_builder.cpp:220] [create_outputs] Output pipeline 'best/conv52': HW >> (HwReadEl15best/conv52 | hw_frame_size: 25600) >> (PullQEl_hw_read15best/conv52) >> (PostInferEl15best/conv52 | Quantization - src_type: UINT8, dst_type FLOAT32, limvals_min: -9.8639, limvals_max: 15.289) >> (UserBuffQEl15best/conv52 | timeout: 10s)
[2026-08-27 09:17:08.560] [2010] [HailoRT] [info] [edge_elements.cpp:287] [create] Created (HwReadEl14best/conv53 | hw_frame_size: 3200)
[2026-08-27 09:17:08.560] [2010] [HailoRT] [info] [queue_elements.cpp:657] [create] Created (PullQEl_hw_read14best/conv53)
[2026-08-27 09:17:08.560] [2010] [HailoRT] [info] [filter_elements.cpp:372] [create] Created (PostInferEl14best/conv53 | Quantization - src_type: UINT8, dst_type FLOAT32, limvals_min: -16.0087, limvals_max: 3.52344 | Reorder - src_order: FCR, src_shape: (20, 20, 8), dst_order: FCR, dst_shape: (20, 20, 1))
[2026-08-27 09:17:08.560] [2010] [HailoRT] [info] [queue_elements.cpp:800] [create] Created (UserBuffQEl14best/conv53 | timeout: 10s)
[2026-08-27 09:17:08.560] [2010] [HailoRT] [info] [vstream.cpp:1114] [OutputVStreamImpl] Creating best/conv53...
[2026-08-27 09:17:08.560] [2010] [HailoRT] [info] [vstream_builder.cpp:220] [create_outputs] Output pipeline 'best/conv53': HW >> (HwReadEl14best/conv53 | hw_frame_size: 3200) >> (PullQEl_hw_read14best/conv53) >> (PostInferEl14best/conv53 | Quantization - src_type: UINT8, dst_type FLOAT32, limvals_min: -16.0087, limvals_max: 3.52344 | Reorder - src_order: FCR, src_shape: (20, 20, 8), dst_order: FCR, dst_shape: (20, 20, 1)) >> (UserBuffQEl14best/conv53 | timeout: 10s)
[2026-08-27 09:17:08.560] [2010] [HailoRT] [info] [edge_elements.cpp:287] [create] Created (HwReadEl11best/conv62 | hw_frame_size: 6400)
[2026-08-27 09:17:08.560] [2010] [HailoRT] [info] [queue_elements.cpp:657] [create] Created (PullQEl_hw_read11best/conv62)
[2026-08-27 09:17:08.560] [2010] [HailoRT] [info] [filter_elements.cpp:372] [create] Created (PostInferEl11best/conv62 | Quantization - src_type: UINT8, dst_type FLOAT32, limvals_min: -7.15299, limvals_max: 11.0871)
[2026-08-27 09:17:08.560] [2010] [HailoRT] [info] [queue_elements.cpp:800] [create] Created (UserBuffQEl11best/conv62 | timeout: 10s)
[2026-08-27 09:17:08.560] [2010] [HailoRT] [info] [vstream.cpp:1114] [OutputVStreamImpl] Creating best/conv62...
[2026-08-27 09:17:08.560] [2010] [HailoRT] [info] [vstream_builder.cpp:220] [create_outputs] Output pipeline 'best/conv62': HW >> (HwReadEl11best/conv62 | hw_frame_size: 6400) >> (PullQEl_hw_read11best/conv62) >> (PostInferEl11best/conv62 | Quantization - src_type: UINT8, dst_type FLOAT32, limvals_min: -7.15299, limvals_max: 11.0871) >> (UserBuffQEl11best/conv62 | timeout: 10s)
[2026-08-27 09:17:08.560] [2010] [HailoRT] [info] [edge_elements.cpp:287] [create] Created (HwReadEl6best/conv63 | hw_frame_size: 800)
[2026-08-27 09:17:08.560] [2010] [HailoRT] [info] [queue_elements.cpp:657] [create] Created (PullQEl_hw_read6best/conv63)
[2026-08-27 09:17:08.561] [2010] [HailoRT] [info] [filter_elements.cpp:372] [create] Created (PostInferEl6best/conv63 | Quantization - src_type: UINT8, dst_type FLOAT32, limvals_min: -10.7449, limvals_max: 0 | Reorder - src_order: FCR, src_shape: (10, 10, 8), dst_order: FCR, dst_shape: (10, 10, 1))
[2026-08-27 09:17:08.561] [2010] [HailoRT] [info] [queue_elements.cpp:800] [create] Created (UserBuffQEl6best/conv63 | timeout: 10s)
[2026-08-27 09:17:08.561] [2010] [HailoRT] [info] [vstream.cpp:1114] [OutputVStreamImpl] Creating best/conv63...
[2026-08-27 09:17:08.561] [2010] [HailoRT] [info] [vstream_builder.cpp:220] [create_outputs] Output pipeline 'best/conv63': HW >> (HwReadEl6best/conv63 | hw_frame_size: 800) >> (PullQEl_hw_read6best/conv63) >> (PostInferEl6best/conv63 | Quantization - src_type: UINT8, dst_type FLOAT32, limvals_min: -10.7449, limvals_max: 0 | Reorder - src_order: FCR, src_shape: (10, 10, 8), dst_order: FCR, dst_shape: (10, 10, 1)) >> (UserBuffQEl6best/conv63 | timeout: 10s)
[2026-08-27 09:17:21.884] [2057] [HailoRT] [error] [queue_elements.cpp:838] [run_pull] CHECK failed - UserBuffQEl14best/conv53 (D2H) failed with status=HAILO_TIMEOUT(4) (timeout=10000ms)
[2026-08-27 09:17:21.884] [2022] [HailoRT] [info] [vdevice_native_stream.cpp:331] [read_impl] Failed read from stream HAILO_STREAM_ABORT(63) (device: 0001:01:00.0)
[2026-08-27 09:17:21.884] [2022] [HailoRT] [info] [edge_elements.cpp:396] [run_pull] Reading from stream was aborted!
[2026-08-27 09:17:21.884] [2032] [HailoRT] [info] [vdevice_native_stream.cpp:331] [read_impl] Failed read from stream HAILO_STREAM_ABORT(63) (device: 0001:01:00.0)
[2026-08-27 09:17:21.884] [2023] [HailoRT] [info] [queue_elements.cpp:706] [run_pull] Shutdown event was signaled in dequeue of queue element PullQEl_hw_read14best/conv53!
[2026-08-27 09:17:21.884] [2022] [HailoRT] [info] [queue_elements.cpp:738] [run_in_thread] run_pull of queue element PullQEl_hw_read14best/conv53 was aborted!
[2026-08-27 09:17:21.884] [2032] [HailoRT] [info] [vdevice_native_stream.cpp:331] [read_impl] Failed read from stream HAILO_STREAM_ABORT(63) (device: 0001:01:00.0)
[2026-08-27 09:17:21.884] [2023] [HailoRT] [info] [queue_elements.cpp:862] [run_in_thread] Shutdown event was signaled in run_pull of UserBuffQEl14best/conv53!
[2026-08-27 09:17:21.884] [2032] [HailoRT] [info] [vdevice_native_stream.cpp:331] [read_impl] Failed read from stream HAILO_STREAM_ABORT(63) (device: 0001:01:00.0)
[2026-08-27 09:17:21.884] [2032] [HailoRT] [info] [vdevice_native_stream.cpp:331] [read_impl] Failed read from stream HAILO_STREAM_ABORT(63) (device: 0001:01:00.0)
[2026-08-27 09:17:21.884] [2032] [HailoRT] [info] [vdevice_native_stream.cpp:331] [read_impl] Failed read from stream HAILO_STREAM_ABORT(63) (device: 0001:01:00.0)
[2026-08-27 09:17:21.884] [2032] [HailoRT] [info] [vdevice_native_stream.cpp:331] [read_impl] Failed read from stream HAILO_STREAM_ABORT(63) (device: 0001:01:00.0)
[2026-08-27 09:17:21.884] [2010] [HailoRT] [error] [inference_pipeline.cpp:257] [infer] Failed waiting for threads with status HAILO_TIMEOUT(4)
[2026-08-27 09:17:21.893] [2029] [HailoRT] [info] [vdevice_native_stream.cpp:331] [read_impl] Failed read from stream HAILO_STREAM_ABORT(63) (device: 0001:01:00.0)
[2026-08-27 09:17:21.893] [2017] [HailoRT] [info] [queue_elements.cpp:855] [run_in_thread] Shutdown event was signaled in dequeue of UserBuffQEl13best/conv41!
[2026-08-27 09:17:21.893] [2029] [HailoRT] [info] [vdevice_native_stream.cpp:331] [read_impl] Failed read from stream HAILO_STREAM_ABORT(63) (device: 0001:01:00.0)
[2026-08-27 09:17:21.893] [2016] [HailoRT] [info] [vdevice_native_stream.cpp:331] [read_impl] Failed read from stream HAILO_STREAM_ABORT(63) (device: 0001:01:00.0)
[2026-08-27 09:17:21.893] [2029] [HailoRT] [info] [vdevice_native_stream.cpp:331] [read_impl] Failed read from stream HAILO_STREAM_ABORT(63) (device: 0001:01:00.0)
[2026-08-27 09:17:21.893] [2016] [HailoRT] [info] [edge_elements.cpp:396] [run_pull] Reading from stream was aborted!
[2026-08-27 09:17:21.893] [2029] [HailoRT] [info] [vdevice_native_stream.cpp:331] [read_impl] Failed read from stream HAILO_STREAM_ABORT(63) (device: 0001:01:00.0)
[2026-08-27 09:17:21.893] [2029] [HailoRT] [info] [vdevice_native_stream.cpp:331] [read_impl] Failed read from stream HAILO_STREAM_ABORT(63) (device: 0001:01:00.0)
[2026-08-27 09:17:21.893] [2029] [HailoRT] [info] [vdevice_native_stream.cpp:331] [read_impl] Failed read from stream HAILO_STREAM_ABORT(63) (device: 0001:01:00.0)
[2026-08-27 09:17:21.893] [2016] [HailoRT] [info] [queue_elements.cpp:738] [run_in_thread] run_pull of queue element PullQEl_hw_read13best/conv41 was aborted!
[2026-08-27 09:17:21.893] [2029] [HailoRT] [info] [vdevice_native_stream.cpp:331] [read_impl] Failed read from stream HAILO_STREAM_ABORT(63) (device: 0001:01:00.0)
[2026-08-27 09:17:21.893] [2029] [HailoRT] [info] [vdevice_native_stream.cpp:331] [read_impl] Failed read from stream HAILO_STREAM_ABORT(63) (device: 0001:01:00.0)
[2026-08-27 09:17:21.893] [2016] [HailoRT] [info] [queue_elements.cpp:68] [operator()] Thread in element PullQEl_hw_read13best/conv41 is not running anymore, exiting..
[2026-08-27 09:17:21.893] [2010] [HailoRT] [info] [queue_elements.cpp:46] [~BaseQueueElement] Queue element PullQEl_hw_read13best/conv41 has 0 frames in his Queue on destruction
[2026-08-27 09:17:21.893] [2017] [HailoRT] [info] [queue_elements.cpp:68] [operator()] Thread in element UserBuffQEl13best/conv41 is not running anymore, exiting..
[2026-08-27 09:17:21.893] [2010] [HailoRT] [info] [queue_elements.cpp:46] [~BaseQueueElement] Queue element UserBuffQEl13best/conv41 has 0 frames in his Queue on destruction
[2026-08-27 09:17:21.893] [2019] [HailoRT] [info] [queue_elements.cpp:855] [run_in_thread] Shutdown event was signaled in dequeue of UserBuffQEl12best/conv42!
[2026-08-27 09:17:21.893] [2030] [HailoRT] [info] [vdevice_native_stream.cpp:331] [read_impl] Failed read from stream HAILO_STREAM_ABORT(63) (device: 0001:01:00.0)
[2026-08-27 09:17:21.893] [2018] [HailoRT] [info] [vdevice_native_stream.cpp:331] [read_impl] Failed read from stream HAILO_STREAM_ABORT(63) (device: 0001:01:00.0)
[2026-08-27 09:17:21.893] [2018] [HailoRT] [info] [edge_elements.cpp:396] [run_pull] Reading from stream was aborted!
[2026-08-27 09:17:21.893] [2030] [HailoRT] [info] [vdevice_native_stream.cpp:331] [read_impl] Failed read from stream HAILO_STREAM_ABORT(63) (device: 0001:01:00.0)
[2026-08-27 09:17:21.893] [2030] [HailoRT] [info] [vdevice_native_stream.cpp:331] [read_impl] Failed read from stream HAILO_STREAM_ABORT(63) (device: 0001:01:00.0)
[2026-08-27 09:17:21.893] [2018] [HailoRT] [info] [queue_elements.cpp:738] [run_in_thread] run_pull of queue element PullQEl_hw_read12best/conv42 was aborted!
[2026-08-27 09:17:21.893] [2030] [HailoRT] [info] [vdevice_native_stream.cpp:331] [read_impl] Failed read from stream HAILO_STREAM_ABORT(63) (device: 0001:01:00.0)
[2026-08-27 09:17:21.893] [2030] [HailoRT] [info] [vdevice_native_stream.cpp:331] [read_impl] Failed read from stream HAILO_STREAM_ABORT(63) (device: 0001:01:00.0)
[2026-08-27 09:17:21.893] [2018] [HailoRT] [info] [queue_elements.cpp:68] [operator()] Thread in element PullQEl_hw_read12best/conv42 is not running anymore, exiting..
[2026-08-27 09:17:21.893] [2010] [HailoRT] [info] [queue_elements.cpp:46] [~BaseQueueElement] Queue element PullQEl_hw_read12best/conv42 has 0 frames in his Queue on destruction
[2026-08-27 09:17:21.893] [2019] [HailoRT] [info] [queue_elements.cpp:68] [operator()] Thread in element UserBuffQEl12best/conv42 is not running anymore, exiting..
[2026-08-27 09:17:21.893] [2010] [HailoRT] [info] [queue_elements.cpp:46] [~BaseQueueElement] Queue element UserBuffQEl12best/conv42 has 0 frames in his Queue on destruction
[2026-08-27 09:17:21.893] [2020] [HailoRT] [info] [vdevice_native_stream.cpp:331] [read_impl] Failed read from stream HAILO_STREAM_ABORT(63) (device: 0001:01:00.0)
[2026-08-27 09:17:21.893] [2031] [HailoRT] [info] [vdevice_native_stream.cpp:331] [read_impl] Failed read from stream HAILO_STREAM_ABORT(63) (device: 0001:01:00.0)
[2026-08-27 09:17:21.893] [2020] [HailoRT] [info] [edge_elements.cpp:396] [run_pull] Reading from stream was aborted!
[2026-08-27 09:17:21.893] [2021] [HailoRT] [info] [queue_elements.cpp:855] [run_in_thread] Shutdown event was signaled in dequeue of UserBuffQEl15best/conv52!
[2026-08-27 09:17:21.893] [2031] [HailoRT] [info] [vdevice_native_stream.cpp:331] [read_impl] Failed read from stream HAILO_STREAM_ABORT(63) (device: 0001:01:00.0)
[2026-08-27 09:17:21.893] [2020] [HailoRT] [info] [queue_elements.cpp:738] [run_in_thread] run_pull of queue element PullQEl_hw_read15best/conv52 was aborted!
[2026-08-27 09:17:21.893] [2031] [HailoRT] [info] [vdevice_native_stream.cpp:331] [read_impl] Failed read from stream HAILO_STREAM_ABORT(63) (device: 0001:01:00.0)
[2026-08-27 09:17:21.893] [2031] [HailoRT] [info] [vdevice_native_stream.cpp:331] [read_impl] Failed read from stream HAILO_STREAM_ABORT(63) (device: 0001:01:00.0)
[2026-08-27 09:17:21.893] [2020] [HailoRT] [info] [queue_elements.cpp:68] [operator()] Thread in element PullQEl_hw_read15best/conv52 is not running anymore, exiting..
[2026-08-27 09:17:21.893] [2010] [HailoRT] [info] [queue_elements.cpp:46] [~BaseQueueElement] Queue element PullQEl_hw_read15best/conv52 has 0 frames in his Queue on destruction
[2026-08-27 09:17:21.894] [2021] [HailoRT] [info] [queue_elements.cpp:68] [operator()] Thread in element UserBuffQEl15best/conv52 is not running anymore, exiting..
[2026-08-27 09:17:21.894] [2010] [HailoRT] [info] [queue_elements.cpp:46] [~BaseQueueElement] Queue element UserBuffQEl15best/conv52 has 0 frames in his Queue on destruction
[2026-08-27 09:17:21.894] [2022] [HailoRT] [info] [vdevice_native_stream.cpp:331] [read_impl] Failed read from stream HAILO_STREAM_ABORT(63) (device: 0001:01:00.0)
[2026-08-27 09:17:21.894] [2022] [HailoRT] [info] [edge_elements.cpp:396] [run_pull] Reading from stream was aborted!
[2026-08-27 09:17:21.894] [2023] [HailoRT] [info] [queue_elements.cpp:855] [run_in_thread] Shutdown event was signaled in dequeue of UserBuffQEl14best/conv53!
[2026-08-27 09:17:21.894] [2032] [HailoRT] [info] [vdevice_native_stream.cpp:331] [read_impl] Failed read from stream HAILO_STREAM_ABORT(63) (device: 0001:01:00.0)
[2026-08-27 09:17:21.894] [2022] [HailoRT] [info] [queue_elements.cpp:738] [run_in_thread] run_pull of queue element PullQEl_hw_read14best/conv53 was aborted!
[2026-08-27 09:17:21.894] [2032] [HailoRT] [info] [vdevice_native_stream.cpp:331] [read_impl] Failed read from stream HAILO_STREAM_ABORT(63) (device: 0001:01:00.0)
[2026-08-27 09:17:21.894] [2032] [HailoRT] [info] [vdevice_native_stream.cpp:331] [read_impl] Failed read from stream HAILO_STREAM_ABORT(63) (device: 0001:01:00.0)
[2026-08-27 09:17:21.894] [2022] [HailoRT] [info] [queue_elements.cpp:68] [operator()] Thread in element PullQEl_hw_read14best/conv53 is not running anymore, exiting..
[2026-08-27 09:17:21.894] [2010] [HailoRT] [info] [queue_elements.cpp:46] [~BaseQueueElement] Queue element PullQEl_hw_read14best/conv53 has 0 frames in his Queue on destruction
[2026-08-27 09:17:21.894] [2023] [HailoRT] [info] [queue_elements.cpp:68] [operator()] Thread in element UserBuffQEl14best/conv53 is not running anymore, exiting..
[2026-08-27 09:17:21.894] [2010] [HailoRT] [info] [queue_elements.cpp:46] [~BaseQueueElement] Queue element UserBuffQEl14best/conv53 has 0 frames in his Queue on destruction
[2026-08-27 09:17:21.894] [2024] [HailoRT] [info] [vdevice_native_stream.cpp:331] [read_impl] Failed read from stream HAILO_STREAM_ABORT(63) (device: 0001:01:00.0)
[2026-08-27 09:17:21.894] [2025] [HailoRT] [info] [queue_elements.cpp:855] [run_in_thread] Shutdown event was signaled in dequeue of UserBuffQEl11best/conv62!
[2026-08-27 09:17:21.894] [2024] [HailoRT] [info] [edge_elements.cpp:396] [run_pull] Reading from stream was aborted!
[2026-08-27 09:17:21.894] [2033] [HailoRT] [info] [vdevice_native_stream.cpp:331] [read_impl] Failed read from stream HAILO_STREAM_ABORT(63) (device: 0001:01:00.0)
[2026-08-27 09:17:21.894] [2024] [HailoRT] [info] [queue_elements.cpp:738] [run_in_thread] run_pull of queue element PullQEl_hw_read11best/conv62 was aborted!
[2026-08-27 09:17:21.894] [2033] [HailoRT] [info] [vdevice_native_stream.cpp:331] [read_impl] Failed read from stream HAILO_STREAM_ABORT(63) (device: 0001:01:00.0)
[2026-08-27 09:17:21.894] [2033] [HailoRT] [info] [vdevice_native_stream.cpp:331] [read_impl] Failed read from stream HAILO_STREAM_ABORT(63) (device: 0001:01:00.0)
[2026-08-27 09:17:21.894] [2024] [HailoRT] [info] [queue_elements.cpp:68] [operator()] Thread in element PullQEl_hw_read11best/conv62 is not running anymore, exiting..
[2026-08-27 09:17:21.894] [2010] [HailoRT] [info] [queue_elements.cpp:46] [~BaseQueueElement] Queue element PullQEl_hw_read11best/conv62 has 0 frames in his Queue on destruction
[2026-08-27 09:17:21.894] [2025] [HailoRT] [info] [queue_elements.cpp:68] [operator()] Thread in element UserBuffQEl11best/conv62 is not running anymore, exiting..
[2026-08-27 09:17:21.894] [2010] [HailoRT] [info] [queue_elements.cpp:46] [~BaseQueueElement] Queue element UserBuffQEl11best/conv62 has 0 frames in his Queue on destruction
[2026-08-27 09:17:21.894] [2026] [HailoRT] [info] [vdevice_native_stream.cpp:331] [read_impl] Failed read from stream HAILO_STREAM_ABORT(63) (device: 0001:01:00.0)
[2026-08-27 09:17:21.894] [2034] [HailoRT] [info] [vdevice_native_stream.cpp:331] [read_impl] Failed read from stream HAILO_STREAM_ABORT(63) (device: 0001:01:00.0)
[2026-08-27 09:17:21.894] [2027] [HailoRT] [info] [queue_elements.cpp:855] [run_in_thread] Shutdown event was signaled in dequeue of UserBuffQEl6best/conv63!
[2026-08-27 09:17:21.894] [2026] [HailoRT] [info] [edge_elements.cpp:396] [run_pull] Reading from stream was aborted!
[2026-08-27 09:17:21.894] [2034] [HailoRT] [info] [vdevice_native_stream.cpp:331] [read_impl] Failed read from stream HAILO_STREAM_ABORT(63) (device: 0001:01:00.0)
[2026-08-27 09:17:21.894] [2026] [HailoRT] [info] [queue_elements.cpp:738] [run_in_thread] run_pull of queue element PullQEl_hw_read6best/conv63 was aborted!
[2026-08-27 09:17:21.894] [2034] [HailoRT] [info] [vdevice_native_stream.cpp:331] [read_impl] Failed read from stream HAILO_STREAM_ABORT(63) (device: 0001:01:00.0)
[2026-08-27 09:17:21.894] [2034] [HailoRT] [info] [vdevice_native_stream.cpp:331] [read_impl] Failed read from stream HAILO_STREAM_ABORT(63) (device: 0001:01:00.0)
[2026-08-27 09:17:21.894] [2026] [HailoRT] [info] [queue_elements.cpp:68] [operator()] Thread in element PullQEl_hw_read6best/conv63 is not running anymore, exiting..
[2026-08-27 09:17:21.894] [2010] [HailoRT] [info] [queue_elements.cpp:46] [~BaseQueueElement] Queue element PullQEl_hw_read6best/conv63 has 0 frames in his Queue on destruction
[2026-08-27 09:17:21.894] [2027] [HailoRT] [info] [queue_elements.cpp:68] [operator()] Thread in element UserBuffQEl6best/conv63 is not running anymore, exiting..
[2026-08-27 09:17:21.894] [2010] [HailoRT] [info] [queue_elements.cpp:46] [~BaseQueueElement] Queue element UserBuffQEl6best/conv63 has 0 frames in his Queue on destruction
[2026-08-27 09:17:21.894] [2031] [HailoRT] [info] [vdevice_native_stream.cpp:331] [read_impl] Failed read from stream HAILO_STREAM_NOT_ACTIVATED(72) (device: 0001:01:00.0)
[2026-08-27 09:17:21.894] [2030] [HailoRT] [info] [vdevice_native_stream.cpp:331] [read_impl] Failed read from stream HAILO_STREAM_NOT_ACTIVATED(72) (device: 0001:01:00.0)
[2026-08-27 09:17:21.894] [2029] [HailoRT] [info] [vdevice_native_stream.cpp:331] [read_impl] Failed read from stream HAILO_STREAM_NOT_ACTIVATED(72) (device: 0001:01:00.0)
[2026-08-27 09:17:21.894] [2034] [HailoRT] [info] [vdevice_native_stream.cpp:331] [read_impl] Failed read from stream HAILO_STREAM_NOT_ACTIVATED(72) (device: 0001:01:00.0)
[2026-08-27 09:17:21.894] [2032] [HailoRT] [info] [vdevice_native_stream.cpp:331] [read_impl] Failed read from stream HAILO_STREAM_NOT_ACTIVATED(72) (device: 0001:01:00.0)
[2026-08-27 09:17:21.894] [2033] [HailoRT] [info] [vdevice_native_stream.cpp:331] [read_impl] Failed read from stream HAILO_STREAM_NOT_ACTIVATED(72) (device: 0001:01:00.0)
[2026-08-27 09:17:21.895] [2010] [HailoRT] [info] [core_op.cpp:186] [deactivate] Deactivating took 0.456963 ms
[2026-08-27 09:17:21.895] [2010] [HailoRT] [info] [core_op.cpp:186] [deactivate] Deactivating took 0.471 ms
[2026-08-27 09:17:26.079] [2064] [HailoRT] [info] [vdevice.cpp:535] [create] Creating vdevice with params: device_count: 1, scheduling_algorithm: NONE, multi_process_service: false
[2026-08-27 09:17:26.092] [2064] [HailoRT] [info] [device.cpp:51] [Device] OS Version: Linux 6.18.39+rpt-rpi-2712 #1 SMP PREEMPT Debian 1:6.18.39-1+rpt1 (2026-07-29) aarch64
[2026-08-27 09:17:26.092] [2064] [HailoRT] [info] [control.cpp:113] [control__parse_identify_results] firmware_version is: 4.23.0
[2026-08-27 09:17:26.092] [2064] [HailoRT] [info] [vdevice.cpp:682] [create] VDevice Infos: 0001:01:00.0
[2026-08-27 09:17:26.097] [2064] [HailoRT] [info] [internal_buffer_manager.cpp:75] [print_execution_results] Default Internal buffer planner failed to meet requirements
[2026-08-27 09:17:26.097] [2064] [HailoRT] [info] [internal_buffer_manager.cpp:86] [print_execution_results] Default Internal buffer planner executed successfully
[2026-08-27 09:17:26.106] [2064] [HailoRT] [info] [device_internal.cpp:57] [configure] Configuring HEF took 14.216537 milliseconds
[2026-08-27 09:17:26.107] [2064] [HailoRT] [info] [vdevice.cpp:780] [configure] Configuring HEF on VDevice took 14.511722 milliseconds
[2026-08-27 09:17:26.107] [2064] [HailoRT] [info] [hef.cpp:1994] [get_network_group_and_network_name] No name was given. Addressing all networks of default network_group: best
[2026-08-27 09:17:26.107] [2064] [HailoRT] [info] [hef.cpp:1994] [get_network_group_and_network_name] No name was given. Addressing all networks of default network_group: best
[2026-08-27 09:17:26.107] [2064] [HailoRT] [info] [core_op.cpp:156] [activate] Activating best took 0.425129 milliseconds. Note that the function is asynchronous and thus the network is not fully activated yet.
[2026-08-27 09:17:26.107] [2064] [HailoRT] [info] [core_op.cpp:156] [activate] Activating best took 0.43437 milliseconds. Note that the function is asynchronous and thus the network is not fully activated yet.
[2026-08-27 09:17:26.107] [2064] [HailoRT] [info] [edge_elements.cpp:52] [create] Created (HwWriteEl10best/input_layer1 | hw_frame_size: 307200)
[2026-08-27 09:17:26.107] [2064] [HailoRT] [info] [vstream.cpp:754] [InputVStreamImpl] Creating best/input_layer1...
[2026-08-27 09:17:26.107] [2064] [HailoRT] [info] [vstream_builder.cpp:102] [create_inputs] Input pipeline 'best/input_layer1': (HwWriteEl10best/input_layer1 | hw_frame_size: 307200) >> HW
[2026-08-27 09:17:26.107] [2064] [HailoRT] [info] [edge_elements.cpp:287] [create] Created (HwReadEl13best/conv41 | hw_frame_size: 102400)
[2026-08-27 09:17:26.108] [2064] [HailoRT] [info] [queue_elements.cpp:657] [create] Created (PullQEl_hw_read13best/conv41)
[2026-08-27 09:17:26.108] [2064] [HailoRT] [info] [filter_elements.cpp:372] [create] Created (PostInferEl13best/conv41 | Quantization - src_type: UINT8, dst_type FLOAT32, limvals_min: -10.4737, limvals_max: 14.487)
[2026-08-27 09:17:26.108] [2064] [HailoRT] [info] [queue_elements.cpp:800] [create] Created (UserBuffQEl13best/conv41 | timeout: 10s)
[2026-08-27 09:17:26.108] [2064] [HailoRT] [info] [vstream.cpp:1114] [OutputVStreamImpl] Creating best/conv41...
[2026-08-27 09:17:26.108] [2064] [HailoRT] [info] [vstream_builder.cpp:220] [create_outputs] Output pipeline 'best/conv41': HW >> (HwReadEl13best/conv41 | hw_frame_size: 102400) >> (PullQEl_hw_read13best/conv41) >> (PostInferEl13best/conv41 | Quantization - src_type: UINT8, dst_type FLOAT32, limvals_min: -10.4737, limvals_max: 14.487) >> (UserBuffQEl13best/conv41 | timeout: 10s)
[2026-08-27 09:17:26.108] [2064] [HailoRT] [info] [edge_elements.cpp:287] [create] Created (HwReadEl12best/conv42 | hw_frame_size: 1600)
[2026-08-27 09:17:26.108] [2064] [HailoRT] [info] [queue_elements.cpp:657] [create] Created (PullQEl_hw_read12best/conv42)
[2026-08-27 09:17:26.108] [2064] [HailoRT] [info] [filter_elements.cpp:372] [create] Created (PostInferEl12best/conv42 | Quantization - src_type: UINT8, dst_type FLOAT32, limvals_min: -21.8247, limvals_max: 2.0607)
[2026-08-27 09:17:26.108] [2064] [HailoRT] [info] [queue_elements.cpp:800] [create] Created (UserBuffQEl12best/conv42 | timeout: 10s)
[2026-08-27 09:17:26.108] [2064] [HailoRT] [info] [vstream.cpp:1114] [OutputVStreamImpl] Creating best/conv42...
[2026-08-27 09:17:26.108] [2064] [HailoRT] [info] [vstream_builder.cpp:220] [create_outputs] Output pipeline 'best/conv42': HW >> (HwReadEl12best/conv42 | hw_frame_size: 1600) >> (PullQEl_hw_read12best/conv42) >> (PostInferEl12best/conv42 | Quantization - src_type: UINT8, dst_type FLOAT32, limvals_min: -21.8247, limvals_max: 2.0607) >> (UserBuffQEl12best/conv42 | timeout: 10s)
[2026-08-27 09:17:26.108] [2064] [HailoRT] [info] [edge_elements.cpp:287] [create] Created (HwReadEl15best/conv52 | hw_frame_size: 25600)
[2026-08-27 09:17:26.108] [2064] [HailoRT] [info] [queue_elements.cpp:657] [create] Created (PullQEl_hw_read15best/conv52)
[2026-08-27 09:17:26.108] [2064] [HailoRT] [info] [filter_elements.cpp:372] [create] Created (PostInferEl15best/conv52 | Quantization - src_type: UINT8, dst_type FLOAT32, limvals_min: -9.8639, limvals_max: 15.289)
[2026-08-27 09:17:26.108] [2064] [HailoRT] [info] [queue_elements.cpp:800] [create] Created (UserBuffQEl15best/conv52 | timeout: 10s)
[2026-08-27 09:17:26.108] [2064] [HailoRT] [info] [vstream.cpp:1114] [OutputVStreamImpl] Creating best/conv52...
[2026-08-27 09:17:26.108] [2064] [HailoRT] [info] [vstream_builder.cpp:220] [create_outputs] Output pipeline 'best/conv52': HW >> (HwReadEl15best/conv52 | hw_frame_size: 25600) >> (PullQEl_hw_read15best/conv52) >> (PostInferEl15best/conv52 | Quantization - src_type: UINT8, dst_type FLOAT32, limvals_min: -9.8639, limvals_max: 15.289) >> (UserBuffQEl15best/conv52 | timeout: 10s)
[2026-08-27 09:17:26.108] [2064] [HailoRT] [info] [edge_elements.cpp:287] [create] Created (HwReadEl14best/conv53 | hw_frame_size: 3200)
[2026-08-27 09:17:26.108] [2064] [HailoRT] [info] [queue_elements.cpp:657] [create] Created (PullQEl_hw_read14best/conv53)
[2026-08-27 09:17:26.108] [2064] [HailoRT] [info] [filter_elements.cpp:372] [create] Created (PostInferEl14best/conv53 | Quantization - src_type: UINT8, dst_type FLOAT32, limvals_min: -16.0087, limvals_max: 3.52344 | Reorder - src_order: FCR, src_shape: (20, 20, 8), dst_order: FCR, dst_shape: (20, 20, 1))
[2026-08-27 09:17:26.108] [2064] [HailoRT] [info] [queue_elements.cpp:800] [create] Created (UserBuffQEl14best/conv53 | timeout: 10s)
[2026-08-27 09:17:26.108] [2064] [HailoRT] [info] [vstream.cpp:1114] [OutputVStreamImpl] Creating best/conv53...
[2026-08-27 09:17:26.108] [2064] [HailoRT] [info] [vstream_builder.cpp:220] [create_outputs] Output pipeline 'best/conv53': HW >> (HwReadEl14best/conv53 | hw_frame_size: 3200) >> (PullQEl_hw_read14best/conv53) >> (PostInferEl14best/conv53 | Quantization - src_type: UINT8, dst_type FLOAT32, limvals_min: -16.0087, limvals_max: 3.52344 | Reorder - src_order: FCR, src_shape: (20, 20, 8), dst_order: FCR, dst_shape: (20, 20, 1)) >> (UserBuffQEl14best/conv53 | timeout: 10s)
[2026-08-27 09:17:26.108] [2064] [HailoRT] [info] [edge_elements.cpp:287] [create] Created (HwReadEl11best/conv62 | hw_frame_size: 6400)
[2026-08-27 09:17:26.108] [2064] [HailoRT] [info] [queue_elements.cpp:657] [create] Created (PullQEl_hw_read11best/conv62)
[2026-08-27 09:17:26.108] [2064] [HailoRT] [info] [filter_elements.cpp:372] [create] Created (PostInferEl11best/conv62 | Quantization - src_type: UINT8, dst_type FLOAT32, limvals_min: -7.15299, limvals_max: 11.0871)
[2026-08-27 09:17:26.108] [2064] [HailoRT] [info] [queue_elements.cpp:800] [create] Created (UserBuffQEl11best/conv62 | timeout: 10s)
[2026-08-27 09:17:26.108] [2064] [HailoRT] [info] [vstream.cpp:1114] [OutputVStreamImpl] Creating best/conv62...
[2026-08-27 09:17:26.108] [2064] [HailoRT] [info] [vstream_builder.cpp:220] [create_outputs] Output pipeline 'best/conv62': HW >> (HwReadEl11best/conv62 | hw_frame_size: 6400) >> (PullQEl_hw_read11best/conv62) >> (PostInferEl11best/conv62 | Quantization - src_type: UINT8, dst_type FLOAT32, limvals_min: -7.15299, limvals_max: 11.0871) >> (UserBuffQEl11best/conv62 | timeout: 10s)
[2026-08-27 09:17:26.108] [2064] [HailoRT] [info] [edge_elements.cpp:287] [create] Created (HwReadEl6best/conv63 | hw_frame_size: 800)
[2026-08-27 09:17:26.108] [2064] [HailoRT] [info] [queue_elements.cpp:657] [create] Created (PullQEl_hw_read6best/conv63)
[2026-08-27 09:17:26.108] [2064] [HailoRT] [info] [filter_elements.cpp:372] [create] Created (PostInferEl6best/conv63 | Quantization - src_type: UINT8, dst_type FLOAT32, limvals_min: -10.7449, limvals_max: 0 | Reorder - src_order: FCR, src_shape: (10, 10, 8), dst_order: FCR, dst_shape: (10, 10, 1))
[2026-08-27 09:17:26.109] [2064] [HailoRT] [info] [queue_elements.cpp:800] [create] Created (UserBuffQEl6best/conv63 | timeout: 10s)
[2026-08-27 09:17:26.109] [2064] [HailoRT] [info] [vstream.cpp:1114] [OutputVStreamImpl] Creating best/conv63...
[2026-08-27 09:17:26.109] [2064] [HailoRT] [info] [vstream_builder.cpp:220] [create_outputs] Output pipeline 'best/conv63': HW >> (HwReadEl6best/conv63 | hw_frame_size: 800) >> (PullQEl_hw_read6best/conv63) >> (PostInferEl6best/conv63 | Quantization - src_type: UINT8, dst_type FLOAT32, limvals_min: -10.7449, limvals_max: 0 | Reorder - src_order: FCR, src_shape: (10, 10, 8), dst_order: FCR, dst_shape: (10, 10, 1)) >> (UserBuffQEl6best/conv63 | timeout: 10s)
[2026-08-27 09:23:20.972] [2071] [HailoRT] [info] [queue_elements.cpp:855] [run_in_thread] Shutdown event was signaled in dequeue of UserBuffQEl13best/conv41!
[2026-08-27 09:23:20.972] [2070] [HailoRT] [info] [vdevice_native_stream.cpp:331] [read_impl] Failed read from stream HAILO_STREAM_ABORT(63) (device: 0001:01:00.0)
[2026-08-27 09:23:20.972] [2070] [HailoRT] [info] [edge_elements.cpp:396] [run_pull] Reading from stream was aborted!
[2026-08-27 09:23:20.972] [2070] [HailoRT] [info] [queue_elements.cpp:738] [run_in_thread] run_pull of queue element PullQEl_hw_read13best/conv41 was aborted!
[2026-08-27 09:23:20.972] [2070] [HailoRT] [info] [queue_elements.cpp:68] [operator()] Thread in element PullQEl_hw_read13best/conv41 is not running anymore, exiting..
[2026-08-27 09:23:20.972] [2064] [HailoRT] [info] [queue_elements.cpp:46] [~BaseQueueElement] Queue element PullQEl_hw_read13best/conv41 has 0 frames in his Queue on destruction
[2026-08-27 09:23:20.972] [2071] [HailoRT] [info] [queue_elements.cpp:68] [operator()] Thread in element UserBuffQEl13best/conv41 is not running anymore, exiting..
[2026-08-27 09:23:20.972] [2064] [HailoRT] [info] [queue_elements.cpp:46] [~BaseQueueElement] Queue element UserBuffQEl13best/conv41 has 0 frames in his Queue on destruction
[2026-08-27 09:23:20.972] [2072] [HailoRT] [info] [vdevice_native_stream.cpp:331] [read_impl] Failed read from stream HAILO_STREAM_ABORT(63) (device: 0001:01:00.0)
[2026-08-27 09:23:20.972] [2072] [HailoRT] [info] [edge_elements.cpp:396] [run_pull] Reading from stream was aborted!
[2026-08-27 09:23:20.972] [2073] [HailoRT] [info] [queue_elements.cpp:855] [run_in_thread] Shutdown event was signaled in dequeue of UserBuffQEl12best/conv42!
[2026-08-27 09:23:20.972] [2072] [HailoRT] [info] [queue_elements.cpp:738] [run_in_thread] run_pull of queue element PullQEl_hw_read12best/conv42 was aborted!
[2026-08-27 09:23:20.972] [2072] [HailoRT] [info] [queue_elements.cpp:68] [operator()] Thread in element PullQEl_hw_read12best/conv42 is not running anymore, exiting..
[2026-08-27 09:23:20.972] [2064] [HailoRT] [info] [queue_elements.cpp:46] [~BaseQueueElement] Queue element PullQEl_hw_read12best/conv42 has 0 frames in his Queue on destruction
[2026-08-27 09:23:20.973] [2073] [HailoRT] [info] [queue_elements.cpp:68] [operator()] Thread in element UserBuffQEl12best/conv42 is not running anymore, exiting..
[2026-08-27 09:23:20.973] [2064] [HailoRT] [info] [queue_elements.cpp:46] [~BaseQueueElement] Queue element UserBuffQEl12best/conv42 has 0 frames in his Queue on destruction
[2026-08-27 09:23:20.973] [2074] [HailoRT] [info] [vdevice_native_stream.cpp:331] [read_impl] Failed read from stream HAILO_STREAM_ABORT(63) (device: 0001:01:00.0)
[2026-08-27 09:23:20.973] [2075] [HailoRT] [info] [queue_elements.cpp:855] [run_in_thread] Shutdown event was signaled in dequeue of UserBuffQEl15best/conv52!
[2026-08-27 09:23:20.973] [2074] [HailoRT] [info] [edge_elements.cpp:396] [run_pull] Reading from stream was aborted!
[2026-08-27 09:23:20.973] [2074] [HailoRT] [info] [queue_elements.cpp:738] [run_in_thread] run_pull of queue element PullQEl_hw_read15best/conv52 was aborted!
[2026-08-27 09:23:20.973] [2074] [HailoRT] [info] [queue_elements.cpp:68] [operator()] Thread in element PullQEl_hw_read15best/conv52 is not running anymore, exiting..
[2026-08-27 09:23:20.973] [2064] [HailoRT] [info] [queue_elements.cpp:46] [~BaseQueueElement] Queue element PullQEl_hw_read15best/conv52 has 0 frames in his Queue on destruction
[2026-08-27 09:23:20.973] [2075] [HailoRT] [info] [queue_elements.cpp:68] [operator()] Thread in element UserBuffQEl15best/conv52 is not running anymore, exiting..
[2026-08-27 09:23:20.973] [2064] [HailoRT] [info] [queue_elements.cpp:46] [~BaseQueueElement] Queue element UserBuffQEl15best/conv52 has 0 frames in his Queue on destruction
[2026-08-27 09:23:20.973] [2076] [HailoRT] [info] [vdevice_native_stream.cpp:331] [read_impl] Failed read from stream HAILO_STREAM_ABORT(63) (device: 0001:01:00.0)
[2026-08-27 09:23:20.973] [2076] [HailoRT] [info] [edge_elements.cpp:396] [run_pull] Reading from stream was aborted!
[2026-08-27 09:23:20.973] [2077] [HailoRT] [info] [queue_elements.cpp:855] [run_in_thread] Shutdown event was signaled in dequeue of UserBuffQEl14best/conv53!
[2026-08-27 09:23:20.973] [2076] [HailoRT] [info] [queue_elements.cpp:738] [run_in_thread] run_pull of queue element PullQEl_hw_read14best/conv53 was aborted!
[2026-08-27 09:23:20.973] [2076] [HailoRT] [info] [queue_elements.cpp:68] [operator()] Thread in element PullQEl_hw_read14best/conv53 is not running anymore, exiting..
[2026-08-27 09:23:20.973] [2064] [HailoRT] [info] [queue_elements.cpp:46] [~BaseQueueElement] Queue element PullQEl_hw_read14best/conv53 has 0 frames in his Queue on destruction
[2026-08-27 09:23:20.973] [2077] [HailoRT] [info] [queue_elements.cpp:68] [operator()] Thread in element UserBuffQEl14best/conv53 is not running anymore, exiting..
[2026-08-27 09:23:20.973] [2064] [HailoRT] [info] [queue_elements.cpp:46] [~BaseQueueElement] Queue element UserBuffQEl14best/conv53 has 0 frames in his Queue on destruction
[2026-08-27 09:23:20.973] [2078] [HailoRT] [info] [vdevice_native_stream.cpp:331] [read_impl] Failed read from stream HAILO_STREAM_ABORT(63) (device: 0001:01:00.0)
[2026-08-27 09:23:20.973] [2079] [HailoRT] [info] [queue_elements.cpp:855] [run_in_thread] Shutdown event was signaled in dequeue of UserBuffQEl11best/conv62!
[2026-08-27 09:23:20.973] [2078] [HailoRT] [info] [edge_elements.cpp:396] [run_pull] Reading from stream was aborted!
[2026-08-27 09:23:20.973] [2078] [HailoRT] [info] [queue_elements.cpp:738] [run_in_thread] run_pull of queue element PullQEl_hw_read11best/conv62 was aborted!
[2026-08-27 09:23:20.973] [2078] [HailoRT] [info] [queue_elements.cpp:68] [operator()] Thread in element PullQEl_hw_read11best/conv62 is not running anymore, exiting..
[2026-08-27 09:23:20.973] [2064] [HailoRT] [info] [queue_elements.cpp:46] [~BaseQueueElement] Queue element PullQEl_hw_read11best/conv62 has 0 frames in his Queue on destruction
[2026-08-27 09:23:20.973] [2079] [HailoRT] [info] [queue_elements.cpp:68] [operator()] Thread in element UserBuffQEl11best/conv62 is not running anymore, exiting..
[2026-08-27 09:23:20.973] [2064] [HailoRT] [info] [queue_elements.cpp:46] [~BaseQueueElement] Queue element UserBuffQEl11best/conv62 has 0 frames in his Queue on destruction
[2026-08-27 09:23:20.973] [2081] [HailoRT] [info] [queue_elements.cpp:855] [run_in_thread] Shutdown event was signaled in dequeue of UserBuffQEl6best/conv63!
[2026-08-27 09:23:20.973] [2080] [HailoRT] [info] [vdevice_native_stream.cpp:331] [read_impl] Failed read from stream HAILO_STREAM_ABORT(63) (device: 0001:01:00.0)
[2026-08-27 09:23:20.973] [2080] [HailoRT] [info] [edge_elements.cpp:396] [run_pull] Reading from stream was aborted!
[2026-08-27 09:23:20.973] [2080] [HailoRT] [info] [queue_elements.cpp:738] [run_in_thread] run_pull of queue element PullQEl_hw_read6best/conv63 was aborted!
[2026-08-27 09:23:20.973] [2080] [HailoRT] [info] [queue_elements.cpp:68] [operator()] Thread in element PullQEl_hw_read6best/conv63 is not running anymore, exiting..
[2026-08-27 09:23:20.973] [2064] [HailoRT] [info] [queue_elements.cpp:46] [~BaseQueueElement] Queue element PullQEl_hw_read6best/conv63 has 0 frames in his Queue on destruction
[2026-08-27 09:23:20.973] [2081] [HailoRT] [info] [queue_elements.cpp:68] [operator()] Thread in element UserBuffQEl6best/conv63 is not running anymore, exiting..
[2026-08-27 09:23:20.973] [2064] [HailoRT] [info] [queue_elements.cpp:46] [~BaseQueueElement] Queue element UserBuffQEl6best/conv63 has 0 frames in his Queue on destruction
[2026-08-27 09:23:20.974] [2064] [HailoRT] [info] [core_op.cpp:186] [deactivate] Deactivating took 0.43174 ms
[2026-08-27 09:23:20.974] [2064] [HailoRT] [info] [core_op.cpp:186] [deactivate] Deactivating took 0.441075 ms
[2026-08-27 09:23:25.125] [61200] [HailoRT] [info] [vdevice.cpp:535] [create] Creating vdevice with params: device_count: 1, scheduling_algorithm: NONE, multi_process_service: false
[2026-08-27 09:23:25.136] [61200] [HailoRT] [info] [device.cpp:51] [Device] OS Version: Linux 6.18.39+rpt-rpi-2712 #1 SMP PREEMPT Debian 1:6.18.39-1+rpt1 (2026-07-29) aarch64
[2026-08-27 09:23:25.136] [61200] [HailoRT] [info] [control.cpp:113] [control__parse_identify_results] firmware_version is: 4.23.0
[2026-08-27 09:23:25.136] [61200] [HailoRT] [info] [vdevice.cpp:682] [create] VDevice Infos: 0001:01:00.0
[2026-08-27 09:23:25.141] [61200] [HailoRT] [info] [internal_buffer_manager.cpp:75] [print_execution_results] Default Internal buffer planner failed to meet requirements
[2026-08-27 09:23:25.141] [61200] [HailoRT] [info] [internal_buffer_manager.cpp:86] [print_execution_results] Default Internal buffer planner executed successfully
[2026-08-27 09:23:25.151] [61200] [HailoRT] [info] [device_internal.cpp:57] [configure] Configuring HEF took 14.249074 milliseconds
[2026-08-27 09:23:25.151] [61200] [HailoRT] [info] [vdevice.cpp:780] [configure] Configuring HEF on VDevice took 14.547926 milliseconds
[2026-08-27 09:23:25.151] [61200] [HailoRT] [info] [hef.cpp:1994] [get_network_group_and_network_name] No name was given. Addressing all networks of default network_group: best
[2026-08-27 09:23:25.151] [61200] [HailoRT] [info] [hef.cpp:1994] [get_network_group_and_network_name] No name was given. Addressing all networks of default network_group: best
[2026-08-27 09:23:25.151] [61200] [HailoRT] [info] [core_op.cpp:156] [activate] Activating best took 0.47074 milliseconds. Note that the function is asynchronous and thus the network is not fully activated yet.
[2026-08-27 09:23:25.151] [61200] [HailoRT] [info] [core_op.cpp:156] [activate] Activating best took 0.480611 milliseconds. Note that the function is asynchronous and thus the network is not fully activated yet.
[2026-08-27 09:23:25.152] [61200] [HailoRT] [info] [edge_elements.cpp:52] [create] Created (HwWriteEl10best/input_layer1 | hw_frame_size: 307200)
[2026-08-27 09:23:25.152] [61200] [HailoRT] [info] [vstream.cpp:754] [InputVStreamImpl] Creating best/input_layer1...
[2026-08-27 09:23:25.152] [61200] [HailoRT] [info] [vstream_builder.cpp:102] [create_inputs] Input pipeline 'best/input_layer1': (HwWriteEl10best/input_layer1 | hw_frame_size: 307200) >> HW
[2026-08-27 09:23:25.152] [61200] [HailoRT] [info] [edge_elements.cpp:287] [create] Created (HwReadEl13best/conv41 | hw_frame_size: 102400)
[2026-08-27 09:23:25.152] [61200] [HailoRT] [info] [queue_elements.cpp:657] [create] Created (PullQEl_hw_read13best/conv41)
[2026-08-27 09:23:25.152] [61200] [HailoRT] [info] [filter_elements.cpp:372] [create] Created (PostInferEl13best/conv41 | Quantization - src_type: UINT8, dst_type FLOAT32, limvals_min: -10.4737, limvals_max: 14.487)
[2026-08-27 09:23:25.152] [61200] [HailoRT] [info] [queue_elements.cpp:800] [create] Created (UserBuffQEl13best/conv41 | timeout: 10s)
[2026-08-27 09:23:25.152] [61200] [HailoRT] [info] [vstream.cpp:1114] [OutputVStreamImpl] Creating best/conv41...
[2026-08-27 09:23:25.152] [61200] [HailoRT] [info] [vstream_builder.cpp:220] [create_outputs] Output pipeline 'best/conv41': HW >> (HwReadEl13best/conv41 | hw_frame_size: 102400) >> (PullQEl_hw_read13best/conv41) >> (PostInferEl13best/conv41 | Quantization - src_type: UINT8, dst_type FLOAT32, limvals_min: -10.4737, limvals_max: 14.487) >> (UserBuffQEl13best/conv41 | timeout: 10s)
[2026-08-27 09:23:25.152] [61200] [HailoRT] [info] [edge_elements.cpp:287] [create] Created (HwReadEl12best/conv42 | hw_frame_size: 1600)
[2026-08-27 09:23:25.152] [61200] [HailoRT] [info] [queue_elements.cpp:657] [create] Created (PullQEl_hw_read12best/conv42)
[2026-08-27 09:23:25.152] [61200] [HailoRT] [info] [filter_elements.cpp:372] [create] Created (PostInferEl12best/conv42 | Quantization - src_type: UINT8, dst_type FLOAT32, limvals_min: -21.8247, limvals_max: 2.0607)
[2026-08-27 09:23:25.152] [61200] [HailoRT] [info] [queue_elements.cpp:800] [create] Created (UserBuffQEl12best/conv42 | timeout: 10s)
[2026-08-27 09:23:25.152] [61200] [HailoRT] [info] [vstream.cpp:1114] [OutputVStreamImpl] Creating best/conv42...
[2026-08-27 09:23:25.152] [61200] [HailoRT] [info] [vstream_builder.cpp:220] [create_outputs] Output pipeline 'best/conv42': HW >> (HwReadEl12best/conv42 | hw_frame_size: 1600) >> (PullQEl_hw_read12best/conv42) >> (PostInferEl12best/conv42 | Quantization - src_type: UINT8, dst_type FLOAT32, limvals_min: -21.8247, limvals_max: 2.0607) >> (UserBuffQEl12best/conv42 | timeout: 10s)
[2026-08-27 09:23:25.152] [61200] [HailoRT] [info] [edge_elements.cpp:287] [create] Created (HwReadEl15best/conv52 | hw_frame_size: 25600)
[2026-08-27 09:23:25.152] [61200] [HailoRT] [info] [queue_elements.cpp:657] [create] Created (PullQEl_hw_read15best/conv52)
[2026-08-27 09:23:25.152] [61200] [HailoRT] [info] [filter_elements.cpp:372] [create] Created (PostInferEl15best/conv52 | Quantization - src_type: UINT8, dst_type FLOAT32, limvals_min: -9.8639, limvals_max: 15.289)
[2026-08-27 09:23:25.152] [61200] [HailoRT] [info] [queue_elements.cpp:800] [create] Created (UserBuffQEl15best/conv52 | timeout: 10s)
[2026-08-27 09:23:25.152] [61200] [HailoRT] [info] [vstream.cpp:1114] [OutputVStreamImpl] Creating best/conv52...
[2026-08-27 09:23:25.152] [61200] [HailoRT] [info] [vstream_builder.cpp:220] [create_outputs] Output pipeline 'best/conv52': HW >> (HwReadEl15best/conv52 | hw_frame_size: 25600) >> (PullQEl_hw_read15best/conv52) >> (PostInferEl15best/conv52 | Quantization - src_type: UINT8, dst_type FLOAT32, limvals_min: -9.8639, limvals_max: 15.289) >> (UserBuffQEl15best/conv52 | timeout: 10s)
[2026-08-27 09:23:25.152] [61200] [HailoRT] [info] [edge_elements.cpp:287] [create] Created (HwReadEl14best/conv53 | hw_frame_size: 3200)
[2026-08-27 09:23:25.152] [61200] [HailoRT] [info] [queue_elements.cpp:657] [create] Created (PullQEl_hw_read14best/conv53)
[2026-08-27 09:23:25.152] [61200] [HailoRT] [info] [filter_elements.cpp:372] [create] Created (PostInferEl14best/conv53 | Quantization - src_type: UINT8, dst_type FLOAT32, limvals_min: -16.0087, limvals_max: 3.52344 | Reorder - src_order: FCR, src_shape: (20, 20, 8), dst_order: FCR, dst_shape: (20, 20, 1))
[2026-08-27 09:23:25.152] [61200] [HailoRT] [info] [queue_elements.cpp:800] [create] Created (UserBuffQEl14best/conv53 | timeout: 10s)
[2026-08-27 09:23:25.152] [61200] [HailoRT] [info] [vstream.cpp:1114] [OutputVStreamImpl] Creating best/conv53...
[2026-08-27 09:23:25.152] [61200] [HailoRT] [info] [vstream_builder.cpp:220] [create_outputs] Output pipeline 'best/conv53': HW >> (HwReadEl14best/conv53 | hw_frame_size: 3200) >> (PullQEl_hw_read14best/conv53) >> (PostInferEl14best/conv53 | Quantization - src_type: UINT8, dst_type FLOAT32, limvals_min: -16.0087, limvals_max: 3.52344 | Reorder - src_order: FCR, src_shape: (20, 20, 8), dst_order: FCR, dst_shape: (20, 20, 1)) >> (UserBuffQEl14best/conv53 | timeout: 10s)
[2026-08-27 09:23:25.152] [61200] [HailoRT] [info] [edge_elements.cpp:287] [create] Created (HwReadEl11best/conv62 | hw_frame_size: 6400)
[2026-08-27 09:23:25.152] [61200] [HailoRT] [info] [queue_elements.cpp:657] [create] Created (PullQEl_hw_read11best/conv62)
[2026-08-27 09:23:25.152] [61200] [HailoRT] [info] [filter_elements.cpp:372] [create] Created (PostInferEl11best/conv62 | Quantization - src_type: UINT8, dst_type FLOAT32, limvals_min: -7.15299, limvals_max: 11.0871)
[2026-08-27 09:23:25.153] [61200] [HailoRT] [info] [queue_elements.cpp:800] [create] Created (UserBuffQEl11best/conv62 | timeout: 10s)
[2026-08-27 09:23:25.153] [61200] [HailoRT] [info] [vstream.cpp:1114] [OutputVStreamImpl] Creating best/conv62...
[2026-08-27 09:23:25.153] [61200] [HailoRT] [info] [vstream_builder.cpp:220] [create_outputs] Output pipeline 'best/conv62': HW >> (HwReadEl11best/conv62 | hw_frame_size: 6400) >> (PullQEl_hw_read11best/conv62) >> (PostInferEl11best/conv62 | Quantization - src_type: UINT8, dst_type FLOAT32, limvals_min: -7.15299, limvals_max: 11.0871) >> (UserBuffQEl11best/conv62 | timeout: 10s)
[2026-08-27 09:23:25.153] [61200] [HailoRT] [info] [edge_elements.cpp:287] [create] Created (HwReadEl6best/conv63 | hw_frame_size: 800)
[2026-08-27 09:23:25.153] [61200] [HailoRT] [info] [queue_elements.cpp:657] [create] Created (PullQEl_hw_read6best/conv63)
[2026-08-27 09:23:25.153] [61200] [HailoRT] [info] [filter_elements.cpp:372] [create] Created (PostInferEl6best/conv63 | Quantization - src_type: UINT8, dst_type FLOAT32, limvals_min: -10.7449, limvals_max: 0 | Reorder - src_order: FCR, src_shape: (10, 10, 8), dst_order: FCR, dst_shape: (10, 10, 1))
[2026-08-27 09:23:25.153] [61200] [HailoRT] [info] [queue_elements.cpp:800] [create] Created (UserBuffQEl6best/conv63 | timeout: 10s)
[2026-08-27 09:23:25.153] [61200] [HailoRT] [info] [vstream.cpp:1114] [OutputVStreamImpl] Creating best/conv63...
[2026-08-27 09:23:25.153] [61200] [HailoRT] [info] [vstream_builder.cpp:220] [create_outputs] Output pipeline 'best/conv63': HW >> (HwReadEl6best/conv63 | hw_frame_size: 800) >> (PullQEl_hw_read6best/conv63) >> (PostInferEl6best/conv63 | Quantization - src_type: UINT8, dst_type FLOAT32, limvals_min: -10.7449, limvals_max: 0 | Reorder - src_order: FCR, src_shape: (10, 10, 8), dst_order: FCR, dst_shape: (10, 10, 1)) >> (UserBuffQEl6best/conv63 | timeout: 10s)
[2026-08-27 09:24:17.275] [61207] [HailoRT] [info] [queue_elements.cpp:855] [run_in_thread] Shutdown event was signaled in dequeue of UserBuffQEl13best/conv41!
[2026-08-27 09:24:17.275] [61206] [HailoRT] [info] [vdevice_native_stream.cpp:331] [read_impl] Failed read from stream HAILO_STREAM_ABORT(63) (device: 0001:01:00.0)
[2026-08-27 09:24:17.275] [61206] [HailoRT] [info] [edge_elements.cpp:396] [run_pull] Reading from stream was aborted!
[2026-08-27 09:24:17.275] [61206] [HailoRT] [info] [queue_elements.cpp:738] [run_in_thread] run_pull of queue element PullQEl_hw_read13best/conv41 was aborted!
[2026-08-27 09:24:17.275] [61206] [HailoRT] [info] [queue_elements.cpp:68] [operator()] Thread in element PullQEl_hw_read13best/conv41 is not running anymore, exiting..
[2026-08-27 09:24:17.275] [61200] [HailoRT] [info] [queue_elements.cpp:46] [~BaseQueueElement] Queue element PullQEl_hw_read13best/conv41 has 0 frames in his Queue on destruction
[2026-08-27 09:24:17.275] [61207] [HailoRT] [info] [queue_elements.cpp:68] [operator()] Thread in element UserBuffQEl13best/conv41 is not running anymore, exiting..
[2026-08-27 09:24:17.275] [61200] [HailoRT] [info] [queue_elements.cpp:46] [~BaseQueueElement] Queue element UserBuffQEl13best/conv41 has 0 frames in his Queue on destruction
[2026-08-27 09:24:17.275] [61209] [HailoRT] [info] [queue_elements.cpp:855] [run_in_thread] Shutdown event was signaled in dequeue of UserBuffQEl12best/conv42!
[2026-08-27 09:24:17.275] [61208] [HailoRT] [info] [vdevice_native_stream.cpp:331] [read_impl] Failed read from stream HAILO_STREAM_ABORT(63) (device: 0001:01:00.0)
[2026-08-27 09:24:17.275] [61208] [HailoRT] [info] [edge_elements.cpp:396] [run_pull] Reading from stream was aborted!
[2026-08-27 09:24:17.275] [61208] [HailoRT] [info] [queue_elements.cpp:738] [run_in_thread] run_pull of queue element PullQEl_hw_read12best/conv42 was aborted!
[2026-08-27 09:24:17.275] [61208] [HailoRT] [info] [queue_elements.cpp:68] [operator()] Thread in element PullQEl_hw_read12best/conv42 is not running anymore, exiting..
[2026-08-27 09:24:17.275] [61200] [HailoRT] [info] [queue_elements.cpp:46] [~BaseQueueElement] Queue element PullQEl_hw_read12best/conv42 has 0 frames in his Queue on destruction
[2026-08-27 09:24:17.276] [61209] [HailoRT] [info] [queue_elements.cpp:68] [operator()] Thread in element UserBuffQEl12best/conv42 is not running anymore, exiting..
[2026-08-27 09:24:17.276] [61200] [HailoRT] [info] [queue_elements.cpp:46] [~BaseQueueElement] Queue element UserBuffQEl12best/conv42 has 0 frames in his Queue on destruction
[2026-08-27 09:24:17.276] [61210] [HailoRT] [info] [vdevice_native_stream.cpp:331] [read_impl] Failed read from stream HAILO_STREAM_ABORT(63) (device: 0001:01:00.0)
[2026-08-27 09:24:17.276] [61210] [HailoRT] [info] [edge_elements.cpp:396] [run_pull] Reading from stream was aborted!
[2026-08-27 09:24:17.276] [61211] [HailoRT] [info] [queue_elements.cpp:855] [run_in_thread] Shutdown event was signaled in dequeue of UserBuffQEl15best/conv52!
[2026-08-27 09:24:17.276] [61210] [HailoRT] [info] [queue_elements.cpp:738] [run_in_thread] run_pull of queue element PullQEl_hw_read15best/conv52 was aborted!
[2026-08-27 09:24:17.276] [61210] [HailoRT] [info] [queue_elements.cpp:68] [operator()] Thread in element PullQEl_hw_read15best/conv52 is not running anymore, exiting..
[2026-08-27 09:24:17.276] [61200] [HailoRT] [info] [queue_elements.cpp:46] [~BaseQueueElement] Queue element PullQEl_hw_read15best/conv52 has 0 frames in his Queue on destruction
[2026-08-27 09:24:17.276] [61211] [HailoRT] [info] [queue_elements.cpp:68] [operator()] Thread in element UserBuffQEl15best/conv52 is not running anymore, exiting..
[2026-08-27 09:24:17.276] [61200] [HailoRT] [info] [queue_elements.cpp:46] [~BaseQueueElement] Queue element UserBuffQEl15best/conv52 has 0 frames in his Queue on destruction
[2026-08-27 09:24:17.276] [61212] [HailoRT] [info] [vdevice_native_stream.cpp:331] [read_impl] Failed read from stream HAILO_STREAM_ABORT(63) (device: 0001:01:00.0)
[2026-08-27 09:24:17.276] [61212] [HailoRT] [info] [edge_elements.cpp:396] [run_pull] Reading from stream was aborted!
[2026-08-27 09:24:17.276] [61213] [HailoRT] [info] [queue_elements.cpp:855] [run_in_thread] Shutdown event was signaled in dequeue of UserBuffQEl14best/conv53!
[2026-08-27 09:24:17.276] [61212] [HailoRT] [info] [queue_elements.cpp:738] [run_in_thread] run_pull of queue element PullQEl_hw_read14best/conv53 was aborted!
[2026-08-27 09:24:17.276] [61212] [HailoRT] [info] [queue_elements.cpp:68] [operator()] Thread in element PullQEl_hw_read14best/conv53 is not running anymore, exiting..
[2026-08-27 09:24:17.276] [61200] [HailoRT] [info] [queue_elements.cpp:46] [~BaseQueueElement] Queue element PullQEl_hw_read14best/conv53 has 0 frames in his Queue on destruction
[2026-08-27 09:24:17.276] [61213] [HailoRT] [info] [queue_elements.cpp:68] [operator()] Thread in element UserBuffQEl14best/conv53 is not running anymore, exiting..
[2026-08-27 09:24:17.276] [61200] [HailoRT] [info] [queue_elements.cpp:46] [~BaseQueueElement] Queue element UserBuffQEl14best/conv53 has 0 frames in his Queue on destruction
[2026-08-27 09:24:17.276] [61214] [HailoRT] [info] [vdevice_native_stream.cpp:331] [read_impl] Failed read from stream HAILO_STREAM_ABORT(63) (device: 0001:01:00.0)
[2026-08-27 09:24:17.276] [61215] [HailoRT] [info] [queue_elements.cpp:855] [run_in_thread] Shutdown event was signaled in dequeue of UserBuffQEl11best/conv62!
[2026-08-27 09:24:17.276] [61214] [HailoRT] [info] [edge_elements.cpp:396] [run_pull] Reading from stream was aborted!
[2026-08-27 09:24:17.276] [61214] [HailoRT] [info] [queue_elements.cpp:738] [run_in_thread] run_pull of queue element PullQEl_hw_read11best/conv62 was aborted!
[2026-08-27 09:24:17.276] [61214] [HailoRT] [info] [queue_elements.cpp:68] [operator()] Thread in element PullQEl_hw_read11best/conv62 is not running anymore, exiting..
[2026-08-27 09:24:17.276] [61200] [HailoRT] [info] [queue_elements.cpp:46] [~BaseQueueElement] Queue element PullQEl_hw_read11best/conv62 has 0 frames in his Queue on destruction
[2026-08-27 09:24:17.276] [61215] [HailoRT] [info] [queue_elements.cpp:68] [operator()] Thread in element UserBuffQEl11best/conv62 is not running anymore, exiting..
[2026-08-27 09:24:17.276] [61200] [HailoRT] [info] [queue_elements.cpp:46] [~BaseQueueElement] Queue element UserBuffQEl11best/conv62 has 0 frames in his Queue on destruction
[2026-08-27 09:24:17.276] [61216] [HailoRT] [info] [vdevice_native_stream.cpp:331] [read_impl] Failed read from stream HAILO_STREAM_ABORT(63) (device: 0001:01:00.0)
[2026-08-27 09:24:17.276] [61217] [HailoRT] [info] [queue_elements.cpp:855] [run_in_thread] Shutdown event was signaled in dequeue of UserBuffQEl6best/conv63!
[2026-08-27 09:24:17.276] [61216] [HailoRT] [info] [edge_elements.cpp:396] [run_pull] Reading from stream was aborted!
[2026-08-27 09:24:17.276] [61216] [HailoRT] [info] [queue_elements.cpp:738] [run_in_thread] run_pull of queue element PullQEl_hw_read6best/conv63 was aborted!
[2026-08-27 09:24:17.276] [61216] [HailoRT] [info] [queue_elements.cpp:68] [operator()] Thread in element PullQEl_hw_read6best/conv63 is not running anymore, exiting..
[2026-08-27 09:24:17.276] [61200] [HailoRT] [info] [queue_elements.cpp:46] [~BaseQueueElement] Queue element PullQEl_hw_read6best/conv63 has 0 frames in his Queue on destruction
[2026-08-27 09:24:17.276] [61217] [HailoRT] [info] [queue_elements.cpp:68] [operator()] Thread in element UserBuffQEl6best/conv63 is not running anymore, exiting..
[2026-08-27 09:24:17.276] [61200] [HailoRT] [info] [queue_elements.cpp:46] [~BaseQueueElement] Queue element UserBuffQEl6best/conv63 has 0 frames in his Queue on destruction
[2026-08-27 09:24:17.277] [61200] [HailoRT] [info] [core_op.cpp:186] [deactivate] Deactivating took 0.441889 ms
[2026-08-27 09:24:17.277] [61200] [HailoRT] [info] [core_op.cpp:186] [deactivate] Deactivating took 0.463444 ms
[2026-08-27 09:24:21.449] [70945] [HailoRT] [info] [vdevice.cpp:535] [create] Creating vdevice with params: device_count: 1, scheduling_algorithm: NONE, multi_process_service: false
[2026-08-27 09:24:21.460] [70945] [HailoRT] [info] [device.cpp:51] [Device] OS Version: Linux 6.18.39+rpt-rpi-2712 #1 SMP PREEMPT Debian 1:6.18.39-1+rpt1 (2026-07-29) aarch64
[2026-08-27 09:24:21.460] [70945] [HailoRT] [info] [control.cpp:113] [control__parse_identify_results] firmware_version is: 4.23.0
[2026-08-27 09:24:21.460] [70945] [HailoRT] [info] [vdevice.cpp:682] [create] VDevice Infos: 0001:01:00.0
[2026-08-27 09:24:21.465] [70945] [HailoRT] [info] [internal_buffer_manager.cpp:75] [print_execution_results] Default Internal buffer planner failed to meet requirements
[2026-08-27 09:24:21.465] [70945] [HailoRT] [info] [internal_buffer_manager.cpp:86] [print_execution_results] Default Internal buffer planner executed successfully
[2026-08-27 09:24:21.474] [70945] [HailoRT] [info] [device_internal.cpp:57] [configure] Configuring HEF took 14.107834 milliseconds
[2026-08-27 09:24:21.475] [70945] [HailoRT] [info] [vdevice.cpp:780] [configure] Configuring HEF on VDevice took 14.402649 milliseconds
[2026-08-27 09:24:21.475] [70945] [HailoRT] [info] [hef.cpp:1994] [get_network_group_and_network_name] No name was given. Addressing all networks of default network_group: best
[2026-08-27 09:24:21.475] [70945] [HailoRT] [info] [hef.cpp:1994] [get_network_group_and_network_name] No name was given. Addressing all networks of default network_group: best
[2026-08-27 09:24:21.475] [70945] [HailoRT] [info] [core_op.cpp:156] [activate] Activating best took 0.459296 milliseconds. Note that the function is asynchronous and thus the network is not fully activated yet.
[2026-08-27 09:24:21.475] [70945] [HailoRT] [info] [core_op.cpp:156] [activate] Activating best took 0.469167 milliseconds. Note that the function is asynchronous and thus the network is not fully activated yet.
[2026-08-27 09:24:21.475] [70945] [HailoRT] [info] [edge_elements.cpp:52] [create] Created (HwWriteEl10best/input_layer1 | hw_frame_size: 307200)
[2026-08-27 09:24:21.475] [70945] [HailoRT] [info] [vstream.cpp:754] [InputVStreamImpl] Creating best/input_layer1...
[2026-08-27 09:24:21.475] [70945] [HailoRT] [info] [vstream_builder.cpp:102] [create_inputs] Input pipeline 'best/input_layer1': (HwWriteEl10best/input_layer1 | hw_frame_size: 307200) >> HW
[2026-08-27 09:24:21.475] [70945] [HailoRT] [info] [edge_elements.cpp:287] [create] Created (HwReadEl13best/conv41 | hw_frame_size: 102400)
[2026-08-27 09:24:21.476] [70945] [HailoRT] [info] [queue_elements.cpp:657] [create] Created (PullQEl_hw_read13best/conv41)
[2026-08-27 09:24:21.476] [70945] [HailoRT] [info] [filter_elements.cpp:372] [create] Created (PostInferEl13best/conv41 | Quantization - src_type: UINT8, dst_type FLOAT32, limvals_min: -10.4737, limvals_max: 14.487)
[2026-08-27 09:24:21.476] [70945] [HailoRT] [info] [queue_elements.cpp:800] [create] Created (UserBuffQEl13best/conv41 | timeout: 10s)
[2026-08-27 09:24:21.476] [70945] [HailoRT] [info] [vstream.cpp:1114] [OutputVStreamImpl] Creating best/conv41...
[2026-08-27 09:24:21.476] [70945] [HailoRT] [info] [vstream_builder.cpp:220] [create_outputs] Output pipeline 'best/conv41': HW >> (HwReadEl13best/conv41 | hw_frame_size: 102400) >> (PullQEl_hw_read13best/conv41) >> (PostInferEl13best/conv41 | Quantization - src_type: UINT8, dst_type FLOAT32, limvals_min: -10.4737, limvals_max: 14.487) >> (UserBuffQEl13best/conv41 | timeout: 10s)
[2026-08-27 09:24:21.476] [70945] [HailoRT] [info] [edge_elements.cpp:287] [create] Created (HwReadEl12best/conv42 | hw_frame_size: 1600)
[2026-08-27 09:24:21.476] [70945] [HailoRT] [info] [queue_elements.cpp:657] [create] Created (PullQEl_hw_read12best/conv42)
[2026-08-27 09:24:21.476] [70945] [HailoRT] [info] [filter_elements.cpp:372] [create] Created (PostInferEl12best/conv42 | Quantization - src_type: UINT8, dst_type FLOAT32, limvals_min: -21.8247, limvals_max: 2.0607)
[2026-08-27 09:24:21.476] [70945] [HailoRT] [info] [queue_elements.cpp:800] [create] Created (UserBuffQEl12best/conv42 | timeout: 10s)
[2026-08-27 09:24:21.476] [70945] [HailoRT] [info] [vstream.cpp:1114] [OutputVStreamImpl] Creating best/conv42...
[2026-08-27 09:24:21.476] [70945] [HailoRT] [info] [vstream_builder.cpp:220] [create_outputs] Output pipeline 'best/conv42': HW >> (HwReadEl12best/conv42 | hw_frame_size: 1600) >> (PullQEl_hw_read12best/conv42) >> (PostInferEl12best/conv42 | Quantization - src_type: UINT8, dst_type FLOAT32, limvals_min: -21.8247, limvals_max: 2.0607) >> (UserBuffQEl12best/conv42 | timeout: 10s)
[2026-08-27 09:24:21.476] [70945] [HailoRT] [info] [edge_elements.cpp:287] [create] Created (HwReadEl15best/conv52 | hw_frame_size: 25600)
[2026-08-27 09:24:21.476] [70945] [HailoRT] [info] [queue_elements.cpp:657] [create] Created (PullQEl_hw_read15best/conv52)
[2026-08-27 09:24:21.476] [70945] [HailoRT] [info] [filter_elements.cpp:372] [create] Created (PostInferEl15best/conv52 | Quantization - src_type: UINT8, dst_type FLOAT32, limvals_min: -9.8639, limvals_max: 15.289)
[2026-08-27 09:24:21.476] [70945] [HailoRT] [info] [queue_elements.cpp:800] [create] Created (UserBuffQEl15best/conv52 | timeout: 10s)
[2026-08-27 09:24:21.476] [70945] [HailoRT] [info] [vstream.cpp:1114] [OutputVStreamImpl] Creating best/conv52...
[2026-08-27 09:24:21.476] [70945] [HailoRT] [info] [vstream_builder.cpp:220] [create_outputs] Output pipeline 'best/conv52': HW >> (HwReadEl15best/conv52 | hw_frame_size: 25600) >> (PullQEl_hw_read15best/conv52) >> (PostInferEl15best/conv52 | Quantization - src_type: UINT8, dst_type FLOAT32, limvals_min: -9.8639, limvals_max: 15.289) >> (UserBuffQEl15best/conv52 | timeout: 10s)
[2026-08-27 09:24:21.476] [70945] [HailoRT] [info] [edge_elements.cpp:287] [create] Created (HwReadEl14best/conv53 | hw_frame_size: 3200)
[2026-08-27 09:24:21.476] [70945] [HailoRT] [info] [queue_elements.cpp:657] [create] Created (PullQEl_hw_read14best/conv53)
[2026-08-27 09:24:21.476] [70945] [HailoRT] [info] [filter_elements.cpp:372] [create] Created (PostInferEl14best/conv53 | Quantization - src_type: UINT8, dst_type FLOAT32, limvals_min: -16.0087, limvals_max: 3.52344 | Reorder - src_order: FCR, src_shape: (20, 20, 8), dst_order: FCR, dst_shape: (20, 20, 1))
[2026-08-27 09:24:21.476] [70945] [HailoRT] [info] [queue_elements.cpp:800] [create] Created (UserBuffQEl14best/conv53 | timeout: 10s)
[2026-08-27 09:24:21.476] [70945] [HailoRT] [info] [vstream.cpp:1114] [OutputVStreamImpl] Creating best/conv53...
[2026-08-27 09:24:21.476] [70945] [HailoRT] [info] [vstream_builder.cpp:220] [create_outputs] Output pipeline 'best/conv53': HW >> (HwReadEl14best/conv53 | hw_frame_size: 3200) >> (PullQEl_hw_read14best/conv53) >> (PostInferEl14best/conv53 | Quantization - src_type: UINT8, dst_type FLOAT32, limvals_min: -16.0087, limvals_max: 3.52344 | Reorder - src_order: FCR, src_shape: (20, 20, 8), dst_order: FCR, dst_shape: (20, 20, 1)) >> (UserBuffQEl14best/conv53 | timeout: 10s)
[2026-08-27 09:24:21.476] [70945] [HailoRT] [info] [edge_elements.cpp:287] [create] Created (HwReadEl11best/conv62 | hw_frame_size: 6400)
[2026-08-27 09:24:21.476] [70945] [HailoRT] [info] [queue_elements.cpp:657] [create] Created (PullQEl_hw_read11best/conv62)
[2026-08-27 09:24:21.476] [70945] [HailoRT] [info] [filter_elements.cpp:372] [create] Created (PostInferEl11best/conv62 | Quantization - src_type: UINT8, dst_type FLOAT32, limvals_min: -7.15299, limvals_max: 11.0871)
[2026-08-27 09:24:21.476] [70945] [HailoRT] [info] [queue_elements.cpp:800] [create] Created (UserBuffQEl11best/conv62 | timeout: 10s)
[2026-08-27 09:24:21.476] [70945] [HailoRT] [info] [vstream.cpp:1114] [OutputVStreamImpl] Creating best/conv62...
[2026-08-27 09:24:21.476] [70945] [HailoRT] [info] [vstream_builder.cpp:220] [create_outputs] Output pipeline 'best/conv62': HW >> (HwReadEl11best/conv62 | hw_frame_size: 6400) >> (PullQEl_hw_read11best/conv62) >> (PostInferEl11best/conv62 | Quantization - src_type: UINT8, dst_type FLOAT32, limvals_min: -7.15299, limvals_max: 11.0871) >> (UserBuffQEl11best/conv62 | timeout: 10s)
[2026-08-27 09:24:21.476] [70945] [HailoRT] [info] [edge_elements.cpp:287] [create] Created (HwReadEl6best/conv63 | hw_frame_size: 800)
[2026-08-27 09:24:21.476] [70945] [HailoRT] [info] [queue_elements.cpp:657] [create] Created (PullQEl_hw_read6best/conv63)
[2026-08-27 09:24:21.476] [70945] [HailoRT] [info] [filter_elements.cpp:372] [create] Created (PostInferEl6best/conv63 | Quantization - src_type: UINT8, dst_type FLOAT32, limvals_min: -10.7449, limvals_max: 0 | Reorder - src_order: FCR, src_shape: (10, 10, 8), dst_order: FCR, dst_shape: (10, 10, 1))
[2026-08-27 09:24:21.476] [70945] [HailoRT] [info] [queue_elements.cpp:800] [create] Created (UserBuffQEl6best/conv63 | timeout: 10s)
[2026-08-27 09:24:21.476] [70945] [HailoRT] [info] [vstream.cpp:1114] [OutputVStreamImpl] Creating best/conv63...
[2026-08-27 09:24:21.476] [70945] [HailoRT] [info] [vstream_builder.cpp:220] [create_outputs] Output pipeline 'best/conv63': HW >> (HwReadEl6best/conv63 | hw_frame_size: 800) >> (PullQEl_hw_read6best/conv63) >> (PostInferEl6best/conv63 | Quantization - src_type: UINT8, dst_type FLOAT32, limvals_min: -10.7449, limvals_max: 0 | Reorder - src_order: FCR, src_shape: (10, 10, 8), dst_order: FCR, dst_shape: (10, 10, 1)) >> (UserBuffQEl6best/conv63 | timeout: 10s)
[2026-08-27 09:26:36.557] [70952] [HailoRT] [info] [queue_elements.cpp:855] [run_in_thread] Shutdown event was signaled in dequeue of UserBuffQEl13best/conv41!
[2026-08-27 09:26:36.557] [70951] [HailoRT] [info] [vdevice_native_stream.cpp:331] [read_impl] Failed read from stream HAILO_STREAM_ABORT(63) (device: 0001:01:00.0)
[2026-08-27 09:26:36.557] [70951] [HailoRT] [info] [edge_elements.cpp:396] [run_pull] Reading from stream was aborted!
[2026-08-27 09:26:36.557] [70951] [HailoRT] [info] [queue_elements.cpp:738] [run_in_thread] run_pull of queue element PullQEl_hw_read13best/conv41 was aborted!
[2026-08-27 09:26:36.557] [70951] [HailoRT] [info] [queue_elements.cpp:68] [operator()] Thread in element PullQEl_hw_read13best/conv41 is not running anymore, exiting..
[2026-08-27 09:26:36.557] [70945] [HailoRT] [info] [queue_elements.cpp:46] [~BaseQueueElement] Queue element PullQEl_hw_read13best/conv41 has 0 frames in his Queue on destruction
[2026-08-27 09:26:36.557] [70952] [HailoRT] [info] [queue_elements.cpp:68] [operator()] Thread in element UserBuffQEl13best/conv41 is not running anymore, exiting..
[2026-08-27 09:26:36.557] [70945] [HailoRT] [info] [queue_elements.cpp:46] [~BaseQueueElement] Queue element UserBuffQEl13best/conv41 has 0 frames in his Queue on destruction
[2026-08-27 09:26:36.557] [70954] [HailoRT] [info] [queue_elements.cpp:855] [run_in_thread] Shutdown event was signaled in dequeue of UserBuffQEl12best/conv42!
[2026-08-27 09:26:36.557] [70953] [HailoRT] [info] [vdevice_native_stream.cpp:331] [read_impl] Failed read from stream HAILO_STREAM_ABORT(63) (device: 0001:01:00.0)
[2026-08-27 09:26:36.557] [70953] [HailoRT] [info] [edge_elements.cpp:396] [run_pull] Reading from stream was aborted!
[2026-08-27 09:26:36.557] [70953] [HailoRT] [info] [queue_elements.cpp:738] [run_in_thread] run_pull of queue element PullQEl_hw_read12best/conv42 was aborted!
[2026-08-27 09:26:36.557] [70953] [HailoRT] [info] [queue_elements.cpp:68] [operator()] Thread in element PullQEl_hw_read12best/conv42 is not running anymore, exiting..
[2026-08-27 09:26:36.558] [70945] [HailoRT] [info] [queue_elements.cpp:46] [~BaseQueueElement] Queue element PullQEl_hw_read12best/conv42 has 0 frames in his Queue on destruction
[2026-08-27 09:26:36.558] [70954] [HailoRT] [info] [queue_elements.cpp:68] [operator()] Thread in element UserBuffQEl12best/conv42 is not running anymore, exiting..
[2026-08-27 09:26:36.558] [70945] [HailoRT] [info] [queue_elements.cpp:46] [~BaseQueueElement] Queue element UserBuffQEl12best/conv42 has 0 frames in his Queue on destruction
[2026-08-27 09:26:36.558] [70955] [HailoRT] [info] [vdevice_native_stream.cpp:331] [read_impl] Failed read from stream HAILO_STREAM_ABORT(63) (device: 0001:01:00.0)
[2026-08-27 09:26:36.558] [70955] [HailoRT] [info] [edge_elements.cpp:396] [run_pull] Reading from stream was aborted!
[2026-08-27 09:26:36.558] [70956] [HailoRT] [info] [queue_elements.cpp:855] [run_in_thread] Shutdown event was signaled in dequeue of UserBuffQEl15best/conv52!
[2026-08-27 09:26:36.558] [70955] [HailoRT] [info] [queue_elements.cpp:738] [run_in_thread] run_pull of queue element PullQEl_hw_read15best/conv52 was aborted!
[2026-08-27 09:26:36.558] [70955] [HailoRT] [info] [queue_elements.cpp:68] [operator()] Thread in element PullQEl_hw_read15best/conv52 is not running anymore, exiting..
[2026-08-27 09:26:36.558] [70945] [HailoRT] [info] [queue_elements.cpp:46] [~BaseQueueElement] Queue element PullQEl_hw_read15best/conv52 has 0 frames in his Queue on destruction
[2026-08-27 09:26:36.558] [70956] [HailoRT] [info] [queue_elements.cpp:68] [operator()] Thread in element UserBuffQEl15best/conv52 is not running anymore, exiting..
[2026-08-27 09:26:36.558] [70945] [HailoRT] [info] [queue_elements.cpp:46] [~BaseQueueElement] Queue element UserBuffQEl15best/conv52 has 0 frames in his Queue on destruction
[2026-08-27 09:26:36.558] [70957] [HailoRT] [info] [vdevice_native_stream.cpp:331] [read_impl] Failed read from stream HAILO_STREAM_ABORT(63) (device: 0001:01:00.0)
[2026-08-27 09:26:36.558] [70957] [HailoRT] [info] [edge_elements.cpp:396] [run_pull] Reading from stream was aborted!
[2026-08-27 09:26:36.558] [70958] [HailoRT] [info] [queue_elements.cpp:855] [run_in_thread] Shutdown event was signaled in dequeue of UserBuffQEl14best/conv53!
[2026-08-27 09:26:36.558] [70957] [HailoRT] [info] [queue_elements.cpp:738] [run_in_thread] run_pull of queue element PullQEl_hw_read14best/conv53 was aborted!
[2026-08-27 09:26:36.558] [70957] [HailoRT] [info] [queue_elements.cpp:68] [operator()] Thread in element PullQEl_hw_read14best/conv53 is not running anymore, exiting..
[2026-08-27 09:26:36.558] [70945] [HailoRT] [info] [queue_elements.cpp:46] [~BaseQueueElement] Queue element PullQEl_hw_read14best/conv53 has 0 frames in his Queue on destruction
[2026-08-27 09:26:36.558] [70958] [HailoRT] [info] [queue_elements.cpp:68] [operator()] Thread in element UserBuffQEl14best/conv53 is not running anymore, exiting..
[2026-08-27 09:26:36.558] [70945] [HailoRT] [info] [queue_elements.cpp:46] [~BaseQueueElement] Queue element UserBuffQEl14best/conv53 has 0 frames in his Queue on destruction
[2026-08-27 09:26:36.558] [70959] [HailoRT] [info] [vdevice_native_stream.cpp:331] [read_impl] Failed read from stream HAILO_STREAM_ABORT(63) (device: 0001:01:00.0)
[2026-08-27 09:26:36.558] [70959] [HailoRT] [info] [edge_elements.cpp:396] [run_pull] Reading from stream was aborted!
[2026-08-27 09:26:36.558] [70960] [HailoRT] [info] [queue_elements.cpp:855] [run_in_thread] Shutdown event was signaled in dequeue of UserBuffQEl11best/conv62!
[2026-08-27 09:26:36.558] [70959] [HailoRT] [info] [queue_elements.cpp:738] [run_in_thread] run_pull of queue element PullQEl_hw_read11best/conv62 was aborted!
[2026-08-27 09:26:36.558] [70959] [HailoRT] [info] [queue_elements.cpp:68] [operator()] Thread in element PullQEl_hw_read11best/conv62 is not running anymore, exiting..
[2026-08-27 09:26:36.558] [70945] [HailoRT] [info] [queue_elements.cpp:46] [~BaseQueueElement] Queue element PullQEl_hw_read11best/conv62 has 0 frames in his Queue on destruction
[2026-08-27 09:26:36.558] [70960] [HailoRT] [info] [queue_elements.cpp:68] [operator()] Thread in element UserBuffQEl11best/conv62 is not running anymore, exiting..
[2026-08-27 09:26:36.558] [70945] [HailoRT] [info] [queue_elements.cpp:46] [~BaseQueueElement] Queue element UserBuffQEl11best/conv62 has 0 frames in his Queue on destruction
[2026-08-27 09:26:36.558] [70961] [HailoRT] [info] [vdevice_native_stream.cpp:331] [read_impl] Failed read from stream HAILO_STREAM_ABORT(63) (device: 0001:01:00.0)
[2026-08-27 09:26:36.558] [70962] [HailoRT] [info] [queue_elements.cpp:855] [run_in_thread] Shutdown event was signaled in dequeue of UserBuffQEl6best/conv63!
[2026-08-27 09:26:36.558] [70961] [HailoRT] [info] [edge_elements.cpp:396] [run_pull] Reading from stream was aborted!
[2026-08-27 09:26:36.558] [70961] [HailoRT] [info] [queue_elements.cpp:738] [run_in_thread] run_pull of queue element PullQEl_hw_read6best/conv63 was aborted!
[2026-08-27 09:26:36.558] [70961] [HailoRT] [info] [queue_elements.cpp:68] [operator()] Thread in element PullQEl_hw_read6best/conv63 is not running anymore, exiting..
[2026-08-27 09:26:36.558] [70945] [HailoRT] [info] [queue_elements.cpp:46] [~BaseQueueElement] Queue element PullQEl_hw_read6best/conv63 has 0 frames in his Queue on destruction
[2026-08-27 09:26:36.558] [70962] [HailoRT] [info] [queue_elements.cpp:68] [operator()] Thread in element UserBuffQEl6best/conv63 is not running anymore, exiting..
[2026-08-27 09:26:36.558] [70945] [HailoRT] [info] [queue_elements.cpp:46] [~BaseQueueElement] Queue element UserBuffQEl6best/conv63 has 0 frames in his Queue on destruction
[2026-08-27 09:26:36.559] [70945] [HailoRT] [info] [core_op.cpp:186] [deactivate] Deactivating took 0.434444 ms
[2026-08-27 09:26:36.559] [70945] [HailoRT] [info] [core_op.cpp:186] [deactivate] Deactivating took 0.451852 ms
[2026-08-27 09:26:40.721] [92741] [HailoRT] [info] [vdevice.cpp:535] [create] Creating vdevice with params: device_count: 1, scheduling_algorithm: NONE, multi_process_service: false
[2026-08-27 09:26:40.732] [92741] [HailoRT] [info] [device.cpp:51] [Device] OS Version: Linux 6.18.39+rpt-rpi-2712 #1 SMP PREEMPT Debian 1:6.18.39-1+rpt1 (2026-07-29) aarch64
[2026-08-27 09:26:40.732] [92741] [HailoRT] [info] [control.cpp:113] [control__parse_identify_results] firmware_version is: 4.23.0
[2026-08-27 09:26:40.732] [92741] [HailoRT] [info] [vdevice.cpp:682] [create] VDevice Infos: 0001:01:00.0
[2026-08-27 09:26:40.737] [92741] [HailoRT] [info] [internal_buffer_manager.cpp:75] [print_execution_results] Default Internal buffer planner failed to meet requirements
[2026-08-27 09:26:40.737] [92741] [HailoRT] [info] [internal_buffer_manager.cpp:86] [print_execution_results] Default Internal buffer planner executed successfully
[2026-08-27 09:26:40.747] [92741] [HailoRT] [info] [device_internal.cpp:57] [configure] Configuring HEF took 14.262278 milliseconds
[2026-08-27 09:26:40.747] [92741] [HailoRT] [info] [vdevice.cpp:780] [configure] Configuring HEF on VDevice took 14.557111 milliseconds
[2026-08-27 09:26:40.747] [92741] [HailoRT] [info] [hef.cpp:1994] [get_network_group_and_network_name] No name was given. Addressing all networks of default network_group: best
[2026-08-27 09:26:40.747] [92741] [HailoRT] [info] [hef.cpp:1994] [get_network_group_and_network_name] No name was given. Addressing all networks of default network_group: best
[2026-08-27 09:26:40.747] [92741] [HailoRT] [info] [core_op.cpp:156] [activate] Activating best took 0.440667 milliseconds. Note that the function is asynchronous and thus the network is not fully activated yet.
[2026-08-27 09:26:40.747] [92741] [HailoRT] [info] [core_op.cpp:156] [activate] Activating best took 0.449759 milliseconds. Note that the function is asynchronous and thus the network is not fully activated yet.
[2026-08-27 09:26:40.748] [92741] [HailoRT] [info] [edge_elements.cpp:52] [create] Created (HwWriteEl10best/input_layer1 | hw_frame_size: 307200)
[2026-08-27 09:26:40.748] [92741] [HailoRT] [info] [vstream.cpp:754] [InputVStreamImpl] Creating best/input_layer1...
[2026-08-27 09:26:40.748] [92741] [HailoRT] [info] [vstream_builder.cpp:102] [create_inputs] Input pipeline 'best/input_layer1': (HwWriteEl10best/input_layer1 | hw_frame_size: 307200) >> HW
[2026-08-27 09:26:40.748] [92741] [HailoRT] [info] [edge_elements.cpp:287] [create] Created (HwReadEl13best/conv41 | hw_frame_size: 102400)
[2026-08-27 09:26:40.748] [92741] [HailoRT] [info] [queue_elements.cpp:657] [create] Created (PullQEl_hw_read13best/conv41)
[2026-08-27 09:26:40.748] [92741] [HailoRT] [info] [filter_elements.cpp:372] [create] Created (PostInferEl13best/conv41 | Quantization - src_type: UINT8, dst_type FLOAT32, limvals_min: -10.4737, limvals_max: 14.487)
[2026-08-27 09:26:40.748] [92741] [HailoRT] [info] [queue_elements.cpp:800] [create] Created (UserBuffQEl13best/conv41 | timeout: 10s)
[2026-08-27 09:26:40.748] [92741] [HailoRT] [info] [vstream.cpp:1114] [OutputVStreamImpl] Creating best/conv41...
[2026-08-27 09:26:40.748] [92741] [HailoRT] [info] [vstream_builder.cpp:220] [create_outputs] Output pipeline 'best/conv41': HW >> (HwReadEl13best/conv41 | hw_frame_size: 102400) >> (PullQEl_hw_read13best/conv41) >> (PostInferEl13best/conv41 | Quantization - src_type: UINT8, dst_type FLOAT32, limvals_min: -10.4737, limvals_max: 14.487) >> (UserBuffQEl13best/conv41 | timeout: 10s)
[2026-08-27 09:26:40.748] [92741] [HailoRT] [info] [edge_elements.cpp:287] [create] Created (HwReadEl12best/conv42 | hw_frame_size: 1600)
[2026-08-27 09:26:40.748] [92741] [HailoRT] [info] [queue_elements.cpp:657] [create] Created (PullQEl_hw_read12best/conv42)
[2026-08-27 09:26:40.748] [92741] [HailoRT] [info] [filter_elements.cpp:372] [create] Created (PostInferEl12best/conv42 | Quantization - src_type: UINT8, dst_type FLOAT32, limvals_min: -21.8247, limvals_max: 2.0607)
[2026-08-27 09:26:40.748] [92741] [HailoRT] [info] [queue_elements.cpp:800] [create] Created (UserBuffQEl12best/conv42 | timeout: 10s)
[2026-08-27 09:26:40.748] [92741] [HailoRT] [info] [vstream.cpp:1114] [OutputVStreamImpl] Creating best/conv42...
[2026-08-27 09:26:40.748] [92741] [HailoRT] [info] [vstream_builder.cpp:220] [create_outputs] Output pipeline 'best/conv42': HW >> (HwReadEl12best/conv42 | hw_frame_size: 1600) >> (PullQEl_hw_read12best/conv42) >> (PostInferEl12best/conv42 | Quantization - src_type: UINT8, dst_type FLOAT32, limvals_min: -21.8247, limvals_max: 2.0607) >> (UserBuffQEl12best/conv42 | timeout: 10s)
[2026-08-27 09:26:40.748] [92741] [HailoRT] [info] [edge_elements.cpp:287] [create] Created (HwReadEl15best/conv52 | hw_frame_size: 25600)
[2026-08-27 09:26:40.748] [92741] [HailoRT] [info] [queue_elements.cpp:657] [create] Created (PullQEl_hw_read15best/conv52)
[2026-08-27 09:26:40.748] [92741] [HailoRT] [info] [filter_elements.cpp:372] [create] Created (PostInferEl15best/conv52 | Quantization - src_type: UINT8, dst_type FLOAT32, limvals_min: -9.8639, limvals_max: 15.289)
[2026-08-27 09:26:40.748] [92741] [HailoRT] [info] [queue_elements.cpp:800] [create] Created (UserBuffQEl15best/conv52 | timeout: 10s)
[2026-08-27 09:26:40.748] [92741] [HailoRT] [info] [vstream.cpp:1114] [OutputVStreamImpl] Creating best/conv52...
[2026-08-27 09:26:40.748] [92741] [HailoRT] [info] [vstream_builder.cpp:220] [create_outputs] Output pipeline 'best/conv52': HW >> (HwReadEl15best/conv52 | hw_frame_size: 25600) >> (PullQEl_hw_read15best/conv52) >> (PostInferEl15best/conv52 | Quantization - src_type: UINT8, dst_type FLOAT32, limvals_min: -9.8639, limvals_max: 15.289) >> (UserBuffQEl15best/conv52 | timeout: 10s)
[2026-08-27 09:26:40.748] [92741] [HailoRT] [info] [edge_elements.cpp:287] [create] Created (HwReadEl14best/conv53 | hw_frame_size: 3200)
[2026-08-27 09:26:40.748] [92741] [HailoRT] [info] [queue_elements.cpp:657] [create] Created (PullQEl_hw_read14best/conv53)
[2026-08-27 09:26:40.748] [92741] [HailoRT] [info] [filter_elements.cpp:372] [create] Created (PostInferEl14best/conv53 | Quantization - src_type: UINT8, dst_type FLOAT32, limvals_min: -16.0087, limvals_max: 3.52344 | Reorder - src_order: FCR, src_shape: (20, 20, 8), dst_order: FCR, dst_shape: (20, 20, 1))
[2026-08-27 09:26:40.748] [92741] [HailoRT] [info] [queue_elements.cpp:800] [create] Created (UserBuffQEl14best/conv53 | timeout: 10s)
[2026-08-27 09:26:40.748] [92741] [HailoRT] [info] [vstream.cpp:1114] [OutputVStreamImpl] Creating best/conv53...
[2026-08-27 09:26:40.748] [92741] [HailoRT] [info] [vstream_builder.cpp:220] [create_outputs] Output pipeline 'best/conv53': HW >> (HwReadEl14best/conv53 | hw_frame_size: 3200) >> (PullQEl_hw_read14best/conv53) >> (PostInferEl14best/conv53 | Quantization - src_type: UINT8, dst_type FLOAT32, limvals_min: -16.0087, limvals_max: 3.52344 | Reorder - src_order: FCR, src_shape: (20, 20, 8), dst_order: FCR, dst_shape: (20, 20, 1)) >> (UserBuffQEl14best/conv53 | timeout: 10s)
[2026-08-27 09:26:40.748] [92741] [HailoRT] [info] [edge_elements.cpp:287] [create] Created (HwReadEl11best/conv62 | hw_frame_size: 6400)
[2026-08-27 09:26:40.748] [92741] [HailoRT] [info] [queue_elements.cpp:657] [create] Created (PullQEl_hw_read11best/conv62)
[2026-08-27 09:26:40.748] [92741] [HailoRT] [info] [filter_elements.cpp:372] [create] Created (PostInferEl11best/conv62 | Quantization - src_type: UINT8, dst_type FLOAT32, limvals_min: -7.15299, limvals_max: 11.0871)
[2026-08-27 09:26:40.748] [92741] [HailoRT] [info] [queue_elements.cpp:800] [create] Created (UserBuffQEl11best/conv62 | timeout: 10s)
[2026-08-27 09:26:40.748] [92741] [HailoRT] [info] [vstream.cpp:1114] [OutputVStreamImpl] Creating best/conv62...
[2026-08-27 09:26:40.748] [92741] [HailoRT] [info] [vstream_builder.cpp:220] [create_outputs] Output pipeline 'best/conv62': HW >> (HwReadEl11best/conv62 | hw_frame_size: 6400) >> (PullQEl_hw_read11best/conv62) >> (PostInferEl11best/conv62 | Quantization - src_type: UINT8, dst_type FLOAT32, limvals_min: -7.15299, limvals_max: 11.0871) >> (UserBuffQEl11best/conv62 | timeout: 10s)
[2026-08-27 09:26:40.749] [92741] [HailoRT] [info] [edge_elements.cpp:287] [create] Created (HwReadEl6best/conv63 | hw_frame_size: 800)
[2026-08-27 09:26:40.749] [92741] [HailoRT] [info] [queue_elements.cpp:657] [create] Created (PullQEl_hw_read6best/conv63)
[2026-08-27 09:26:40.749] [92741] [HailoRT] [info] [filter_elements.cpp:372] [create] Created (PostInferEl6best/conv63 | Quantization - src_type: UINT8, dst_type FLOAT32, limvals_min: -10.7449, limvals_max: 0 | Reorder - src_order: FCR, src_shape: (10, 10, 8), dst_order: FCR, dst_shape: (10, 10, 1))
[2026-08-27 09:26:40.749] [92741] [HailoRT] [info] [queue_elements.cpp:800] [create] Created (UserBuffQEl6best/conv63 | timeout: 10s)
[2026-08-27 09:26:40.749] [92741] [HailoRT] [info] [vstream.cpp:1114] [OutputVStreamImpl] Creating best/conv63...
[2026-08-27 09:26:40.749] [92741] [HailoRT] [info] [vstream_builder.cpp:220] [create_outputs] Output pipeline 'best/conv63': HW >> (HwReadEl6best/conv63 | hw_frame_size: 800) >> (PullQEl_hw_read6best/conv63) >> (PostInferEl6best/conv63 | Quantization - src_type: UINT8, dst_type FLOAT32, limvals_min: -10.7449, limvals_max: 0 | Reorder - src_order: FCR, src_shape: (10, 10, 8), dst_order: FCR, dst_shape: (10, 10, 1)) >> (UserBuffQEl6best/conv63 | timeout: 10s)
[2026-08-27 09:27:58.667] [92748] [HailoRT] [info] [queue_elements.cpp:855] [run_in_thread] Shutdown event was signaled in dequeue of UserBuffQEl13best/conv41!
[2026-08-27 09:27:58.667] [92747] [HailoRT] [info] [vdevice_native_stream.cpp:331] [read_impl] Failed read from stream HAILO_STREAM_ABORT(63) (device: 0001:01:00.0)
[2026-08-27 09:27:58.667] [92747] [HailoRT] [info] [edge_elements.cpp:396] [run_pull] Reading from stream was aborted!
[2026-08-27 09:27:58.667] [92747] [HailoRT] [info] [queue_elements.cpp:738] [run_in_thread] run_pull of queue element PullQEl_hw_read13best/conv41 was aborted!
[2026-08-27 09:27:58.667] [92747] [HailoRT] [info] [queue_elements.cpp:68] [operator()] Thread in element PullQEl_hw_read13best/conv41 is not running anymore, exiting..
[2026-08-27 09:27:58.667] [92741] [HailoRT] [info] [queue_elements.cpp:46] [~BaseQueueElement] Queue element PullQEl_hw_read13best/conv41 has 0 frames in his Queue on destruction
[2026-08-27 09:27:58.667] [92748] [HailoRT] [info] [queue_elements.cpp:68] [operator()] Thread in element UserBuffQEl13best/conv41 is not running anymore, exiting..
[2026-08-27 09:27:58.667] [92741] [HailoRT] [info] [queue_elements.cpp:46] [~BaseQueueElement] Queue element UserBuffQEl13best/conv41 has 0 frames in his Queue on destruction
[2026-08-27 09:27:58.667] [92750] [HailoRT] [info] [queue_elements.cpp:855] [run_in_thread] Shutdown event was signaled in dequeue of UserBuffQEl12best/conv42!
[2026-08-27 09:27:58.667] [92749] [HailoRT] [info] [vdevice_native_stream.cpp:331] [read_impl] Failed read from stream HAILO_STREAM_ABORT(63) (device: 0001:01:00.0)
[2026-08-27 09:27:58.667] [92749] [HailoRT] [info] [edge_elements.cpp:396] [run_pull] Reading from stream was aborted!
[2026-08-27 09:27:58.667] [92749] [HailoRT] [info] [queue_elements.cpp:738] [run_in_thread] run_pull of queue element PullQEl_hw_read12best/conv42 was aborted!
[2026-08-27 09:27:58.667] [92749] [HailoRT] [info] [queue_elements.cpp:68] [operator()] Thread in element PullQEl_hw_read12best/conv42 is not running anymore, exiting..
[2026-08-27 09:27:58.667] [92741] [HailoRT] [info] [queue_elements.cpp:46] [~BaseQueueElement] Queue element PullQEl_hw_read12best/conv42 has 0 frames in his Queue on destruction
[2026-08-27 09:27:58.667] [92750] [HailoRT] [info] [queue_elements.cpp:68] [operator()] Thread in element UserBuffQEl12best/conv42 is not running anymore, exiting..
[2026-08-27 09:27:58.667] [92741] [HailoRT] [info] [queue_elements.cpp:46] [~BaseQueueElement] Queue element UserBuffQEl12best/conv42 has 0 frames in his Queue on destruction
[2026-08-27 09:27:58.667] [92752] [HailoRT] [info] [queue_elements.cpp:855] [run_in_thread] Shutdown event was signaled in dequeue of UserBuffQEl15best/conv52!
[2026-08-27 09:27:58.667] [92751] [HailoRT] [info] [vdevice_native_stream.cpp:331] [read_impl] Failed read from stream HAILO_STREAM_ABORT(63) (device: 0001:01:00.0)
[2026-08-27 09:27:58.667] [92751] [HailoRT] [info] [edge_elements.cpp:396] [run_pull] Reading from stream was aborted!
[2026-08-27 09:27:58.667] [92751] [HailoRT] [info] [queue_elements.cpp:738] [run_in_thread] run_pull of queue element PullQEl_hw_read15best/conv52 was aborted!
[2026-08-27 09:27:58.667] [92751] [HailoRT] [info] [queue_elements.cpp:68] [operator()] Thread in element PullQEl_hw_read15best/conv52 is not running anymore, exiting..
[2026-08-27 09:27:58.668] [92741] [HailoRT] [info] [queue_elements.cpp:46] [~BaseQueueElement] Queue element PullQEl_hw_read15best/conv52 has 0 frames in his Queue on destruction
[2026-08-27 09:27:58.668] [92752] [HailoRT] [info] [queue_elements.cpp:68] [operator()] Thread in element UserBuffQEl15best/conv52 is not running anymore, exiting..
[2026-08-27 09:27:58.668] [92741] [HailoRT] [info] [queue_elements.cpp:46] [~BaseQueueElement] Queue element UserBuffQEl15best/conv52 has 0 frames in his Queue on destruction
[2026-08-27 09:27:58.668] [92753] [HailoRT] [info] [vdevice_native_stream.cpp:331] [read_impl] Failed read from stream HAILO_STREAM_ABORT(63) (device: 0001:01:00.0)
[2026-08-27 09:27:58.668] [92753] [HailoRT] [info] [edge_elements.cpp:396] [run_pull] Reading from stream was aborted!
[2026-08-27 09:27:58.668] [92754] [HailoRT] [info] [queue_elements.cpp:855] [run_in_thread] Shutdown event was signaled in dequeue of UserBuffQEl14best/conv53!
[2026-08-27 09:27:58.668] [92753] [HailoRT] [info] [queue_elements.cpp:738] [run_in_thread] run_pull of queue element PullQEl_hw_read14best/conv53 was aborted!
[2026-08-27 09:27:58.668] [92753] [HailoRT] [info] [queue_elements.cpp:68] [operator()] Thread in element PullQEl_hw_read14best/conv53 is not running anymore, exiting..
[2026-08-27 09:27:58.668] [92741] [HailoRT] [info] [queue_elements.cpp:46] [~BaseQueueElement] Queue element PullQEl_hw_read14best/conv53 has 0 frames in his Queue on destruction
[2026-08-27 09:27:58.668] [92754] [HailoRT] [info] [queue_elements.cpp:68] [operator()] Thread in element UserBuffQEl14best/conv53 is not running anymore, exiting..
[2026-08-27 09:27:58.668] [92741] [HailoRT] [info] [queue_elements.cpp:46] [~BaseQueueElement] Queue element UserBuffQEl14best/conv53 has 0 frames in his Queue on destruction
[2026-08-27 09:27:58.668] [92755] [HailoRT] [info] [vdevice_native_stream.cpp:331] [read_impl] Failed read from stream HAILO_STREAM_ABORT(63) (device: 0001:01:00.0)
[2026-08-27 09:27:58.668] [92755] [HailoRT] [info] [edge_elements.cpp:396] [run_pull] Reading from stream was aborted!
[2026-08-27 09:27:58.668] [92756] [HailoRT] [info] [queue_elements.cpp:855] [run_in_thread] Shutdown event was signaled in dequeue of UserBuffQEl11best/conv62!
[2026-08-27 09:27:58.668] [92755] [HailoRT] [info] [queue_elements.cpp:738] [run_in_thread] run_pull of queue element PullQEl_hw_read11best/conv62 was aborted!
[2026-08-27 09:27:58.668] [92755] [HailoRT] [info] [queue_elements.cpp:68] [operator()] Thread in element PullQEl_hw_read11best/conv62 is not running anymore, exiting..
[2026-08-27 09:27:58.668] [92741] [HailoRT] [info] [queue_elements.cpp:46] [~BaseQueueElement] Queue element PullQEl_hw_read11best/conv62 has 0 frames in his Queue on destruction
[2026-08-27 09:27:58.668] [92756] [HailoRT] [info] [queue_elements.cpp:68] [operator()] Thread in element UserBuffQEl11best/conv62 is not running anymore, exiting..
[2026-08-27 09:27:58.668] [92741] [HailoRT] [info] [queue_elements.cpp:46] [~BaseQueueElement] Queue element UserBuffQEl11best/conv62 has 0 frames in his Queue on destruction
[2026-08-27 09:27:58.668] [92757] [HailoRT] [info] [vdevice_native_stream.cpp:331] [read_impl] Failed read from stream HAILO_STREAM_ABORT(63) (device: 0001:01:00.0)
[2026-08-27 09:27:58.668] [92757] [HailoRT] [info] [edge_elements.cpp:396] [run_pull] Reading from stream was aborted!
[2026-08-27 09:27:58.668] [92758] [HailoRT] [info] [queue_elements.cpp:855] [run_in_thread] Shutdown event was signaled in dequeue of UserBuffQEl6best/conv63!
[2026-08-27 09:27:58.668] [92757] [HailoRT] [info] [queue_elements.cpp:738] [run_in_thread] run_pull of queue element PullQEl_hw_read6best/conv63 was aborted!
[2026-08-27 09:27:58.668] [92757] [HailoRT] [info] [queue_elements.cpp:68] [operator()] Thread in element PullQEl_hw_read6best/conv63 is not running anymore, exiting..
[2026-08-27 09:27:58.668] [92741] [HailoRT] [info] [queue_elements.cpp:46] [~BaseQueueElement] Queue element PullQEl_hw_read6best/conv63 has 0 frames in his Queue on destruction
[2026-08-27 09:27:58.668] [92758] [HailoRT] [info] [queue_elements.cpp:68] [operator()] Thread in element UserBuffQEl6best/conv63 is not running anymore, exiting..
[2026-08-27 09:27:58.668] [92741] [HailoRT] [info] [queue_elements.cpp:46] [~BaseQueueElement] Queue element UserBuffQEl6best/conv63 has 0 frames in his Queue on destruction
[2026-08-27 09:27:58.668] [92741] [HailoRT] [info] [core_op.cpp:186] [deactivate] Deactivating took 0.4375 ms
[2026-08-27 09:27:58.668] [92741] [HailoRT] [info] [core_op.cpp:186] [deactivate] Deactivating took 0.466037 ms
[2026-08-27 09:28:02.825] [107396] [HailoRT] [info] [vdevice.cpp:535] [create] Creating vdevice with params: device_count: 1, scheduling_algorithm: NONE, multi_process_service: false
[2026-08-27 09:28:02.836] [107396] [HailoRT] [info] [device.cpp:51] [Device] OS Version: Linux 6.18.39+rpt-rpi-2712 #1 SMP PREEMPT Debian 1:6.18.39-1+rpt1 (2026-07-29) aarch64
[2026-08-27 09:28:02.836] [107396] [HailoRT] [info] [control.cpp:113] [control__parse_identify_results] firmware_version is: 4.23.0
[2026-08-27 09:28:02.836] [107396] [HailoRT] [info] [vdevice.cpp:682] [create] VDevice Infos: 0001:01:00.0
[2026-08-27 09:28:02.841] [107396] [HailoRT] [info] [internal_buffer_manager.cpp:75] [print_execution_results] Default Internal buffer planner failed to meet requirements
[2026-08-27 09:28:02.841] [107396] [HailoRT] [info] [internal_buffer_manager.cpp:86] [print_execution_results] Default Internal buffer planner executed successfully
[2026-08-27 09:28:02.851] [107396] [HailoRT] [info] [device_internal.cpp:57] [configure] Configuring HEF took 14.360185 milliseconds
[2026-08-27 09:28:02.851] [107396] [HailoRT] [info] [vdevice.cpp:780] [configure] Configuring HEF on VDevice took 14.660722 milliseconds
[2026-08-27 09:28:02.851] [107396] [HailoRT] [info] [hef.cpp:1994] [get_network_group_and_network_name] No name was given. Addressing all networks of default network_group: best
[2026-08-27 09:28:02.851] [107396] [HailoRT] [info] [hef.cpp:1994] [get_network_group_and_network_name] No name was given. Addressing all networks of default network_group: best
[2026-08-27 09:28:02.851] [107396] [HailoRT] [info] [core_op.cpp:156] [activate] Activating best took 0.43574 milliseconds. Note that the function is asynchronous and thus the network is not fully activated yet.
[2026-08-27 09:28:02.851] [107396] [HailoRT] [info] [core_op.cpp:156] [activate] Activating best took 0.445852 milliseconds. Note that the function is asynchronous and thus the network is not fully activated yet.
[2026-08-27 09:28:02.852] [107396] [HailoRT] [info] [edge_elements.cpp:52] [create] Created (HwWriteEl10best/input_layer1 | hw_frame_size: 307200)
[2026-08-27 09:28:02.852] [107396] [HailoRT] [info] [vstream.cpp:754] [InputVStreamImpl] Creating best/input_layer1...
[2026-08-27 09:28:02.852] [107396] [HailoRT] [info] [vstream_builder.cpp:102] [create_inputs] Input pipeline 'best/input_layer1': (HwWriteEl10best/input_layer1 | hw_frame_size: 307200) >> HW
[2026-08-27 09:28:02.852] [107396] [HailoRT] [info] [edge_elements.cpp:287] [create] Created (HwReadEl13best/conv41 | hw_frame_size: 102400)
[2026-08-27 09:28:02.852] [107396] [HailoRT] [info] [queue_elements.cpp:657] [create] Created (PullQEl_hw_read13best/conv41)
[2026-08-27 09:28:02.852] [107396] [HailoRT] [info] [filter_elements.cpp:372] [create] Created (PostInferEl13best/conv41 | Quantization - src_type: UINT8, dst_type FLOAT32, limvals_min: -10.4737, limvals_max: 14.487)
[2026-08-27 09:28:02.852] [107396] [HailoRT] [info] [queue_elements.cpp:800] [create] Created (UserBuffQEl13best/conv41 | timeout: 10s)
[2026-08-27 09:28:02.852] [107396] [HailoRT] [info] [vstream.cpp:1114] [OutputVStreamImpl] Creating best/conv41...
[2026-08-27 09:28:02.852] [107396] [HailoRT] [info] [vstream_builder.cpp:220] [create_outputs] Output pipeline 'best/conv41': HW >> (HwReadEl13best/conv41 | hw_frame_size: 102400) >> (PullQEl_hw_read13best/conv41) >> (PostInferEl13best/conv41 | Quantization - src_type: UINT8, dst_type FLOAT32, limvals_min: -10.4737, limvals_max: 14.487) >> (UserBuffQEl13best/conv41 | timeout: 10s)
[2026-08-27 09:28:02.852] [107396] [HailoRT] [info] [edge_elements.cpp:287] [create] Created (HwReadEl12best/conv42 | hw_frame_size: 1600)
[2026-08-27 09:28:02.852] [107396] [HailoRT] [info] [queue_elements.cpp:657] [create] Created (PullQEl_hw_read12best/conv42)
[2026-08-27 09:28:02.852] [107396] [HailoRT] [info] [filter_elements.cpp:372] [create] Created (PostInferEl12best/conv42 | Quantization - src_type: UINT8, dst_type FLOAT32, limvals_min: -21.8247, limvals_max: 2.0607)
[2026-08-27 09:28:02.852] [107396] [HailoRT] [info] [queue_elements.cpp:800] [create] Created (UserBuffQEl12best/conv42 | timeout: 10s)
[2026-08-27 09:28:02.852] [107396] [HailoRT] [info] [vstream.cpp:1114] [OutputVStreamImpl] Creating best/conv42...
[2026-08-27 09:28:02.852] [107396] [HailoRT] [info] [vstream_builder.cpp:220] [create_outputs] Output pipeline 'best/conv42': HW >> (HwReadEl12best/conv42 | hw_frame_size: 1600) >> (PullQEl_hw_read12best/conv42) >> (PostInferEl12best/conv42 | Quantization - src_type: UINT8, dst_type FLOAT32, limvals_min: -21.8247, limvals_max: 2.0607) >> (UserBuffQEl12best/conv42 | timeout: 10s)
[2026-08-27 09:28:02.852] [107396] [HailoRT] [info] [edge_elements.cpp:287] [create] Created (HwReadEl15best/conv52 | hw_frame_size: 25600)
[2026-08-27 09:28:02.852] [107396] [HailoRT] [info] [queue_elements.cpp:657] [create] Created (PullQEl_hw_read15best/conv52)
[2026-08-27 09:28:02.852] [107396] [HailoRT] [info] [filter_elements.cpp:372] [create] Created (PostInferEl15best/conv52 | Quantization - src_type: UINT8, dst_type FLOAT32, limvals_min: -9.8639, limvals_max: 15.289)
[2026-08-27 09:28:02.852] [107396] [HailoRT] [info] [queue_elements.cpp:800] [create] Created (UserBuffQEl15best/conv52 | timeout: 10s)
[2026-08-27 09:28:02.852] [107396] [HailoRT] [info] [vstream.cpp:1114] [OutputVStreamImpl] Creating best/conv52...
[2026-08-27 09:28:02.852] [107396] [HailoRT] [info] [vstream_builder.cpp:220] [create_outputs] Output pipeline 'best/conv52': HW >> (HwReadEl15best/conv52 | hw_frame_size: 25600) >> (PullQEl_hw_read15best/conv52) >> (PostInferEl15best/conv52 | Quantization - src_type: UINT8, dst_type FLOAT32, limvals_min: -9.8639, limvals_max: 15.289) >> (UserBuffQEl15best/conv52 | timeout: 10s)
[2026-08-27 09:28:02.852] [107396] [HailoRT] [info] [edge_elements.cpp:287] [create] Created (HwReadEl14best/conv53 | hw_frame_size: 3200)
[2026-08-27 09:28:02.852] [107396] [HailoRT] [info] [queue_elements.cpp:657] [create] Created (PullQEl_hw_read14best/conv53)
[2026-08-27 09:28:02.852] [107396] [HailoRT] [info] [filter_elements.cpp:372] [create] Created (PostInferEl14best/conv53 | Quantization - src_type: UINT8, dst_type FLOAT32, limvals_min: -16.0087, limvals_max: 3.52344 | Reorder - src_order: FCR, src_shape: (20, 20, 8), dst_order: FCR, dst_shape: (20, 20, 1))
[2026-08-27 09:28:02.852] [107396] [HailoRT] [info] [queue_elements.cpp:800] [create] Created (UserBuffQEl14best/conv53 | timeout: 10s)
[2026-08-27 09:28:02.852] [107396] [HailoRT] [info] [vstream.cpp:1114] [OutputVStreamImpl] Creating best/conv53...
[2026-08-27 09:28:02.852] [107396] [HailoRT] [info] [vstream_builder.cpp:220] [create_outputs] Output pipeline 'best/conv53': HW >> (HwReadEl14best/conv53 | hw_frame_size: 3200) >> (PullQEl_hw_read14best/conv53) >> (PostInferEl14best/conv53 | Quantization - src_type: UINT8, dst_type FLOAT32, limvals_min: -16.0087, limvals_max: 3.52344 | Reorder - src_order: FCR, src_shape: (20, 20, 8), dst_order: FCR, dst_shape: (20, 20, 1)) >> (UserBuffQEl14best/conv53 | timeout: 10s)
[2026-08-27 09:28:02.853] [107396] [HailoRT] [info] [edge_elements.cpp:287] [create] Created (HwReadEl11best/conv62 | hw_frame_size: 6400)
[2026-08-27 09:28:02.853] [107396] [HailoRT] [info] [queue_elements.cpp:657] [create] Created (PullQEl_hw_read11best/conv62)
[2026-08-27 09:28:02.853] [107396] [HailoRT] [info] [filter_elements.cpp:372] [create] Created (PostInferEl11best/conv62 | Quantization - src_type: UINT8, dst_type FLOAT32, limvals_min: -7.15299, limvals_max: 11.0871)
[2026-08-27 09:28:02.853] [107396] [HailoRT] [info] [queue_elements.cpp:800] [create] Created (UserBuffQEl11best/conv62 | timeout: 10s)
[2026-08-27 09:28:02.853] [107396] [HailoRT] [info] [vstream.cpp:1114] [OutputVStreamImpl] Creating best/conv62...
[2026-08-27 09:28:02.853] [107396] [HailoRT] [info] [vstream_builder.cpp:220] [create_outputs] Output pipeline 'best/conv62': HW >> (HwReadEl11best/conv62 | hw_frame_size: 6400) >> (PullQEl_hw_read11best/conv62) >> (PostInferEl11best/conv62 | Quantization - src_type: UINT8, dst_type FLOAT32, limvals_min: -7.15299, limvals_max: 11.0871) >> (UserBuffQEl11best/conv62 | timeout: 10s)
[2026-08-27 09:28:02.853] [107396] [HailoRT] [info] [edge_elements.cpp:287] [create] Created (HwReadEl6best/conv63 | hw_frame_size: 800)
[2026-08-27 09:28:02.853] [107396] [HailoRT] [info] [queue_elements.cpp:657] [create] Created (PullQEl_hw_read6best/conv63)
[2026-08-27 09:28:02.853] [107396] [HailoRT] [info] [filter_elements.cpp:372] [create] Created (PostInferEl6best/conv63 | Quantization - src_type: UINT8, dst_type FLOAT32, limvals_min: -10.7449, limvals_max: 0 | Reorder - src_order: FCR, src_shape: (10, 10, 8), dst_order: FCR, dst_shape: (10, 10, 1))
[2026-08-27 09:28:02.853] [107396] [HailoRT] [info] [queue_elements.cpp:800] [create] Created (UserBuffQEl6best/conv63 | timeout: 10s)
[2026-08-27 09:28:02.853] [107396] [HailoRT] [info] [vstream.cpp:1114] [OutputVStreamImpl] Creating best/conv63...
[2026-08-27 09:28:02.853] [107396] [HailoRT] [info] [vstream_builder.cpp:220] [create_outputs] Output pipeline 'best/conv63': HW >> (HwReadEl6best/conv63 | hw_frame_size: 800) >> (PullQEl_hw_read6best/conv63) >> (PostInferEl6best/conv63 | Quantization - src_type: UINT8, dst_type FLOAT32, limvals_min: -10.7449, limvals_max: 0 | Reorder - src_order: FCR, src_shape: (10, 10, 8), dst_order: FCR, dst_shape: (10, 10, 1)) >> (UserBuffQEl6best/conv63 | timeout: 10s)
[2026-08-27 09:31:02.683] [107403] [HailoRT] [info] [queue_elements.cpp:855] [run_in_thread] Shutdown event was signaled in dequeue of UserBuffQEl13best/conv41!
[2026-08-27 09:31:02.683] [107402] [HailoRT] [info] [vdevice_native_stream.cpp:331] [read_impl] Failed read from stream HAILO_STREAM_ABORT(63) (device: 0001:01:00.0)
[2026-08-27 09:31:02.684] [107402] [HailoRT] [info] [edge_elements.cpp:396] [run_pull] Reading from stream was aborted!
[2026-08-27 09:31:02.684] [107402] [HailoRT] [info] [queue_elements.cpp:738] [run_in_thread] run_pull of queue element PullQEl_hw_read13best/conv41 was aborted!
[2026-08-27 09:31:02.684] [107402] [HailoRT] [info] [queue_elements.cpp:68] [operator()] Thread in element PullQEl_hw_read13best/conv41 is not running anymore, exiting..
[2026-08-27 09:31:02.684] [107396] [HailoRT] [info] [queue_elements.cpp:46] [~BaseQueueElement] Queue element PullQEl_hw_read13best/conv41 has 0 frames in his Queue on destruction
[2026-08-27 09:31:02.684] [107403] [HailoRT] [info] [queue_elements.cpp:68] [operator()] Thread in element UserBuffQEl13best/conv41 is not running anymore, exiting..
[2026-08-27 09:31:02.684] [107396] [HailoRT] [info] [queue_elements.cpp:46] [~BaseQueueElement] Queue element UserBuffQEl13best/conv41 has 0 frames in his Queue on destruction
[2026-08-27 09:31:02.684] [107404] [HailoRT] [info] [vdevice_native_stream.cpp:331] [read_impl] Failed read from stream HAILO_STREAM_ABORT(63) (device: 0001:01:00.0)
[2026-08-27 09:31:02.684] [107404] [HailoRT] [info] [edge_elements.cpp:396] [run_pull] Reading from stream was aborted!
[2026-08-27 09:31:02.684] [107405] [HailoRT] [info] [queue_elements.cpp:855] [run_in_thread] Shutdown event was signaled in dequeue of UserBuffQEl12best/conv42!
[2026-08-27 09:31:02.684] [107404] [HailoRT] [info] [queue_elements.cpp:738] [run_in_thread] run_pull of queue element PullQEl_hw_read12best/conv42 was aborted!
[2026-08-27 09:31:02.684] [107404] [HailoRT] [info] [queue_elements.cpp:68] [operator()] Thread in element PullQEl_hw_read12best/conv42 is not running anymore, exiting..
[2026-08-27 09:31:02.684] [107396] [HailoRT] [info] [queue_elements.cpp:46] [~BaseQueueElement] Queue element PullQEl_hw_read12best/conv42 has 0 frames in his Queue on destruction
[2026-08-27 09:31:02.684] [107405] [HailoRT] [info] [queue_elements.cpp:68] [operator()] Thread in element UserBuffQEl12best/conv42 is not running anymore, exiting..
[2026-08-27 09:31:02.684] [107396] [HailoRT] [info] [queue_elements.cpp:46] [~BaseQueueElement] Queue element UserBuffQEl12best/conv42 has 0 frames in his Queue on destruction
[2026-08-27 09:31:02.684] [107406] [HailoRT] [info] [vdevice_native_stream.cpp:331] [read_impl] Failed read from stream HAILO_STREAM_ABORT(63) (device: 0001:01:00.0)
[2026-08-27 09:31:02.684] [107407] [HailoRT] [info] [queue_elements.cpp:855] [run_in_thread] Shutdown event was signaled in dequeue of UserBuffQEl15best/conv52!
[2026-08-27 09:31:02.684] [107406] [HailoRT] [info] [edge_elements.cpp:396] [run_pull] Reading from stream was aborted!
[2026-08-27 09:31:02.684] [107406] [HailoRT] [info] [queue_elements.cpp:738] [run_in_thread] run_pull of queue element PullQEl_hw_read15best/conv52 was aborted!
[2026-08-27 09:31:02.684] [107406] [HailoRT] [info] [queue_elements.cpp:68] [operator()] Thread in element PullQEl_hw_read15best/conv52 is not running anymore, exiting..
[2026-08-27 09:31:02.684] [107396] [HailoRT] [info] [queue_elements.cpp:46] [~BaseQueueElement] Queue element PullQEl_hw_read15best/conv52 has 0 frames in his Queue on destruction
[2026-08-27 09:31:02.684] [107407] [HailoRT] [info] [queue_elements.cpp:68] [operator()] Thread in element UserBuffQEl15best/conv52 is not running anymore, exiting..
[2026-08-27 09:31:02.684] [107396] [HailoRT] [info] [queue_elements.cpp:46] [~BaseQueueElement] Queue element UserBuffQEl15best/conv52 has 0 frames in his Queue on destruction
[2026-08-27 09:31:02.684] [107408] [HailoRT] [info] [vdevice_native_stream.cpp:331] [read_impl] Failed read from stream HAILO_STREAM_ABORT(63) (device: 0001:01:00.0)
[2026-08-27 09:31:02.684] [107408] [HailoRT] [info] [edge_elements.cpp:396] [run_pull] Reading from stream was aborted!
[2026-08-27 09:31:02.684] [107409] [HailoRT] [info] [queue_elements.cpp:855] [run_in_thread] Shutdown event was signaled in dequeue of UserBuffQEl14best/conv53!
[2026-08-27 09:31:02.684] [107408] [HailoRT] [info] [queue_elements.cpp:738] [run_in_thread] run_pull of queue element PullQEl_hw_read14best/conv53 was aborted!
[2026-08-27 09:31:02.684] [107408] [HailoRT] [info] [queue_elements.cpp:68] [operator()] Thread in element PullQEl_hw_read14best/conv53 is not running anymore, exiting..
[2026-08-27 09:31:02.684] [107396] [HailoRT] [info] [queue_elements.cpp:46] [~BaseQueueElement] Queue element PullQEl_hw_read14best/conv53 has 0 frames in his Queue on destruction
[2026-08-27 09:31:02.684] [107409] [HailoRT] [info] [queue_elements.cpp:68] [operator()] Thread in element UserBuffQEl14best/conv53 is not running anymore, exiting..
[2026-08-27 09:31:02.684] [107396] [HailoRT] [info] [queue_elements.cpp:46] [~BaseQueueElement] Queue element UserBuffQEl14best/conv53 has 0 frames in his Queue on destruction
[2026-08-27 09:31:02.684] [107410] [HailoRT] [info] [vdevice_native_stream.cpp:331] [read_impl] Failed read from stream HAILO_STREAM_ABORT(63) (device: 0001:01:00.0)
[2026-08-27 09:31:02.684] [107411] [HailoRT] [info] [queue_elements.cpp:855] [run_in_thread] Shutdown event was signaled in dequeue of UserBuffQEl11best/conv62!
[2026-08-27 09:31:02.684] [107410] [HailoRT] [info] [edge_elements.cpp:396] [run_pull] Reading from stream was aborted!
[2026-08-27 09:31:02.684] [107410] [HailoRT] [info] [queue_elements.cpp:738] [run_in_thread] run_pull of queue element PullQEl_hw_read11best/conv62 was aborted!
[2026-08-27 09:31:02.684] [107410] [HailoRT] [info] [queue_elements.cpp:68] [operator()] Thread in element PullQEl_hw_read11best/conv62 is not running anymore, exiting..
[2026-08-27 09:31:02.684] [107396] [HailoRT] [info] [queue_elements.cpp:46] [~BaseQueueElement] Queue element PullQEl_hw_read11best/conv62 has 0 frames in his Queue on destruction
[2026-08-27 09:31:02.684] [107411] [HailoRT] [info] [queue_elements.cpp:68] [operator()] Thread in element UserBuffQEl11best/conv62 is not running anymore, exiting..
[2026-08-27 09:31:02.684] [107396] [HailoRT] [info] [queue_elements.cpp:46] [~BaseQueueElement] Queue element UserBuffQEl11best/conv62 has 0 frames in his Queue on destruction
[2026-08-27 09:31:02.684] [107412] [HailoRT] [info] [vdevice_native_stream.cpp:331] [read_impl] Failed read from stream HAILO_STREAM_ABORT(63) (device: 0001:01:00.0)
[2026-08-27 09:31:02.684] [107413] [HailoRT] [info] [queue_elements.cpp:855] [run_in_thread] Shutdown event was signaled in dequeue of UserBuffQEl6best/conv63!
[2026-08-27 09:31:02.684] [107412] [HailoRT] [info] [edge_elements.cpp:396] [run_pull] Reading from stream was aborted!
[2026-08-27 09:31:02.684] [107412] [HailoRT] [info] [queue_elements.cpp:738] [run_in_thread] run_pull of queue element PullQEl_hw_read6best/conv63 was aborted!
[2026-08-27 09:31:02.684] [107412] [HailoRT] [info] [queue_elements.cpp:68] [operator()] Thread in element PullQEl_hw_read6best/conv63 is not running anymore, exiting..
[2026-08-27 09:31:02.684] [107396] [HailoRT] [info] [queue_elements.cpp:46] [~BaseQueueElement] Queue element PullQEl_hw_read6best/conv63 has 0 frames in his Queue on destruction
[2026-08-27 09:31:02.684] [107413] [HailoRT] [info] [queue_elements.cpp:68] [operator()] Thread in element UserBuffQEl6best/conv63 is not running anymore, exiting..
[2026-08-27 09:31:02.684] [107396] [HailoRT] [info] [queue_elements.cpp:46] [~BaseQueueElement] Queue element UserBuffQEl6best/conv63 has 0 frames in his Queue on destruction
[2026-08-27 09:31:02.685] [107396] [HailoRT] [info] [core_op.cpp:186] [deactivate] Deactivating took 0.434092 ms
[2026-08-27 09:31:02.685] [107396] [HailoRT] [info] [core_op.cpp:186] [deactivate] Deactivating took 0.444518 ms
[2026-08-27 09:31:06.823] [137524] [HailoRT] [info] [vdevice.cpp:535] [create] Creating vdevice with params: device_count: 1, scheduling_algorithm: NONE, multi_process_service: false
[2026-08-27 09:31:06.835] [137524] [HailoRT] [info] [device.cpp:51] [Device] OS Version: Linux 6.18.39+rpt-rpi-2712 #1 SMP PREEMPT Debian 1:6.18.39-1+rpt1 (2026-07-29) aarch64
[2026-08-27 09:31:06.836] [137524] [HailoRT] [info] [control.cpp:113] [control__parse_identify_results] firmware_version is: 4.23.0
[2026-08-27 09:31:06.836] [137524] [HailoRT] [info] [vdevice.cpp:682] [create] VDevice Infos: 0001:01:00.0
[2026-08-27 09:31:06.841] [137524] [HailoRT] [info] [internal_buffer_manager.cpp:75] [print_execution_results] Default Internal buffer planner failed to meet requirements
[2026-08-27 09:31:06.841] [137524] [HailoRT] [info] [internal_buffer_manager.cpp:86] [print_execution_results] Default Internal buffer planner executed successfully
[2026-08-27 09:31:06.850] [137524] [HailoRT] [info] [device_internal.cpp:57] [configure] Configuring HEF took 14.479907 milliseconds
[2026-08-27 09:31:06.850] [137524] [HailoRT] [info] [vdevice.cpp:780] [configure] Configuring HEF on VDevice took 14.78263 milliseconds
[2026-08-27 09:31:06.851] [137524] [HailoRT] [info] [hef.cpp:1994] [get_network_group_and_network_name] No name was given. Addressing all networks of default network_group: best
[2026-08-27 09:31:06.851] [137524] [HailoRT] [info] [hef.cpp:1994] [get_network_group_and_network_name] No name was given. Addressing all networks of default network_group: best
[2026-08-27 09:31:06.851] [137524] [HailoRT] [info] [core_op.cpp:156] [activate] Activating best took 0.452834 milliseconds. Note that the function is asynchronous and thus the network is not fully activated yet.
[2026-08-27 09:31:06.851] [137524] [HailoRT] [info] [core_op.cpp:156] [activate] Activating best took 0.462777 milliseconds. Note that the function is asynchronous and thus the network is not fully activated yet.
[2026-08-27 09:31:06.851] [137524] [HailoRT] [info] [edge_elements.cpp:52] [create] Created (HwWriteEl10best/input_layer1 | hw_frame_size: 307200)
[2026-08-27 09:31:06.851] [137524] [HailoRT] [info] [vstream.cpp:754] [InputVStreamImpl] Creating best/input_layer1...
[2026-08-27 09:31:06.851] [137524] [HailoRT] [info] [vstream_builder.cpp:102] [create_inputs] Input pipeline 'best/input_layer1': (HwWriteEl10best/input_layer1 | hw_frame_size: 307200) >> HW
[2026-08-27 09:31:06.851] [137524] [HailoRT] [info] [edge_elements.cpp:287] [create] Created (HwReadEl13best/conv41 | hw_frame_size: 102400)
[2026-08-27 09:31:06.851] [137524] [HailoRT] [info] [queue_elements.cpp:657] [create] Created (PullQEl_hw_read13best/conv41)
[2026-08-27 09:31:06.852] [137524] [HailoRT] [info] [filter_elements.cpp:372] [create] Created (PostInferEl13best/conv41 | Quantization - src_type: UINT8, dst_type FLOAT32, limvals_min: -10.4737, limvals_max: 14.487)
[2026-08-27 09:31:06.852] [137524] [HailoRT] [info] [queue_elements.cpp:800] [create] Created (UserBuffQEl13best/conv41 | timeout: 10s)
[2026-08-27 09:31:06.852] [137524] [HailoRT] [info] [vstream.cpp:1114] [OutputVStreamImpl] Creating best/conv41...
[2026-08-27 09:31:06.852] [137524] [HailoRT] [info] [vstream_builder.cpp:220] [create_outputs] Output pipeline 'best/conv41': HW >> (HwReadEl13best/conv41 | hw_frame_size: 102400) >> (PullQEl_hw_read13best/conv41) >> (PostInferEl13best/conv41 | Quantization - src_type: UINT8, dst_type FLOAT32, limvals_min: -10.4737, limvals_max: 14.487) >> (UserBuffQEl13best/conv41 | timeout: 10s)
[2026-08-27 09:31:06.852] [137524] [HailoRT] [info] [edge_elements.cpp:287] [create] Created (HwReadEl12best/conv42 | hw_frame_size: 1600)
[2026-08-27 09:31:06.852] [137524] [HailoRT] [info] [queue_elements.cpp:657] [create] Created (PullQEl_hw_read12best/conv42)
[2026-08-27 09:31:06.852] [137524] [HailoRT] [info] [filter_elements.cpp:372] [create] Created (PostInferEl12best/conv42 | Quantization - src_type: UINT8, dst_type FLOAT32, limvals_min: -21.8247, limvals_max: 2.0607)
[2026-08-27 09:31:06.852] [137524] [HailoRT] [info] [queue_elements.cpp:800] [create] Created (UserBuffQEl12best/conv42 | timeout: 10s)
[2026-08-27 09:31:06.855] [137524] [HailoRT] [info] [vstream.cpp:1114] [OutputVStreamImpl] Creating best/conv42...
[2026-08-27 09:31:06.855] [137524] [HailoRT] [info] [vstream_builder.cpp:220] [create_outputs] Output pipeline 'best/conv42': HW >> (HwReadEl12best/conv42 | hw_frame_size: 1600) >> (PullQEl_hw_read12best/conv42) >> (PostInferEl12best/conv42 | Quantization - src_type: UINT8, dst_type FLOAT32, limvals_min: -21.8247, limvals_max: 2.0607) >> (UserBuffQEl12best/conv42 | timeout: 10s)
[2026-08-27 09:31:06.855] [137524] [HailoRT] [info] [edge_elements.cpp:287] [create] Created (HwReadEl15best/conv52 | hw_frame_size: 25600)
[2026-08-27 09:31:06.855] [137524] [HailoRT] [info] [queue_elements.cpp:657] [create] Created (PullQEl_hw_read15best/conv52)
[2026-08-27 09:31:06.855] [137524] [HailoRT] [info] [filter_elements.cpp:372] [create] Created (PostInferEl15best/conv52 | Quantization - src_type: UINT8, dst_type FLOAT32, limvals_min: -9.8639, limvals_max: 15.289)
[2026-08-27 09:31:06.856] [137524] [HailoRT] [info] [queue_elements.cpp:800] [create] Created (UserBuffQEl15best/conv52 | timeout: 10s)
[2026-08-27 09:31:06.856] [137524] [HailoRT] [info] [vstream.cpp:1114] [OutputVStreamImpl] Creating best/conv52...
[2026-08-27 09:31:06.856] [137524] [HailoRT] [info] [vstream_builder.cpp:220] [create_outputs] Output pipeline 'best/conv52': HW >> (HwReadEl15best/conv52 | hw_frame_size: 25600) >> (PullQEl_hw_read15best/conv52) >> (PostInferEl15best/conv52 | Quantization - src_type: UINT8, dst_type FLOAT32, limvals_min: -9.8639, limvals_max: 15.289) >> (UserBuffQEl15best/conv52 | timeout: 10s)
[2026-08-27 09:31:06.856] [137524] [HailoRT] [info] [edge_elements.cpp:287] [create] Created (HwReadEl14best/conv53 | hw_frame_size: 3200)
[2026-08-27 09:31:06.856] [137524] [HailoRT] [info] [queue_elements.cpp:657] [create] Created (PullQEl_hw_read14best/conv53)
[2026-08-27 09:31:06.856] [137524] [HailoRT] [info] [filter_elements.cpp:372] [create] Created (PostInferEl14best/conv53 | Quantization - src_type: UINT8, dst_type FLOAT32, limvals_min: -16.0087, limvals_max: 3.52344 | Reorder - src_order: FCR, src_shape: (20, 20, 8), dst_order: FCR, dst_shape: (20, 20, 1))
[2026-08-27 09:31:06.856] [137524] [HailoRT] [info] [queue_elements.cpp:800] [create] Created (UserBuffQEl14best/conv53 | timeout: 10s)
[2026-08-27 09:31:06.856] [137524] [HailoRT] [info] [vstream.cpp:1114] [OutputVStreamImpl] Creating best/conv53...
[2026-08-27 09:31:06.856] [137524] [HailoRT] [info] [vstream_builder.cpp:220] [create_outputs] Output pipeline 'best/conv53': HW >> (HwReadEl14best/conv53 | hw_frame_size: 3200) >> (PullQEl_hw_read14best/conv53) >> (PostInferEl14best/conv53 | Quantization - src_type: UINT8, dst_type FLOAT32, limvals_min: -16.0087, limvals_max: 3.52344 | Reorder - src_order: FCR, src_shape: (20, 20, 8), dst_order: FCR, dst_shape: (20, 20, 1)) >> (UserBuffQEl14best/conv53 | timeout: 10s)
[2026-08-27 09:31:06.856] [137524] [HailoRT] [info] [edge_elements.cpp:287] [create] Created (HwReadEl11best/conv62 | hw_frame_size: 6400)
[2026-08-27 09:31:06.856] [137524] [HailoRT] [info] [queue_elements.cpp:657] [create] Created (PullQEl_hw_read11best/conv62)
[2026-08-27 09:31:06.856] [137524] [HailoRT] [info] [filter_elements.cpp:372] [create] Created (PostInferEl11best/conv62 | Quantization - src_type: UINT8, dst_type FLOAT32, limvals_min: -7.15299, limvals_max: 11.0871)
[2026-08-27 09:31:06.856] [137524] [HailoRT] [info] [queue_elements.cpp:800] [create] Created (UserBuffQEl11best/conv62 | timeout: 10s)
[2026-08-27 09:31:06.856] [137524] [HailoRT] [info] [vstream.cpp:1114] [OutputVStreamImpl] Creating best/conv62...
[2026-08-27 09:31:06.856] [137524] [HailoRT] [info] [vstream_builder.cpp:220] [create_outputs] Output pipeline 'best/conv62': HW >> (HwReadEl11best/conv62 | hw_frame_size: 6400) >> (PullQEl_hw_read11best/conv62) >> (PostInferEl11best/conv62 | Quantization - src_type: UINT8, dst_type FLOAT32, limvals_min: -7.15299, limvals_max: 11.0871) >> (UserBuffQEl11best/conv62 | timeout: 10s)
[2026-08-27 09:31:06.856] [137524] [HailoRT] [info] [edge_elements.cpp:287] [create] Created (HwReadEl6best/conv63 | hw_frame_size: 800)
[2026-08-27 09:31:06.856] [137524] [HailoRT] [info] [queue_elements.cpp:657] [create] Created (PullQEl_hw_read6best/conv63)
[2026-08-27 09:31:06.856] [137524] [HailoRT] [info] [filter_elements.cpp:372] [create] Created (PostInferEl6best/conv63 | Quantization - src_type: UINT8, dst_type FLOAT32, limvals_min: -10.7449, limvals_max: 0 | Reorder - src_order: FCR, src_shape: (10, 10, 8), dst_order: FCR, dst_shape: (10, 10, 1))
[2026-08-27 09:31:06.856] [137524] [HailoRT] [info] [queue_elements.cpp:800] [create] Created (UserBuffQEl6best/conv63 | timeout: 10s)
[2026-08-27 09:31:06.856] [137524] [HailoRT] [info] [vstream.cpp:1114] [OutputVStreamImpl] Creating best/conv63...
[2026-08-27 09:31:06.856] [137524] [HailoRT] [info] [vstream_builder.cpp:220] [create_outputs] Output pipeline 'best/conv63': HW >> (HwReadEl6best/conv63 | hw_frame_size: 800) >> (PullQEl_hw_read6best/conv63) >> (PostInferEl6best/conv63 | Quantization - src_type: UINT8, dst_type FLOAT32, limvals_min: -10.7449, limvals_max: 0 | Reorder - src_order: FCR, src_shape: (10, 10, 8), dst_order: FCR, dst_shape: (10, 10, 1)) >> (UserBuffQEl6best/conv63 | timeout: 10s)
