# pipeline profile — started 2026-08-27 09:31:08
[PROF 09:31:08]   8 frames   21.79 ms/frame  ->  45.9 FPS
   capture           4.10 ms   18.8%
   track             5.78 ms   26.5%
   ctrl+mav          0.68 ms    3.1%
   hud               4.18 ms   19.2%
   display           7.05 ms   32.4%
     detect          5.28 ms  (sub)
     tracker         0.00 ms  (sub)
     hud:overlay     0.65 ms  (sub)
     hud:setup       0.12 ms  (sub)
     hud:ladder      0.11 ms  (sub)
     hud:warp        1.85 ms  (sub)
     hud:arc         0.06 ms  (sub)
     hud:blend       0.93 ms  (sub)
     hud:yaw         0.35 ms  (sub)
     hud:cross       0.07 ms  (sub)
     disp:record     0.00 ms  (sub)
     disp:imshow     1.47 ms  (sub)
     disp:waitkey    5.53 ms  (sub)
[PROF 09:31:10]  50 frames   17.97 ms/frame  ->  55.6 FPS
   capture           3.07 ms   17.1%
   track             5.57 ms   31.0%
   ctrl+mav          0.39 ms    2.1%
   hud               3.68 ms   20.5%
   display           5.26 ms   29.3%
     detect          5.09 ms  (sub)
     tracker         0.00 ms  (sub)
     hud:overlay     0.63 ms  (sub)
     hud:setup       0.09 ms  (sub)
     hud:ladder      0.11 ms  (sub)
     hud:warp        1.62 ms  (sub)
     hud:arc         0.05 ms  (sub)
     hud:blend       0.80 ms  (sub)
     hud:yaw         0.31 ms  (sub)
     hud:cross       0.04 ms  (sub)
     disp:record     0.00 ms  (sub)
     disp:imshow     0.61 ms  (sub)
     disp:waitkey    4.62 ms  (sub)
[PROF 09:31:12]  54 frames   17.86 ms/frame  ->  56.0 FPS
   capture           3.22 ms   18.1%
   track             5.60 ms   31.4%
   ctrl+mav          0.39 ms    2.2%
   hud               3.63 ms   20.4%
   display           5.01 ms   28.0%
     detect          5.15 ms  (sub)
     tracker         0.00 ms  (sub)
     hud:overlay     0.65 ms  (sub)
     hud:setup       0.09 ms  (sub)
     hud:ladder      0.09 ms  (sub)
     hud:warp        1.59 ms  (sub)
     hud:arc         0.05 ms  (sub)
     hud:blend       0.78 ms  (sub)
     hud:yaw         0.31 ms  (sub)
     hud:cross       0.04 ms  (sub)
     disp:record     0.00 ms  (sub)
     disp:imshow     0.66 ms  (sub)
     disp:waitkey    4.31 ms  (sub)
[PROF 09:31:14]  58 frames   17.26 ms/frame  ->  57.9 FPS
   capture           3.01 ms   17.5%
   track             5.53 ms   32.1%
   ctrl+mav          0.31 ms    1.8%
   hud               3.57 ms   20.7%
   display           4.83 ms   28.0%
     detect          5.06 ms  (sub)
     tracker         0.00 ms  (sub)
     hud:overlay     0.64 ms  (sub)
     hud:setup       0.08 ms  (sub)
     hud:ladder      0.09 ms  (sub)
     hud:warp        1.56 ms  (sub)
     hud:arc         0.05 ms  (sub)
     hud:blend       0.78 ms  (sub)
     hud:yaw         0.31 ms  (sub)
     hud:cross       0.04 ms  (sub)
     disp:record     0.00 ms  (sub)
     disp:imshow     0.57 ms  (sub)
     disp:waitkey    4.22 ms  (sub)
[PROF 09:31:16]  54 frames   18.21 ms/frame  ->  54.9 FPS
   capture           3.38 ms   18.5%
   track             5.54 ms   30.4%
   ctrl+mav          0.32 ms    1.8%
   hud               3.84 ms   21.1%
   display           5.13 ms   28.2%
     detect          5.08 ms  (sub)
     tracker         0.00 ms  (sub)
     hud:overlay     0.64 ms  (sub)
     hud:setup       0.09 ms  (sub)
     hud:ladder      0.10 ms  (sub)
     hud:warp        1.65 ms  (sub)
     hud:arc         0.06 ms  (sub)
     hud:blend       0.83 ms  (sub)
     hud:yaw         0.38 ms  (sub)
     hud:cross       0.04 ms  (sub)
     disp:record     0.00 ms  (sub)
     disp:imshow     0.58 ms  (sub)
     disp:waitkey    4.51 ms  (sub)
[PROF 09:31:19]  55 frames   17.85 ms/frame  ->  56.0 FPS
   capture           3.14 ms   17.6%
   track             5.76 ms   32.3%
   ctrl+mav          0.32 ms    1.8%
   hud               3.78 ms   21.1%
   display           4.84 ms   27.1%
     detect          5.24 ms  (sub)
     tracker         0.00 ms  (sub)
     hud:overlay     0.65 ms  (sub)
     hud:setup       0.08 ms  (sub)
     hud:ladder      0.09 ms  (sub)
     hud:warp        1.67 ms  (sub)
     hud:arc         0.05 ms  (sub)
     hud:blend       0.84 ms  (sub)
     hud:yaw         0.32 ms  (sub)
     hud:cross       0.04 ms  (sub)
     disp:record     0.00 ms  (sub)
     disp:imshow     0.54 ms  (sub)
     disp:waitkey    4.27 ms  (sub)
[PROF 09:31:21]  55 frames   18.23 ms/frame  ->  54.8 FPS
   capture           3.38 ms   18.5%
   track             5.59 ms   30.6%
   ctrl+mav          0.34 ms    1.9%
   hud               3.87 ms   21.2%
   display           5.06 ms   27.7%
     detect          5.11 ms  (sub)
     tracker         0.00 ms  (sub)
     hud:overlay     0.65 ms  (sub)
     hud:setup       0.09 ms  (sub)
     hud:ladder      0.10 ms  (sub)
     hud:warp        1.69 ms  (sub)
     hud:arc         0.05 ms  (sub)
     hud:blend       0.88 ms  (sub)
     hud:yaw         0.31 ms  (sub)
     hud:cross       0.05 ms  (sub)
     disp:record     0.00 ms  (sub)
     disp:imshow     0.59 ms  (sub)
     disp:waitkey    4.43 ms  (sub)
[PROF 09:31:23]  58 frames   17.99 ms/frame  ->  55.6 FPS
   capture           3.20 ms   17.8%
   track             5.74 ms   31.9%
   ctrl+mav          0.31 ms    1.7%
   hud               3.70 ms   20.6%
   display           5.04 ms   28.0%
     detect          5.20 ms  (sub)
     tracker         0.00 ms  (sub)
     hud:overlay     0.65 ms  (sub)
     hud:setup       0.09 ms  (sub)
     hud:ladder      0.10 ms  (sub)
     hud:warp        1.56 ms  (sub)
     hud:arc         0.05 ms  (sub)
     hud:blend       0.81 ms  (sub)
     hud:yaw         0.37 ms  (sub)
     hud:cross       0.04 ms  (sub)
     disp:record     0.00 ms  (sub)
     disp:imshow     0.53 ms  (sub)
     disp:waitkey    4.47 ms  (sub)
[PROF 09:31:25]  52 frames   18.87 ms/frame  ->  53.0 FPS
   capture           3.56 ms   18.9%
   track             6.03 ms   31.9%
   ctrl+mav          0.42 ms    2.2%
   hud               4.00 ms   21.2%
   display           4.87 ms   25.8%
     detect          5.54 ms  (sub)
     tracker         0.00 ms  (sub)
     hud:overlay     0.66 ms  (sub)
     hud:setup       0.10 ms  (sub)
     hud:ladder      0.11 ms  (sub)
     hud:warp        1.77 ms  (sub)
     hud:arc         0.06 ms  (sub)
     hud:blend       0.89 ms  (sub)
     hud:yaw         0.33 ms  (sub)
     hud:cross       0.04 ms  (sub)
     disp:record     0.00 ms  (sub)
     disp:imshow     0.52 ms  (sub)
     disp:waitkey    4.31 ms  (sub)
[PROF 09:31:27]  59 frames   18.18 ms/frame  ->  55.0 FPS
   capture           3.28 ms   18.1%
   track             5.69 ms   31.3%
   ctrl+mav          0.31 ms    1.7%
   hud               3.86 ms   21.2%
   display           5.04 ms   27.7%
     detect          5.20 ms  (sub)
     tracker         0.00 ms  (sub)
     hud:overlay     0.66 ms  (sub)
     hud:setup       0.10 ms  (sub)
     hud:ladder      0.09 ms  (sub)
     hud:warp        1.73 ms  (sub)
     hud:arc         0.05 ms  (sub)
     hud:blend       0.82 ms  (sub)
     hud:yaw         0.32 ms  (sub)
     hud:cross       0.05 ms  (sub)
     disp:record     0.00 ms  (sub)
     disp:imshow     0.54 ms  (sub)
     disp:waitkey    4.47 ms  (sub)
[PROF 09:31:29]  57 frames   18.09 ms/frame  ->  55.3 FPS
   capture           3.41 ms   18.8%
   track             5.80 ms   32.0%
   ctrl+mav          0.35 ms    1.9%
   hud               3.70 ms   20.4%
   display           4.84 ms   26.8%
     detect          5.29 ms  (sub)
     tracker         0.00 ms  (sub)
     hud:overlay     0.65 ms  (sub)
     hud:setup       0.09 ms  (sub)
     hud:ladder      0.10 ms  (sub)
     hud:warp        1.60 ms  (sub)
     hud:arc         0.05 ms  (sub)
     hud:blend       0.82 ms  (sub)
     hud:yaw         0.32 ms  (sub)
     hud:cross       0.04 ms  (sub)
     disp:record     0.00 ms  (sub)
     disp:imshow     0.50 ms  (sub)
     disp:waitkey    4.30 ms  (sub)
[PROF 09:31:31]  57 frames   18.14 ms/frame  ->  55.1 FPS
   capture           3.25 ms   17.9%
   track             5.71 ms   31.5%
   ctrl+mav          0.36 ms    2.0%
   hud               3.88 ms   21.4%
   display           4.94 ms   27.2%
     detect          5.26 ms  (sub)
     tracker         0.00 ms  (sub)
     hud:overlay     0.67 ms  (sub)
     hud:setup       0.09 ms  (sub)
     hud:ladder      0.10 ms  (sub)
     hud:warp        1.74 ms  (sub)
     hud:arc         0.06 ms  (sub)
     hud:blend       0.83 ms  (sub)
     hud:yaw         0.33 ms  (sub)
     hud:cross       0.04 ms  (sub)
     disp:record     0.00 ms  (sub)
     disp:imshow     0.54 ms  (sub)
     disp:waitkey    4.37 ms  (sub)
[PROF 09:31:33]  57 frames   18.20 ms/frame  ->  54.9 FPS
   capture           3.31 ms   18.2%
   track             6.03 ms   33.1%
   ctrl+mav          0.33 ms    1.8%
   hud               3.74 ms   20.5%
   display           4.80 ms   26.3%
     detect          5.54 ms  (sub)
     tracker         0.00 ms  (sub)
     hud:overlay     0.66 ms  (sub)
     hud:setup       0.09 ms  (sub)
     hud:ladder      0.10 ms  (sub)
     hud:warp        1.60 ms  (sub)
     hud:arc         0.06 ms  (sub)
     hud:blend       0.82 ms  (sub)
     hud:yaw         0.33 ms  (sub)
     hud:cross       0.04 ms  (sub)
     disp:record     0.00 ms  (sub)
     disp:imshow     0.51 ms  (sub)
     disp:waitkey    4.25 ms  (sub)
[PROF 09:31:35]  59 frames   17.90 ms/frame  ->  55.9 FPS
   capture           2.99 ms   16.7%
   track             5.74 ms   32.1%
   ctrl+mav          0.32 ms    1.8%
   hud               3.80 ms   21.2%
   display           5.05 ms   28.2%
     detect          5.25 ms  (sub)
     tracker         0.00 ms  (sub)
     hud:overlay     0.69 ms  (sub)
     hud:setup       0.10 ms  (sub)
     hud:ladder      0.09 ms  (sub)
     hud:warp        1.67 ms  (sub)
     hud:arc         0.05 ms  (sub)
     hud:blend       0.81 ms  (sub)
     hud:yaw         0.31 ms  (sub)
     hud:cross       0.04 ms  (sub)
     disp:record     0.00 ms  (sub)
     disp:imshow     0.54 ms  (sub)
     disp:waitkey    4.47 ms  (sub)
[PROF 09:31:37]  59 frames   17.35 ms/frame  ->  57.6 FPS
   capture           3.04 ms   17.5%
   track             5.56 ms   32.0%
   ctrl+mav          0.30 ms    1.7%
   hud               3.63 ms   20.9%
   display           4.82 ms   27.8%
     detect          5.10 ms  (sub)
     tracker         0.00 ms  (sub)
     hud:overlay     0.68 ms  (sub)
     hud:setup       0.09 ms  (sub)
     hud:ladder      0.09 ms  (sub)
     hud:warp        1.51 ms  (sub)
     hud:arc         0.05 ms  (sub)
     hud:blend       0.82 ms  (sub)
     hud:yaw         0.32 ms  (sub)
     hud:cross       0.04 ms  (sub)
     disp:record     0.00 ms  (sub)
     disp:imshow     0.57 ms  (sub)
     disp:waitkey    4.22 ms  (sub)
[PROF 09:31:39]  53 frames   17.56 ms/frame  ->  56.9 FPS
   capture           3.22 ms   18.3%
   track             5.41 ms   30.8%
   ctrl+mav          0.31 ms    1.8%
   hud               3.76 ms   21.4%
   display           4.86 ms   27.7%
     detect          4.98 ms  (sub)
     tracker         0.00 ms  (sub)
     hud:overlay     0.70 ms  (sub)
     hud:setup       0.09 ms  (sub)
     hud:ladder      0.09 ms  (sub)
     hud:warp        1.58 ms  (sub)
     hud:arc         0.06 ms  (sub)
     hud:blend       0.83 ms  (sub)
     hud:yaw         0.33 ms  (sub)
     hud:cross       0.04 ms  (sub)
     disp:record     0.00 ms  (sub)
     disp:imshow     0.52 ms  (sub)
     disp:waitkey    4.31 ms  (sub)
[PROF 09:31:41]  56 frames   19.11 ms/frame  ->  52.3 FPS
   capture           3.60 ms   18.8%
   track             5.95 ms   31.2%
   ctrl+mav          0.39 ms    2.0%
   hud               3.71 ms   19.4%
   display           5.45 ms   28.5%
     detect          5.46 ms  (sub)
     tracker         0.00 ms  (sub)
     hud:overlay     0.67 ms  (sub)
     hud:setup       0.09 ms  (sub)
     hud:ladder      0.09 ms  (sub)
     hud:warp        1.59 ms  (sub)
     hud:arc         0.06 ms  (sub)
     hud:blend       0.81 ms  (sub)
     hud:yaw         0.32 ms  (sub)
     hud:cross       0.04 ms  (sub)
     disp:record     0.00 ms  (sub)
     disp:imshow     0.61 ms  (sub)
     disp:waitkey    4.80 ms  (sub)
[PROF 09:31:43]  46 frames   18.45 ms/frame  ->  54.2 FPS
   capture           3.28 ms   17.8%
   track             6.03 ms   32.7%
   ctrl+mav          0.43 ms    2.3%
   hud               3.93 ms   21.3%
   display           4.78 ms   25.9%
     detect          5.50 ms  (sub)
     tracker         0.00 ms  (sub)
     hud:overlay     0.70 ms  (sub)
     hud:setup       0.11 ms  (sub)
     hud:ladder      0.11 ms  (sub)
     hud:warp        1.72 ms  (sub)
     hud:arc         0.06 ms  (sub)
     hud:blend       0.83 ms  (sub)
     hud:yaw         0.33 ms  (sub)
     hud:cross       0.05 ms  (sub)
     disp:record     0.00 ms  (sub)
     disp:imshow     0.54 ms  (sub)
     disp:waitkey    4.20 ms  (sub)
[PROF 09:31:45]  44 frames   18.81 ms/frame  ->  53.2 FPS
   capture           3.47 ms   18.4%
   track             5.94 ms   31.6%
   ctrl+mav          0.48 ms    2.5%
   hud               3.90 ms   20.7%
   display           5.03 ms   26.7%
     detect          5.40 ms  (sub)
     tracker         0.00 ms  (sub)
     hud:overlay     0.69 ms  (sub)
     hud:setup       0.10 ms  (sub)
     hud:ladder      0.14 ms  (sub)
     hud:warp        1.58 ms  (sub)
     hud:arc         0.06 ms  (sub)
     hud:blend       0.93 ms  (sub)
     hud:yaw         0.33 ms  (sub)
     hud:cross       0.05 ms  (sub)
     disp:record     0.00 ms  (sub)
     disp:imshow     0.52 ms  (sub)
     disp:waitkey    4.47 ms  (sub)
[PROF 09:31:47]  59 frames   17.51 ms/frame  ->  57.1 FPS
   capture           2.93 ms   16.7%
   track             5.42 ms   30.9%
   ctrl+mav          0.34 ms    1.9%
   hud               3.81 ms   21.8%
   display           5.01 ms   28.6%
     detect          4.98 ms  (sub)
     tracker         0.00 ms  (sub)
     hud:overlay     0.69 ms  (sub)
     hud:setup       0.09 ms  (sub)
     hud:ladder      0.09 ms  (sub)
     hud:warp        1.64 ms  (sub)
     hud:arc         0.05 ms  (sub)
     hud:blend       0.82 ms  (sub)
     hud:yaw         0.35 ms  (sub)
     hud:cross       0.05 ms  (sub)
     disp:record     0.00 ms  (sub)
     disp:imshow     0.55 ms  (sub)
     disp:waitkey    4.42 ms  (sub)
[PROF 09:31:49]  60 frames   18.01 ms/frame  ->  55.5 FPS
   capture           2.99 ms   16.6%
   track             5.67 ms   31.5%
   ctrl+mav          0.31 ms    1.7%
   hud               3.82 ms   21.2%
   display           5.21 ms   28.9%
     detect          5.16 ms  (sub)
     tracker         0.00 ms  (sub)
     hud:overlay     0.69 ms  (sub)
     hud:setup       0.11 ms  (sub)
     hud:ladder      0.09 ms  (sub)
     hud:warp        1.59 ms  (sub)
     hud:arc         0.05 ms  (sub)
     hud:blend       0.87 ms  (sub)
     hud:yaw         0.32 ms  (sub)
     hud:cross       0.04 ms  (sub)
     disp:record     0.00 ms  (sub)
     disp:imshow     0.58 ms  (sub)
     disp:waitkey    4.59 ms  (sub)
[PROF 09:31:51]  60 frames   17.86 ms/frame  ->  56.0 FPS
   capture           3.10 ms   17.4%
   track             5.46 ms   30.6%
   ctrl+mav          0.32 ms    1.8%
   hud               3.89 ms   21.8%
   display           5.08 ms   28.5%
     detect          4.99 ms  (sub)
     tracker         0.00 ms  (sub)
     hud:overlay     0.71 ms  (sub)
     hud:setup       0.09 ms  (sub)
     hud:ladder      0.09 ms  (sub)
     hud:warp        1.66 ms  (sub)
     hud:arc         0.06 ms  (sub)
     hud:blend       0.85 ms  (sub)
     hud:yaw         0.34 ms  (sub)
     hud:cross       0.05 ms  (sub)
     disp:record     0.00 ms  (sub)
     disp:imshow     0.57 ms  (sub)
     disp:waitkey    4.47 ms  (sub)
[PROF 09:31:53]  59 frames   17.96 ms/frame  ->  55.7 FPS
   capture           3.19 ms   17.8%
   track             5.70 ms   31.7%
   ctrl+mav          0.32 ms    1.8%
   hud               3.96 ms   22.0%
   display           4.80 ms   26.7%
     detect          5.18 ms  (sub)
     tracker         0.00 ms  (sub)
     hud:overlay     0.69 ms  (sub)
     hud:setup       0.09 ms  (sub)
     hud:ladder      0.09 ms  (sub)
     hud:warp        1.78 ms  (sub)
     hud:arc         0.06 ms  (sub)
     hud:blend       0.82 ms  (sub)
     hud:yaw         0.35 ms  (sub)
     hud:cross       0.04 ms  (sub)
     disp:record     0.00 ms  (sub)
     disp:imshow     0.55 ms  (sub)
     disp:waitkey    4.21 ms  (sub)
[PROF 09:31:55]  61 frames   17.72 ms/frame  ->  56.4 FPS
   capture           3.23 ms   18.2%
   track             5.58 ms   31.5%
   ctrl+mav          0.31 ms    1.7%
   hud               3.86 ms   21.8%
   display           4.74 ms   26.8%
     detect          5.11 ms  (sub)
     tracker         0.00 ms  (sub)
     hud:overlay     0.74 ms  (sub)
     hud:setup       0.09 ms  (sub)
     hud:ladder      0.10 ms  (sub)
     hud:warp        1.64 ms  (sub)
     hud:arc         0.05 ms  (sub)
     hud:blend       0.85 ms  (sub)
     hud:yaw         0.31 ms  (sub)
     hud:cross       0.04 ms  (sub)
     disp:record     0.00 ms  (sub)
     disp:imshow     0.51 ms  (sub)
     disp:waitkey    4.19 ms  (sub)
[PROF 09:31:57]  61 frames   17.63 ms/frame  ->  56.7 FPS
   capture           3.06 ms   17.3%
   track             5.49 ms   31.1%
   ctrl+mav          0.29 ms    1.6%
   hud               3.81 ms   21.6%
   display           4.99 ms   28.3%
     detect          5.05 ms  (sub)
     tracker         0.00 ms  (sub)
     hud:overlay     0.71 ms  (sub)
     hud:setup       0.09 ms  (sub)
     hud:ladder      0.11 ms  (sub)
     hud:warp        1.59 ms  (sub)
     hud:arc         0.06 ms  (sub)
     hud:blend       0.84 ms  (sub)
     hud:yaw         0.34 ms  (sub)
     hud:cross       0.04 ms  (sub)
     disp:record     0.00 ms  (sub)
     disp:imshow     0.56 ms  (sub)
     disp:waitkey    4.38 ms  (sub)
[PROF 09:31:59]  60 frames   17.46 ms/frame  ->  57.3 FPS
   capture           3.18 ms   18.2%
   track             5.55 ms   31.8%
   ctrl+mav          0.32 ms    1.8%
   hud               3.72 ms   21.3%
   display           4.69 ms   26.9%
     detect          5.06 ms  (sub)
     tracker         0.00 ms  (sub)
     hud:overlay     0.72 ms  (sub)
     hud:setup       0.09 ms  (sub)
     hud:ladder      0.09 ms  (sub)
     hud:warp        1.57 ms  (sub)
     hud:arc         0.06 ms  (sub)
     hud:blend       0.80 ms  (sub)
     hud:yaw         0.32 ms  (sub)
     hud:cross       0.04 ms  (sub)
     disp:record     0.00 ms  (sub)
     disp:imshow     0.51 ms  (sub)
     disp:waitkey    4.14 ms  (sub)
[PROF 09:32:01]  61 frames   18.00 ms/frame  ->  55.6 FPS
   capture           3.04 ms   16.9%
   track             5.87 ms   32.6%
   ctrl+mav          0.31 ms    1.7%
   hud               3.86 ms   21.4%
   display           4.92 ms   27.3%
     detect          5.37 ms  (sub)
     tracker         0.00 ms  (sub)
     hud:overlay     0.72 ms  (sub)
     hud:setup       0.09 ms  (sub)
     hud:ladder      0.10 ms  (sub)
     hud:warp        1.67 ms  (sub)
     hud:arc         0.05 ms  (sub)
     hud:blend       0.82 ms  (sub)
     hud:yaw         0.34 ms  (sub)
     hud:cross       0.04 ms  (sub)
     disp:record     0.00 ms  (sub)
     disp:imshow     0.53 ms  (sub)
     disp:waitkey    4.35 ms  (sub)
[PROF 09:32:03]  60 frames   18.02 ms/frame  ->  55.5 FPS
   capture           3.15 ms   17.5%
   track             5.66 ms   31.4%
   ctrl+mav          0.31 ms    1.7%
   hud               3.83 ms   21.2%
   display           5.07 ms   28.1%
     detect          5.20 ms  (sub)
     tracker         0.00 ms  (sub)
     hud:overlay     0.73 ms  (sub)
     hud:setup       0.10 ms  (sub)
     hud:ladder      0.10 ms  (sub)
     hud:warp        1.63 ms  (sub)
     hud:arc         0.05 ms  (sub)
     hud:blend       0.80 ms  (sub)
     hud:yaw         0.34 ms  (sub)
     hud:cross       0.04 ms  (sub)
     disp:record     0.01 ms  (sub)
     disp:imshow     0.57 ms  (sub)
     disp:waitkey    4.46 ms  (sub)
[PROF 09:32:05]  60 frames   18.09 ms/frame  ->  55.3 FPS
   capture           3.31 ms   18.3%
   track             5.54 ms   30.6%
   ctrl+mav          0.32 ms    1.8%
   hud               4.09 ms   22.6%
   display           4.82 ms   26.6%
     detect          5.06 ms  (sub)
     tracker         0.00 ms  (sub)
     hud:overlay     0.73 ms  (sub)
     hud:setup       0.09 ms  (sub)
     hud:ladder      0.10 ms  (sub)
     hud:warp        1.83 ms  (sub)
     hud:arc         0.05 ms  (sub)
     hud:blend       0.89 ms  (sub)
     hud:yaw         0.32 ms  (sub)
     hud:cross       0.04 ms  (sub)
     disp:record     0.00 ms  (sub)
     disp:imshow     0.51 ms  (sub)
     disp:waitkey    4.27 ms  (sub)
[PROF 09:32:07]  60 frames   18.00 ms/frame  ->  55.5 FPS
   capture           3.39 ms   18.9%
   track             5.59 ms   31.1%
   ctrl+mav          0.36 ms    2.0%
   hud               3.81 ms   21.2%
   display           4.85 ms   26.9%
     detect          5.11 ms  (sub)
     tracker         0.00 ms  (sub)
     hud:overlay     0.73 ms  (sub)
     hud:setup       0.09 ms  (sub)
     hud:ladder      0.09 ms  (sub)
     hud:warp        1.64 ms  (sub)
     hud:arc         0.05 ms  (sub)
     hud:blend       0.81 ms  (sub)
     hud:yaw         0.33 ms  (sub)
     hud:cross       0.05 ms  (sub)
     disp:record     0.00 ms  (sub)
     disp:imshow     0.58 ms  (sub)
     disp:waitkey    4.23 ms  (sub)
[PROF 09:32:09]  60 frames   17.87 ms/frame  ->  56.0 FPS
   capture           3.16 ms   17.7%
   track             5.61 ms   31.4%
   ctrl+mav          0.29 ms    1.6%
   hud               3.77 ms   21.1%
   display           5.04 ms   28.2%
     detect          5.15 ms  (sub)
     tracker         0.00 ms  (sub)
     hud:overlay     0.73 ms  (sub)
     hud:setup       0.09 ms  (sub)
     hud:ladder      0.09 ms  (sub)
     hud:warp        1.60 ms  (sub)
     hud:arc         0.05 ms  (sub)
     hud:blend       0.82 ms  (sub)
     hud:yaw         0.33 ms  (sub)
     hud:cross       0.05 ms  (sub)
     disp:record     0.00 ms  (sub)
     disp:imshow     0.53 ms  (sub)
     disp:waitkey    4.47 ms  (sub)
[PROF 09:32:11]  55 frames   19.33 ms/frame  ->  51.7 FPS
   capture           3.24 ms   16.7%
   track             5.43 ms   28.1%
   ctrl+mav          0.34 ms    1.7%
   hud               3.82 ms   19.8%
   display           6.50 ms   33.6%
     detect          4.93 ms  (sub)
     tracker         0.00 ms  (sub)
     hud:overlay     0.71 ms  (sub)
     hud:setup       0.09 ms  (sub)
     hud:ladder      0.10 ms  (sub)
     hud:warp        1.66 ms  (sub)
     hud:arc         0.05 ms  (sub)
     hud:blend       0.82 ms  (sub)
     hud:yaw         0.32 ms  (sub)
     hud:cross       0.04 ms  (sub)
     disp:record     0.00 ms  (sub)
     disp:imshow     0.52 ms  (sub)
     disp:waitkey    5.94 ms  (sub)
[PROF 09:32:13]  52 frames   18.23 ms/frame  ->  54.9 FPS
   capture           3.30 ms   18.1%
   track             5.74 ms   31.5%
   ctrl+mav          0.43 ms    2.4%
   hud               4.00 ms   21.9%
   display           4.76 ms   26.1%
     detect          5.25 ms  (sub)
     tracker         0.00 ms  (sub)
     hud:overlay     0.71 ms  (sub)
     hud:setup       0.10 ms  (sub)
     hud:ladder      0.10 ms  (sub)
     hud:warp        1.80 ms  (sub)
     hud:arc         0.05 ms  (sub)
     hud:blend       0.81 ms  (sub)
     hud:yaw         0.34 ms  (sub)
     hud:cross       0.04 ms  (sub)
     disp:record     0.00 ms  (sub)
     disp:imshow     0.52 ms  (sub)
     disp:waitkey    4.21 ms  (sub)
[PROF 09:32:15]  57 frames   18.62 ms/frame  ->  53.7 FPS
   capture           3.22 ms   17.3%
   track             5.95 ms   31.9%
   ctrl+mav          0.35 ms    1.9%
   hud               4.06 ms   21.8%
   display           5.04 ms   27.1%
     detect          5.45 ms  (sub)
     tracker         0.00 ms  (sub)
     hud:overlay     0.75 ms  (sub)
     hud:setup       0.10 ms  (sub)
     hud:ladder      0.10 ms  (sub)
     hud:warp        1.81 ms  (sub)
     hud:arc         0.05 ms  (sub)
     hud:blend       0.84 ms  (sub)
     hud:yaw         0.32 ms  (sub)
     hud:cross       0.05 ms  (sub)
     disp:record     0.00 ms  (sub)
     disp:imshow     0.58 ms  (sub)
     disp:waitkey    4.42 ms  (sub)
[PROF 09:32:17]  58 frames   18.24 ms/frame  ->  54.8 FPS
   capture           3.22 ms   17.6%
   track             5.83 ms   31.9%
   ctrl+mav          0.34 ms    1.9%
   hud               3.89 ms   21.3%
   display           4.97 ms   27.2%
     detect          5.35 ms  (sub)
     tracker         0.00 ms  (sub)
     hud:overlay     0.73 ms  (sub)
     hud:setup       0.10 ms  (sub)
     hud:ladder      0.10 ms  (sub)
     hud:warp        1.65 ms  (sub)
     hud:arc         0.06 ms  (sub)
     hud:blend       0.85 ms  (sub)
     hud:yaw         0.30 ms  (sub)
     hud:cross       0.05 ms  (sub)
     disp:record     0.00 ms  (sub)
     disp:imshow     0.52 ms  (sub)
     disp:waitkey    4.41 ms  (sub)
[PROF 09:32:19]  58 frames   18.01 ms/frame  ->  55.5 FPS
   capture           3.46 ms   19.2%
   track             5.58 ms   31.0%
   ctrl+mav          0.33 ms    1.9%
   hud               3.83 ms   21.3%
   display           4.81 ms   26.7%
     detect          5.10 ms  (sub)
     tracker         0.00 ms  (sub)
     hud:overlay     0.73 ms  (sub)
     hud:setup       0.09 ms  (sub)
     hud:ladder      0.09 ms  (sub)
     hud:warp        1.66 ms  (sub)
     hud:arc         0.05 ms  (sub)
     hud:blend       0.84 ms  (sub)
     hud:yaw         0.29 ms  (sub)
     hud:cross       0.04 ms  (sub)
     disp:record     0.00 ms  (sub)
     disp:imshow     0.51 ms  (sub)
     disp:waitkey    4.26 ms  (sub)
[PROF 09:32:21]  56 frames   17.91 ms/frame  ->  55.8 FPS
   capture           3.28 ms   18.3%
   track             5.56 ms   31.0%
   ctrl+mav          0.35 ms    1.9%
   hud               3.91 ms   21.8%
   display           4.82 ms   26.9%
     detect          5.06 ms  (sub)
     tracker         0.00 ms  (sub)
     hud:overlay     0.74 ms  (sub)
     hud:setup       0.09 ms  (sub)
     hud:ladder      0.09 ms  (sub)
     hud:warp        1.73 ms  (sub)
     hud:arc         0.05 ms  (sub)
     hud:blend       0.81 ms  (sub)
     hud:yaw         0.31 ms  (sub)
     hud:cross       0.05 ms  (sub)
     disp:record     0.00 ms  (sub)
     disp:imshow     0.52 ms  (sub)
     disp:waitkey    4.26 ms  (sub)
[PROF 09:32:23]  55 frames   18.42 ms/frame  ->  54.3 FPS
   capture           3.40 ms   18.5%
   track             5.73 ms   31.1%
   ctrl+mav          0.34 ms    1.8%
   hud               3.94 ms   21.4%
   display           5.01 ms   27.2%
     detect          5.26 ms  (sub)
     tracker         0.00 ms  (sub)
     hud:overlay     0.77 ms  (sub)
     hud:setup       0.09 ms  (sub)
     hud:ladder      0.09 ms  (sub)
     hud:warp        1.64 ms  (sub)
     hud:arc         0.05 ms  (sub)
     hud:blend       0.90 ms  (sub)
     hud:yaw         0.31 ms  (sub)
     hud:cross       0.05 ms  (sub)
     disp:record     0.00 ms  (sub)
     disp:imshow     0.54 ms  (sub)
     disp:waitkey    4.43 ms  (sub)
[PROF 09:32:25]  56 frames   18.35 ms/frame  ->  54.5 FPS
   capture           3.15 ms   17.2%
   track             5.75 ms   31.3%
   ctrl+mav          0.34 ms    1.9%
   hud               4.04 ms   22.0%
   display           5.06 ms   27.6%
     detect          5.25 ms  (sub)
     tracker         0.00 ms  (sub)
     hud:overlay     0.76 ms  (sub)
     hud:setup       0.10 ms  (sub)
     hud:ladder      0.09 ms  (sub)
     hud:warp        1.73 ms  (sub)
     hud:arc         0.05 ms  (sub)
     hud:blend       0.92 ms  (sub)
     hud:yaw         0.30 ms  (sub)
     hud:cross       0.05 ms  (sub)
     disp:record     0.00 ms  (sub)
     disp:imshow     0.58 ms  (sub)
     disp:waitkey    4.44 ms  (sub)
[PROF 09:32:27]  57 frames   19.09 ms/frame  ->  52.4 FPS
   capture           3.24 ms   17.0%
   track             6.62 ms   34.7%
   ctrl+mav          0.34 ms    1.8%
   hud               3.99 ms   20.9%
   display           4.90 ms   25.7%
     detect          4.48 ms  (sub)
     tracker         1.63 ms  (sub)
     hud:overlay     0.75 ms  (sub)
     hud:setup       0.09 ms  (sub)
     hud:ladder      0.10 ms  (sub)
     hud:warp        1.75 ms  (sub)
     hud:arc         0.05 ms  (sub)
     hud:blend       0.82 ms  (sub)
     hud:yaw         0.34 ms  (sub)
     hud:cross       0.05 ms  (sub)
     disp:record     0.00 ms  (sub)
     disp:imshow     0.51 ms  (sub)
     disp:waitkey    4.35 ms  (sub)
[PROF 09:32:29]  57 frames   18.91 ms/frame  ->  52.9 FPS
   capture           3.53 ms   18.7%
   track             5.98 ms   31.6%
   ctrl+mav          0.36 ms    1.9%
   hud               4.06 ms   21.4%
   display           4.99 ms   26.4%
     detect          5.45 ms  (sub)
     tracker         0.00 ms  (sub)
     hud:overlay     0.73 ms  (sub)
     hud:setup       0.09 ms  (sub)
     hud:ladder      0.11 ms  (sub)
     hud:warp        1.84 ms  (sub)
     hud:arc         0.05 ms  (sub)
     hud:blend       0.84 ms  (sub)
     hud:yaw         0.31 ms  (sub)
     hud:cross       0.05 ms  (sub)
     disp:record     0.00 ms  (sub)
     disp:imshow     0.54 ms  (sub)
     disp:waitkey    4.41 ms  (sub)
[PROF 09:32:31]  50 frames   19.77 ms/frame  ->  50.6 FPS
   capture           3.29 ms   16.6%
   track             5.84 ms   29.5%
   ctrl+mav          0.37 ms    1.9%
   hud               4.21 ms   21.3%
   display           6.06 ms   30.7%
     detect          5.41 ms  (sub)
     tracker         0.00 ms  (sub)
     hud:overlay     0.73 ms  (sub)
     hud:setup       0.10 ms  (sub)
     hud:ladder      0.10 ms  (sub)
     hud:warp        2.03 ms  (sub)
     hud:arc         0.05 ms  (sub)
     hud:blend       0.83 ms  (sub)
     hud:yaw         0.29 ms  (sub)
     hud:cross       0.05 ms  (sub)
     disp:record     0.00 ms  (sub)
     disp:imshow     0.54 ms  (sub)
     disp:waitkey    5.48 ms  (sub)
[PROF 09:32:33]  56 frames   18.45 ms/frame  ->  54.2 FPS
   capture           3.39 ms   18.4%
   track             5.95 ms   32.2%
   ctrl+mav          0.36 ms    1.9%
   hud               3.88 ms   21.0%
   display           4.87 ms   26.4%
     detect          5.43 ms  (sub)
     tracker         0.00 ms  (sub)
     hud:overlay     0.81 ms  (sub)
     hud:setup       0.09 ms  (sub)
     hud:ladder      0.09 ms  (sub)
     hud:warp        1.65 ms  (sub)
     hud:arc         0.06 ms  (sub)
     hud:blend       0.81 ms  (sub)
     hud:yaw         0.29 ms  (sub)
     hud:cross       0.04 ms  (sub)
     disp:record     0.00 ms  (sub)
     disp:imshow     0.52 ms  (sub)
     disp:waitkey    4.31 ms  (sub)
[PROF 09:32:35]  56 frames   17.91 ms/frame  ->  55.8 FPS
   capture           3.24 ms   18.1%
   track             5.59 ms   31.2%
   ctrl+mav          0.35 ms    2.0%
   hud               3.88 ms   21.6%
   display           4.85 ms   27.1%
     detect          5.11 ms  (sub)
     tracker         0.00 ms  (sub)
     hud:overlay     0.71 ms  (sub)
     hud:setup       0.09 ms  (sub)
     hud:ladder      0.09 ms  (sub)
     hud:warp        1.72 ms  (sub)
     hud:arc         0.06 ms  (sub)
     hud:blend       0.84 ms  (sub)
     hud:yaw         0.30 ms  (sub)
     hud:cross       0.04 ms  (sub)
     disp:record     0.00 ms  (sub)
     disp:imshow     0.55 ms  (sub)
     disp:waitkey    4.26 ms  (sub)
[PROF 09:32:38]  32 frames   17.20 ms/frame  ->  58.1 FPS
   capture           3.04 ms   17.7%
   track             5.29 ms   30.8%
   ctrl+mav          0.31 ms    1.8%
   hud               4.02 ms   23.4%
   display           4.54 ms   26.4%
     detect          4.86 ms  (sub)
     tracker         0.00 ms  (sub)
     hud:overlay     0.77 ms  (sub)
     hud:setup       0.09 ms  (sub)
     hud:ladder      0.10 ms  (sub)
     hud:warp        1.82 ms  (sub)
     hud:arc         0.05 ms  (sub)
     hud:blend       0.84 ms  (sub)
     hud:yaw         0.27 ms  (sub)
     hud:cross       0.04 ms  (sub)
     disp:record     0.00 ms  (sub)
     disp:imshow     0.50 ms  (sub)
     disp:waitkey    4.01 ms  (sub)
[PROF 09:32:40]  52 frames   18.11 ms/frame  ->  55.2 FPS
   capture           3.14 ms   17.4%
   track             5.82 ms   32.1%
   ctrl+mav          0.39 ms    2.1%
   hud               3.94 ms   21.8%
   display           4.82 ms   26.6%
     detect          5.35 ms  (sub)
     tracker         0.00 ms  (sub)
     hud:overlay     0.71 ms  (sub)
     hud:setup       0.10 ms  (sub)
     hud:ladder      0.10 ms  (sub)
     hud:warp        1.75 ms  (sub)
     hud:arc         0.05 ms  (sub)
     hud:blend       0.86 ms  (sub)
     hud:yaw         0.30 ms  (sub)
     hud:cross       0.04 ms  (sub)
     disp:record     0.00 ms  (sub)
     disp:imshow     0.53 ms  (sub)
     disp:waitkey    4.25 ms  (sub)
[PROF 09:32:42]  54 frames   17.76 ms/frame  ->  56.3 FPS
   capture           3.13 ms   17.6%
   track             5.43 ms   30.6%
   ctrl+mav          0.31 ms    1.8%
   hud               3.88 ms   21.8%
   display           5.01 ms   28.2%
     detect          4.99 ms  (sub)
     tracker         0.00 ms  (sub)
     hud:overlay     0.73 ms  (sub)
     hud:setup       0.10 ms  (sub)
     hud:ladder      0.10 ms  (sub)
     hud:warp        1.67 ms  (sub)
     hud:arc         0.05 ms  (sub)
     hud:blend       0.83 ms  (sub)
     hud:yaw         0.32 ms  (sub)
     hud:cross       0.04 ms  (sub)
     disp:record     0.00 ms  (sub)
     disp:imshow     0.52 ms  (sub)
     disp:waitkey    4.45 ms  (sub)
[PROF 09:32:44]  59 frames   17.21 ms/frame  ->  58.1 FPS
   capture           2.88 ms   16.7%
   track             5.52 ms   32.1%
   ctrl+mav          0.30 ms    1.7%
   hud               3.78 ms   22.0%
   display           4.73 ms   27.5%
     detect          5.09 ms  (sub)
     tracker         0.00 ms  (sub)
     hud:overlay     0.73 ms  (sub)
     hud:setup       0.08 ms  (sub)
     hud:ladder      0.09 ms  (sub)
     hud:warp        1.63 ms  (sub)
     hud:arc         0.05 ms  (sub)
     hud:blend       0.81 ms  (sub)
     hud:yaw         0.31 ms  (sub)
     hud:cross       0.04 ms  (sub)
     disp:record     0.00 ms  (sub)
     disp:imshow     0.53 ms  (sub)
     disp:waitkey    4.16 ms  (sub)
[PROF 09:32:46]  55 frames   17.87 ms/frame  ->  55.9 FPS
   capture           3.23 ms   18.1%
   track             5.63 ms   31.5%
   ctrl+mav          0.34 ms    1.9%
   hud               3.83 ms   21.4%
   display           4.84 ms   27.1%
     detect          5.14 ms  (sub)
     tracker         0.00 ms  (sub)
     hud:overlay     0.74 ms  (sub)
     hud:setup       0.09 ms  (sub)
     hud:ladder      0.09 ms  (sub)
     hud:warp        1.61 ms  (sub)
     hud:arc         0.05 ms  (sub)
     hud:blend       0.84 ms  (sub)
     hud:yaw         0.32 ms  (sub)
     hud:cross       0.05 ms  (sub)
     disp:record     0.00 ms  (sub)
     disp:imshow     0.52 ms  (sub)
     disp:waitkey    4.29 ms  (sub)
[PROF 09:32:48]  56 frames   17.83 ms/frame  ->  56.1 FPS
   capture           3.06 ms   17.2%
   track             6.00 ms   33.7%
   ctrl+mav          0.34 ms    1.9%
   hud               3.78 ms   21.2%
   display           4.66 ms   26.1%
     detect          5.57 ms  (sub)
     tracker         0.00 ms  (sub)
     hud:overlay     0.75 ms  (sub)
     hud:setup       0.09 ms  (sub)
     hud:ladder      0.09 ms  (sub)
     hud:warp        1.62 ms  (sub)
     hud:arc         0.05 ms  (sub)
     hud:blend       0.79 ms  (sub)
     hud:yaw         0.32 ms  (sub)
     hud:cross       0.04 ms  (sub)
     disp:record     0.00 ms  (sub)
     disp:imshow     0.49 ms  (sub)
     disp:waitkey    4.13 ms  (sub)
[PROF 09:32:50]  58 frames   17.74 ms/frame  ->  56.4 FPS
   capture           3.07 ms   17.3%
   track             5.67 ms   31.9%
   ctrl+mav          0.37 ms    2.1%
   hud               3.75 ms   21.2%
   display           4.88 ms   27.5%
     detect          5.23 ms  (sub)
     tracker         0.00 ms  (sub)
     hud:overlay     0.72 ms  (sub)
     hud:setup       0.08 ms  (sub)
     hud:ladder      0.09 ms  (sub)
     hud:warp        1.60 ms  (sub)
     hud:arc         0.05 ms  (sub)
     hud:blend       0.82 ms  (sub)
     hud:yaw         0.32 ms  (sub)
     hud:cross       0.05 ms  (sub)
     disp:record     0.00 ms  (sub)
     disp:imshow     0.52 ms  (sub)
     disp:waitkey    4.32 ms  (sub)
[PROF 09:32:52]  58 frames   18.00 ms/frame  ->  55.5 FPS
   capture           3.33 ms   18.5%
   track             5.52 ms   30.7%
   ctrl+mav          0.32 ms    1.8%
   hud               3.92 ms   21.8%
   display           4.91 ms   27.3%
     detect          4.96 ms  (sub)
     tracker         0.09 ms  (sub)
     hud:overlay     0.73 ms  (sub)
     hud:setup       0.09 ms  (sub)
     hud:ladder      0.10 ms  (sub)
     hud:warp        1.72 ms  (sub)
     hud:arc         0.05 ms  (sub)
     hud:blend       0.82 ms  (sub)
     hud:yaw         0.33 ms  (sub)
     hud:cross       0.04 ms  (sub)
     disp:record     0.00 ms  (sub)
     disp:imshow     0.53 ms  (sub)
     disp:waitkey    4.35 ms  (sub)
[PROF 09:32:54]  60 frames   17.91 ms/frame  ->  55.8 FPS
   capture           3.15 ms   17.6%
   track             5.72 ms   32.0%
   ctrl+mav          0.34 ms    1.9%
   hud               3.98 ms   22.2%
   display           4.73 ms   26.4%
     detect          5.22 ms  (sub)
     tracker         0.00 ms  (sub)
     hud:overlay     0.76 ms  (sub)
     hud:setup       0.08 ms  (sub)
     hud:ladder      0.10 ms  (sub)
     hud:warp        1.68 ms  (sub)
     hud:arc         0.05 ms  (sub)
     hud:blend       0.93 ms  (sub)
     hud:yaw         0.31 ms  (sub)
     hud:cross       0.04 ms  (sub)
     disp:record     0.00 ms  (sub)
     disp:imshow     0.51 ms  (sub)
     disp:waitkey    4.18 ms  (sub)
[PROF 09:32:56]  58 frames   17.86 ms/frame  ->  56.0 FPS
   capture           3.22 ms   18.0%
   track             5.60 ms   31.4%
   ctrl+mav          0.33 ms    1.8%
   hud               3.95 ms   22.1%
   display           4.76 ms   26.7%
     detect          5.10 ms  (sub)
     tracker         0.00 ms  (sub)
     hud:overlay     0.77 ms  (sub)
     hud:setup       0.10 ms  (sub)
     hud:ladder      0.10 ms  (sub)
     hud:warp        1.71 ms  (sub)
     hud:arc         0.05 ms  (sub)
     hud:blend       0.80 ms  (sub)
     hud:yaw         0.34 ms  (sub)
     hud:cross       0.04 ms  (sub)
     disp:record     0.00 ms  (sub)
     disp:imshow     0.54 ms  (sub)
     disp:waitkey    4.18 ms  (sub)
[PROF 09:32:58]  56 frames   17.70 ms/frame  ->  56.5 FPS
   capture           2.98 ms   16.8%
   track             5.53 ms   31.2%
   ctrl+mav          0.34 ms    1.9%
   hud               3.91 ms   22.1%
   display           4.94 ms   27.9%
     detect          4.98 ms  (sub)
     tracker         0.07 ms  (sub)
     hud:overlay     0.75 ms  (sub)
     hud:setup       0.09 ms  (sub)
     hud:ladder      0.10 ms  (sub)
     hud:warp        1.66 ms  (sub)
     hud:arc         0.05 ms  (sub)
     hud:blend       0.84 ms  (sub)
     hud:yaw         0.35 ms  (sub)
     hud:cross       0.04 ms  (sub)
     disp:record     0.01 ms  (sub)
     disp:imshow     0.62 ms  (sub)
     disp:waitkey    4.28 ms  (sub)
[PROF 09:33:00]  58 frames   18.57 ms/frame  ->  53.8 FPS
   capture           3.41 ms   18.4%
   track             5.70 ms   30.7%
   ctrl+mav          0.35 ms    1.9%
   hud               4.12 ms   22.2%
   display           4.99 ms   26.9%
     detect          5.21 ms  (sub)
     tracker         0.00 ms  (sub)
     hud:overlay     0.73 ms  (sub)
     hud:setup       0.09 ms  (sub)
     hud:ladder      0.11 ms  (sub)
     hud:warp        1.91 ms  (sub)
     hud:arc         0.05 ms  (sub)
     hud:blend       0.83 ms  (sub)
     hud:yaw         0.33 ms  (sub)
     hud:cross       0.04 ms  (sub)
     disp:record     0.00 ms  (sub)
     disp:imshow     0.51 ms  (sub)
     disp:waitkey    4.44 ms  (sub)
[PROF 09:33:02]  59 frames   18.16 ms/frame  ->  55.1 FPS
   capture           3.26 ms   17.9%
   track             5.53 ms   30.5%
   ctrl+mav          0.32 ms    1.8%
   hud               3.97 ms   21.8%
   display           5.07 ms   27.9%
     detect          5.05 ms  (sub)
     tracker         0.00 ms  (sub)
     hud:overlay     0.71 ms  (sub)
     hud:setup       0.09 ms  (sub)
     hud:ladder      0.10 ms  (sub)
     hud:warp        1.76 ms  (sub)
     hud:arc         0.06 ms  (sub)
     hud:blend       0.82 ms  (sub)
     hud:yaw         0.35 ms  (sub)
     hud:cross       0.04 ms  (sub)
     disp:record     0.00 ms  (sub)
     disp:imshow     0.51 ms  (sub)
     disp:waitkey    4.53 ms  (sub)
[PROF 09:33:04]  52 frames   18.82 ms/frame  ->  53.1 FPS
   capture           3.51 ms   18.6%
   track             5.72 ms   30.4%
   ctrl+mav          0.33 ms    1.8%
   hud               4.10 ms   21.8%
   display           5.16 ms   27.4%
     detect          2.95 ms  (sub)
     tracker         2.21 ms  (sub)
     hud:overlay     0.81 ms  (sub)
     hud:setup       0.09 ms  (sub)
     hud:ladder      0.09 ms  (sub)
     hud:warp        1.81 ms  (sub)
     hud:arc         0.06 ms  (sub)
     hud:blend       0.82 ms  (sub)
     hud:yaw         0.33 ms  (sub)
     hud:cross       0.05 ms  (sub)
     disp:record     0.00 ms  (sub)
     disp:imshow     0.51 ms  (sub)
     disp:waitkey    4.61 ms  (sub)
[PROF 09:33:06]  43 frames   35.19 ms/frame  ->  28.4 FPS
   capture           4.16 ms   11.8%
   track             6.87 ms   19.5%
   ctrl+mav          5.02 ms   14.3%
   hud               4.24 ms   12.0%
   display          14.90 ms   42.3%
     detect          1.74 ms  (sub)
     tracker         4.49 ms  (sub)
     hud:overlay     0.88 ms  (sub)
     hud:setup       0.10 ms  (sub)
     hud:ladder      0.09 ms  (sub)
     hud:warp        1.80 ms  (sub)
     hud:arc         0.05 ms  (sub)
     hud:blend       0.89 ms  (sub)
     hud:yaw         0.35 ms  (sub)
     hud:cross       0.04 ms  (sub)
     disp:record     6.21 ms  (sub)
     disp:imshow     1.49 ms  (sub)
     disp:waitkey    7.12 ms  (sub)
[PROF 09:33:08]  53 frames   30.71 ms/frame  ->  32.6 FPS
   capture           4.52 ms   14.7%
   track             7.20 ms   23.5%
   ctrl+mav          0.61 ms    2.0%
   hud               4.41 ms   14.4%
   display          13.96 ms   45.4%
     detect          0.96 ms  (sub)
     tracker         5.58 ms  (sub)
     hud:overlay     0.90 ms  (sub)
     hud:setup       0.11 ms  (sub)
     hud:ladder      0.11 ms  (sub)
     hud:warp        1.93 ms  (sub)
     hud:arc         0.05 ms  (sub)
     hud:blend       0.81 ms  (sub)
     hud:yaw         0.34 ms  (sub)
     hud:cross       0.04 ms  (sub)
     disp:record     4.32 ms  (sub)
     disp:imshow     1.09 ms  (sub)
     disp:waitkey    8.47 ms  (sub)
[PROF 09:33:10]  57 frames   29.44 ms/frame  ->  34.0 FPS
   capture           4.29 ms   14.6%
   track             7.35 ms   25.0%
   ctrl+mav          0.61 ms    2.1%
   hud               4.35 ms   14.8%
   display          12.84 ms   43.6%
     detect          1.09 ms  (sub)
     tracker         5.58 ms  (sub)
     hud:overlay     0.92 ms  (sub)
     hud:setup       0.11 ms  (sub)
     hud:ladder      0.13 ms  (sub)
     hud:warp        1.86 ms  (sub)
     hud:arc         0.06 ms  (sub)
     hud:blend       0.82 ms  (sub)
     hud:yaw         0.37 ms  (sub)
     hud:cross       0.05 ms  (sub)
     disp:record     4.84 ms  (sub)
     disp:imshow     1.51 ms  (sub)
     disp:waitkey    6.42 ms  (sub)
[PROF 09:33:12]  54 frames   30.04 ms/frame  ->  33.3 FPS
   capture           4.56 ms   15.2%
   track             7.47 ms   24.9%
   ctrl+mav          0.59 ms    1.9%
   hud               4.42 ms   14.7%
   display          13.01 ms   43.3%
     detect          1.00 ms  (sub)
     tracker         5.76 ms  (sub)
     hud:overlay     0.94 ms  (sub)
     hud:setup       0.13 ms  (sub)
     hud:ladder      0.11 ms  (sub)
     hud:warp        1.90 ms  (sub)
     hud:arc         0.05 ms  (sub)
     hud:blend       0.85 ms  (sub)
     hud:yaw         0.35 ms  (sub)
     hud:cross       0.05 ms  (sub)
     disp:record     5.10 ms  (sub)
     disp:imshow     1.51 ms  (sub)
     disp:waitkey    6.31 ms  (sub)
[PROF 09:33:14]  52 frames   29.70 ms/frame  ->  33.7 FPS
   capture           4.40 ms   14.8%
   track             7.45 ms   25.1%
   ctrl+mav          0.61 ms    2.1%
   hud               4.21 ms   14.2%
   display          13.02 ms   43.8%
     detect          1.14 ms  (sub)
     tracker         5.66 ms  (sub)
     hud:overlay     0.90 ms  (sub)
     hud:setup       0.11 ms  (sub)
     hud:ladder      0.10 ms  (sub)
     hud:warp        1.82 ms  (sub)
     hud:arc         0.05 ms  (sub)
     hud:blend       0.80 ms  (sub)
     hud:yaw         0.35 ms  (sub)
     hud:cross       0.04 ms  (sub)
     disp:record     4.43 ms  (sub)
     disp:imshow     1.41 ms  (sub)
     disp:waitkey    7.09 ms  (sub)
[PROF 09:33:16]  53 frames   29.92 ms/frame  ->  33.4 FPS
   capture           4.55 ms   15.2%
   track             7.83 ms   26.2%
   ctrl+mav          0.58 ms    1.9%
   hud               4.54 ms   15.2%
   display          12.43 ms   41.5%
     detect          1.10 ms  (sub)
     tracker         6.02 ms  (sub)
     hud:overlay     1.03 ms  (sub)
     hud:setup       0.12 ms  (sub)
     hud:ladder      0.11 ms  (sub)
     hud:warp        1.83 ms  (sub)
     hud:arc         0.06 ms  (sub)
     hud:blend       0.91 ms  (sub)
     hud:yaw         0.39 ms  (sub)
     hud:cross       0.05 ms  (sub)
     disp:record     4.74 ms  (sub)
     disp:imshow     1.32 ms  (sub)
     disp:waitkey    6.30 ms  (sub)
[PROF 09:33:18]  53 frames   29.99 ms/frame  ->  33.3 FPS
   capture           4.60 ms   15.3%
   track             7.58 ms   25.3%
   ctrl+mav          0.66 ms    2.2%
   hud               4.30 ms   14.3%
   display          12.84 ms   42.8%
     detect          1.16 ms  (sub)
     tracker         5.69 ms  (sub)
     hud:overlay     0.95 ms  (sub)
     hud:setup       0.11 ms  (sub)
     hud:ladder      0.10 ms  (sub)
     hud:warp        1.79 ms  (sub)
     hud:arc         0.05 ms  (sub)
     hud:blend       0.84 ms  (sub)
     hud:yaw         0.37 ms  (sub)
     hud:cross       0.05 ms  (sub)
     disp:record     5.13 ms  (sub)
     disp:imshow     1.32 ms  (sub)
     disp:waitkey    6.31 ms  (sub)
[PROF 09:33:20]  54 frames   30.40 ms/frame  ->  32.9 FPS
   capture           4.65 ms   15.3%
   track             7.67 ms   25.2%
   ctrl+mav          0.59 ms    1.9%
   hud               4.34 ms   14.3%
   display          13.14 ms   43.2%
     detect          1.10 ms  (sub)
     tracker         5.81 ms  (sub)
     hud:overlay     0.91 ms  (sub)
     hud:setup       0.10 ms  (sub)
     hud:ladder      0.11 ms  (sub)
     hud:warp        1.86 ms  (sub)
     hud:arc         0.05 ms  (sub)
     hud:blend       0.85 ms  (sub)
     hud:yaw         0.37 ms  (sub)
     hud:cross       0.05 ms  (sub)
     disp:record     4.87 ms  (sub)
     disp:imshow     1.20 ms  (sub)
     disp:waitkey    7.00 ms  (sub)
[PROF 09:33:22]  54 frames   29.52 ms/frame  ->  33.9 FPS
   capture           4.29 ms   14.5%
   track             7.60 ms   25.8%
   ctrl+mav          0.58 ms    2.0%
   hud               4.40 ms   14.9%
   display          12.65 ms   42.9%
     detect          1.16 ms  (sub)
     tracker         5.77 ms  (sub)
     hud:overlay     0.90 ms  (sub)
     hud:setup       0.12 ms  (sub)
     hud:ladder      0.12 ms  (sub)
     hud:warp        1.82 ms  (sub)
     hud:arc         0.05 ms  (sub)
     hud:blend       0.92 ms  (sub)
     hud:yaw         0.38 ms  (sub)
     hud:cross       0.05 ms  (sub)
     disp:record     4.84 ms  (sub)
     disp:imshow     1.34 ms  (sub)
     disp:waitkey    6.40 ms  (sub)
[PROF 09:33:24]  53 frames   28.99 ms/frame  ->  34.5 FPS
   capture           4.25 ms   14.7%
   track             7.30 ms   25.2%
   ctrl+mav          0.55 ms    1.9%
   hud               4.30 ms   14.8%
   display          12.58 ms   43.4%
     detect          0.96 ms  (sub)
     tracker         5.73 ms  (sub)
     hud:overlay     0.89 ms  (sub)
     hud:setup       0.10 ms  (sub)
     hud:ladder      0.09 ms  (sub)
     hud:warp        1.86 ms  (sub)
     hud:arc         0.05 ms  (sub)
     hud:blend       0.86 ms  (sub)
     hud:yaw         0.37 ms  (sub)
     hud:cross       0.04 ms  (sub)
     disp:record     4.24 ms  (sub)
     disp:imshow     1.54 ms  (sub)
     disp:waitkey    6.73 ms  (sub)
[PROF 09:33:26]  54 frames   29.82 ms/frame  ->  33.5 FPS
   capture           5.05 ms   16.9%
   track             7.50 ms   25.1%
   ctrl+mav          0.63 ms    2.1%
   hud               4.27 ms   14.3%
   display          12.37 ms   41.5%
     detect          1.09 ms  (sub)
     tracker         5.76 ms  (sub)
     hud:overlay     0.89 ms  (sub)
     hud:setup       0.11 ms  (sub)
     hud:ladder      0.11 ms  (sub)
     hud:warp        1.82 ms  (sub)
     hud:arc         0.05 ms  (sub)
     hud:blend       0.84 ms  (sub)
     hud:yaw         0.36 ms  (sub)
     hud:cross       0.05 ms  (sub)
     disp:record     4.38 ms  (sub)
     disp:imshow     1.34 ms  (sub)
     disp:waitkey    6.51 ms  (sub)
[PROF 09:33:28]  55 frames   30.30 ms/frame  ->  33.0 FPS
   capture           4.41 ms   14.5%
   track             7.44 ms   24.6%
   ctrl+mav          0.58 ms    1.9%
   hud               4.25 ms   14.0%
   display          13.63 ms   45.0%
     detect          1.15 ms  (sub)
     tracker         5.58 ms  (sub)
     hud:overlay     0.92 ms  (sub)
     hud:setup       0.12 ms  (sub)
     hud:ladder      0.10 ms  (sub)
     hud:warp        1.80 ms  (sub)
     hud:arc         0.05 ms  (sub)
     hud:blend       0.85 ms  (sub)
     hud:yaw         0.34 ms  (sub)
     hud:cross       0.05 ms  (sub)
     disp:record     4.77 ms  (sub)
     disp:imshow     1.51 ms  (sub)
     disp:waitkey    7.22 ms  (sub)
[PROF 09:33:30]  59 frames   29.01 ms/frame  ->  34.5 FPS
   capture           4.69 ms   16.2%
   track             7.19 ms   24.8%
   ctrl+mav          0.60 ms    2.1%
   hud               4.06 ms   14.0%
   display          12.47 ms   43.0%
     detect          1.55 ms  (sub)
     tracker         5.01 ms  (sub)
     hud:overlay     0.95 ms  (sub)
     hud:setup       0.11 ms  (sub)
     hud:ladder      0.11 ms  (sub)
     hud:warp        1.63 ms  (sub)
     hud:arc         0.05 ms  (sub)
     hud:blend       0.81 ms  (sub)
     hud:yaw         0.33 ms  (sub)
     hud:cross       0.04 ms  (sub)
     disp:record     4.55 ms  (sub)
     disp:imshow     1.43 ms  (sub)
     disp:waitkey    6.41 ms  (sub)
[PROF 09:33:32]  55 frames   31.24 ms/frame  ->  32.0 FPS
   capture           4.45 ms   14.3%
   track             6.24 ms   20.0%
   ctrl+mav          3.72 ms   11.9%
   hud               3.86 ms   12.4%
   display          12.97 ms   41.5%
     detect          5.60 ms  (sub)
     tracker         0.00 ms  (sub)
     hud:overlay     0.68 ms  (sub)
     hud:setup       0.09 ms  (sub)
     hud:ladder      0.11 ms  (sub)
     hud:warp        1.67 ms  (sub)
     hud:arc         0.05 ms  (sub)
     hud:blend       0.83 ms  (sub)
     hud:yaw         0.35 ms  (sub)
     hud:cross       0.04 ms  (sub)
     disp:record     4.81 ms  (sub)
     disp:imshow     1.34 ms  (sub)
     disp:waitkey    6.75 ms  (sub)
[PROF 09:33:34]  56 frames   27.93 ms/frame  ->  35.8 FPS
   capture           4.43 ms   15.9%
   track             6.09 ms   21.8%
   ctrl+mav          0.48 ms    1.7%
   hud               4.09 ms   14.6%
   display          12.85 ms   46.0%
     detect          5.58 ms  (sub)
     tracker         0.00 ms  (sub)
     hud:overlay     0.72 ms  (sub)
     hud:setup       0.10 ms  (sub)
     hud:ladder      0.13 ms  (sub)
     hud:warp        1.79 ms  (sub)
     hud:arc         0.05 ms  (sub)
     hud:blend       0.85 ms  (sub)
     hud:yaw         0.37 ms  (sub)
     hud:cross       0.05 ms  (sub)
     disp:record     4.77 ms  (sub)
     disp:imshow     1.50 ms  (sub)
     disp:waitkey    6.46 ms  (sub)
[PROF 09:33:36]  54 frames   25.16 ms/frame  ->  39.7 FPS
   capture           4.14 ms   16.5%
   track             6.13 ms   24.4%
   ctrl+mav          1.02 ms    4.1%
   hud               3.92 ms   15.6%
   display           9.94 ms   39.5%
     detect          5.53 ms  (sub)
     tracker         0.00 ms  (sub)
     hud:overlay     0.71 ms  (sub)
     hud:setup       0.10 ms  (sub)
     hud:ladder      0.10 ms  (sub)
     hud:warp        1.78 ms  (sub)
     hud:arc         0.05 ms  (sub)
     hud:blend       0.80 ms  (sub)
     hud:yaw         0.31 ms  (sub)
     hud:cross       0.04 ms  (sub)
     disp:record     2.94 ms  (sub)
     disp:imshow     1.14 ms  (sub)
     disp:waitkey    5.80 ms  (sub)
[PROF 09:33:38]  58 frames   17.66 ms/frame  ->  56.6 FPS
   capture           3.20 ms   18.1%
   track             5.67 ms   32.1%
   ctrl+mav          0.39 ms    2.2%
   hud               3.81 ms   21.6%
   display           4.59 ms   26.0%
     detect          5.20 ms  (sub)
     tracker         0.00 ms  (sub)
     hud:overlay     0.67 ms  (sub)
     hud:setup       0.09 ms  (sub)
     hud:ladder      0.09 ms  (sub)
     hud:warp        1.71 ms  (sub)
     hud:arc         0.05 ms  (sub)
     hud:blend       0.82 ms  (sub)
     hud:yaw         0.30 ms  (sub)
     hud:cross       0.05 ms  (sub)
     disp:record     0.00 ms  (sub)
     disp:imshow     0.53 ms  (sub)
     disp:waitkey    4.02 ms  (sub)
[PROF 09:33:40]  53 frames   17.97 ms/frame  ->  55.6 FPS
   capture           3.25 ms   18.1%
   track             5.64 ms   31.4%
   ctrl+mav          0.30 ms    1.7%
   hud               3.83 ms   21.3%
   display           4.95 ms   27.5%
     detect          5.17 ms  (sub)
     tracker         0.00 ms  (sub)
     hud:overlay     0.70 ms  (sub)
     hud:setup       0.10 ms  (sub)
     hud:ladder      0.10 ms  (sub)
     hud:warp        1.64 ms  (sub)
     hud:arc         0.07 ms  (sub)
     hud:blend       0.83 ms  (sub)
     hud:yaw         0.31 ms  (sub)
     hud:cross       0.04 ms  (sub)
     disp:record     0.00 ms  (sub)
     disp:imshow     0.59 ms  (sub)
     disp:waitkey    4.33 ms  (sub)
[PROF 09:33:42]  55 frames   18.48 ms/frame  ->  54.1 FPS
   capture           3.41 ms   18.5%
   track             5.92 ms   32.0%
   ctrl+mav          0.41 ms    2.2%
   hud               3.85 ms   20.8%
   display           4.89 ms   26.5%
     detect          5.44 ms  (sub)
     tracker         0.00 ms  (sub)
     hud:overlay     0.67 ms  (sub)
     hud:setup       0.10 ms  (sub)
     hud:ladder      0.09 ms  (sub)
     hud:warp        1.68 ms  (sub)
     hud:arc         0.05 ms  (sub)
     hud:blend       0.85 ms  (sub)
     hud:yaw         0.33 ms  (sub)
     hud:cross       0.04 ms  (sub)
     disp:record     0.00 ms  (sub)
     disp:imshow     0.53 ms  (sub)
     disp:waitkey    4.32 ms  (sub)
[PROF 09:33:44]  53 frames   19.17 ms/frame  ->  52.2 FPS
   capture           3.07 ms   16.0%
   track             5.51 ms   28.7%
   ctrl+mav          0.32 ms    1.6%
   hud               3.74 ms   19.5%
   display           6.54 ms   34.1%
     detect          5.05 ms  (sub)
     tracker         0.00 ms  (sub)
     hud:overlay     0.67 ms  (sub)
     hud:setup       0.09 ms  (sub)
     hud:ladder      0.10 ms  (sub)
     hud:warp        1.63 ms  (sub)
     hud:arc         0.05 ms  (sub)
     hud:blend       0.80 ms  (sub)
     hud:yaw         0.32 ms  (sub)
     hud:cross       0.05 ms  (sub)
     disp:record     0.00 ms  (sub)
     disp:imshow     0.51 ms  (sub)
     disp:waitkey    5.99 ms  (sub)
[PROF 09:33:46]  56 frames   18.23 ms/frame  ->  54.9 FPS
   capture           3.17 ms   17.4%
   track             5.90 ms   32.4%
   ctrl+mav          0.36 ms    2.0%
   hud               3.89 ms   21.3%
   display           4.91 ms   26.9%
     detect          5.44 ms  (sub)
     tracker         0.00 ms  (sub)
     hud:overlay     0.68 ms  (sub)
     hud:setup       0.10 ms  (sub)
     hud:ladder      0.10 ms  (sub)
     hud:warp        1.72 ms  (sub)
     hud:arc         0.05 ms  (sub)
     hud:blend       0.83 ms  (sub)
     hud:yaw         0.33 ms  (sub)
     hud:cross       0.04 ms  (sub)
     disp:record     0.00 ms  (sub)
     disp:imshow     0.56 ms  (sub)
     disp:waitkey    4.31 ms  (sub)
[PROF 09:33:48]  57 frames   17.90 ms/frame  ->  55.9 FPS
   capture           3.22 ms   18.0%
   track             5.71 ms   31.9%
   ctrl+mav          0.33 ms    1.8%
   hud               3.85 ms   21.5%
   display           4.79 ms   26.7%
     detect          5.27 ms  (sub)
     tracker         0.00 ms  (sub)
     hud:overlay     0.69 ms  (sub)
     hud:setup       0.10 ms  (sub)
     hud:ladder      0.10 ms  (sub)
     hud:warp        1.66 ms  (sub)
     hud:arc         0.05 ms  (sub)
     hud:blend       0.85 ms  (sub)
     hud:yaw         0.33 ms  (sub)
     hud:cross       0.05 ms  (sub)
     disp:record     0.00 ms  (sub)
     disp:imshow     0.49 ms  (sub)
     disp:waitkey    4.26 ms  (sub)
[PROF 09:33:50]  54 frames   18.51 ms/frame  ->  54.0 FPS
   capture           3.39 ms   18.3%
   track             5.90 ms   31.9%
   ctrl+mav          0.33 ms    1.8%
   hud               3.99 ms   21.5%
   display           4.90 ms   26.5%
     detect          5.44 ms  (sub)
     tracker         0.00 ms  (sub)
     hud:overlay     0.69 ms  (sub)
     hud:setup       0.09 ms  (sub)
     hud:ladder      0.10 ms  (sub)
     hud:warp        1.73 ms  (sub)
     hud:arc         0.05 ms  (sub)
     hud:blend       0.83 ms  (sub)
     hud:yaw         0.41 ms  (sub)
     hud:cross       0.04 ms  (sub)
     disp:record     0.00 ms  (sub)
     disp:imshow     0.56 ms  (sub)
     disp:waitkey    4.30 ms  (sub)
[PROF 09:33:52]  55 frames   18.21 ms/frame  ->  54.9 FPS
   capture           3.20 ms   17.5%
   track             5.53 ms   30.3%
   ctrl+mav          0.35 ms    1.9%
   hud               4.12 ms   22.6%
   display           5.01 ms   27.5%
     detect          5.07 ms  (sub)
     tracker         0.00 ms  (sub)
     hud:overlay     0.70 ms  (sub)
     hud:setup       0.10 ms  (sub)
     hud:ladder      0.10 ms  (sub)
     hud:warp        1.79 ms  (sub)
     hud:arc         0.05 ms  (sub)
     hud:blend       0.94 ms  (sub)
     hud:yaw         0.34 ms  (sub)
     hud:cross       0.05 ms  (sub)
     disp:record     0.00 ms  (sub)
     disp:imshow     0.55 ms  (sub)
     disp:waitkey    4.42 ms  (sub)
[PROF 09:33:54]  56 frames   18.64 ms/frame  ->  53.6 FPS
   capture           3.48 ms   18.7%
   track             5.86 ms   31.5%
   ctrl+mav          0.32 ms    1.7%
   hud               4.14 ms   22.2%
   display           4.83 ms   25.9%
     detect          5.31 ms  (sub)
     tracker         0.00 ms  (sub)
     hud:overlay     0.71 ms  (sub)
     hud:setup       0.09 ms  (sub)
     hud:ladder      0.10 ms  (sub)
     hud:warp        1.85 ms  (sub)
     hud:arc         0.05 ms  (sub)
     hud:blend       0.88 ms  (sub)
     hud:yaw         0.36 ms  (sub)
     hud:cross       0.05 ms  (sub)
     disp:record     0.00 ms  (sub)
     disp:imshow     0.58 ms  (sub)
     disp:waitkey    4.21 ms  (sub)
[PROF 09:33:56]  55 frames   18.03 ms/frame  ->  55.5 FPS
   capture           3.20 ms   17.7%
   track             5.75 ms   31.9%
   ctrl+mav          0.38 ms    2.1%
   hud               3.82 ms   21.2%
   display           4.88 ms   27.1%
     detect          5.28 ms  (sub)
     tracker         0.00 ms  (sub)
     hud:overlay     0.67 ms  (sub)
     hud:setup       0.09 ms  (sub)
     hud:ladder      0.10 ms  (sub)
     hud:warp        1.68 ms  (sub)
     hud:arc         0.05 ms  (sub)
     hud:blend       0.82 ms  (sub)
     hud:yaw         0.33 ms  (sub)
     hud:cross       0.05 ms  (sub)
     disp:record     0.00 ms  (sub)
     disp:imshow     0.63 ms  (sub)
     disp:waitkey    4.21 ms  (sub)
[PROF 09:33:58]  52 frames   18.79 ms/frame  ->  53.2 FPS
   capture           3.56 ms   18.9%
   track             5.82 ms   31.0%
   ctrl+mav          0.37 ms    2.0%
   hud               4.03 ms   21.4%
   display           5.01 ms   26.7%
     detect          5.35 ms  (sub)
     tracker         0.00 ms  (sub)
     hud:overlay     0.71 ms  (sub)
     hud:setup       0.09 ms  (sub)
     hud:ladder      0.10 ms  (sub)
     hud:warp        1.79 ms  (sub)
     hud:arc         0.07 ms  (sub)
     hud:blend       0.84 ms  (sub)
     hud:yaw         0.36 ms  (sub)
     hud:cross       0.04 ms  (sub)
     disp:record     0.00 ms  (sub)
     disp:imshow     0.60 ms  (sub)
     disp:waitkey    4.38 ms  (sub)
[PROF 09:34:00]  56 frames   18.09 ms/frame  ->  55.3 FPS
   capture           3.12 ms   17.3%
   track             5.86 ms   32.4%
   ctrl+mav          0.39 ms    2.1%
   hud               3.81 ms   21.1%
   display           4.90 ms   27.1%
     detect          5.36 ms  (sub)
     tracker         0.00 ms  (sub)
     hud:overlay     0.68 ms  (sub)
     hud:setup       0.10 ms  (sub)
     hud:ladder      0.10 ms  (sub)
     hud:warp        1.68 ms  (sub)
     hud:arc         0.05 ms  (sub)
     hud:blend       0.80 ms  (sub)
     hud:yaw         0.32 ms  (sub)
     hud:cross       0.04 ms  (sub)
     disp:record     0.00 ms  (sub)
     disp:imshow     0.54 ms  (sub)
     disp:waitkey    4.32 ms  (sub)
[PROF 09:34:02]  57 frames   18.44 ms/frame  ->  54.2 FPS
   capture           3.42 ms   18.6%
   track             5.91 ms   32.1%
   ctrl+mav          0.37 ms    2.0%
   hud               3.86 ms   20.9%
   display           4.88 ms   26.5%
     detect          5.40 ms  (sub)
     tracker         0.00 ms  (sub)
     hud:overlay     0.67 ms  (sub)
     hud:setup       0.09 ms  (sub)
     hud:ladder      0.10 ms  (sub)
     hud:warp        1.72 ms  (sub)
     hud:arc         0.05 ms  (sub)
     hud:blend       0.82 ms  (sub)
     hud:yaw         0.33 ms  (sub)
     hud:cross       0.05 ms  (sub)
     disp:record     0.00 ms  (sub)
     disp:imshow     0.55 ms  (sub)
     disp:waitkey    4.29 ms  (sub)
[PROF 09:34:04]  54 frames   18.62 ms/frame  ->  53.7 FPS
   capture           3.24 ms   17.4%
   track             6.03 ms   32.4%
   ctrl+mav          0.39 ms    2.1%
   hud               3.92 ms   21.1%
   display           5.04 ms   27.1%
     detect          5.55 ms  (sub)
     tracker         0.00 ms  (sub)
     hud:overlay     0.67 ms  (sub)
     hud:setup       0.09 ms  (sub)
     hud:ladder      0.10 ms  (sub)
     hud:warp        1.74 ms  (sub)
     hud:arc         0.06 ms  (sub)
     hud:blend       0.85 ms  (sub)
     hud:yaw         0.33 ms  (sub)
     hud:cross       0.04 ms  (sub)
     disp:record     0.01 ms  (sub)
     disp:imshow     0.55 ms  (sub)
     disp:waitkey    4.44 ms  (sub)
[PROF 09:34:06]  55 frames   17.90 ms/frame  ->  55.9 FPS
   capture           3.48 ms   19.4%
   track             5.49 ms   30.6%
   ctrl+mav          0.33 ms    1.8%
   hud               3.77 ms   21.1%
   display           4.84 ms   27.0%
     detect          4.99 ms  (sub)
     tracker         0.00 ms  (sub)
     hud:overlay     0.67 ms  (sub)
     hud:setup       0.09 ms  (sub)
     hud:ladder      0.11 ms  (sub)
     hud:warp        1.64 ms  (sub)
     hud:arc         0.05 ms  (sub)
     hud:blend       0.81 ms  (sub)
     hud:yaw         0.33 ms  (sub)
     hud:cross       0.04 ms  (sub)
     disp:record     0.00 ms  (sub)
     disp:imshow     0.55 ms  (sub)
     disp:waitkey    4.25 ms  (sub)
[PROF 09:34:08]  56 frames   17.80 ms/frame  ->  56.2 FPS
   capture           3.16 ms   17.7%
   track             5.55 ms   31.2%
   ctrl+mav          0.32 ms    1.8%
   hud               3.95 ms   22.2%
   display           4.83 ms   27.2%
     detect          5.08 ms  (sub)
     tracker         0.00 ms  (sub)
     hud:overlay     0.69 ms  (sub)
     hud:setup       0.10 ms  (sub)
     hud:ladder      0.10 ms  (sub)
     hud:warp        1.76 ms  (sub)
     hud:arc         0.05 ms  (sub)
     hud:blend       0.83 ms  (sub)
     hud:yaw         0.34 ms  (sub)
     hud:cross       0.04 ms  (sub)
     disp:record     0.00 ms  (sub)
     disp:imshow     0.53 ms  (sub)
     disp:waitkey    4.27 ms  (sub)
[PROF 09:34:10]  54 frames   17.99 ms/frame  ->  55.6 FPS
   capture           3.23 ms   17.9%
   track             5.59 ms   31.0%
   ctrl+mav          0.32 ms    1.8%
   hud               3.96 ms   22.0%
   display           4.90 ms   27.2%
     detect          5.16 ms  (sub)
     tracker         0.00 ms  (sub)
     hud:overlay     0.68 ms  (sub)
     hud:setup       0.09 ms  (sub)
     hud:ladder      0.10 ms  (sub)
     hud:warp        1.69 ms  (sub)
     hud:arc         0.05 ms  (sub)
     hud:blend       0.93 ms  (sub)
     hud:yaw         0.33 ms  (sub)
     hud:cross       0.05 ms  (sub)
     disp:record     0.00 ms  (sub)
     disp:imshow     0.50 ms  (sub)
     disp:waitkey    4.37 ms  (sub)
[PROF 09:34:12]  50 frames   18.66 ms/frame  ->  53.6 FPS
   capture           3.39 ms   18.2%
   track             5.83 ms   31.3%
   ctrl+mav          0.40 ms    2.2%
   hud               3.90 ms   20.9%
   display           5.13 ms   27.5%
     detect          5.34 ms  (sub)
     tracker         0.00 ms  (sub)
     hud:overlay     0.71 ms  (sub)
     hud:setup       0.10 ms  (sub)
     hud:ladder      0.11 ms  (sub)
     hud:warp        1.69 ms  (sub)
     hud:arc         0.05 ms  (sub)
     hud:blend       0.82 ms  (sub)
     hud:yaw         0.34 ms  (sub)
     hud:cross       0.04 ms  (sub)
     disp:record     0.00 ms  (sub)
     disp:imshow     0.53 ms  (sub)
     disp:waitkey    4.56 ms  (sub)
[PROF 09:34:14]  55 frames   18.55 ms/frame  ->  53.9 FPS
   capture           3.54 ms   19.1%
   track             5.88 ms   31.7%
   ctrl+mav          0.36 ms    1.9%
   hud               3.89 ms   20.9%
   display           4.89 ms   26.4%
     detect          5.40 ms  (sub)
     tracker         0.00 ms  (sub)
     hud:overlay     0.70 ms  (sub)
     hud:setup       0.09 ms  (sub)
     hud:ladder      0.10 ms  (sub)
     hud:warp        1.65 ms  (sub)
     hud:arc         0.05 ms  (sub)
     hud:blend       0.89 ms  (sub)
     hud:yaw         0.34 ms  (sub)
     hud:cross       0.04 ms  (sub)
     disp:record     0.00 ms  (sub)
     disp:imshow     0.52 ms  (sub)
     disp:waitkey    4.33 ms  (sub)
[PROF 09:34:16]  56 frames   18.74 ms/frame  ->  53.4 FPS
   capture           3.28 ms   17.5%
   track             5.91 ms   31.5%
   ctrl+mav          0.38 ms    2.0%
   hud               4.13 ms   22.0%
   display           5.05 ms   26.9%
     detect          5.42 ms  (sub)
     tracker         0.00 ms  (sub)
     hud:overlay     0.68 ms  (sub)
     hud:setup       0.11 ms  (sub)
     hud:ladder      0.10 ms  (sub)
     hud:warp        1.85 ms  (sub)
     hud:arc         0.05 ms  (sub)
     hud:blend       0.91 ms  (sub)
     hud:yaw         0.34 ms  (sub)
     hud:cross       0.04 ms  (sub)
     disp:record     0.00 ms  (sub)
     disp:imshow     0.62 ms  (sub)
     disp:waitkey    4.39 ms  (sub)
[PROF 09:34:19]  38 frames   19.85 ms/frame  ->  50.4 FPS
   capture           3.66 ms   18.4%
   track             6.48 ms   32.6%
   ctrl+mav          0.41 ms    2.1%
   hud               4.31 ms   21.7%
   display           4.99 ms   25.1%
     detect          5.92 ms  (sub)
     tracker         0.00 ms  (sub)
     hud:overlay     0.71 ms  (sub)
     hud:setup       0.11 ms  (sub)
     hud:ladder      0.11 ms  (sub)
     hud:warp        1.91 ms  (sub)
     hud:arc         0.06 ms  (sub)
     hud:blend       0.98 ms  (sub)
     hud:yaw         0.36 ms  (sub)
     hud:cross       0.05 ms  (sub)
     disp:record     0.00 ms  (sub)
     disp:imshow     0.50 ms  (sub)
     disp:waitkey    4.45 ms  (sub)
[PROF 09:34:21]  49 frames   19.20 ms/frame  ->  52.1 FPS
   capture           3.67 ms   19.1%
   track             5.97 ms   31.1%
   ctrl+mav          0.40 ms    2.1%
   hud               4.05 ms   21.1%
   display           5.11 ms   26.6%
     detect          5.40 ms  (sub)
     tracker         0.00 ms  (sub)
     hud:overlay     0.67 ms  (sub)
     hud:setup       0.09 ms  (sub)
     hud:ladder      0.09 ms  (sub)
     hud:warp        1.88 ms  (sub)
     hud:arc         0.05 ms  (sub)
     hud:blend       0.84 ms  (sub)
     hud:yaw         0.34 ms  (sub)
     hud:cross       0.04 ms  (sub)
     disp:record     0.00 ms  (sub)
     disp:imshow     0.55 ms  (sub)
     disp:waitkey    4.53 ms  (sub)
[PROF 09:34:23]  56 frames   19.05 ms/frame  ->  52.5 FPS
   capture           3.12 ms   16.4%
   track             5.70 ms   29.9%
   ctrl+mav          0.32 ms    1.7%
   hud               3.84 ms   20.2%
   display           6.06 ms   31.8%
     detect          5.15 ms  (sub)
     tracker         0.00 ms  (sub)
     hud:overlay     0.66 ms  (sub)
     hud:setup       0.09 ms  (sub)
     hud:ladder      0.12 ms  (sub)
     hud:warp        1.64 ms  (sub)
     hud:arc         0.05 ms  (sub)
     hud:blend       0.86 ms  (sub)
     hud:yaw         0.33 ms  (sub)
     hud:cross       0.04 ms  (sub)
     disp:record     0.00 ms  (sub)
     disp:imshow     0.51 ms  (sub)
     disp:waitkey    5.52 ms  (sub)
[PROF 09:34:25]  49 frames   19.08 ms/frame  ->  52.4 FPS
   capture           3.62 ms   19.0%
   track             6.08 ms   31.9%
   ctrl+mav          0.35 ms    1.8%
   hud               4.00 ms   20.9%
   display           5.03 ms   26.4%
     detect          5.59 ms  (sub)
     tracker         0.00 ms  (sub)
     hud:overlay     0.70 ms  (sub)
     hud:setup       0.10 ms  (sub)
     hud:ladder      0.10 ms  (sub)
     hud:warp        1.78 ms  (sub)
     hud:arc         0.06 ms  (sub)
     hud:blend       0.86 ms  (sub)
     hud:yaw         0.33 ms  (sub)
     hud:cross       0.05 ms  (sub)
     disp:record     0.00 ms  (sub)
     disp:imshow     0.55 ms  (sub)
     disp:waitkey    4.44 ms  (sub)
[PROF 09:34:27]  56 frames   18.44 ms/frame  ->  54.2 FPS
   capture           3.33 ms   18.0%
   track             5.98 ms   32.4%
   ctrl+mav          0.38 ms    2.1%
   hud               4.01 ms   21.8%
   display           4.73 ms   25.7%
     detect          5.43 ms  (sub)
     tracker         0.00 ms  (sub)
     hud:overlay     0.71 ms  (sub)
     hud:setup       0.09 ms  (sub)
     hud:ladder      0.10 ms  (sub)
     hud:warp        1.80 ms  (sub)
     hud:arc         0.06 ms  (sub)
     hud:blend       0.83 ms  (sub)
     hud:yaw         0.34 ms  (sub)
     hud:cross       0.05 ms  (sub)
     disp:record     0.00 ms  (sub)
     disp:imshow     0.49 ms  (sub)
     disp:waitkey    4.21 ms  (sub)
[PROF 09:34:29]  57 frames   18.09 ms/frame  ->  55.3 FPS
   capture           3.21 ms   17.7%
   track             5.69 ms   31.4%
   ctrl+mav          0.32 ms    1.8%
   hud               3.95 ms   21.8%
   display           4.92 ms   27.2%
     detect          5.19 ms  (sub)
     tracker         0.00 ms  (sub)
     hud:overlay     0.69 ms  (sub)
     hud:setup       0.10 ms  (sub)
     hud:ladder      0.10 ms  (sub)
     hud:warp        1.73 ms  (sub)
     hud:arc         0.05 ms  (sub)
     hud:blend       0.84 ms  (sub)
     hud:yaw         0.37 ms  (sub)
     hud:cross       0.05 ms  (sub)
     disp:record     0.01 ms  (sub)
     disp:imshow     0.56 ms  (sub)
     disp:waitkey    4.31 ms  (sub)
[PROF 09:34:31]  56 frames   17.94 ms/frame  ->  55.7 FPS
   capture           3.32 ms   18.5%
   track             5.52 ms   30.8%
   ctrl+mav          0.33 ms    1.8%
   hud               3.85 ms   21.5%
   display           4.91 ms   27.4%
     detect          5.03 ms  (sub)
     tracker         0.00 ms  (sub)
     hud:overlay     0.70 ms  (sub)
     hud:setup       0.11 ms  (sub)
     hud:ladder      0.10 ms  (sub)
     hud:warp        1.64 ms  (sub)
     hud:arc         0.05 ms  (sub)
     hud:blend       0.83 ms  (sub)
     hud:yaw         0.35 ms  (sub)
     hud:cross       0.04 ms  (sub)
     disp:record     0.00 ms  (sub)
     disp:imshow     0.51 ms  (sub)
     disp:waitkey    4.37 ms  (sub)
[PROF 09:34:33]  59 frames   18.41 ms/frame  ->  54.3 FPS
   capture           3.52 ms   19.1%
   track             5.67 ms   30.8%
   ctrl+mav          0.38 ms    2.0%
   hud               3.96 ms   21.5%
   display           4.88 ms   26.5%
     detect          5.17 ms  (sub)
     tracker         0.00 ms  (sub)
     hud:overlay     0.69 ms  (sub)
     hud:setup       0.09 ms  (sub)
     hud:ladder      0.13 ms  (sub)
     hud:warp        1.74 ms  (sub)
     hud:arc         0.06 ms  (sub)
     hud:blend       0.84 ms  (sub)
     hud:yaw         0.34 ms  (sub)
     hud:cross       0.05 ms  (sub)
     disp:record     0.00 ms  (sub)
     disp:imshow     0.52 ms  (sub)
     disp:waitkey    4.32 ms  (sub)
[PROF 09:34:35]  53 frames   18.77 ms/frame  ->  53.3 FPS
   capture           3.47 ms   18.5%
   track             6.02 ms   32.1%
   ctrl+mav          0.36 ms    1.9%
   hud               4.00 ms   21.3%
   display           4.92 ms   26.2%
     detect          5.47 ms  (sub)
     tracker         0.00 ms  (sub)
     hud:overlay     0.71 ms  (sub)
     hud:setup       0.10 ms  (sub)
     hud:ladder      0.11 ms  (sub)
     hud:warp        1.76 ms  (sub)
     hud:arc         0.05 ms  (sub)
     hud:blend       0.85 ms  (sub)
     hud:yaw         0.34 ms  (sub)
     hud:cross       0.04 ms  (sub)
     disp:record     0.00 ms  (sub)
     disp:imshow     0.56 ms  (sub)
     disp:waitkey    4.32 ms  (sub)
[PROF 09:34:37]  58 frames   18.12 ms/frame  ->  55.2 FPS
   capture           3.10 ms   17.1%
   track             5.91 ms   32.6%
   ctrl+mav          0.33 ms    1.8%
   hud               3.85 ms   21.3%
   display           4.93 ms   27.2%
     detect          5.44 ms  (sub)
     tracker         0.00 ms  (sub)
     hud:overlay     0.68 ms  (sub)
     hud:setup       0.09 ms  (sub)
     hud:ladder      0.10 ms  (sub)
     hud:warp        1.66 ms  (sub)
     hud:arc         0.05 ms  (sub)
     hud:blend       0.84 ms  (sub)
     hud:yaw         0.35 ms  (sub)
     hud:cross       0.05 ms  (sub)
     disp:record     0.00 ms  (sub)
     disp:imshow     0.58 ms  (sub)
     disp:waitkey    4.30 ms  (sub)
[PROF 09:34:39]  52 frames   18.36 ms/frame  ->  54.5 FPS
   capture           3.52 ms   19.1%
   track             5.86 ms   31.9%
   ctrl+mav          0.34 ms    1.9%
   hud               3.82 ms   20.8%
   display           4.82 ms   26.3%
     detect          5.35 ms  (sub)
     tracker         0.00 ms  (sub)
     hud:overlay     0.68 ms  (sub)
     hud:setup       0.09 ms  (sub)
     hud:ladder      0.10 ms  (sub)
     hud:warp        1.66 ms  (sub)
     hud:arc         0.05 ms  (sub)
     hud:blend       0.83 ms  (sub)
     hud:yaw         0.34 ms  (sub)
     hud:cross       0.04 ms  (sub)
     disp:record     0.00 ms  (sub)
     disp:imshow     0.58 ms  (sub)
     disp:waitkey    4.21 ms  (sub)
[PROF 09:34:41]  56 frames   18.28 ms/frame  ->  54.7 FPS
   capture           3.47 ms   19.0%
   track             5.77 ms   31.6%
   ctrl+mav          0.42 ms    2.3%
   hud               3.84 ms   21.0%
   display           4.78 ms   26.1%
     detect          5.26 ms  (sub)
     tracker         0.00 ms  (sub)
     hud:overlay     0.71 ms  (sub)
     hud:setup       0.10 ms  (sub)
     hud:ladder      0.10 ms  (sub)
     hud:warp        1.65 ms  (sub)
     hud:arc         0.06 ms  (sub)
     hud:blend       0.83 ms  (sub)
     hud:yaw         0.32 ms  (sub)
     hud:cross       0.04 ms  (sub)
     disp:record     0.00 ms  (sub)
     disp:imshow     0.51 ms  (sub)
     disp:waitkey    4.23 ms  (sub)
[PROF 09:34:43]  60 frames   18.02 ms/frame  ->  55.5 FPS
   capture           3.27 ms   18.2%
   track             5.45 ms   30.3%
   ctrl+mav          0.31 ms    1.7%
   hud               4.06 ms   22.5%
   display           4.92 ms   27.3%
     detect          5.03 ms  (sub)
     tracker         0.00 ms  (sub)
     hud:overlay     0.68 ms  (sub)
     hud:setup       0.09 ms  (sub)
     hud:ladder      0.10 ms  (sub)
     hud:warp        1.71 ms  (sub)
     hud:arc         0.05 ms  (sub)
     hud:blend       0.98 ms  (sub)
     hud:yaw         0.36 ms  (sub)
     hud:cross       0.05 ms  (sub)
     disp:record     0.00 ms  (sub)
     disp:imshow     0.56 ms  (sub)
     disp:waitkey    4.33 ms  (sub)
[PROF 09:34:45]  54 frames   18.91 ms/frame  ->  52.9 FPS
   capture           3.61 ms   19.1%
   track             5.88 ms   31.1%
   ctrl+mav          0.36 ms    1.9%
   hud               4.08 ms   21.6%
   display           4.99 ms   26.4%
     detect          5.36 ms  (sub)
     tracker         0.00 ms  (sub)
     hud:overlay     0.73 ms  (sub)
     hud:setup       0.11 ms  (sub)
     hud:ladder      0.13 ms  (sub)
     hud:warp        1.73 ms  (sub)
     hud:arc         0.06 ms  (sub)
     hud:blend       0.89 ms  (sub)
     hud:yaw         0.34 ms  (sub)
     hud:cross       0.05 ms  (sub)
     disp:record     0.00 ms  (sub)
     disp:imshow     0.54 ms  (sub)
     disp:waitkey    4.41 ms  (sub)
[PROF 09:34:47]  54 frames   19.32 ms/frame  ->  51.8 FPS
   capture           3.44 ms   17.8%
   track             6.24 ms   32.3%
   ctrl+mav          0.39 ms    2.0%
   hud               4.20 ms   21.7%
   display           5.06 ms   26.2%
     detect          5.71 ms  (sub)
     tracker         0.00 ms  (sub)
     hud:overlay     0.70 ms  (sub)
     hud:setup       0.11 ms  (sub)
     hud:ladder      0.10 ms  (sub)
     hud:warp        1.91 ms  (sub)
     hud:arc         0.06 ms  (sub)
     hud:blend       0.87 ms  (sub)
     hud:yaw         0.36 ms  (sub)
     hud:cross       0.04 ms  (sub)
     disp:record     0.00 ms  (sub)
     disp:imshow     0.55 ms  (sub)
     disp:waitkey    4.47 ms  (sub)
[PROF 09:34:49]  52 frames   20.48 ms/frame  ->  48.8 FPS
   capture           3.68 ms   18.0%
   track             5.64 ms   27.6%
   ctrl+mav          0.34 ms    1.7%
   hud               4.11 ms   20.1%
   display           6.71 ms   32.7%
     detect          5.19 ms  (sub)
     tracker         0.00 ms  (sub)
     hud:overlay     0.68 ms  (sub)
     hud:setup       0.11 ms  (sub)
     hud:ladder      0.14 ms  (sub)
     hud:warp        1.79 ms  (sub)
     hud:arc         0.09 ms  (sub)
     hud:blend       0.87 ms  (sub)
     hud:yaw         0.33 ms  (sub)
     hud:cross       0.04 ms  (sub)
     disp:record     0.00 ms  (sub)
     disp:imshow     0.55 ms  (sub)
     disp:waitkey    6.12 ms  (sub)
[PROF 09:34:51]  55 frames   18.73 ms/frame  ->  53.4 FPS
   capture           3.25 ms   17.4%
   track             5.92 ms   31.6%
   ctrl+mav          0.34 ms    1.8%
   hud               3.97 ms   21.2%
   display           5.25 ms   28.0%
     detect          5.44 ms  (sub)
     tracker         0.00 ms  (sub)
     hud:overlay     0.70 ms  (sub)
     hud:setup       0.10 ms  (sub)
     hud:ladder      0.12 ms  (sub)
     hud:warp        1.69 ms  (sub)
     hud:arc         0.05 ms  (sub)
     hud:blend       0.84 ms  (sub)
     hud:yaw         0.37 ms  (sub)
     hud:cross       0.05 ms  (sub)
     disp:record     0.00 ms  (sub)
     disp:imshow     0.65 ms  (sub)
     disp:waitkey    4.56 ms  (sub)
[PROF 09:34:53]  59 frames   17.90 ms/frame  ->  55.9 FPS
   capture           3.15 ms   17.6%
   track             5.63 ms   31.5%
   ctrl+mav          0.32 ms    1.8%
   hud               3.75 ms   20.9%
   display           5.05 ms   28.2%
     detect          5.16 ms  (sub)
     tracker         0.00 ms  (sub)
     hud:overlay     0.67 ms  (sub)
     hud:setup       0.09 ms  (sub)
     hud:ladder      0.10 ms  (sub)
     hud:warp        1.60 ms  (sub)
     hud:arc         0.05 ms  (sub)
     hud:blend       0.81 ms  (sub)
     hud:yaw         0.33 ms  (sub)
     hud:cross       0.05 ms  (sub)
     disp:record     0.00 ms  (sub)
     disp:imshow     0.55 ms  (sub)
     disp:waitkey    4.47 ms  (sub)
[PROF 09:34:55]  58 frames   18.85 ms/frame  ->  53.0 FPS
   capture           3.31 ms   17.6%
   track             5.91 ms   31.4%
   ctrl+mav          0.35 ms    1.8%
   hud               4.04 ms   21.4%
   display           5.24 ms   27.8%
     detect          5.44 ms  (sub)
     tracker         0.00 ms  (sub)
     hud:overlay     0.71 ms  (sub)
     hud:setup       0.09 ms  (sub)
     hud:ladder      0.10 ms  (sub)
     hud:warp        1.69 ms  (sub)
     hud:arc         0.05 ms  (sub)
     hud:blend       0.91 ms  (sub)
     hud:yaw         0.37 ms  (sub)
     hud:cross       0.08 ms  (sub)
     disp:record     0.00 ms  (sub)
     disp:imshow     0.57 ms  (sub)
     disp:waitkey    4.61 ms  (sub)
[PROF 09:34:57]  59 frames   17.79 ms/frame  ->  56.2 FPS
   capture           3.18 ms   17.9%
   track             5.57 ms   31.3%
   ctrl+mav          0.33 ms    1.9%
   hud               3.85 ms   21.6%
   display           4.85 ms   27.3%
     detect          5.08 ms  (sub)
     tracker         0.00 ms  (sub)
     hud:overlay     0.75 ms  (sub)
     hud:setup       0.10 ms  (sub)
     hud:ladder      0.10 ms  (sub)
     hud:warp        1.65 ms  (sub)
     hud:arc         0.05 ms  (sub)
     hud:blend       0.80 ms  (sub)
     hud:yaw         0.33 ms  (sub)
     hud:cross       0.04 ms  (sub)
     disp:record     0.00 ms  (sub)
     disp:imshow     0.53 ms  (sub)
     disp:waitkey    4.28 ms  (sub)
[PROF 09:34:59]  47 frames   19.17 ms/frame  ->  52.2 FPS
   capture           3.62 ms   18.9%
   track             6.07 ms   31.7%
   ctrl+mav          0.39 ms    2.0%
   hud               4.08 ms   21.3%
   display           5.01 ms   26.1%
     detect          5.51 ms  (sub)
     tracker         0.00 ms  (sub)
     hud:overlay     0.72 ms  (sub)
     hud:setup       0.11 ms  (sub)
     hud:ladder      0.11 ms  (sub)
     hud:warp        1.82 ms  (sub)
     hud:arc         0.06 ms  (sub)
     hud:blend       0.86 ms  (sub)
     hud:yaw         0.34 ms  (sub)
     hud:cross       0.04 ms  (sub)
     disp:record     0.00 ms  (sub)
     disp:imshow     0.58 ms  (sub)
     disp:waitkey    4.38 ms  (sub)
[PROF 09:35:01]  55 frames   18.78 ms/frame  ->  53.2 FPS
   capture           3.53 ms   18.8%
   track             5.84 ms   31.1%
   ctrl+mav          0.33 ms    1.7%
   hud               4.08 ms   21.7%
   display           5.01 ms   26.7%
     detect          5.39 ms  (sub)
     tracker         0.00 ms  (sub)
     hud:overlay     0.71 ms  (sub)
     hud:setup       0.09 ms  (sub)
     hud:ladder      0.10 ms  (sub)
     hud:warp        1.81 ms  (sub)
     hud:arc         0.06 ms  (sub)
     hud:blend       0.90 ms  (sub)
     hud:yaw         0.34 ms  (sub)
     hud:cross       0.05 ms  (sub)
     disp:record     0.00 ms  (sub)
     disp:imshow     0.54 ms  (sub)
     disp:waitkey    4.42 ms  (sub)
[PROF 09:35:03]  57 frames   18.07 ms/frame  ->  55.3 FPS
   capture           3.21 ms   17.8%
   track             5.69 ms   31.5%
   ctrl+mav          0.37 ms    2.0%
   hud               3.92 ms   21.7%
   display           4.87 ms   27.0%
     detect          5.22 ms  (sub)
     tracker         0.00 ms  (sub)
     hud:overlay     0.68 ms  (sub)
     hud:setup       0.09 ms  (sub)
     hud:ladder      0.09 ms  (sub)
     hud:warp        1.72 ms  (sub)
     hud:arc         0.05 ms  (sub)
     hud:blend       0.85 ms  (sub)
     hud:yaw         0.34 ms  (sub)
     hud:cross       0.04 ms  (sub)
     disp:record     0.00 ms  (sub)
     disp:imshow     0.55 ms  (sub)
     disp:waitkey    4.29 ms  (sub)
[PROF 09:35:05]  54 frames   18.61 ms/frame  ->  53.7 FPS
   capture           3.32 ms   17.8%
   track             5.80 ms   31.2%
   ctrl+mav          0.31 ms    1.7%
   hud               3.95 ms   21.2%
   display           5.22 ms   28.1%
     detect          5.29 ms  (sub)
     tracker         0.00 ms  (sub)
     hud:overlay     0.71 ms  (sub)
     hud:setup       0.09 ms  (sub)
     hud:ladder      0.10 ms  (sub)
     hud:warp        1.68 ms  (sub)
     hud:arc         0.06 ms  (sub)
     hud:blend       0.87 ms  (sub)
     hud:yaw         0.35 ms  (sub)
     hud:cross       0.04 ms  (sub)
     disp:record     0.00 ms  (sub)
     disp:imshow     0.53 ms  (sub)
     disp:waitkey    4.65 ms  (sub)
[PROF 09:35:07]  57 frames   18.28 ms/frame  ->  54.7 FPS
   capture           3.43 ms   18.8%
   track             5.84 ms   32.0%
   ctrl+mav          0.36 ms    2.0%
   hud               3.92 ms   21.5%
   display           4.73 ms   25.8%
     detect          5.30 ms  (sub)
     tracker         0.00 ms  (sub)
     hud:overlay     0.76 ms  (sub)
     hud:setup       0.09 ms  (sub)
     hud:ladder      0.10 ms  (sub)
     hud:warp        1.69 ms  (sub)
     hud:arc         0.05 ms  (sub)
     hud:blend       0.82 ms  (sub)
     hud:yaw         0.33 ms  (sub)
     hud:cross       0.04 ms  (sub)
     disp:record     0.00 ms  (sub)
     disp:imshow     0.51 ms  (sub)
     disp:waitkey    4.18 ms  (sub)
[PROF 09:35:09]  55 frames   18.70 ms/frame  ->  53.5 FPS
   capture           3.43 ms   18.3%
   track             5.97 ms   31.9%
   ctrl+mav          0.40 ms    2.1%
   hud               4.00 ms   21.4%
   display           4.89 ms   26.2%
     detect          5.49 ms  (sub)
     tracker         0.00 ms  (sub)
     hud:overlay     0.70 ms  (sub)
     hud:setup       0.10 ms  (sub)
     hud:ladder      0.10 ms  (sub)
     hud:warp        1.77 ms  (sub)
     hud:arc         0.05 ms  (sub)
     hud:blend       0.85 ms  (sub)
     hud:yaw         0.34 ms  (sub)
     hud:cross       0.04 ms  (sub)
     disp:record     0.00 ms  (sub)
     disp:imshow     0.52 ms  (sub)
     disp:waitkey    4.33 ms  (sub)
[PROF 09:35:11]  57 frames   18.49 ms/frame  ->  54.1 FPS
   capture           3.39 ms   18.3%
   track             6.09 ms   32.9%
   ctrl+mav          0.39 ms    2.1%
   hud               3.94 ms   21.3%
   display           4.69 ms   25.4%
     detect          5.58 ms  (sub)
     tracker         0.00 ms  (sub)
     hud:overlay     0.70 ms  (sub)
     hud:setup       0.10 ms  (sub)
     hud:ladder      0.10 ms  (sub)
     hud:warp        1.74 ms  (sub)
     hud:arc         0.05 ms  (sub)
     hud:blend       0.82 ms  (sub)
     hud:yaw         0.35 ms  (sub)
     hud:cross       0.05 ms  (sub)
     disp:record     0.00 ms  (sub)
     disp:imshow     0.52 ms  (sub)
     disp:waitkey    4.13 ms  (sub)
[PROF 09:35:13]  52 frames   19.08 ms/frame  ->  52.4 FPS
   capture           3.44 ms   18.1%
   track             6.01 ms   31.5%
   ctrl+mav          0.37 ms    1.9%
   hud               3.98 ms   20.8%
   display           5.27 ms   27.6%
     detect          5.49 ms  (sub)
     tracker         0.00 ms  (sub)
     hud:overlay     0.72 ms  (sub)
     hud:setup       0.09 ms  (sub)
     hud:ladder      0.10 ms  (sub)
     hud:warp        1.71 ms  (sub)
     hud:arc         0.05 ms  (sub)
     hud:blend       0.87 ms  (sub)
     hud:yaw         0.35 ms  (sub)
     hud:cross       0.05 ms  (sub)
     disp:record     0.00 ms  (sub)
     disp:imshow     0.53 ms  (sub)
     disp:waitkey    4.71 ms  (sub)
[PROF 09:35:15]  53 frames   19.24 ms/frame  ->  52.0 FPS
   capture           3.55 ms   18.5%
   track             5.91 ms   30.7%
   ctrl+mav          0.36 ms    1.9%
   hud               4.09 ms   21.2%
   display           5.34 ms   27.7%
     detect          5.36 ms  (sub)
     tracker         0.00 ms  (sub)
     hud:overlay     0.70 ms  (sub)
     hud:setup       0.10 ms  (sub)
     hud:ladder      0.11 ms  (sub)
     hud:warp        1.79 ms  (sub)
     hud:arc         0.05 ms  (sub)
     hud:blend       0.89 ms  (sub)
     hud:yaw         0.38 ms  (sub)
     hud:cross       0.05 ms  (sub)
     disp:record     0.00 ms  (sub)
     disp:imshow     0.67 ms  (sub)
     disp:waitkey    4.63 ms  (sub)
[PROF 09:35:17]  54 frames   18.96 ms/frame  ->  52.7 FPS
   capture           3.61 ms   19.0%
   track             5.96 ms   31.4%
   ctrl+mav          0.40 ms    2.1%
   hud               3.94 ms   20.8%
   display           5.05 ms   26.7%
     detect          5.42 ms  (sub)
     tracker         0.00 ms  (sub)
     hud:overlay     0.68 ms  (sub)
     hud:setup       0.09 ms  (sub)
     hud:ladder      0.10 ms  (sub)
     hud:warp        1.75 ms  (sub)
     hud:arc         0.07 ms  (sub)
     hud:blend       0.85 ms  (sub)
     hud:yaw         0.33 ms  (sub)
     hud:cross       0.04 ms  (sub)
     disp:record     0.00 ms  (sub)
     disp:imshow     0.52 ms  (sub)
     disp:waitkey    4.50 ms  (sub)
[PROF 09:35:19]  56 frames   18.20 ms/frame  ->  55.0 FPS
   capture           3.25 ms   17.9%
   track             5.66 ms   31.1%
   ctrl+mav          0.33 ms    1.8%
   hud               4.01 ms   22.0%
   display           4.94 ms   27.1%
     detect          5.13 ms  (sub)
     tracker         0.00 ms  (sub)
     hud:overlay     0.70 ms  (sub)
     hud:setup       0.09 ms  (sub)
     hud:ladder      0.10 ms  (sub)
     hud:warp        1.82 ms  (sub)
     hud:arc         0.05 ms  (sub)
     hud:blend       0.83 ms  (sub)
     hud:yaw         0.34 ms  (sub)
     hud:cross       0.04 ms  (sub)
     disp:record     0.00 ms  (sub)
     disp:imshow     0.50 ms  (sub)
     disp:waitkey    4.40 ms  (sub)
[PROF 09:35:21]  55 frames   19.49 ms/frame  ->  51.3 FPS
   capture           3.19 ms   16.4%
   track             5.71 ms   29.3%
   ctrl+mav          0.36 ms    1.8%
   hud               3.82 ms   19.6%
   display           6.41 ms   32.9%
     detect          5.20 ms  (sub)
     tracker         0.00 ms  (sub)
     hud:overlay     0.69 ms  (sub)
     hud:setup       0.09 ms  (sub)
     hud:ladder      0.10 ms  (sub)
     hud:warp        1.64 ms  (sub)
     hud:arc         0.05 ms  (sub)
     hud:blend       0.83 ms  (sub)
     hud:yaw         0.33 ms  (sub)
     hud:cross       0.04 ms  (sub)
     disp:record     0.00 ms  (sub)
     disp:imshow     0.53 ms  (sub)
     disp:waitkey    5.84 ms  (sub)
[PROF 09:35:23]  53 frames   19.36 ms/frame  ->  51.7 FPS
   capture           3.60 ms   18.6%
   track             6.17 ms   31.9%
   ctrl+mav          0.37 ms    1.9%
   hud               4.18 ms   21.6%
   display           5.03 ms   26.0%
     detect          5.70 ms  (sub)
     tracker         0.00 ms  (sub)
     hud:overlay     0.72 ms  (sub)
     hud:setup       0.10 ms  (sub)
     hud:ladder      0.10 ms  (sub)
     hud:warp        1.84 ms  (sub)
     hud:arc         0.06 ms  (sub)
     hud:blend       0.93 ms  (sub)
     hud:yaw         0.35 ms  (sub)
     hud:cross       0.05 ms  (sub)
     disp:record     0.00 ms  (sub)
     disp:imshow     0.57 ms  (sub)
     disp:waitkey    4.43 ms  (sub)
[PROF 09:35:25]  54 frames   18.95 ms/frame  ->  52.8 FPS
   capture           3.36 ms   17.7%
   track             6.11 ms   32.2%
   ctrl+mav          0.36 ms    1.9%
   hud               4.12 ms   21.8%
   display           5.00 ms   26.4%
     detect          5.60 ms  (sub)
     tracker         0.00 ms  (sub)
     hud:overlay     0.76 ms  (sub)
     hud:setup       0.09 ms  (sub)
     hud:ladder      0.10 ms  (sub)
     hud:warp        1.82 ms  (sub)
     hud:arc         0.05 ms  (sub)
     hud:blend       0.85 ms  (sub)
     hud:yaw         0.38 ms  (sub)
     hud:cross       0.05 ms  (sub)
     disp:record     0.00 ms  (sub)
     disp:imshow     0.58 ms  (sub)
     disp:waitkey    4.39 ms  (sub)
[PROF 09:35:27]  55 frames   18.73 ms/frame  ->  53.4 FPS
   capture           3.45 ms   18.4%
   track             5.76 ms   30.8%
   ctrl+mav          0.38 ms    2.0%
   hud               4.02 ms   21.5%
   display           5.11 ms   27.3%
     detect          5.28 ms  (sub)
     tracker         0.00 ms  (sub)
     hud:overlay     0.77 ms  (sub)
     hud:setup       0.10 ms  (sub)
     hud:ladder      0.10 ms  (sub)
     hud:warp        1.73 ms  (sub)
     hud:arc         0.05 ms  (sub)
     hud:blend       0.87 ms  (sub)
     hud:yaw         0.33 ms  (sub)
     hud:cross       0.04 ms  (sub)
     disp:record     0.00 ms  (sub)
     disp:imshow     0.54 ms  (sub)
     disp:waitkey    4.54 ms  (sub)
[PROF 09:35:29]  58 frames   18.23 ms/frame  ->  54.9 FPS
   capture           3.14 ms   17.2%
   track             5.86 ms   32.2%
   ctrl+mav          0.33 ms    1.8%
   hud               3.82 ms   21.0%
   display           5.07 ms   27.8%
     detect          5.36 ms  (sub)
     tracker         0.00 ms  (sub)
     hud:overlay     0.71 ms  (sub)
     hud:setup       0.10 ms  (sub)
     hud:ladder      0.10 ms  (sub)
     hud:warp        1.63 ms  (sub)
     hud:arc         0.05 ms  (sub)
     hud:blend       0.84 ms  (sub)
     hud:yaw         0.33 ms  (sub)
     hud:cross       0.04 ms  (sub)
     disp:record     0.00 ms  (sub)
     disp:imshow     0.61 ms  (sub)
     disp:waitkey    4.43 ms  (sub)
[PROF 09:35:31]  54 frames   18.79 ms/frame  ->  53.2 FPS
   capture           3.45 ms   18.4%
   track             6.00 ms   32.0%
   ctrl+mav          0.32 ms    1.7%
   hud               4.00 ms   21.3%
   display           5.01 ms   26.7%
     detect          5.53 ms  (sub)
     tracker         0.00 ms  (sub)
     hud:overlay     0.69 ms  (sub)
     hud:setup       0.09 ms  (sub)
     hud:ladder      0.13 ms  (sub)
     hud:warp        1.83 ms  (sub)
     hud:arc         0.05 ms  (sub)
     hud:blend       0.80 ms  (sub)
     hud:yaw         0.33 ms  (sub)
     hud:cross       0.05 ms  (sub)
     disp:record     0.00 ms  (sub)
     disp:imshow     0.58 ms  (sub)
     disp:waitkey    4.39 ms  (sub)
[PROF 09:35:33]  55 frames   18.91 ms/frame  ->  52.9 FPS
   capture           3.57 ms   18.9%
   track             5.92 ms   31.3%
   ctrl+mav          0.40 ms    2.1%
   hud               3.94 ms   20.8%
   display           5.09 ms   26.9%
     detect          5.41 ms  (sub)
     tracker         0.00 ms  (sub)
     hud:overlay     0.73 ms  (sub)
     hud:setup       0.10 ms  (sub)
     hud:ladder      0.10 ms  (sub)
     hud:warp        1.70 ms  (sub)
     hud:arc         0.06 ms  (sub)
     hud:blend       0.85 ms  (sub)
     hud:yaw         0.33 ms  (sub)
     hud:cross       0.05 ms  (sub)
     disp:record     0.00 ms  (sub)
     disp:imshow     0.54 ms  (sub)
     disp:waitkey    4.51 ms  (sub)
[PROF 09:35:36]  54 frames   19.26 ms/frame  ->  51.9 FPS
   capture           3.75 ms   19.5%
   track             6.02 ms   31.3%
   ctrl+mav          0.39 ms    2.0%
   hud               4.07 ms   21.1%
   display           5.03 ms   26.1%
     detect          5.50 ms  (sub)
     tracker         0.00 ms  (sub)
     hud:overlay     0.70 ms  (sub)
     hud:setup       0.10 ms  (sub)
     hud:ladder      0.10 ms  (sub)
     hud:warp        1.83 ms  (sub)
     hud:arc         0.07 ms  (sub)
     hud:blend       0.85 ms  (sub)
     hud:yaw         0.34 ms  (sub)
     hud:cross       0.04 ms  (sub)
     disp:record     0.00 ms  (sub)
     disp:imshow     0.52 ms  (sub)
     disp:waitkey    4.46 ms  (sub)
[PROF 09:35:38]  59 frames   18.00 ms/frame  ->  55.6 FPS
   capture           3.38 ms   18.8%
   track             5.50 ms   30.5%
   ctrl+mav          0.33 ms    1.9%
   hud               3.90 ms   21.6%
   display           4.89 ms   27.2%
     detect          5.01 ms  (sub)
     tracker         0.00 ms  (sub)
     hud:overlay     0.73 ms  (sub)
     hud:setup       0.09 ms  (sub)
     hud:ladder      0.10 ms  (sub)
     hud:warp        1.69 ms  (sub)
     hud:arc         0.05 ms  (sub)
     hud:blend       0.83 ms  (sub)
     hud:yaw         0.33 ms  (sub)
     hud:cross       0.05 ms  (sub)
     disp:record     0.00 ms  (sub)
     disp:imshow     0.55 ms  (sub)
     disp:waitkey    4.31 ms  (sub)
[PROF 09:35:40]  56 frames   18.86 ms/frame  ->  53.0 FPS
   capture           3.54 ms   18.7%
   track             5.73 ms   30.4%
   ctrl+mav          0.37 ms    1.9%
   hud               4.14 ms   22.0%
   display           5.08 ms   26.9%
     detect          5.25 ms  (sub)
     tracker         0.00 ms  (sub)
     hud:overlay     0.79 ms  (sub)
     hud:setup       0.10 ms  (sub)
     hud:ladder      0.12 ms  (sub)
     hud:warp        1.77 ms  (sub)
     hud:arc         0.05 ms  (sub)
     hud:blend       0.85 ms  (sub)
     hud:yaw         0.38 ms  (sub)
     hud:cross       0.04 ms  (sub)
     disp:record     0.00 ms  (sub)
     disp:imshow     0.52 ms  (sub)
     disp:waitkey    4.52 ms  (sub)
[PROF 09:35:42]  58 frames   18.22 ms/frame  ->  54.9 FPS
   capture           3.30 ms   18.1%
   track             5.56 ms   30.5%
   ctrl+mav          0.32 ms    1.7%
   hud               4.01 ms   22.0%
   display           5.03 ms   27.6%
     detect          5.12 ms  (sub)
     tracker         0.00 ms  (sub)
     hud:overlay     0.69 ms  (sub)
     hud:setup       0.09 ms  (sub)
     hud:ladder      0.10 ms  (sub)
     hud:warp        1.79 ms  (sub)
     hud:arc         0.05 ms  (sub)
     hud:blend       0.86 ms  (sub)
     hud:yaw         0.34 ms  (sub)
     hud:cross       0.05 ms  (sub)
     disp:record     0.00 ms  (sub)
     disp:imshow     0.56 ms  (sub)
     disp:waitkey    4.43 ms  (sub)
[PROF 09:35:44]  54 frames   18.96 ms/frame  ->  52.8 FPS
   capture           3.37 ms   17.8%
   track             6.04 ms   31.9%
   ctrl+mav          0.36 ms    1.9%
   hud               4.10 ms   21.6%
   display           5.09 ms   26.9%
     detect          5.51 ms  (sub)
     tracker         0.00 ms  (sub)
     hud:overlay     0.76 ms  (sub)
     hud:setup       0.10 ms  (sub)
     hud:ladder      0.11 ms  (sub)
     hud:warp        1.78 ms  (sub)
     hud:arc         0.06 ms  (sub)
     hud:blend       0.88 ms  (sub)
     hud:yaw         0.34 ms  (sub)
     hud:cross       0.04 ms  (sub)
     disp:record     0.00 ms  (sub)
     disp:imshow     0.54 ms  (sub)
     disp:waitkey    4.52 ms  (sub)
[PROF 09:35:46]  50 frames   18.78 ms/frame  ->  53.2 FPS
   capture           3.35 ms   17.8%
   track             6.11 ms   32.5%
   ctrl+mav          0.40 ms    2.1%
   hud               3.99 ms   21.2%
   display           4.94 ms   26.3%
     detect          5.63 ms  (sub)
     tracker         0.00 ms  (sub)
     hud:overlay     0.73 ms  (sub)
     hud:setup       0.09 ms  (sub)
     hud:ladder      0.10 ms  (sub)
     hud:warp        1.73 ms  (sub)
     hud:arc         0.05 ms  (sub)
     hud:blend       0.86 ms  (sub)
     hud:yaw         0.34 ms  (sub)
     hud:cross       0.05 ms  (sub)
     disp:record     0.00 ms  (sub)
     disp:imshow     0.55 ms  (sub)
     disp:waitkey    4.35 ms  (sub)
[PROF 09:35:48]  55 frames   19.06 ms/frame  ->  52.5 FPS
   capture           3.56 ms   18.7%
   track             6.16 ms   32.3%
   ctrl+mav          0.34 ms    1.8%
   hud               4.03 ms   21.1%
   display           4.97 ms   26.1%
     detect          5.64 ms  (sub)
     tracker         0.00 ms  (sub)
     hud:overlay     0.71 ms  (sub)
     hud:setup       0.10 ms  (sub)
     hud:ladder      0.10 ms  (sub)
     hud:warp        1.80 ms  (sub)
     hud:arc         0.05 ms  (sub)
     hud:blend       0.84 ms  (sub)
     hud:yaw         0.34 ms  (sub)
     hud:cross       0.04 ms  (sub)
     disp:record     0.00 ms  (sub)
     disp:imshow     0.59 ms  (sub)
     disp:waitkey    4.34 ms  (sub)
[PROF 09:35:50]  51 frames   18.79 ms/frame  ->  53.2 FPS
   capture           3.53 ms   18.8%
   track             6.02 ms   32.0%
   ctrl+mav          0.37 ms    1.9%
   hud               3.94 ms   21.0%
   display           4.94 ms   26.3%
     detect          5.53 ms  (sub)
     tracker         0.00 ms  (sub)
     hud:overlay     0.69 ms  (sub)
     hud:setup       0.10 ms  (sub)
     hud:ladder      0.11 ms  (sub)
     hud:warp        1.74 ms  (sub)
     hud:arc         0.06 ms  (sub)
     hud:blend       0.83 ms  (sub)
     hud:yaw         0.34 ms  (sub)
     hud:cross       0.05 ms  (sub)
     disp:record     0.00 ms  (sub)
     disp:imshow     0.53 ms  (sub)
     disp:waitkey    4.37 ms  (sub)
[PROF 09:35:52]  57 frames   18.64 ms/frame  ->  53.7 FPS
   capture           3.37 ms   18.1%
   track             5.92 ms   31.8%
   ctrl+mav          0.39 ms    2.1%
   hud               3.96 ms   21.3%
   display           4.99 ms   26.8%
     detect          5.37 ms  (sub)
     tracker         0.00 ms  (sub)
     hud:overlay     0.78 ms  (sub)
     hud:setup       0.09 ms  (sub)
     hud:ladder      0.10 ms  (sub)
     hud:warp        1.70 ms  (sub)
     hud:arc         0.05 ms  (sub)
     hud:blend       0.83 ms  (sub)
     hud:yaw         0.33 ms  (sub)
     hud:cross       0.04 ms  (sub)
     disp:record     0.00 ms  (sub)
     disp:imshow     0.51 ms  (sub)
     disp:waitkey    4.44 ms  (sub)
[PROF 09:35:54]  54 frames   18.60 ms/frame  ->  53.8 FPS
   capture           3.23 ms   17.4%
   track             6.04 ms   32.5%
   ctrl+mav          0.35 ms    1.9%
   hud               4.04 ms   21.7%
   display           4.93 ms   26.5%
     detect          5.53 ms  (sub)
     tracker         0.00 ms  (sub)
     hud:overlay     0.75 ms  (sub)
     hud:setup       0.10 ms  (sub)
     hud:ladder      0.10 ms  (sub)
     hud:warp        1.78 ms  (sub)
     hud:arc         0.05 ms  (sub)
     hud:blend       0.86 ms  (sub)
     hud:yaw         0.33 ms  (sub)
     hud:cross       0.04 ms  (sub)
     disp:record     0.00 ms  (sub)
     disp:imshow     0.51 ms  (sub)
     disp:waitkey    4.39 ms  (sub)
[PROF 09:35:56]  54 frames   18.22 ms/frame  ->  54.9 FPS
   capture           3.57 ms   19.6%
   track             5.59 ms   30.7%
   ctrl+mav          0.33 ms    1.8%
   hud               3.81 ms   20.9%
   display           4.92 ms   27.0%
     detect          5.11 ms  (sub)
     tracker         0.00 ms  (sub)
     hud:overlay     0.69 ms  (sub)
     hud:setup       0.09 ms  (sub)
     hud:ladder      0.09 ms  (sub)
     hud:warp        1.66 ms  (sub)
     hud:arc         0.06 ms  (sub)
     hud:blend       0.82 ms  (sub)
     hud:yaw         0.32 ms  (sub)
     hud:cross       0.04 ms  (sub)
     disp:record     0.00 ms  (sub)
     disp:imshow     0.53 ms  (sub)
     disp:waitkey    4.35 ms  (sub)
[PROF 09:35:58]  53 frames   18.65 ms/frame  ->  53.6 FPS
   capture           3.45 ms   18.5%
   track             5.96 ms   32.0%
   ctrl+mav          0.33 ms    1.8%
   hud               3.94 ms   21.2%
   display           4.96 ms   26.6%
     detect          5.47 ms  (sub)
     tracker         0.00 ms  (sub)
     hud:overlay     0.72 ms  (sub)
     hud:setup       0.10 ms  (sub)
     hud:ladder      0.11 ms  (sub)
     hud:warp        1.71 ms  (sub)
     hud:arc         0.06 ms  (sub)
     hud:blend       0.85 ms  (sub)
     hud:yaw         0.32 ms  (sub)
     hud:cross       0.05 ms  (sub)
     disp:record     0.00 ms  (sub)
     disp:imshow     0.56 ms  (sub)
     disp:waitkey    4.36 ms  (sub)
[PROF 09:36:00]  59 frames   18.11 ms/frame  ->  55.2 FPS
   capture           3.21 ms   17.7%
   track             5.64 ms   31.2%
   ctrl+mav          0.32 ms    1.7%
   hud               4.00 ms   22.1%
   display           4.94 ms   27.3%
     detect          5.19 ms  (sub)
     tracker         0.00 ms  (sub)
     hud:overlay     0.71 ms  (sub)
     hud:setup       0.10 ms  (sub)
     hud:ladder      0.11 ms  (sub)
     hud:warp        1.68 ms  (sub)
     hud:arc         0.06 ms  (sub)
     hud:blend       0.92 ms  (sub)
     hud:yaw         0.35 ms  (sub)
     hud:cross       0.05 ms  (sub)
     disp:record     0.00 ms  (sub)
     disp:imshow     0.55 ms  (sub)
     disp:waitkey    4.36 ms  (sub)
[PROF 09:36:02]  61 frames   18.64 ms/frame  ->  53.7 FPS
   capture           3.54 ms   19.0%
   track             5.88 ms   31.6%
   ctrl+mav          0.33 ms    1.8%
   hud               4.08 ms   21.9%
   display           4.80 ms   25.8%
     detect          5.39 ms  (sub)
     tracker         0.00 ms  (sub)
     hud:overlay     0.75 ms  (sub)
     hud:setup       0.10 ms  (sub)
     hud:ladder      0.10 ms  (sub)
     hud:warp        1.72 ms  (sub)
     hud:arc         0.05 ms  (sub)
     hud:blend       0.92 ms  (sub)
     hud:yaw         0.36 ms  (sub)
     hud:cross       0.05 ms  (sub)
     disp:record     0.00 ms  (sub)
     disp:imshow     0.54 ms  (sub)
     disp:waitkey    4.22 ms  (sub)
[PROF 09:36:04]  58 frames   17.99 ms/frame  ->  55.6 FPS
   capture           3.20 ms   17.8%
   track             5.71 ms   31.7%
   ctrl+mav          0.33 ms    1.9%
   hud               3.81 ms   21.2%
   display           4.94 ms   27.4%
     detect          5.18 ms  (sub)
     tracker         0.00 ms  (sub)
     hud:overlay     0.69 ms  (sub)
     hud:setup       0.09 ms  (sub)
     hud:ladder      0.10 ms  (sub)
     hud:warp        1.58 ms  (sub)
     hud:arc         0.05 ms  (sub)
     hud:blend       0.89 ms  (sub)
     hud:yaw         0.33 ms  (sub)
     hud:cross       0.05 ms  (sub)
     disp:record     0.00 ms  (sub)
     disp:imshow     0.55 ms  (sub)
     disp:waitkey    4.35 ms  (sub)
[PROF 09:36:06]  51 frames   18.40 ms/frame  ->  54.4 FPS
   capture           3.44 ms   18.7%
   track             5.85 ms   31.8%
   ctrl+mav          0.33 ms    1.8%
   hud               3.88 ms   21.1%
   display           4.89 ms   26.6%
     detect          5.34 ms  (sub)
     tracker         0.00 ms  (sub)
     hud:overlay     0.72 ms  (sub)
     hud:setup       0.09 ms  (sub)
     hud:ladder      0.09 ms  (sub)
     hud:warp        1.65 ms  (sub)
     hud:arc         0.05 ms  (sub)
     hud:blend       0.89 ms  (sub)
     hud:yaw         0.33 ms  (sub)
     hud:cross       0.04 ms  (sub)
     disp:record     0.00 ms  (sub)
     disp:imshow     0.50 ms  (sub)
     disp:waitkey    4.35 ms  (sub)
[PROF 09:36:08]  55 frames   18.38 ms/frame  ->  54.4 FPS
   capture           3.41 ms   18.6%
   track             5.81 ms   31.6%
   ctrl+mav          0.42 ms    2.3%
   hud               3.80 ms   20.7%
   display           4.94 ms   26.9%
     detect          5.31 ms  (sub)
     tracker         0.00 ms  (sub)
     hud:overlay     0.70 ms  (sub)
     hud:setup       0.10 ms  (sub)
     hud:ladder      0.10 ms  (sub)
     hud:warp        1.65 ms  (sub)
     hud:arc         0.05 ms  (sub)
     hud:blend       0.80 ms  (sub)
     hud:yaw         0.32 ms  (sub)
     hud:cross       0.04 ms  (sub)
     disp:record     0.00 ms  (sub)
     disp:imshow     0.52 ms  (sub)
     disp:waitkey    4.39 ms  (sub)
[PROF 09:36:10]  55 frames   17.98 ms/frame  ->  55.6 FPS
   capture           3.37 ms   18.8%
   track             5.49 ms   30.6%
   ctrl+mav          0.31 ms    1.7%
   hud               4.02 ms   22.3%
   display           4.78 ms   26.6%
     detect          5.03 ms  (sub)
     tracker         0.00 ms  (sub)
     hud:overlay     0.72 ms  (sub)
     hud:setup       0.09 ms  (sub)
     hud:ladder      0.10 ms  (sub)
     hud:warp        1.74 ms  (sub)
     hud:arc         0.05 ms  (sub)
     hud:blend       0.90 ms  (sub)
     hud:yaw         0.33 ms  (sub)
     hud:cross       0.05 ms  (sub)
     disp:record     0.01 ms  (sub)
     disp:imshow     0.50 ms  (sub)
     disp:waitkey    4.24 ms  (sub)
[PROF 09:36:12]  56 frames   18.18 ms/frame  ->  55.0 FPS
   capture           3.38 ms   18.6%
   track             5.69 ms   31.3%
   ctrl+mav          0.33 ms    1.8%
   hud               3.89 ms   21.4%
   display           4.89 ms   26.9%
     detect          5.19 ms  (sub)
     tracker         0.00 ms  (sub)
     hud:overlay     0.69 ms  (sub)
     hud:setup       0.09 ms  (sub)
     hud:ladder      0.09 ms  (sub)
     hud:warp        1.72 ms  (sub)
     hud:arc         0.05 ms  (sub)
     hud:blend       0.83 ms  (sub)
     hud:yaw         0.34 ms  (sub)
     hud:cross       0.04 ms  (sub)
     disp:record     0.00 ms  (sub)
     disp:imshow     0.55 ms  (sub)
     disp:waitkey    4.30 ms  (sub)
[PROF 09:36:14]  60 frames   17.86 ms/frame  ->  56.0 FPS
   capture           3.30 ms   18.5%
   track             5.58 ms   31.2%
   ctrl+mav          0.29 ms    1.6%
   hud               3.85 ms   21.6%
   display           4.84 ms   27.1%
     detect          5.13 ms  (sub)
     tracker         0.00 ms  (sub)
     hud:overlay     0.71 ms  (sub)
     hud:setup       0.09 ms  (sub)
     hud:ladder      0.10 ms  (sub)
     hud:warp        1.68 ms  (sub)
     hud:arc         0.05 ms  (sub)
     hud:blend       0.83 ms  (sub)
     hud:yaw         0.32 ms  (sub)
     hud:cross       0.04 ms  (sub)
     disp:record     0.00 ms  (sub)
     disp:imshow     0.53 ms  (sub)
     disp:waitkey    4.27 ms  (sub)
[PROF 09:36:16]  56 frames   18.25 ms/frame  ->  54.8 FPS
   capture           3.42 ms   18.7%
   track             5.74 ms   31.5%
   ctrl+mav          0.34 ms    1.9%
   hud               3.93 ms   21.5%
   display           4.82 ms   26.4%
     detect          5.26 ms  (sub)
     tracker         0.00 ms  (sub)
     hud:overlay     0.69 ms  (sub)
     hud:setup       0.10 ms  (sub)
     hud:ladder      0.16 ms  (sub)
     hud:warp        1.72 ms  (sub)
     hud:arc         0.05 ms  (sub)
     hud:blend       0.81 ms  (sub)
     hud:yaw         0.33 ms  (sub)
     hud:cross       0.05 ms  (sub)
     disp:record     0.00 ms  (sub)
     disp:imshow     0.50 ms  (sub)
     disp:waitkey    4.28 ms  (sub)
[PROF 09:36:18]  51 frames   19.27 ms/frame  ->  51.9 FPS
   capture           3.94 ms   20.5%
   track             5.73 ms   29.8%
   ctrl+mav          0.42 ms    2.2%
   hud               4.29 ms   22.2%
   display           4.88 ms   25.3%
     detect          5.22 ms  (sub)
     tracker         0.00 ms  (sub)
     hud:overlay     0.74 ms  (sub)
     hud:setup       0.11 ms  (sub)
     hud:ladder      0.11 ms  (sub)
     hud:warp        1.89 ms  (sub)
     hud:arc         0.06 ms  (sub)
     hud:blend       0.95 ms  (sub)
     hud:yaw         0.35 ms  (sub)
     hud:cross       0.05 ms  (sub)
     disp:record     0.00 ms  (sub)
     disp:imshow     0.56 ms  (sub)
     disp:waitkey    4.28 ms  (sub)
[PROF 09:36:20]  55 frames   19.00 ms/frame  ->  52.6 FPS
   capture           3.24 ms   17.1%
   track             6.05 ms   31.9%
   ctrl+mav          0.41 ms    2.2%
   hud               4.06 ms   21.4%
   display           5.23 ms   27.5%
     detect          5.54 ms  (sub)
     tracker         0.00 ms  (sub)
     hud:overlay     0.73 ms  (sub)
     hud:setup       0.10 ms  (sub)
     hud:ladder      0.10 ms  (sub)
     hud:warp        1.67 ms  (sub)
     hud:arc         0.05 ms  (sub)
     hud:blend       0.94 ms  (sub)
     hud:yaw         0.33 ms  (sub)
     hud:cross       0.09 ms  (sub)
     disp:record     0.00 ms  (sub)
     disp:imshow     0.54 ms  (sub)
     disp:waitkey    4.66 ms  (sub)
[PROF 09:36:22]  56 frames   18.99 ms/frame  ->  52.7 FPS
   capture           3.49 ms   18.4%
   track             6.15 ms   32.4%
   ctrl+mav          0.37 ms    1.9%
   hud               4.09 ms   21.6%
   display           4.89 ms   25.7%
     detect          5.61 ms  (sub)
     tracker         0.00 ms  (sub)
     hud:overlay     0.68 ms  (sub)
     hud:setup       0.11 ms  (sub)
     hud:ladder      0.10 ms  (sub)
     hud:warp        1.87 ms  (sub)
     hud:arc         0.05 ms  (sub)
     hud:blend       0.85 ms  (sub)
     hud:yaw         0.35 ms  (sub)
     hud:cross       0.05 ms  (sub)
     disp:record     0.00 ms  (sub)
     disp:imshow     0.55 ms  (sub)
     disp:waitkey    4.29 ms  (sub)
[PROF 09:36:24]  54 frames   18.25 ms/frame  ->  54.8 FPS
   capture           3.30 ms   18.1%
   track             5.84 ms   32.0%
   ctrl+mav          0.36 ms    2.0%
   hud               3.78 ms   20.7%
   display           4.98 ms   27.3%
     detect          5.29 ms  (sub)
     tracker         0.00 ms  (sub)
     hud:overlay     0.68 ms  (sub)
     hud:setup       0.09 ms  (sub)
     hud:ladder      0.10 ms  (sub)
     hud:warp        1.61 ms  (sub)
     hud:arc         0.05 ms  (sub)
     hud:blend       0.84 ms  (sub)
     hud:yaw         0.33 ms  (sub)
     hud:cross       0.04 ms  (sub)
     disp:record     0.00 ms  (sub)
     disp:imshow     0.56 ms  (sub)
     disp:waitkey    4.38 ms  (sub)
[PROF 09:36:26]  57 frames   18.07 ms/frame  ->  55.3 FPS
   capture           3.39 ms   18.8%
   track             5.65 ms   31.3%
   ctrl+mav          0.31 ms    1.7%
   hud               3.88 ms   21.5%
   display           4.84 ms   26.8%
     detect          5.16 ms  (sub)
     tracker         0.00 ms  (sub)
     hud:overlay     0.71 ms  (sub)
     hud:setup       0.10 ms  (sub)
     hud:ladder      0.10 ms  (sub)
     hud:warp        1.70 ms  (sub)
     hud:arc         0.05 ms  (sub)
     hud:blend       0.81 ms  (sub)
     hud:yaw         0.33 ms  (sub)
     hud:cross       0.05 ms  (sub)
     disp:record     0.00 ms  (sub)
     disp:imshow     0.52 ms  (sub)
     disp:waitkey    4.28 ms  (sub)
[PROF 09:36:28]  58 frames   18.67 ms/frame  ->  53.6 FPS
   capture           3.51 ms   18.8%
   track             5.83 ms   31.2%
   ctrl+mav          0.33 ms    1.8%
   hud               4.02 ms   21.5%
   display           4.98 ms   26.7%
     detect          5.34 ms  (sub)
     tracker         0.00 ms  (sub)
     hud:overlay     0.75 ms  (sub)
     hud:setup       0.13 ms  (sub)
     hud:ladder      0.10 ms  (sub)
     hud:warp        1.73 ms  (sub)
     hud:arc         0.05 ms  (sub)
     hud:blend       0.85 ms  (sub)
     hud:yaw         0.33 ms  (sub)
     hud:cross       0.04 ms  (sub)
     disp:record     0.00 ms  (sub)
     disp:imshow     0.55 ms  (sub)
     disp:waitkey    4.39 ms  (sub)
[PROF 09:36:31]  54 frames   18.58 ms/frame  ->  53.8 FPS
   capture           3.73 ms   20.1%
   track             5.79 ms   31.2%
   ctrl+mav          0.39 ms    2.1%
   hud               3.85 ms   20.7%
   display           4.82 ms   26.0%
     detect          5.21 ms  (sub)
     tracker         0.00 ms  (sub)
     hud:overlay     0.70 ms  (sub)
     hud:setup       0.10 ms  (sub)
     hud:ladder      0.13 ms  (sub)
     hud:warp        1.62 ms  (sub)
     hud:arc         0.05 ms  (sub)
     hud:blend       0.82 ms  (sub)
     hud:yaw         0.35 ms  (sub)
     hud:cross       0.04 ms  (sub)
     disp:record     0.00 ms  (sub)
     disp:imshow     0.52 ms  (sub)
     disp:waitkey    4.27 ms  (sub)
[PROF 09:36:33]  58 frames   18.60 ms/frame  ->  53.8 FPS
   capture           3.40 ms   18.3%
   track             5.86 ms   31.5%
   ctrl+mav          0.39 ms    2.1%
   hud               4.02 ms   21.6%
   display           4.94 ms   26.5%
     detect          5.43 ms  (sub)
     tracker         0.00 ms  (sub)
     hud:overlay     0.69 ms  (sub)
     hud:setup       0.09 ms  (sub)
     hud:ladder      0.10 ms  (sub)
     hud:warp        1.86 ms  (sub)
     hud:arc         0.05 ms  (sub)
     hud:blend       0.83 ms  (sub)
     hud:yaw         0.33 ms  (sub)
     hud:cross       0.05 ms  (sub)
     disp:record     0.00 ms  (sub)
     disp:imshow     0.56 ms  (sub)
     disp:waitkey    4.34 ms  (sub)
[PROF 09:36:35]  54 frames   18.77 ms/frame  ->  53.3 FPS
   capture           3.58 ms   19.1%
   track             5.77 ms   30.7%
   ctrl+mav          0.36 ms    1.9%
   hud               4.09 ms   21.8%
   display           4.98 ms   26.5%
     detect          5.30 ms  (sub)
     tracker         0.00 ms  (sub)
     hud:overlay     0.70 ms  (sub)
     hud:setup       0.10 ms  (sub)
     hud:ladder      0.10 ms  (sub)
     hud:warp        1.86 ms  (sub)
     hud:arc         0.06 ms  (sub)
     hud:blend       0.85 ms  (sub)
     hud:yaw         0.34 ms  (sub)
     hud:cross       0.04 ms  (sub)
     disp:record     0.00 ms  (sub)
     disp:imshow     0.55 ms  (sub)
     disp:waitkey    4.39 ms  (sub)
[PROF 09:36:37]  51 frames   18.81 ms/frame  ->  53.2 FPS
   capture           3.44 ms   18.3%
   track             5.87 ms   31.2%
   ctrl+mav          0.40 ms    2.1%
   hud               3.91 ms   20.8%
   display           5.19 ms   27.6%
     detect          5.32 ms  (sub)
     tracker         0.00 ms  (sub)
     hud:overlay     0.72 ms  (sub)
     hud:setup       0.09 ms  (sub)
     hud:ladder      0.10 ms  (sub)
     hud:warp        1.65 ms  (sub)
     hud:arc         0.05 ms  (sub)
     hud:blend       0.89 ms  (sub)
     hud:yaw         0.33 ms  (sub)
     hud:cross       0.05 ms  (sub)
     disp:record     0.00 ms  (sub)
     disp:imshow     0.50 ms  (sub)
     disp:waitkey    4.65 ms  (sub)
[PROF 09:36:39]  56 frames   19.06 ms/frame  ->  52.5 FPS
   capture           3.43 ms   18.0%
   track             6.12 ms   32.1%
   ctrl+mav          0.36 ms    1.9%
   hud               3.93 ms   20.6%
   display           5.23 ms   27.4%
     detect          5.58 ms  (sub)
     tracker         0.00 ms  (sub)
     hud:overlay     0.69 ms  (sub)
     hud:setup       0.10 ms  (sub)
     hud:ladder      0.11 ms  (sub)
     hud:warp        1.75 ms  (sub)
     hud:arc         0.05 ms  (sub)
     hud:blend       0.83 ms  (sub)
     hud:yaw         0.33 ms  (sub)
     hud:cross       0.05 ms  (sub)
     disp:record     0.00 ms  (sub)
     disp:imshow     0.55 ms  (sub)
     disp:waitkey    4.64 ms  (sub)
[PROF 09:36:41]  57 frames   18.54 ms/frame  ->  53.9 FPS
   capture           3.36 ms   18.1%
   track             5.75 ms   31.0%
   ctrl+mav          0.35 ms    1.9%
   hud               4.14 ms   22.3%
   display           4.95 ms   26.7%
     detect          5.27 ms  (sub)
     tracker         0.00 ms  (sub)
     hud:overlay     0.71 ms  (sub)
     hud:setup       0.10 ms  (sub)
     hud:ladder      0.10 ms  (sub)
     hud:warp        1.89 ms  (sub)
     hud:arc         0.06 ms  (sub)
     hud:blend       0.87 ms  (sub)
     hud:yaw         0.34 ms  (sub)
     hud:cross       0.04 ms  (sub)
     disp:record     0.00 ms  (sub)
     disp:imshow     0.52 ms  (sub)
     disp:waitkey    4.39 ms  (sub)
[PROF 09:36:43]  52 frames   18.79 ms/frame  ->  53.2 FPS
   capture           3.52 ms   18.8%
   track             5.89 ms   31.4%
   ctrl+mav          0.41 ms    2.2%
   hud               3.97 ms   21.1%
   display           5.00 ms   26.6%
     detect          5.41 ms  (sub)
     tracker         0.00 ms  (sub)
     hud:overlay     0.71 ms  (sub)
     hud:setup       0.10 ms  (sub)
     hud:ladder      0.11 ms  (sub)
     hud:warp        1.71 ms  (sub)
     hud:arc         0.05 ms  (sub)
     hud:blend       0.85 ms  (sub)
     hud:yaw         0.37 ms  (sub)
     hud:cross       0.05 ms  (sub)
     disp:record     0.00 ms  (sub)
     disp:imshow     0.54 ms  (sub)
     disp:waitkey    4.42 ms  (sub)
[PROF 09:36:45]  52 frames   19.24 ms/frame  ->  52.0 FPS
   capture           3.54 ms   18.4%
   track             5.95 ms   30.9%
   ctrl+mav          0.42 ms    2.2%
   hud               4.21 ms   21.9%
   display           5.12 ms   26.6%
     detect          5.41 ms  (sub)
     tracker         0.00 ms  (sub)
     hud:overlay     0.73 ms  (sub)
     hud:setup       0.10 ms  (sub)
     hud:ladder      0.12 ms  (sub)
     hud:warp        1.89 ms  (sub)
     hud:arc         0.06 ms  (sub)
     hud:blend       0.88 ms  (sub)
     hud:yaw         0.34 ms  (sub)
     hud:cross       0.05 ms  (sub)
     disp:record     0.00 ms  (sub)
     disp:imshow     0.58 ms  (sub)
     disp:waitkey    4.50 ms  (sub)
[PROF 09:36:47]  44 frames   18.68 ms/frame  ->  53.5 FPS
   capture           3.33 ms   17.8%
   track             5.93 ms   31.8%
   ctrl+mav          0.40 ms    2.1%
   hud               4.04 ms   21.6%
   display           4.98 ms   26.6%
     detect          5.34 ms  (sub)
     tracker         0.00 ms  (sub)
     hud:overlay     0.71 ms  (sub)
     hud:setup       0.13 ms  (sub)
     hud:ladder      0.10 ms  (sub)
     hud:warp        1.71 ms  (sub)
     hud:arc         0.05 ms  (sub)
     hud:blend       0.90 ms  (sub)
     hud:yaw         0.34 ms  (sub)
     hud:cross       0.05 ms  (sub)
     disp:record     0.00 ms  (sub)
     disp:imshow     0.56 ms  (sub)
     disp:waitkey    4.38 ms  (sub)
[PROF 09:36:49]  56 frames   18.11 ms/frame  ->  55.2 FPS
   capture           3.08 ms   17.0%
   track             5.52 ms   30.5%
   ctrl+mav          0.29 ms    1.6%
   hud               3.90 ms   21.5%
   display           5.32 ms   29.4%
     detect          5.06 ms  (sub)
     tracker         0.00 ms  (sub)
     hud:overlay     0.72 ms  (sub)
     hud:setup       0.10 ms  (sub)
     hud:ladder      0.10 ms  (sub)
     hud:warp        1.67 ms  (sub)
     hud:arc         0.05 ms  (sub)
     hud:blend       0.84 ms  (sub)
     hud:yaw         0.34 ms  (sub)
     hud:cross       0.05 ms  (sub)
     disp:record     0.00 ms  (sub)
     disp:imshow     0.54 ms  (sub)
     disp:waitkey    4.74 ms  (sub)
[PROF 09:36:51]  61 frames   17.24 ms/frame  ->  58.0 FPS
   capture           2.88 ms   16.7%
   track             5.27 ms   30.6%
   ctrl+mav          0.27 ms    1.6%
   hud               3.86 ms   22.4%
   display           4.96 ms   28.8%
     detect          4.82 ms  (sub)
     tracker         0.00 ms  (sub)
     hud:overlay     0.69 ms  (sub)
     hud:setup       0.09 ms  (sub)
     hud:ladder      0.11 ms  (sub)
     hud:warp        1.65 ms  (sub)
     hud:arc         0.06 ms  (sub)
     hud:blend       0.85 ms  (sub)
     hud:yaw         0.33 ms  (sub)
     hud:cross       0.04 ms  (sub)
     disp:record     0.00 ms  (sub)
     disp:imshow     0.51 ms  (sub)
     disp:waitkey    4.41 ms  (sub)
[PROF 09:36:53]  60 frames   17.65 ms/frame  ->  56.7 FPS
   capture           2.95 ms   16.7%
   track             5.32 ms   30.2%
   ctrl+mav          0.26 ms    1.5%
   hud               3.96 ms   22.4%
   display           5.17 ms   29.3%
     detect          4.91 ms  (sub)
     tracker         0.00 ms  (sub)
     hud:overlay     0.68 ms  (sub)
     hud:setup       0.09 ms  (sub)
     hud:ladder      0.09 ms  (sub)
     hud:warp        1.73 ms  (sub)
     hud:arc         0.05 ms  (sub)
     hud:blend       0.88 ms  (sub)
     hud:yaw         0.35 ms  (sub)
     hud:cross       0.05 ms  (sub)
     disp:record     0.00 ms  (sub)
     disp:imshow     0.56 ms  (sub)
     disp:waitkey    4.57 ms  (sub)
[PROF 09:36:55]  61 frames   18.12 ms/frame  ->  55.2 FPS
   capture           3.08 ms   17.0%
   track             5.62 ms   31.0%
   ctrl+mav          0.30 ms    1.6%
   hud               3.99 ms   22.0%
   display           5.13 ms   28.3%
     detect          5.16 ms  (sub)
     tracker         0.00 ms  (sub)
     hud:overlay     0.72 ms  (sub)
     hud:setup       0.12 ms  (sub)
     hud:ladder      0.10 ms  (sub)
     hud:warp        1.71 ms  (sub)
     hud:arc         0.06 ms  (sub)
     hud:blend       0.85 ms  (sub)
     hud:yaw         0.35 ms  (sub)
     hud:cross       0.04 ms  (sub)
     disp:record     0.00 ms  (sub)
     disp:imshow     0.50 ms  (sub)
     disp:waitkey    4.60 ms  (sub)
[PROF 09:36:57]  60 frames   17.58 ms/frame  ->  56.9 FPS
   capture           2.95 ms   16.8%
   track             5.62 ms   32.0%
   ctrl+mav          0.29 ms    1.7%
   hud               3.82 ms   21.7%
   display           4.90 ms   27.9%
     detect          5.16 ms  (sub)
     tracker         0.00 ms  (sub)
     hud:overlay     0.69 ms  (sub)
     hud:setup       0.09 ms  (sub)
     hud:ladder      0.10 ms  (sub)
     hud:warp        1.67 ms  (sub)
     hud:arc         0.05 ms  (sub)
     hud:blend       0.81 ms  (sub)
     hud:yaw         0.32 ms  (sub)
     hud:cross       0.06 ms  (sub)
     disp:record     0.00 ms  (sub)
     disp:imshow     0.54 ms  (sub)
     disp:waitkey    4.32 ms  (sub)
[PROF 09:36:59]  58 frames   18.17 ms/frame  ->  55.0 FPS
   capture           3.11 ms   17.1%
   track             5.66 ms   31.2%
   ctrl+mav          0.33 ms    1.8%
   hud               4.06 ms   22.4%
   display           5.01 ms   27.6%
     detect          5.22 ms  (sub)
     tracker         0.00 ms  (sub)
     hud:overlay     0.71 ms  (sub)
     hud:setup       0.10 ms  (sub)
     hud:ladder      0.11 ms  (sub)
     hud:warp        1.76 ms  (sub)
     hud:arc         0.05 ms  (sub)
     hud:blend       0.85 ms  (sub)
     hud:yaw         0.40 ms  (sub)
     hud:cross       0.05 ms  (sub)
     disp:record     0.00 ms  (sub)
     disp:imshow     0.53 ms  (sub)
     disp:waitkey    4.45 ms  (sub)
[PROF 09:37:01]  61 frames   18.00 ms/frame  ->  55.6 FPS
   capture           3.29 ms   18.3%
   track             5.47 ms   30.4%
   ctrl+mav          0.29 ms    1.6%
   hud               3.94 ms   21.9%
   display           5.00 ms   27.8%
     detect          5.01 ms  (sub)
     tracker         0.00 ms  (sub)
     hud:overlay     0.70 ms  (sub)
     hud:setup       0.09 ms  (sub)
     hud:ladder      0.10 ms  (sub)
     hud:warp        1.78 ms  (sub)
     hud:arc         0.05 ms  (sub)
     hud:blend       0.82 ms  (sub)
     hud:yaw         0.33 ms  (sub)
     hud:cross       0.05 ms  (sub)
     disp:record     0.00 ms  (sub)
     disp:imshow     0.54 ms  (sub)
     disp:waitkey    4.43 ms  (sub)
[PROF 09:37:03]  59 frames   17.94 ms/frame  ->  55.7 FPS
   capture           3.22 ms   18.0%
   track             5.45 ms   30.4%
   ctrl+mav          0.32 ms    1.8%
   hud               3.96 ms   22.1%
   display           4.99 ms   27.8%
     detect          4.99 ms  (sub)
     tracker         0.00 ms  (sub)
     hud:overlay     0.69 ms  (sub)
     hud:setup       0.09 ms  (sub)
     hud:ladder      0.10 ms  (sub)
     hud:warp        1.71 ms  (sub)
     hud:arc         0.05 ms  (sub)
     hud:blend       0.91 ms  (sub)
     hud:yaw         0.34 ms  (sub)
     hud:cross       0.04 ms  (sub)
     disp:record     0.00 ms  (sub)
     disp:imshow     0.54 ms  (sub)
     disp:waitkey    4.41 ms  (sub)
[PROF 09:37:05]  59 frames   17.92 ms/frame  ->  55.8 FPS
   capture           3.27 ms   18.3%
   track             5.63 ms   31.4%
   ctrl+mav          0.32 ms    1.8%
   hud               3.97 ms   22.2%
   display           4.73 ms   26.4%
     detect          5.15 ms  (sub)
     tracker         0.00 ms  (sub)
     hud:overlay     0.71 ms  (sub)
     hud:setup       0.09 ms  (sub)
     hud:ladder      0.10 ms  (sub)
     hud:warp        1.77 ms  (sub)
     hud:arc         0.06 ms  (sub)
     hud:blend       0.85 ms  (sub)
     hud:yaw         0.32 ms  (sub)
     hud:cross       0.04 ms  (sub)
     disp:record     0.00 ms  (sub)
     disp:imshow     0.51 ms  (sub)
     disp:waitkey    4.18 ms  (sub)
[PROF 09:37:07]  58 frames   18.36 ms/frame  ->  54.5 FPS
   capture           3.55 ms   19.3%
   track             5.68 ms   31.0%
   ctrl+mav          0.34 ms    1.8%
   hud               4.02 ms   21.9%
   display           4.76 ms   25.9%
     detect          5.25 ms  (sub)
     tracker         0.00 ms  (sub)
     hud:overlay     0.70 ms  (sub)
     hud:setup       0.09 ms  (sub)
     hud:ladder      0.10 ms  (sub)
     hud:warp        1.71 ms  (sub)
     hud:arc         0.06 ms  (sub)
     hud:blend       0.89 ms  (sub)
     hud:yaw         0.40 ms  (sub)
     hud:cross       0.04 ms  (sub)
     disp:record     0.00 ms  (sub)
     disp:imshow     0.51 ms  (sub)
     disp:waitkey    4.21 ms  (sub)
[PROF 09:37:09]  57 frames   18.53 ms/frame  ->  54.0 FPS
   capture           3.45 ms   18.6%
   track             5.72 ms   30.9%
   ctrl+mav          0.37 ms    2.0%
   hud               3.98 ms   21.5%
   display           5.02 ms   27.1%
     detect          5.23 ms  (sub)
     tracker         0.00 ms  (sub)
     hud:overlay     0.71 ms  (sub)
     hud:setup       0.09 ms  (sub)
     hud:ladder      0.09 ms  (sub)
     hud:warp        1.75 ms  (sub)
     hud:arc         0.06 ms  (sub)
     hud:blend       0.88 ms  (sub)
     hud:yaw         0.31 ms  (sub)
     hud:cross       0.05 ms  (sub)
     disp:record     0.00 ms  (sub)
     disp:imshow     0.53 ms  (sub)
     disp:waitkey    4.45 ms  (sub)
[PROF 09:37:11]  50 frames   19.12 ms/frame  ->  52.3 FPS
   capture           3.58 ms   18.7%
   track             5.96 ms   31.2%
   ctrl+mav          0.35 ms    1.8%
   hud               4.23 ms   22.1%
   display           5.00 ms   26.2%
     detect          5.36 ms  (sub)
     tracker         0.00 ms  (sub)
     hud:overlay     0.75 ms  (sub)
     hud:setup       0.10 ms  (sub)
     hud:ladder      0.11 ms  (sub)
     hud:warp        1.89 ms  (sub)
     hud:arc         0.07 ms  (sub)
     hud:blend       0.87 ms  (sub)
     hud:yaw         0.35 ms  (sub)
     hud:cross       0.05 ms  (sub)
     disp:record     0.00 ms  (sub)
     disp:imshow     0.55 ms  (sub)
     disp:waitkey    4.41 ms  (sub)
[PROF 09:37:13]  56 frames   18.41 ms/frame  ->  54.3 FPS
   capture           3.54 ms   19.2%
   track             5.68 ms   30.8%
   ctrl+mav          0.36 ms    2.0%
   hud               3.96 ms   21.5%
   display           4.87 ms   26.5%
     detect          5.17 ms  (sub)
     tracker         0.00 ms  (sub)
     hud:overlay     0.71 ms  (sub)
     hud:setup       0.10 ms  (sub)
     hud:ladder      0.10 ms  (sub)
     hud:warp        1.77 ms  (sub)
     hud:arc         0.05 ms  (sub)
     hud:blend       0.83 ms  (sub)
     hud:yaw         0.31 ms  (sub)
     hud:cross       0.04 ms  (sub)
     disp:record     0.00 ms  (sub)
     disp:imshow     0.50 ms  (sub)
     disp:waitkey    4.33 ms  (sub)
[PROF 09:37:15]  53 frames   18.53 ms/frame  ->  54.0 FPS
   capture           3.56 ms   19.2%
   track             5.82 ms   31.4%
   ctrl+mav          0.33 ms    1.8%
   hud               3.89 ms   21.0%
   display           4.94 ms   26.7%
     detect          5.31 ms  (sub)
     tracker         0.00 ms  (sub)
     hud:overlay     0.68 ms  (sub)
     hud:setup       0.09 ms  (sub)
     hud:ladder      0.10 ms  (sub)
     hud:warp        1.74 ms  (sub)
     hud:arc         0.06 ms  (sub)
     hud:blend       0.82 ms  (sub)
     hud:yaw         0.32 ms  (sub)
     hud:cross       0.04 ms  (sub)
     disp:record     0.00 ms  (sub)
     disp:imshow     0.53 ms  (sub)
     disp:waitkey    4.38 ms  (sub)
[PROF 09:37:17]  56 frames   18.20 ms/frame  ->  55.0 FPS
   capture           3.20 ms   17.6%
   track             5.77 ms   31.7%
   ctrl+mav          0.34 ms    1.9%
   hud               3.96 ms   21.7%
   display           4.92 ms   27.1%
     detect          5.31 ms  (sub)
     tracker         0.00 ms  (sub)
     hud:overlay     0.69 ms  (sub)
     hud:setup       0.10 ms  (sub)
     hud:ladder      0.10 ms  (sub)
     hud:warp        1.72 ms  (sub)
     hud:arc         0.06 ms  (sub)
     hud:blend       0.90 ms  (sub)
     hud:yaw         0.31 ms  (sub)
     hud:cross       0.05 ms  (sub)
     disp:record     0.00 ms  (sub)
     disp:imshow     0.54 ms  (sub)
     disp:waitkey    4.34 ms  (sub)
[PROF 09:37:19]  53 frames   19.22 ms/frame  ->  52.0 FPS
   capture           3.38 ms   17.6%
   track             6.19 ms   32.2%
   ctrl+mav          0.39 ms    2.0%
   hud               4.21 ms   21.9%
   display           5.06 ms   26.3%
     detect          5.66 ms  (sub)
     tracker         0.00 ms  (sub)
     hud:overlay     0.74 ms  (sub)
     hud:setup       0.11 ms  (sub)
     hud:ladder      0.10 ms  (sub)
     hud:warp        1.85 ms  (sub)
     hud:arc         0.06 ms  (sub)
     hud:blend       0.96 ms  (sub)
     hud:yaw         0.31 ms  (sub)
     hud:cross       0.05 ms  (sub)
     disp:record     0.00 ms  (sub)
     disp:imshow     0.57 ms  (sub)
     disp:waitkey    4.46 ms  (sub)
[PROF 09:37:21]  46 frames   19.40 ms/frame  ->  51.6 FPS
   capture           3.74 ms   19.3%
   track             5.76 ms   29.7%
   ctrl+mav          0.35 ms    1.8%
   hud               4.09 ms   21.1%
   display           5.46 ms   28.2%
     detect          5.12 ms  (sub)
     tracker         0.00 ms  (sub)
     hud:overlay     0.72 ms  (sub)
     hud:setup       0.10 ms  (sub)
     hud:ladder      0.10 ms  (sub)
     hud:warp        1.81 ms  (sub)
     hud:arc         0.05 ms  (sub)
     hud:blend       0.87 ms  (sub)
     hud:yaw         0.35 ms  (sub)
     hud:cross       0.05 ms  (sub)
     disp:record     0.00 ms  (sub)
     disp:imshow     0.56 ms  (sub)
     disp:waitkey    4.87 ms  (sub)
[PROF 09:37:23]  55 frames   18.14 ms/frame  ->  55.1 FPS
   capture           3.04 ms   16.8%
   track             5.73 ms   31.6%
   ctrl+mav          0.39 ms    2.2%
   hud               3.89 ms   21.4%
   display           5.08 ms   28.0%
     detect          5.24 ms  (sub)
     tracker         0.00 ms  (sub)
     hud:overlay     0.70 ms  (sub)
     hud:setup       0.09 ms  (sub)
     hud:ladder      0.10 ms  (sub)
     hud:warp        1.76 ms  (sub)
     hud:arc         0.05 ms  (sub)
     hud:blend       0.81 ms  (sub)
     hud:yaw         0.30 ms  (sub)
     hud:cross       0.04 ms  (sub)
     disp:record     0.00 ms  (sub)
     disp:imshow     0.58 ms  (sub)
     disp:waitkey    4.47 ms  (sub)
[PROF 09:37:25]  45 frames   21.34 ms/frame  ->  46.9 FPS
   capture           3.51 ms   16.5%
   track             6.32 ms   29.6%
   ctrl+mav          0.44 ms    2.1%
   hud               4.01 ms   18.8%
   display           7.05 ms   33.0%
     detect          5.75 ms  (sub)
     tracker         0.00 ms  (sub)
     hud:overlay     0.71 ms  (sub)
     hud:setup       0.10 ms  (sub)
     hud:ladder      0.10 ms  (sub)
     hud:warp        1.77 ms  (sub)
     hud:arc         0.06 ms  (sub)
     hud:blend       0.82 ms  (sub)
     hud:yaw         0.37 ms  (sub)
     hud:cross       0.05 ms  (sub)
     disp:record     0.00 ms  (sub)
     disp:imshow     0.57 ms  (sub)
     disp:waitkey    6.44 ms  (sub)
[PROF 09:37:27]  56 frames   18.34 ms/frame  ->  54.5 FPS
   capture           3.42 ms   18.7%
   track             5.88 ms   32.1%
   ctrl+mav          0.32 ms    1.7%
   hud               3.89 ms   21.2%
   display           4.83 ms   26.3%
     detect          5.42 ms  (sub)
     tracker         0.00 ms  (sub)
     hud:overlay     0.69 ms  (sub)
     hud:setup       0.10 ms  (sub)
     hud:ladder      0.10 ms  (sub)
     hud:warp        1.73 ms  (sub)
     hud:arc         0.05 ms  (sub)
     hud:blend       0.85 ms  (sub)
     hud:yaw         0.30 ms  (sub)
     hud:cross       0.04 ms  (sub)
     disp:record     0.00 ms  (sub)
     disp:imshow     0.49 ms  (sub)
     disp:waitkey    4.29 ms  (sub)
[PROF 09:37:29]  56 frames   18.24 ms/frame  ->  54.8 FPS
   capture           3.44 ms   18.9%
   track             5.65 ms   31.0%
   ctrl+mav          0.34 ms    1.9%
   hud               3.84 ms   21.0%
   display           4.97 ms   27.2%
     detect          5.16 ms  (sub)
     tracker         0.00 ms  (sub)
     hud:overlay     0.69 ms  (sub)
     hud:setup       0.10 ms  (sub)
     hud:ladder      0.10 ms  (sub)
     hud:warp        1.68 ms  (sub)
     hud:arc         0.05 ms  (sub)
     hud:blend       0.83 ms  (sub)
     hud:yaw         0.31 ms  (sub)
     hud:cross       0.05 ms  (sub)
     disp:record     0.00 ms  (sub)
     disp:imshow     0.55 ms  (sub)
     disp:waitkey    4.38 ms  (sub)
[PROF 09:37:31]  57 frames   18.54 ms/frame  ->  53.9 FPS
   capture           3.56 ms   19.2%
   track             5.81 ms   31.4%
   ctrl+mav          0.35 ms    1.9%
   hud               3.83 ms   20.7%
   display           4.99 ms   26.9%
     detect          5.34 ms  (sub)
     tracker         0.00 ms  (sub)
     hud:overlay     0.69 ms  (sub)
     hud:setup       0.09 ms  (sub)
     hud:ladder      0.09 ms  (sub)
     hud:warp        1.70 ms  (sub)
     hud:arc         0.05 ms  (sub)
     hud:blend       0.82 ms  (sub)
     hud:yaw         0.30 ms  (sub)
     hud:cross       0.04 ms  (sub)
     disp:record     0.00 ms  (sub)
     disp:imshow     0.56 ms  (sub)
     disp:waitkey    4.39 ms  (sub)
[PROF 09:37:33]  51 frames   19.06 ms/frame  ->  52.5 FPS
   capture           3.52 ms   18.4%
   track             5.84 ms   30.6%
   ctrl+mav          0.43 ms    2.2%
   hud               4.06 ms   21.3%
   display           5.22 ms   27.4%
     detect          5.24 ms  (sub)
     tracker         0.00 ms  (sub)
     hud:overlay     0.71 ms  (sub)
     hud:setup       0.09 ms  (sub)
     hud:ladder      0.10 ms  (sub)
     hud:warp        1.82 ms  (sub)
     hud:arc         0.06 ms  (sub)
     hud:blend       0.87 ms  (sub)
     hud:yaw         0.33 ms  (sub)
     hud:cross       0.06 ms  (sub)
     disp:record     0.00 ms  (sub)
     disp:imshow     0.59 ms  (sub)
     disp:waitkey    4.59 ms  (sub)
[PROF 09:37:35]  49 frames   20.10 ms/frame  ->  49.7 FPS
   capture           3.73 ms   18.5%
   track             6.37 ms   31.7%
   ctrl+mav          0.50 ms    2.5%
   hud               4.26 ms   21.2%
   display           5.25 ms   26.1%
     detect          5.79 ms  (sub)
     tracker         0.00 ms  (sub)
     hud:overlay     0.72 ms  (sub)
     hud:setup       0.11 ms  (sub)
     hud:ladder      0.12 ms  (sub)
     hud:warp        1.98 ms  (sub)
     hud:arc         0.06 ms  (sub)
     hud:blend       0.87 ms  (sub)
     hud:yaw         0.32 ms  (sub)
     hud:cross       0.04 ms  (sub)
     disp:record     0.00 ms  (sub)
     disp:imshow     0.58 ms  (sub)
     disp:waitkey    4.64 ms  (sub)
[PROF 09:37:37]  57 frames   18.89 ms/frame  ->  52.9 FPS
   capture           3.65 ms   19.3%
   track             5.77 ms   30.5%
   ctrl+mav          0.33 ms    1.7%
   hud               4.10 ms   21.7%
   display           5.04 ms   26.7%
     detect          5.26 ms  (sub)
     tracker         0.00 ms  (sub)
     hud:overlay     0.73 ms  (sub)
     hud:setup       0.10 ms  (sub)
     hud:ladder      0.10 ms  (sub)
     hud:warp        1.77 ms  (sub)
     hud:arc         0.06 ms  (sub)
     hud:blend       0.92 ms  (sub)
     hud:yaw         0.32 ms  (sub)
     hud:cross       0.06 ms  (sub)
     disp:record     0.00 ms  (sub)
     disp:imshow     0.55 ms  (sub)
     disp:waitkey    4.45 ms  (sub)
[PROF 09:37:39]  55 frames   18.47 ms/frame  ->  54.1 FPS
   capture           3.23 ms   17.5%
   track             6.01 ms   32.6%
   ctrl+mav          0.35 ms    1.9%
   hud               4.00 ms   21.7%
   display           4.87 ms   26.4%
     detect          5.51 ms  (sub)
     tracker         0.00 ms  (sub)
     hud:overlay     0.68 ms  (sub)
     hud:setup       0.09 ms  (sub)
     hud:ladder      0.10 ms  (sub)
     hud:warp        1.81 ms  (sub)
     hud:arc         0.05 ms  (sub)
     hud:blend       0.85 ms  (sub)
     hud:yaw         0.35 ms  (sub)
     hud:cross       0.04 ms  (sub)
     disp:record     0.00 ms  (sub)
     disp:imshow     0.51 ms  (sub)
     disp:waitkey    4.33 ms  (sub)
[PROF 09:37:42]  51 frames   18.75 ms/frame  ->  53.3 FPS
   capture           3.33 ms   17.7%
   track             5.82 ms   31.0%
   ctrl+mav          0.38 ms    2.0%
   hud               4.13 ms   22.0%
   display           5.10 ms   27.2%
     detect          5.34 ms  (sub)
     tracker         0.00 ms  (sub)
     hud:overlay     0.72 ms  (sub)
     hud:setup       0.11 ms  (sub)
     hud:ladder      0.11 ms  (sub)
     hud:warp        1.88 ms  (sub)
     hud:arc         0.06 ms  (sub)
     hud:blend       0.85 ms  (sub)
     hud:yaw         0.32 ms  (sub)
     hud:cross       0.04 ms  (sub)
     disp:record     0.00 ms  (sub)
     disp:imshow     0.51 ms  (sub)
     disp:waitkey    4.56 ms  (sub)
[PROF 09:37:44]  52 frames   19.01 ms/frame  ->  52.6 FPS
   capture           3.38 ms   17.8%
   track             5.87 ms   30.9%
   ctrl+mav          0.38 ms    2.0%
   hud               4.11 ms   21.6%
   display           5.26 ms   27.7%
     detect          5.37 ms  (sub)
     tracker         0.00 ms  (sub)
     hud:overlay     0.69 ms  (sub)
     hud:setup       0.10 ms  (sub)
     hud:ladder      0.11 ms  (sub)
     hud:warp        1.83 ms  (sub)
     hud:arc         0.06 ms  (sub)
     hud:blend       0.89 ms  (sub)
     hud:yaw         0.34 ms  (sub)
     hud:cross       0.05 ms  (sub)
     disp:record     0.00 ms  (sub)
     disp:imshow     0.65 ms  (sub)
     disp:waitkey    4.57 ms  (sub)
[PROF 09:37:46]  50 frames   19.05 ms/frame  ->  52.5 FPS
   capture           3.73 ms   19.6%
   track             5.97 ms   31.4%
   ctrl+mav          0.40 ms    2.1%
   hud               4.07 ms   21.4%
   display           4.87 ms   25.6%
     detect          5.41 ms  (sub)
     tracker         0.00 ms  (sub)
     hud:overlay     0.73 ms  (sub)
     hud:setup       0.11 ms  (sub)
     hud:ladder      0.10 ms  (sub)
     hud:warp        1.75 ms  (sub)
     hud:arc         0.06 ms  (sub)
     hud:blend       0.88 ms  (sub)
     hud:yaw         0.36 ms  (sub)
     hud:cross       0.05 ms  (sub)
     disp:record     0.00 ms  (sub)
     disp:imshow     0.50 ms  (sub)
     disp:waitkey    4.33 ms  (sub)
[PROF 09:37:48]  53 frames   18.90 ms/frame  ->  52.9 FPS
   capture           3.60 ms   19.0%
   track             5.62 ms   29.7%
   ctrl+mav          0.36 ms    1.9%
   hud               4.11 ms   21.8%
   display           5.22 ms   27.6%
     detect          5.11 ms  (sub)
     tracker         0.00 ms  (sub)
     hud:overlay     0.74 ms  (sub)
     hud:setup       0.10 ms  (sub)
     hud:ladder      0.11 ms  (sub)
     hud:warp        1.74 ms  (sub)
     hud:arc         0.09 ms  (sub)
     hud:blend       0.87 ms  (sub)
     hud:yaw         0.38 ms  (sub)
     hud:cross       0.05 ms  (sub)
     disp:record     0.00 ms  (sub)
     disp:imshow     0.56 ms  (sub)
     disp:waitkey    4.61 ms  (sub)
[PROF 09:37:50]  55 frames   18.85 ms/frame  ->  53.0 FPS
   capture           3.39 ms   18.0%
   track             6.30 ms   33.4%
   ctrl+mav          0.36 ms    1.9%
   hud               3.87 ms   20.5%
   display           4.93 ms   26.1%
     detect          5.81 ms  (sub)
     tracker         0.00 ms  (sub)
     hud:overlay     0.70 ms  (sub)
     hud:setup       0.09 ms  (sub)
     hud:ladder      0.10 ms  (sub)
     hud:warp        1.69 ms  (sub)
     hud:arc         0.05 ms  (sub)
     hud:blend       0.85 ms  (sub)
     hud:yaw         0.31 ms  (sub)
     hud:cross       0.05 ms  (sub)
     disp:record     0.00 ms  (sub)
     disp:imshow     0.52 ms  (sub)
     disp:waitkey    4.37 ms  (sub)
[PROF 09:37:52]  50 frames   20.76 ms/frame  ->  48.2 FPS
   capture           3.47 ms   16.7%
   track             6.11 ms   29.4%
   ctrl+mav          0.41 ms    2.0%
   hud               4.15 ms   20.0%
   display           6.62 ms   31.9%
     detect          5.61 ms  (sub)
     tracker         0.00 ms  (sub)
     hud:overlay     0.76 ms  (sub)
     hud:setup       0.10 ms  (sub)
     hud:ladder      0.10 ms  (sub)
     hud:warp        1.89 ms  (sub)
     hud:arc         0.06 ms  (sub)
     hud:blend       0.85 ms  (sub)
     hud:yaw         0.31 ms  (sub)
     hud:cross       0.05 ms  (sub)
     disp:record     0.00 ms  (sub)
     disp:imshow     0.56 ms  (sub)
     disp:waitkey    6.02 ms  (sub)
[PROF 09:37:54]  52 frames   19.04 ms/frame  ->  52.5 FPS
   capture           3.68 ms   19.3%
   track             5.81 ms   30.5%
   ctrl+mav          0.40 ms    2.1%
   hud               4.04 ms   21.2%
   display           5.10 ms   26.8%
     detect          5.32 ms  (sub)
     tracker         0.00 ms  (sub)
     hud:overlay     0.73 ms  (sub)
     hud:setup       0.09 ms  (sub)
     hud:ladder      0.10 ms  (sub)
     hud:warp        1.85 ms  (sub)
     hud:arc         0.05 ms  (sub)
     hud:blend       0.82 ms  (sub)
     hud:yaw         0.31 ms  (sub)
     hud:cross       0.05 ms  (sub)
     disp:record     0.00 ms  (sub)
     disp:imshow     0.56 ms  (sub)
     disp:waitkey    4.50 ms  (sub)
[PROF 09:37:56]  57 frames   18.63 ms/frame  ->  53.7 FPS
   capture           3.33 ms   17.9%
   track             5.91 ms   31.7%
   ctrl+mav          0.37 ms    2.0%
   hud               3.82 ms   20.5%
   display           5.20 ms   27.9%
     detect          5.40 ms  (sub)
     tracker         0.00 ms  (sub)
     hud:overlay     0.69 ms  (sub)
     hud:setup       0.09 ms  (sub)
     hud:ladder      0.10 ms  (sub)
     hud:warp        1.67 ms  (sub)
     hud:arc         0.05 ms  (sub)
     hud:blend       0.82 ms  (sub)
     hud:yaw         0.32 ms  (sub)
     hud:cross       0.05 ms  (sub)
     disp:record     0.01 ms  (sub)
     disp:imshow     0.57 ms  (sub)
     disp:waitkey    4.59 ms  (sub)
[PROF 09:37:58]  52 frames   19.82 ms/frame  ->  50.5 FPS
   capture           3.93 ms   19.8%
   track             6.21 ms   31.3%
   ctrl+mav          0.42 ms    2.1%
   hud               4.42 ms   22.3%
   display           4.84 ms   24.4%
     detect          5.63 ms  (sub)
     tracker         0.00 ms  (sub)
     hud:overlay     0.77 ms  (sub)
     hud:setup       0.12 ms  (sub)
     hud:ladder      0.11 ms  (sub)
     hud:warp        2.00 ms  (sub)
     hud:arc         0.06 ms  (sub)
     hud:blend       0.95 ms  (sub)
     hud:yaw         0.33 ms  (sub)
     hud:cross       0.05 ms  (sub)
     disp:record     0.00 ms  (sub)
     disp:imshow     0.53 ms  (sub)
     disp:waitkey    4.28 ms  (sub)
[PROF 09:38:00]  54 frames   18.94 ms/frame  ->  52.8 FPS
   capture           3.51 ms   18.5%
   track             5.82 ms   30.8%
   ctrl+mav          0.38 ms    2.0%
   hud               4.11 ms   21.7%
   display           5.11 ms   27.0%
     detect          5.32 ms  (sub)
     tracker         0.00 ms  (sub)
     hud:overlay     0.70 ms  (sub)
     hud:setup       0.10 ms  (sub)
     hud:ladder      0.10 ms  (sub)
     hud:warp        1.87 ms  (sub)
     hud:arc         0.06 ms  (sub)
     hud:blend       0.88 ms  (sub)
     hud:yaw         0.32 ms  (sub)
     hud:cross       0.04 ms  (sub)
     disp:record     0.01 ms  (sub)
     disp:imshow     0.53 ms  (sub)
     disp:waitkey    4.53 ms  (sub)
[PROF 09:38:02]  57 frames   18.29 ms/frame  ->  54.7 FPS
   capture           3.26 ms   17.8%
   track             5.37 ms   29.4%
   ctrl+mav          0.32 ms    1.8%
   hud               4.16 ms   22.7%
   display           5.18 ms   28.3%
     detect          4.94 ms  (sub)
     tracker         0.00 ms  (sub)
     hud:overlay     0.69 ms  (sub)
     hud:setup       0.10 ms  (sub)
     hud:ladder      0.10 ms  (sub)
     hud:warp        1.91 ms  (sub)
     hud:arc         0.06 ms  (sub)
     hud:blend       0.90 ms  (sub)
     hud:yaw         0.32 ms  (sub)
     hud:cross       0.05 ms  (sub)
     disp:record     0.00 ms  (sub)
     disp:imshow     0.56 ms  (sub)
     disp:waitkey    4.58 ms  (sub)
[PROF 09:38:04]  56 frames   19.01 ms/frame  ->  52.6 FPS
   capture           3.44 ms   18.1%
   track             6.24 ms   32.8%
   ctrl+mav          0.37 ms    2.0%
   hud               3.93 ms   20.7%
   display           5.02 ms   26.4%
     detect          5.73 ms  (sub)
     tracker         0.00 ms  (sub)
     hud:overlay     0.68 ms  (sub)
     hud:setup       0.09 ms  (sub)
     hud:ladder      0.11 ms  (sub)
     hud:warp        1.74 ms  (sub)
     hud:arc         0.05 ms  (sub)
     hud:blend       0.86 ms  (sub)
     hud:yaw         0.32 ms  (sub)
     hud:cross       0.05 ms  (sub)
     disp:record     0.00 ms  (sub)
     disp:imshow     0.53 ms  (sub)
     disp:waitkey    4.45 ms  (sub)
[PROF 09:38:06]  56 frames   18.46 ms/frame  ->  54.2 FPS
   capture           3.55 ms   19.2%
   track             5.61 ms   30.4%
   ctrl+mav          0.34 ms    1.8%
   hud               3.88 ms   21.0%
   display           5.08 ms   27.5%
     detect          5.09 ms  (sub)
     tracker         0.00 ms  (sub)
     hud:overlay     0.67 ms  (sub)
     hud:setup       0.11 ms  (sub)
     hud:ladder      0.10 ms  (sub)
     hud:warp        1.68 ms  (sub)
     hud:arc         0.05 ms  (sub)
     hud:blend       0.87 ms  (sub)
     hud:yaw         0.33 ms  (sub)
     hud:cross       0.04 ms  (sub)
     disp:record     0.00 ms  (sub)
     disp:imshow     0.53 ms  (sub)
     disp:waitkey    4.52 ms  (sub)
[PROF 09:38:08]  55 frames   18.48 ms/frame  ->  54.1 FPS
   capture           3.36 ms   18.2%
   track             5.74 ms   31.1%
   ctrl+mav          0.37 ms    2.0%
   hud               4.00 ms   21.6%
   display           5.00 ms   27.1%
     detect          5.27 ms  (sub)
     tracker         0.00 ms  (sub)
     hud:overlay     0.69 ms  (sub)
     hud:setup       0.09 ms  (sub)
     hud:ladder      0.10 ms  (sub)
     hud:warp        1.79 ms  (sub)
     hud:arc         0.06 ms  (sub)
     hud:blend       0.87 ms  (sub)
     hud:yaw         0.32 ms  (sub)
     hud:cross       0.04 ms  (sub)
     disp:record     0.00 ms  (sub)
     disp:imshow     0.56 ms  (sub)
     disp:waitkey    4.41 ms  (sub)
[PROF 09:38:10]  54 frames   18.49 ms/frame  ->  54.1 FPS
   capture           3.66 ms   19.8%
   track             5.79 ms   31.3%
   ctrl+mav          0.36 ms    1.9%
   hud               3.89 ms   21.0%
   display           4.80 ms   25.9%
     detect          5.28 ms  (sub)
     tracker         0.00 ms  (sub)
     hud:overlay     0.69 ms  (sub)
     hud:setup       0.09 ms  (sub)
     hud:ladder      0.10 ms  (sub)
     hud:warp        1.71 ms  (sub)
     hud:arc         0.05 ms  (sub)
     hud:blend       0.85 ms  (sub)
     hud:yaw         0.32 ms  (sub)
     hud:cross       0.04 ms  (sub)
     disp:record     0.00 ms  (sub)
     disp:imshow     0.57 ms  (sub)
     disp:waitkey    4.19 ms  (sub)
[PROF 09:38:12]  56 frames   18.66 ms/frame  ->  53.6 FPS
   capture           3.33 ms   17.8%
   track             5.90 ms   31.6%
   ctrl+mav          0.37 ms    2.0%
   hud               3.96 ms   21.2%
   display           5.10 ms   27.4%
     detect          5.39 ms  (sub)
     tracker         0.00 ms  (sub)
     hud:overlay     0.73 ms  (sub)
     hud:setup       0.10 ms  (sub)
     hud:ladder      0.10 ms  (sub)
     hud:warp        1.72 ms  (sub)
     hud:arc         0.05 ms  (sub)
     hud:blend       0.84 ms  (sub)
     hud:yaw         0.34 ms  (sub)
     hud:cross       0.04 ms  (sub)
     disp:record     0.00 ms  (sub)
     disp:imshow     0.50 ms  (sub)
     disp:waitkey    4.57 ms  (sub)
[PROF 09:38:14]  53 frames   18.60 ms/frame  ->  53.8 FPS
   capture           3.44 ms   18.5%
   track             5.77 ms   31.0%
   ctrl+mav          0.38 ms    2.1%
   hud               4.15 ms   22.3%
   display           4.86 ms   26.1%
     detect          5.30 ms  (sub)
     tracker         0.00 ms  (sub)
     hud:overlay     0.67 ms  (sub)
     hud:setup       0.10 ms  (sub)
     hud:ladder      0.10 ms  (sub)
     hud:warp        1.93 ms  (sub)
     hud:arc         0.05 ms  (sub)
     hud:blend       0.90 ms  (sub)
     hud:yaw         0.32 ms  (sub)
     hud:cross       0.04 ms  (sub)
     disp:record     0.00 ms  (sub)
     disp:imshow     0.54 ms  (sub)
     disp:waitkey    4.29 ms  (sub)
[PROF 09:38:16]  59 frames   18.63 ms/frame  ->  53.7 FPS
   capture           3.74 ms   20.1%
   track             5.87 ms   31.5%
   ctrl+mav          0.37 ms    2.0%
   hud               3.84 ms   20.6%
   display           4.81 ms   25.8%
     detect          5.36 ms  (sub)
     tracker         0.00 ms  (sub)
     hud:overlay     0.69 ms  (sub)
     hud:setup       0.09 ms  (sub)
     hud:ladder      0.10 ms  (sub)
     hud:warp        1.66 ms  (sub)
     hud:arc         0.05 ms  (sub)
     hud:blend       0.84 ms  (sub)
     hud:yaw         0.32 ms  (sub)
     hud:cross       0.04 ms  (sub)
     disp:record     0.00 ms  (sub)
     disp:imshow     0.53 ms  (sub)
     disp:waitkey    4.24 ms  (sub)
[PROF 09:38:18]  53 frames   19.30 ms/frame  ->  51.8 FPS
   capture           3.72 ms   19.3%
   track             5.99 ms   31.0%
   ctrl+mav          0.41 ms    2.1%
   hud               4.07 ms   21.1%
   display           5.12 ms   26.5%
     detect          5.54 ms  (sub)
     tracker         0.00 ms  (sub)
     hud:overlay     0.69 ms  (sub)
     hud:setup       0.10 ms  (sub)
     hud:ladder      0.10 ms  (sub)
     hud:warp        1.82 ms  (sub)
     hud:arc         0.05 ms  (sub)
     hud:blend       0.87 ms  (sub)
     hud:yaw         0.34 ms  (sub)
     hud:cross       0.05 ms  (sub)
     disp:record     0.00 ms  (sub)
     disp:imshow     0.57 ms  (sub)
     disp:waitkey    4.50 ms  (sub)
[PROF 09:38:20]  59 frames   18.21 ms/frame  ->  54.9 FPS
   capture           3.41 ms   18.7%
   track             5.76 ms   31.7%
   ctrl+mav          0.40 ms    2.2%
   hud               3.77 ms   20.7%
   display           4.87 ms   26.7%
     detect          5.23 ms  (sub)
     tracker         0.00 ms  (sub)
     hud:overlay     0.67 ms  (sub)
     hud:setup       0.10 ms  (sub)
     hud:ladder      0.10 ms  (sub)
     hud:warp        1.63 ms  (sub)
     hud:arc         0.05 ms  (sub)
     hud:blend       0.82 ms  (sub)
     hud:yaw         0.32 ms  (sub)
     hud:cross       0.04 ms  (sub)
     disp:record     0.00 ms  (sub)
     disp:imshow     0.57 ms  (sub)
     disp:waitkey    4.26 ms  (sub)
[PROF 09:38:22]  57 frames   18.51 ms/frame  ->  54.0 FPS
   capture           3.38 ms   18.3%
   track             5.85 ms   31.6%
   ctrl+mav          0.37 ms    2.0%
   hud               4.00 ms   21.6%
   display           4.90 ms   26.5%
     detect          5.36 ms  (sub)
     tracker         0.00 ms  (sub)
     hud:overlay     0.67 ms  (sub)
     hud:setup       0.10 ms  (sub)
     hud:ladder      0.15 ms  (sub)
     hud:warp        1.77 ms  (sub)
     hud:arc         0.05 ms  (sub)
     hud:blend       0.87 ms  (sub)
     hud:yaw         0.31 ms  (sub)
     hud:cross       0.05 ms  (sub)
     disp:record     0.00 ms  (sub)
     disp:imshow     0.55 ms  (sub)
     disp:waitkey    4.31 ms  (sub)
[PROF 09:38:24]  51 frames   19.57 ms/frame  ->  51.1 FPS
   capture           3.71 ms   19.0%
   track             6.27 ms   32.0%
   ctrl+mav          0.50 ms    2.6%
   hud               3.98 ms   20.3%
   display           5.11 ms   26.1%
     detect          5.68 ms  (sub)
     tracker         0.00 ms  (sub)
     hud:overlay     0.69 ms  (sub)
     hud:setup       0.10 ms  (sub)
     hud:ladder      0.11 ms  (sub)
     hud:warp        1.76 ms  (sub)
     hud:arc         0.05 ms  (sub)
     hud:blend       0.86 ms  (sub)
     hud:yaw         0.32 ms  (sub)
     hud:cross       0.04 ms  (sub)
     disp:record     0.00 ms  (sub)
     disp:imshow     0.56 ms  (sub)
     disp:waitkey    4.52 ms  (sub)
[PROF 09:38:26]  55 frames   18.74 ms/frame  ->  53.4 FPS
   capture           3.47 ms   18.5%
   track             5.83 ms   31.1%
   ctrl+mav          0.38 ms    2.0%
   hud               3.95 ms   21.1%
   display           5.10 ms   27.2%
     detect          5.24 ms  (sub)
     tracker         0.00 ms  (sub)
     hud:overlay     0.70 ms  (sub)
     hud:setup       0.10 ms  (sub)
     hud:ladder      0.10 ms  (sub)
     hud:warp        1.75 ms  (sub)
     hud:arc         0.06 ms  (sub)
     hud:blend       0.82 ms  (sub)
     hud:yaw         0.34 ms  (sub)
     hud:cross       0.04 ms  (sub)
     disp:record     0.01 ms  (sub)
     disp:imshow     0.53 ms  (sub)
     disp:waitkey    4.53 ms  (sub)
[PROF 09:38:28]  51 frames   18.80 ms/frame  ->  53.2 FPS
   capture           3.35 ms   17.8%
   track             6.11 ms   32.5%
   ctrl+mav          0.41 ms    2.2%
   hud               4.01 ms   21.3%
   display           4.92 ms   26.2%
     detect          5.55 ms  (sub)
     tracker         0.00 ms  (sub)
     hud:overlay     0.72 ms  (sub)
     hud:setup       0.09 ms  (sub)
     hud:ladder      0.10 ms  (sub)
     hud:warp        1.79 ms  (sub)
     hud:arc         0.05 ms  (sub)
     hud:blend       0.85 ms  (sub)
     hud:yaw         0.32 ms  (sub)
     hud:cross       0.05 ms  (sub)
     disp:record     0.00 ms  (sub)
     disp:imshow     0.51 ms  (sub)
     disp:waitkey    4.37 ms  (sub)
[PROF 09:38:30]  55 frames   18.76 ms/frame  ->  53.3 FPS
   capture           3.62 ms   19.3%
   track             5.66 ms   30.2%
   ctrl+mav          0.39 ms    2.1%
   hud               3.84 ms   20.5%
   display           5.24 ms   27.9%
     detect          5.17 ms  (sub)
     tracker         0.00 ms  (sub)
     hud:overlay     0.67 ms  (sub)
     hud:setup       0.09 ms  (sub)
     hud:ladder      0.10 ms  (sub)
     hud:warp        1.68 ms  (sub)
     hud:arc         0.05 ms  (sub)
     hud:blend       0.85 ms  (sub)
     hud:yaw         0.32 ms  (sub)
     hud:cross       0.05 ms  (sub)
     disp:record     0.00 ms  (sub)
     disp:imshow     0.57 ms  (sub)
     disp:waitkey    4.63 ms  (sub)
[PROF 09:38:32]  49 frames   18.93 ms/frame  ->  52.8 FPS
   capture           3.55 ms   18.8%
   track             5.87 ms   31.0%
   ctrl+mav          0.38 ms    2.0%
   hud               4.01 ms   21.2%
   display           5.12 ms   27.0%
     detect          5.36 ms  (sub)
     tracker         0.00 ms  (sub)
     hud:overlay     0.68 ms  (sub)
     hud:setup       0.10 ms  (sub)
     hud:ladder      0.11 ms  (sub)
     hud:warp        1.77 ms  (sub)
     hud:arc         0.06 ms  (sub)
     hud:blend       0.87 ms  (sub)
     hud:yaw         0.34 ms  (sub)
     hud:cross       0.05 ms  (sub)
     disp:record     0.00 ms  (sub)
     disp:imshow     0.60 ms  (sub)
     disp:waitkey    4.48 ms  (sub)
[PROF 09:38:34]  49 frames   19.65 ms/frame  ->  50.9 FPS
   capture           3.81 ms   19.4%
   track             6.33 ms   32.2%
   ctrl+mav          0.45 ms    2.3%
   hud               4.02 ms   20.5%
   display           5.03 ms   25.6%
     detect          5.79 ms  (sub)
     tracker         0.00 ms  (sub)
     hud:overlay     0.70 ms  (sub)
     hud:setup       0.10 ms  (sub)
     hud:ladder      0.11 ms  (sub)
     hud:warp        1.79 ms  (sub)
     hud:arc         0.05 ms  (sub)
     hud:blend       0.85 ms  (sub)
     hud:yaw         0.33 ms  (sub)
     hud:cross       0.05 ms  (sub)
     disp:record     0.00 ms  (sub)
     disp:imshow     0.57 ms  (sub)
     disp:waitkey    4.42 ms  (sub)
[PROF 09:38:36]  47 frames   19.81 ms/frame  ->  50.5 FPS
   capture           3.83 ms   19.3%
   track             6.09 ms   30.8%
   ctrl+mav          0.39 ms    2.0%
   hud               4.25 ms   21.5%
   display           5.24 ms   26.5%
     detect          5.62 ms  (sub)
     tracker         0.00 ms  (sub)
     hud:overlay     0.75 ms  (sub)
     hud:setup       0.11 ms  (sub)
     hud:ladder      0.10 ms  (sub)
     hud:warp        1.93 ms  (sub)
     hud:arc         0.05 ms  (sub)
     hud:blend       0.89 ms  (sub)
     hud:yaw         0.33 ms  (sub)
     hud:cross       0.05 ms  (sub)
     disp:record     0.00 ms  (sub)
     disp:imshow     0.54 ms  (sub)
     disp:waitkey    4.67 ms  (sub)
[PROF 09:38:38]  55 frames   19.19 ms/frame  ->  52.1 FPS
   capture           3.49 ms   18.2%
   track             5.86 ms   30.5%
   ctrl+mav          0.38 ms    2.0%
   hud               4.17 ms   21.7%
   display           5.30 ms   27.6%
     detect          5.23 ms  (sub)
     tracker         0.00 ms  (sub)
     hud:overlay     0.71 ms  (sub)
     hud:setup       0.09 ms  (sub)
     hud:ladder      0.10 ms  (sub)
     hud:warp        1.88 ms  (sub)
     hud:arc         0.06 ms  (sub)
     hud:blend       0.91 ms  (sub)
     hud:yaw         0.34 ms  (sub)
     hud:cross       0.05 ms  (sub)
     disp:record     0.00 ms  (sub)
     disp:imshow     0.55 ms  (sub)
     disp:waitkey    4.72 ms  (sub)
[PROF 09:38:40]  52 frames   18.98 ms/frame  ->  52.7 FPS
   capture           3.48 ms   18.3%
   track             5.83 ms   30.7%
   ctrl+mav          0.34 ms    1.8%
   hud               3.96 ms   20.9%
   display           5.37 ms   28.3%
     detect          5.36 ms  (sub)
     tracker         0.00 ms  (sub)
     hud:overlay     0.69 ms  (sub)
     hud:setup       0.11 ms  (sub)
     hud:ladder      0.10 ms  (sub)
     hud:warp        1.74 ms  (sub)
     hud:arc         0.06 ms  (sub)
     hud:blend       0.85 ms  (sub)
     hud:yaw         0.34 ms  (sub)
     hud:cross       0.05 ms  (sub)
     disp:record     0.00 ms  (sub)
     disp:imshow     0.67 ms  (sub)
     disp:waitkey    4.67 ms  (sub)
[PROF 09:38:42]  56 frames   18.84 ms/frame  ->  53.1 FPS
   capture           3.70 ms   19.6%
   track             5.72 ms   30.4%
   ctrl+mav          0.37 ms    2.0%
   hud               4.04 ms   21.5%
   display           5.01 ms   26.6%
     detect          5.21 ms  (sub)
     tracker         0.00 ms  (sub)
     hud:overlay     0.67 ms  (sub)
     hud:setup       0.10 ms  (sub)
     hud:ladder      0.14 ms  (sub)
     hud:warp        1.81 ms  (sub)
     hud:arc         0.05 ms  (sub)
     hud:blend       0.85 ms  (sub)
     hud:yaw         0.35 ms  (sub)
     hud:cross       0.04 ms  (sub)
     disp:record     0.00 ms  (sub)
     disp:imshow     0.54 ms  (sub)
     disp:waitkey    4.43 ms  (sub)
[PROF 09:38:44]  55 frames   18.31 ms/frame  ->  54.6 FPS
   capture           3.42 ms   18.7%
   track             5.72 ms   31.3%
   ctrl+mav          0.34 ms    1.9%
   hud               3.86 ms   21.1%
   display           4.96 ms   27.1%
     detect          5.20 ms  (sub)
     tracker         0.00 ms  (sub)
     hud:overlay     0.68 ms  (sub)
     hud:setup       0.09 ms  (sub)
     hud:ladder      0.10 ms  (sub)
     hud:warp        1.66 ms  (sub)
     hud:arc         0.06 ms  (sub)
     hud:blend       0.85 ms  (sub)
     hud:yaw         0.35 ms  (sub)
     hud:cross       0.05 ms  (sub)
     disp:record     0.00 ms  (sub)
     disp:imshow     0.51 ms  (sub)
     disp:waitkey    4.41 ms  (sub)
[PROF 09:38:46]  49 frames   18.88 ms/frame  ->  53.0 FPS
   capture           3.47 ms   18.4%
   track             6.09 ms   32.2%
   ctrl+mav          0.36 ms    1.9%
   hud               3.98 ms   21.1%
   display           4.98 ms   26.4%
     detect          5.60 ms  (sub)
     tracker         0.00 ms  (sub)
     hud:overlay     0.69 ms  (sub)
     hud:setup       0.10 ms  (sub)
     hud:ladder      0.10 ms  (sub)
     hud:warp        1.79 ms  (sub)
     hud:arc         0.05 ms  (sub)
     hud:blend       0.85 ms  (sub)
     hud:yaw         0.33 ms  (sub)
     hud:cross       0.04 ms  (sub)
     disp:record     0.00 ms  (sub)
     disp:imshow     0.59 ms  (sub)
     disp:waitkey    4.36 ms  (sub)
[PROF 09:38:48]  50 frames   18.71 ms/frame  ->  53.4 FPS
   capture           3.45 ms   18.4%
   track             6.03 ms   32.2%
   ctrl+mav          0.49 ms    2.6%
   hud               3.88 ms   20.7%
   display           4.86 ms   26.0%
     detect          5.48 ms  (sub)
     tracker         0.00 ms  (sub)
     hud:overlay     0.66 ms  (sub)
     hud:setup       0.10 ms  (sub)
     hud:ladder      0.10 ms  (sub)
     hud:warp        1.71 ms  (sub)
     hud:arc         0.05 ms  (sub)
     hud:blend       0.84 ms  (sub)
     hud:yaw         0.34 ms  (sub)
     hud:cross       0.05 ms  (sub)
     disp:record     0.00 ms  (sub)
     disp:imshow     0.52 ms  (sub)
     disp:waitkey    4.31 ms  (sub)
[PROF 09:38:50]  57 frames   18.31 ms/frame  ->  54.6 FPS
   capture           3.38 ms   18.5%
   track             5.56 ms   30.4%
   ctrl+mav          0.34 ms    1.9%
   hud               3.99 ms   21.8%
   display           5.04 ms   27.5%
     detect          5.09 ms  (sub)
     tracker         0.00 ms  (sub)
     hud:overlay     0.68 ms  (sub)
     hud:setup       0.09 ms  (sub)
     hud:ladder      0.10 ms  (sub)
     hud:warp        1.79 ms  (sub)
     hud:arc         0.05 ms  (sub)
     hud:blend       0.86 ms  (sub)
     hud:yaw         0.33 ms  (sub)
     hud:cross       0.05 ms  (sub)
     disp:record     0.00 ms  (sub)
     disp:imshow     0.52 ms  (sub)
     disp:waitkey    4.48 ms  (sub)
[PROF 09:38:53]  54 frames   19.83 ms/frame  ->  50.4 FPS
   capture           3.86 ms   19.5%
   track             6.28 ms   31.7%
   ctrl+mav          0.39 ms    2.0%
   hud               4.10 ms   20.7%
   display           5.19 ms   26.2%
     detect          5.75 ms  (sub)
     tracker         0.00 ms  (sub)
     hud:overlay     0.71 ms  (sub)
     hud:setup       0.10 ms  (sub)
     hud:ladder      0.12 ms  (sub)
     hud:warp        1.75 ms  (sub)
     hud:arc         0.05 ms  (sub)
     hud:blend       0.94 ms  (sub)
     hud:yaw         0.32 ms  (sub)
     hud:cross       0.06 ms  (sub)
     disp:record     0.00 ms  (sub)
     disp:imshow     0.55 ms  (sub)
     disp:waitkey    4.60 ms  (sub)
[PROF 09:38:55]  50 frames   19.72 ms/frame  ->  50.7 FPS
   capture           3.85 ms   19.5%
   track             5.96 ms   30.2%
   ctrl+mav          0.45 ms    2.3%
   hud               3.95 ms   20.1%
   display           5.51 ms   27.9%
     detect          5.41 ms  (sub)
     tracker         0.00 ms  (sub)
     hud:overlay     0.68 ms  (sub)
     hud:setup       0.10 ms  (sub)
     hud:ladder      0.11 ms  (sub)
     hud:warp        1.75 ms  (sub)
     hud:arc         0.06 ms  (sub)
     hud:blend       0.86 ms  (sub)
     hud:yaw         0.32 ms  (sub)
     hud:cross       0.04 ms  (sub)
     disp:record     0.00 ms  (sub)
     disp:imshow     0.53 ms  (sub)
     disp:waitkey    4.94 ms  (sub)
[PROF 09:38:57]  57 frames   18.61 ms/frame  ->  53.7 FPS
   capture           3.53 ms   19.0%
   track             5.68 ms   30.5%
   ctrl+mav          0.37 ms    2.0%
   hud               3.93 ms   21.1%
   display           5.09 ms   27.4%
     detect          5.22 ms  (sub)
     tracker         0.00 ms  (sub)
     hud:overlay     0.68 ms  (sub)
     hud:setup       0.10 ms  (sub)
     hud:ladder      0.10 ms  (sub)
     hud:warp        1.76 ms  (sub)
     hud:arc         0.05 ms  (sub)
     hud:blend       0.84 ms  (sub)
     hud:yaw         0.33 ms  (sub)
     hud:cross       0.04 ms  (sub)
     disp:record     0.00 ms  (sub)
     disp:imshow     0.53 ms  (sub)
     disp:waitkey    4.53 ms  (sub)
[PROF 09:38:59]  58 frames   18.50 ms/frame  ->  54.1 FPS
   capture           3.32 ms   17.9%
   track             5.69 ms   30.8%
   ctrl+mav          0.35 ms    1.9%
   hud               4.09 ms   22.1%
   display           5.06 ms   27.3%
     detect          5.24 ms  (sub)
     tracker         0.00 ms  (sub)
     hud:overlay     0.70 ms  (sub)
     hud:setup       0.10 ms  (sub)
     hud:ladder      0.10 ms  (sub)
     hud:warp        1.83 ms  (sub)
     hud:arc         0.05 ms  (sub)
     hud:blend       0.87 ms  (sub)
     hud:yaw         0.34 ms  (sub)
     hud:cross       0.05 ms  (sub)
     disp:record     0.00 ms  (sub)
     disp:imshow     0.61 ms  (sub)
     disp:waitkey    4.41 ms  (sub)
[PROF 09:39:01]  55 frames   18.82 ms/frame  ->  53.1 FPS
   capture           3.35 ms   17.8%
   track             5.89 ms   31.3%
   ctrl+mav          0.42 ms    2.2%
   hud               4.19 ms   22.3%
   display           4.97 ms   26.4%
     detect          5.32 ms  (sub)
     tracker         0.00 ms  (sub)
     hud:overlay     0.71 ms  (sub)
     hud:setup       0.10 ms  (sub)
     hud:ladder      0.11 ms  (sub)
     hud:warp        1.94 ms  (sub)
     hud:arc         0.06 ms  (sub)
     hud:blend       0.86 ms  (sub)
     hud:yaw         0.33 ms  (sub)
     hud:cross       0.05 ms  (sub)
     disp:record     0.00 ms  (sub)
     disp:imshow     0.55 ms  (sub)
     disp:waitkey    4.38 ms  (sub)
[PROF 09:39:03]  55 frames   19.04 ms/frame  ->  52.5 FPS
   capture           3.53 ms   18.5%
   track             6.01 ms   31.6%
   ctrl+mav          0.43 ms    2.3%
   hud               3.92 ms   20.6%
   display           5.14 ms   27.0%
     detect          5.50 ms  (sub)
     tracker         0.00 ms  (sub)
     hud:overlay     0.69 ms  (sub)
     hud:setup       0.09 ms  (sub)
     hud:ladder      0.10 ms  (sub)
     hud:warp        1.75 ms  (sub)
     hud:arc         0.05 ms  (sub)
     hud:blend       0.84 ms  (sub)
     hud:yaw         0.32 ms  (sub)
     hud:cross       0.05 ms  (sub)
     disp:record     0.00 ms  (sub)
     disp:imshow     0.49 ms  (sub)
     disp:waitkey    4.61 ms  (sub)
[PROF 09:39:05]  54 frames   18.43 ms/frame  ->  54.2 FPS
   capture           3.32 ms   18.0%
   track             5.80 ms   31.4%
   ctrl+mav          0.38 ms    2.0%
   hud               3.92 ms   21.3%
   display           5.02 ms   27.2%
     detect          5.34 ms  (sub)
     tracker         0.00 ms  (sub)
     hud:overlay     0.72 ms  (sub)
     hud:setup       0.10 ms  (sub)
     hud:ladder      0.10 ms  (sub)
     hud:warp        1.67 ms  (sub)
     hud:arc         0.06 ms  (sub)
     hud:blend       0.87 ms  (sub)
     hud:yaw         0.32 ms  (sub)
     hud:cross       0.05 ms  (sub)
     disp:record     0.00 ms  (sub)
     disp:imshow     0.56 ms  (sub)
     disp:waitkey    4.42 ms  (sub)
[PROF 09:39:07]  51 frames   19.24 ms/frame  ->  52.0 FPS
   capture           3.52 ms   18.3%
   track             6.18 ms   32.1%
   ctrl+mav          0.37 ms    1.9%
   hud               4.15 ms   21.6%
   display           5.02 ms   26.1%
     detect          5.68 ms  (sub)
     tracker         0.00 ms  (sub)
     hud:overlay     0.74 ms  (sub)
     hud:setup       0.10 ms  (sub)
     hud:ladder      0.10 ms  (sub)
     hud:warp        1.83 ms  (sub)
     hud:arc         0.05 ms  (sub)
     hud:blend       0.88 ms  (sub)
     hud:yaw         0.32 ms  (sub)
     hud:cross       0.04 ms  (sub)
     disp:record     0.00 ms  (sub)
     disp:imshow     0.56 ms  (sub)
     disp:waitkey    4.42 ms  (sub)
[PROF 09:39:09]  54 frames   18.43 ms/frame  ->  54.3 FPS
   capture           3.27 ms   17.7%
   track             5.64 ms   30.6%
   ctrl+mav          0.35 ms    1.9%
   hud               4.08 ms   22.1%
   display           5.08 ms   27.6%
     detect          5.15 ms  (sub)
     tracker         0.00 ms  (sub)
     hud:overlay     0.69 ms  (sub)
     hud:setup       0.10 ms  (sub)
     hud:ladder      0.11 ms  (sub)
     hud:warp        1.86 ms  (sub)
     hud:arc         0.06 ms  (sub)
     hud:blend       0.86 ms  (sub)
     hud:yaw         0.33 ms  (sub)
     hud:cross       0.05 ms  (sub)
     disp:record     0.00 ms  (sub)
     disp:imshow     0.56 ms  (sub)
     disp:waitkey    4.49 ms  (sub)
[PROF 09:39:11]  55 frames   18.89 ms/frame  ->  52.9 FPS
   capture           3.48 ms   18.4%
   track             5.86 ms   31.0%
   ctrl+mav          0.35 ms    1.9%
   hud               4.23 ms   22.4%
   display           4.96 ms   26.3%
     detect          5.33 ms  (sub)
     tracker         0.00 ms  (sub)
     hud:overlay     0.73 ms  (sub)
     hud:setup       0.11 ms  (sub)
     hud:ladder      0.11 ms  (sub)
     hud:warp        1.90 ms  (sub)
     hud:arc         0.06 ms  (sub)
     hud:blend       0.89 ms  (sub)
     hud:yaw         0.35 ms  (sub)
     hud:cross       0.05 ms  (sub)
     disp:record     0.00 ms  (sub)
     disp:imshow     0.58 ms  (sub)
     disp:waitkey    4.34 ms  (sub)
[PROF 09:39:13]  58 frames   18.62 ms/frame  ->  53.7 FPS
   capture           3.40 ms   18.2%
   track             5.91 ms   31.7%
   ctrl+mav          0.37 ms    2.0%
   hud               4.11 ms   22.1%
   display           4.84 ms   26.0%
     detect          5.38 ms  (sub)
     tracker         0.00 ms  (sub)
     hud:overlay     0.70 ms  (sub)
     hud:setup       0.10 ms  (sub)
     hud:ladder      0.11 ms  (sub)
     hud:warp        1.87 ms  (sub)
     hud:arc         0.05 ms  (sub)
     hud:blend       0.86 ms  (sub)
     hud:yaw         0.33 ms  (sub)
     hud:cross       0.05 ms  (sub)
     disp:record     0.00 ms  (sub)
     disp:imshow     0.52 ms  (sub)
     disp:waitkey    4.28 ms  (sub)
[PROF 09:39:15]  52 frames   18.91 ms/frame  ->  52.9 FPS
   capture           3.31 ms   17.5%
   track             6.03 ms   31.9%
   ctrl+mav          0.36 ms    1.9%
   hud               4.12 ms   21.8%
   display           5.09 ms   26.9%
     detect          5.45 ms  (sub)
     tracker         0.00 ms  (sub)
     hud:overlay     0.72 ms  (sub)
     hud:setup       0.10 ms  (sub)
     hud:ladder      0.10 ms  (sub)
     hud:warp        1.86 ms  (sub)
     hud:arc         0.06 ms  (sub)
     hud:blend       0.88 ms  (sub)
     hud:yaw         0.33 ms  (sub)
     hud:cross       0.05 ms  (sub)
     disp:record     0.00 ms  (sub)
     disp:imshow     0.63 ms  (sub)
     disp:waitkey    4.42 ms  (sub)
[PROF 09:39:17]  48 frames   19.35 ms/frame  ->  51.7 FPS
   capture           3.51 ms   18.1%
   track             6.23 ms   32.2%
   ctrl+mav          0.43 ms    2.2%
   hud               4.14 ms   21.4%
   display           5.05 ms   26.1%
     detect          5.67 ms  (sub)
     tracker         0.00 ms  (sub)
     hud:overlay     0.70 ms  (sub)
     hud:setup       0.10 ms  (sub)
     hud:ladder      0.13 ms  (sub)
     hud:warp        1.86 ms  (sub)
     hud:arc         0.05 ms  (sub)
     hud:blend       0.90 ms  (sub)
     hud:yaw         0.32 ms  (sub)
     hud:cross       0.05 ms  (sub)
     disp:record     0.00 ms  (sub)
     disp:imshow     0.52 ms  (sub)
     disp:waitkey    4.49 ms  (sub)
[PROF 09:39:19]  52 frames   19.73 ms/frame  ->  50.7 FPS
   capture           3.69 ms   18.7%
   track             6.31 ms   32.0%
   ctrl+mav          0.43 ms    2.2%
   hud               4.25 ms   21.5%
   display           5.06 ms   25.7%
     detect          5.79 ms  (sub)
     tracker         0.00 ms  (sub)
     hud:overlay     0.70 ms  (sub)
     hud:setup       0.10 ms  (sub)
     hud:ladder      0.10 ms  (sub)
     hud:warp        1.98 ms  (sub)
     hud:arc         0.05 ms  (sub)
     hud:blend       0.89 ms  (sub)
     hud:yaw         0.34 ms  (sub)
     hud:cross       0.05 ms  (sub)
     disp:record     0.00 ms  (sub)
     disp:imshow     0.52 ms  (sub)
     disp:waitkey    4.51 ms  (sub)
[PROF 09:39:21]  56 frames   18.63 ms/frame  ->  53.7 FPS
   capture           3.49 ms   18.7%
   track             5.77 ms   31.0%
   ctrl+mav          0.39 ms    2.1%
   hud               3.90 ms   20.9%
   display           5.09 ms   27.3%
     detect          5.30 ms  (sub)
     tracker         0.00 ms  (sub)
     hud:overlay     0.67 ms  (sub)
     hud:setup       0.09 ms  (sub)
     hud:ladder      0.10 ms  (sub)
     hud:warp        1.73 ms  (sub)
     hud:arc         0.06 ms  (sub)
     hud:blend       0.84 ms  (sub)
     hud:yaw         0.33 ms  (sub)
     hud:cross       0.04 ms  (sub)
     disp:record     0.00 ms  (sub)
     disp:imshow     0.55 ms  (sub)
     disp:waitkey    4.50 ms  (sub)
[PROF 09:39:23]  55 frames   18.46 ms/frame  ->  54.2 FPS
   capture           3.58 ms   19.4%
   track             5.62 ms   30.4%
   ctrl+mav          0.37 ms    2.0%
   hud               3.85 ms   20.8%
   display           5.03 ms   27.3%
     detect          5.14 ms  (sub)
     tracker         0.00 ms  (sub)
     hud:overlay     0.68 ms  (sub)
     hud:setup       0.09 ms  (sub)
     hud:ladder      0.10 ms  (sub)
     hud:warp        1.67 ms  (sub)
     hud:arc         0.05 ms  (sub)
     hud:blend       0.86 ms  (sub)
     hud:yaw         0.32 ms  (sub)
     hud:cross       0.04 ms  (sub)
     disp:record     0.00 ms  (sub)
     disp:imshow     0.53 ms  (sub)
     disp:waitkey    4.47 ms  (sub)
[PROF 09:39:25]  53 frames   19.30 ms/frame  ->  51.8 FPS
   capture           3.71 ms   19.2%
   track             6.02 ms   31.2%
   ctrl+mav          0.39 ms    2.0%
   hud               4.00 ms   20.7%
   display           5.19 ms   26.9%
     detect          5.46 ms  (sub)
     tracker         0.00 ms  (sub)
     hud:overlay     0.69 ms  (sub)
     hud:setup       0.10 ms  (sub)
     hud:ladder      0.10 ms  (sub)
     hud:warp        1.82 ms  (sub)
     hud:arc         0.05 ms  (sub)
     hud:blend       0.84 ms  (sub)
     hud:yaw         0.32 ms  (sub)
     hud:cross       0.05 ms  (sub)
     disp:record     0.00 ms  (sub)
     disp:imshow     0.51 ms  (sub)
     disp:waitkey    4.64 ms  (sub)
[PROF 09:39:27]  55 frames   18.80 ms/frame  ->  53.2 FPS
   capture           3.37 ms   17.9%
   track             6.14 ms   32.7%
   ctrl+mav          0.44 ms    2.4%
   hud               3.85 ms   20.5%
   display           4.99 ms   26.5%
     detect          5.65 ms  (sub)
     tracker         0.00 ms  (sub)
     hud:overlay     0.67 ms  (sub)
     hud:setup       0.10 ms  (sub)
     hud:ladder      0.10 ms  (sub)
     hud:warp        1.68 ms  (sub)
     hud:arc         0.05 ms  (sub)
     hud:blend       0.84 ms  (sub)
     hud:yaw         0.33 ms  (sub)
     hud:cross       0.05 ms  (sub)
     disp:record     0.00 ms  (sub)
     disp:imshow     0.55 ms  (sub)
     disp:waitkey    4.40 ms  (sub)
[PROF 09:39:29]  58 frames   18.64 ms/frame  ->  53.7 FPS
   capture           3.58 ms   19.2%
   track             5.78 ms   31.0%
   ctrl+mav          0.35 ms    1.9%
   hud               4.12 ms   22.1%
   display           4.80 ms   25.8%
     detect          5.33 ms  (sub)
     tracker         0.00 ms  (sub)
     hud:overlay     0.73 ms  (sub)
     hud:setup       0.09 ms  (sub)
     hud:ladder      0.10 ms  (sub)
     hud:warp        1.92 ms  (sub)
     hud:arc         0.05 ms  (sub)
     hud:blend       0.83 ms  (sub)
     hud:yaw         0.33 ms  (sub)
     hud:cross       0.04 ms  (sub)
     disp:record     0.00 ms  (sub)
     disp:imshow     0.50 ms  (sub)
     disp:waitkey    4.26 ms  (sub)
[PROF 09:39:31]  54 frames   19.72 ms/frame  ->  50.7 FPS
   capture           3.73 ms   18.9%
   track             6.28 ms   31.9%
   ctrl+mav          0.45 ms    2.3%
   hud               4.14 ms   21.0%
   display           5.12 ms   26.0%
     detect          5.75 ms  (sub)
     tracker         0.00 ms  (sub)
     hud:overlay     0.71 ms  (sub)
     hud:setup       0.10 ms  (sub)
     hud:ladder      0.11 ms  (sub)
     hud:warp        1.83 ms  (sub)
     hud:arc         0.10 ms  (sub)
     hud:blend       0.87 ms  (sub)
     hud:yaw         0.34 ms  (sub)
     hud:cross       0.05 ms  (sub)
     disp:record     0.00 ms  (sub)
     disp:imshow     0.55 ms  (sub)
     disp:waitkey    4.52 ms  (sub)
[PROF 09:39:33]  52 frames   18.88 ms/frame  ->  53.0 FPS
   capture           3.50 ms   18.5%
   track             6.00 ms   31.8%
   ctrl+mav          0.35 ms    1.9%
   hud               4.05 ms   21.4%
   display           4.98 ms   26.4%
     detect          5.50 ms  (sub)
     tracker         0.00 ms  (sub)
     hud:overlay     0.73 ms  (sub)
     hud:setup       0.10 ms  (sub)
     hud:ladder      0.10 ms  (sub)
     hud:warp        1.82 ms  (sub)
     hud:arc         0.05 ms  (sub)
     hud:blend       0.83 ms  (sub)
     hud:yaw         0.33 ms  (sub)
     hud:cross       0.05 ms  (sub)
     disp:record     0.00 ms  (sub)
     disp:imshow     0.54 ms  (sub)
     disp:waitkey    4.41 ms  (sub)
[PROF 09:39:35]  53 frames   18.58 ms/frame  ->  53.8 FPS
   capture           3.45 ms   18.5%
   track             5.92 ms   31.8%
   ctrl+mav          0.37 ms    2.0%
   hud               3.95 ms   21.3%
   display           4.89 ms   26.3%
     detect          5.39 ms  (sub)
     tracker         0.00 ms  (sub)
     hud:overlay     0.68 ms  (sub)
     hud:setup       0.10 ms  (sub)
     hud:ladder      0.12 ms  (sub)
     hud:warp        1.70 ms  (sub)
     hud:arc         0.06 ms  (sub)
     hud:blend       0.90 ms  (sub)
     hud:yaw         0.33 ms  (sub)
     hud:cross       0.05 ms  (sub)
     disp:record     0.00 ms  (sub)
     disp:imshow     0.59 ms  (sub)
     disp:waitkey    4.27 ms  (sub)
[PROF 09:39:37]  60 frames   18.19 ms/frame  ->  55.0 FPS
   capture           3.31 ms   18.2%
   track             5.61 ms   30.8%
   ctrl+mav          0.36 ms    2.0%
   hud               3.94 ms   21.7%
   display           4.97 ms   27.3%
     detect          5.14 ms  (sub)
     tracker         0.00 ms  (sub)
     hud:overlay     0.68 ms  (sub)
     hud:setup       0.10 ms  (sub)
     hud:ladder      0.10 ms  (sub)
     hud:warp        1.76 ms  (sub)
     hud:arc         0.05 ms  (sub)
     hud:blend       0.82 ms  (sub)
     hud:yaw         0.33 ms  (sub)
     hud:cross       0.05 ms  (sub)
     disp:record     0.00 ms  (sub)
     disp:imshow     0.55 ms  (sub)
     disp:waitkey    4.39 ms  (sub)
[PROF 09:39:39]  45 frames   21.93 ms/frame  ->  45.6 FPS
   capture           3.41 ms   15.5%
   track             6.23 ms   28.4%
   ctrl+mav          0.45 ms    2.1%
   hud               4.25 ms   19.4%
   display           7.59 ms   34.6%
     detect          5.67 ms  (sub)
     tracker         0.00 ms  (sub)
     hud:overlay     0.69 ms  (sub)
     hud:setup       0.10 ms  (sub)
     hud:ladder      0.10 ms  (sub)
     hud:warp        1.97 ms  (sub)
     hud:arc         0.06 ms  (sub)
     hud:blend       0.92 ms  (sub)
     hud:yaw         0.33 ms  (sub)
     hud:cross       0.05 ms  (sub)
     disp:record     0.00 ms  (sub)
     disp:imshow     0.54 ms  (sub)
     disp:waitkey    7.01 ms  (sub)
[PROF 09:39:41]  49 frames   19.03 ms/frame  ->  52.5 FPS
   capture           3.60 ms   18.9%
   track             5.87 ms   30.8%
   ctrl+mav          0.39 ms    2.0%
   hud               4.18 ms   22.0%
   display           4.99 ms   26.2%
     detect          5.38 ms  (sub)
     tracker         0.00 ms  (sub)
     hud:overlay     0.67 ms  (sub)
     hud:setup       0.11 ms  (sub)
     hud:ladder      0.10 ms  (sub)
     hud:warp        1.99 ms  (sub)
     hud:arc         0.06 ms  (sub)
     hud:blend       0.84 ms  (sub)
     hud:yaw         0.33 ms  (sub)
     hud:cross       0.04 ms  (sub)
     disp:record     0.00 ms  (sub)
     disp:imshow     0.55 ms  (sub)
     disp:waitkey    4.40 ms  (sub)
[PROF 09:39:43]  54 frames   19.08 ms/frame  ->  52.4 FPS
   capture           3.63 ms   19.0%
   track             6.05 ms   31.7%
   ctrl+mav          0.37 ms    2.0%
   hud               4.10 ms   21.5%
   display           4.93 ms   25.8%
     detect          5.52 ms  (sub)
     tracker         0.00 ms  (sub)
     hud:overlay     0.67 ms  (sub)
     hud:setup       0.09 ms  (sub)
     hud:ladder      0.11 ms  (sub)
     hud:warp        1.85 ms  (sub)
     hud:arc         0.05 ms  (sub)
     hud:blend       0.92 ms  (sub)
     hud:yaw         0.32 ms  (sub)
     hud:cross       0.05 ms  (sub)
     disp:record     0.00 ms  (sub)
     disp:imshow     0.60 ms  (sub)
     disp:waitkey    4.29 ms  (sub)
[PROF 09:39:45]  53 frames   19.64 ms/frame  ->  50.9 FPS
   capture           3.64 ms   18.5%
   track             5.91 ms   30.1%
   ctrl+mav          0.46 ms    2.3%
   hud               4.52 ms   23.0%
   display           5.12 ms   26.1%
     detect          5.36 ms  (sub)
     tracker         0.00 ms  (sub)
     hud:overlay     0.70 ms  (sub)
     hud:setup       0.10 ms  (sub)
     hud:ladder      0.10 ms  (sub)
     hud:warp        2.21 ms  (sub)
     hud:arc         0.05 ms  (sub)
     hud:blend       0.94 ms  (sub)
     hud:yaw         0.33 ms  (sub)
     hud:cross       0.05 ms  (sub)
     disp:record     0.00 ms  (sub)
     disp:imshow     0.55 ms  (sub)
     disp:waitkey    4.53 ms  (sub)
[PROF 09:39:47]  51 frames   19.42 ms/frame  ->  51.5 FPS
   capture           3.63 ms   18.7%
   track             5.95 ms   30.6%
   ctrl+mav          0.44 ms    2.3%
   hud               4.25 ms   21.9%
   display           5.14 ms   26.5%
     detect          5.42 ms  (sub)
     tracker         0.00 ms  (sub)
     hud:overlay     0.76 ms  (sub)
     hud:setup       0.11 ms  (sub)
     hud:ladder      0.11 ms  (sub)
     hud:warp        1.84 ms  (sub)
     hud:arc         0.06 ms  (sub)
     hud:blend       0.94 ms  (sub)
     hud:yaw         0.34 ms  (sub)
     hud:cross       0.05 ms  (sub)
     disp:record     0.00 ms  (sub)
     disp:imshow     0.56 ms  (sub)
     disp:waitkey    4.54 ms  (sub)
[PROF 09:39:50]  53 frames   19.16 ms/frame  ->  52.2 FPS
   capture           3.49 ms   18.2%
   track             6.05 ms   31.6%
   ctrl+mav          0.44 ms    2.3%
   hud               4.07 ms   21.2%
   display           5.11 ms   26.7%
     detect          5.52 ms  (sub)
     tracker         0.00 ms  (sub)
     hud:overlay     0.69 ms  (sub)
     hud:setup       0.10 ms  (sub)
     hud:ladder      0.11 ms  (sub)
     hud:warp        1.79 ms  (sub)
     hud:arc         0.08 ms  (sub)
     hud:blend       0.85 ms  (sub)
     hud:yaw         0.37 ms  (sub)
     hud:cross       0.05 ms  (sub)
     disp:record     0.00 ms  (sub)
     disp:imshow     0.55 ms  (sub)
     disp:waitkey    4.52 ms  (sub)
[PROF 09:39:52]  55 frames   18.70 ms/frame  ->  53.5 FPS
   capture           3.58 ms   19.1%
   track             5.78 ms   30.9%
   ctrl+mav          0.40 ms    2.1%
   hud               4.04 ms   21.6%
   display           4.91 ms   26.3%
     detect          5.19 ms  (sub)
     tracker         0.00 ms  (sub)
     hud:overlay     0.68 ms  (sub)
     hud:setup       0.11 ms  (sub)
     hud:ladder      0.10 ms  (sub)
     hud:warp        1.83 ms  (sub)
     hud:arc         0.06 ms  (sub)
     hud:blend       0.84 ms  (sub)
     hud:yaw         0.32 ms  (sub)
     hud:cross       0.06 ms  (sub)
     disp:record     0.00 ms  (sub)
     disp:imshow     0.53 ms  (sub)
     disp:waitkey    4.34 ms  (sub)
[PROF 09:39:54]  56 frames   18.92 ms/frame  ->  52.9 FPS
   capture           3.65 ms   19.3%
   track             5.73 ms   30.3%
   ctrl+mav          0.38 ms    2.0%
   hud               4.10 ms   21.7%
   display           5.06 ms   26.8%
     detect          5.25 ms  (sub)
     tracker         0.00 ms  (sub)
     hud:overlay     0.70 ms  (sub)
     hud:setup       0.10 ms  (sub)
     hud:ladder      0.10 ms  (sub)
     hud:warp        1.85 ms  (sub)
     hud:arc         0.05 ms  (sub)
     hud:blend       0.87 ms  (sub)
     hud:yaw         0.35 ms  (sub)
     hud:cross       0.05 ms  (sub)
     disp:record     0.00 ms  (sub)
     disp:imshow     0.55 ms  (sub)
     disp:waitkey    4.48 ms  (sub)
[PROF 09:39:56]  57 frames   18.80 ms/frame  ->  53.2 FPS
   capture           3.55 ms   18.9%
   track             5.83 ms   31.0%
   ctrl+mav          0.36 ms    1.9%
   hud               4.00 ms   21.3%
   display           5.07 ms   26.9%
     detect          5.30 ms  (sub)
     tracker         0.00 ms  (sub)
     hud:overlay     0.68 ms  (sub)
     hud:setup       0.09 ms  (sub)
     hud:ladder      0.11 ms  (sub)
     hud:warp        1.78 ms  (sub)
     hud:arc         0.06 ms  (sub)
     hud:blend       0.88 ms  (sub)
     hud:yaw         0.32 ms  (sub)
     hud:cross       0.04 ms  (sub)
     disp:record     0.00 ms  (sub)
     disp:imshow     0.56 ms  (sub)
     disp:waitkey    4.47 ms  (sub)
[PROF 09:39:58]  55 frames   18.69 ms/frame  ->  53.5 FPS
   capture           3.40 ms   18.2%
   track             5.87 ms   31.4%
   ctrl+mav          0.38 ms    2.0%
   hud               3.99 ms   21.4%
   display           5.04 ms   27.0%
     detect          5.38 ms  (sub)
     tracker         0.00 ms  (sub)
     hud:overlay     0.69 ms  (sub)
     hud:setup       0.10 ms  (sub)
     hud:ladder      0.10 ms  (sub)
     hud:warp        1.78 ms  (sub)
     hud:arc         0.06 ms  (sub)
     hud:blend       0.88 ms  (sub)
     hud:yaw         0.32 ms  (sub)
     hud:cross       0.04 ms  (sub)
     disp:record     0.00 ms  (sub)
     disp:imshow     0.60 ms  (sub)
     disp:waitkey    4.41 ms  (sub)
[PROF 09:40:00]  56 frames   18.23 ms/frame  ->  54.8 FPS
   capture           3.53 ms   19.3%
   track             5.49 ms   30.1%
   ctrl+mav          0.37 ms    2.0%
   hud               3.94 ms   21.6%
   display           4.90 ms   26.9%
     detect          5.03 ms  (sub)
     tracker         0.00 ms  (sub)
     hud:overlay     0.70 ms  (sub)
     hud:setup       0.10 ms  (sub)
     hud:ladder      0.11 ms  (sub)
     hud:warp        1.71 ms  (sub)
     hud:arc         0.06 ms  (sub)
     hud:blend       0.85 ms  (sub)
     hud:yaw         0.35 ms  (sub)
     hud:cross       0.05 ms  (sub)
     disp:record     0.00 ms  (sub)
     disp:imshow     0.58 ms  (sub)
     disp:waitkey    4.29 ms  (sub)
[PROF 09:40:02]  53 frames   19.75 ms/frame  ->  50.6 FPS
   capture           3.87 ms   19.6%
   track             6.03 ms   30.5%
   ctrl+mav          0.42 ms    2.1%
   hud               4.29 ms   21.7%
   display           5.14 ms   26.0%
     detect          5.44 ms  (sub)
     tracker         0.00 ms  (sub)
     hud:overlay     0.72 ms  (sub)
     hud:setup       0.09 ms  (sub)
     hud:ladder      0.11 ms  (sub)
     hud:warp        1.95 ms  (sub)
     hud:arc         0.07 ms  (sub)
     hud:blend       0.90 ms  (sub)
     hud:yaw         0.34 ms  (sub)
     hud:cross       0.05 ms  (sub)
     disp:record     0.00 ms  (sub)
     disp:imshow     0.52 ms  (sub)
     disp:waitkey    4.58 ms  (sub)
[PROF 09:40:04]  45 frames   19.39 ms/frame  ->  51.6 FPS
   capture           3.67 ms   18.9%
   track             5.86 ms   30.2%
   ctrl+mav          0.43 ms    2.2%
   hud               4.18 ms   21.5%
   display           5.25 ms   27.1%
     detect          5.36 ms  (sub)
     tracker         0.00 ms  (sub)
     hud:overlay     0.75 ms  (sub)
     hud:setup       0.10 ms  (sub)
     hud:ladder      0.10 ms  (sub)
     hud:warp        1.85 ms  (sub)
     hud:arc         0.07 ms  (sub)
     hud:blend       0.87 ms  (sub)
     hud:yaw         0.36 ms  (sub)
     hud:cross       0.05 ms  (sub)
     disp:record     0.00 ms  (sub)
     disp:imshow     0.54 ms  (sub)
     disp:waitkey    4.62 ms  (sub)
[PROF 09:40:06]  51 frames   18.72 ms/frame  ->  53.4 FPS
   capture           3.37 ms   18.0%
   track             5.98 ms   31.9%
   ctrl+mav          0.39 ms    2.1%
   hud               4.00 ms   21.4%
   display           4.99 ms   26.6%
     detect          5.48 ms  (sub)
     tracker         0.00 ms  (sub)
     hud:overlay     0.68 ms  (sub)
     hud:setup       0.11 ms  (sub)
     hud:ladder      0.12 ms  (sub)
     hud:warp        1.77 ms  (sub)
     hud:arc         0.05 ms  (sub)
     hud:blend       0.86 ms  (sub)
     hud:yaw         0.33 ms  (sub)
     hud:cross       0.05 ms  (sub)
     disp:record     0.00 ms  (sub)
     disp:imshow     0.52 ms  (sub)
     disp:waitkey    4.43 ms  (sub)
[PROF 09:40:08]  55 frames   19.04 ms/frame  ->  52.5 FPS
   capture           3.57 ms   18.7%
   track             5.79 ms   30.4%
   ctrl+mav          0.39 ms    2.0%
   hud               4.25 ms   22.3%
   display           5.05 ms   26.5%
     detect          5.29 ms  (sub)
     tracker         0.00 ms  (sub)
     hud:overlay     0.72 ms  (sub)
     hud:setup       0.09 ms  (sub)
     hud:ladder      0.10 ms  (sub)
     hud:warp        1.92 ms  (sub)
     hud:arc         0.06 ms  (sub)
     hud:blend       0.92 ms  (sub)
     hud:yaw         0.33 ms  (sub)
     hud:cross       0.05 ms  (sub)
     disp:record     0.00 ms  (sub)
     disp:imshow     0.57 ms  (sub)
     disp:waitkey    4.44 ms  (sub)
[PROF 09:40:10]  57 frames   18.70 ms/frame  ->  53.5 FPS
   capture           3.34 ms   17.9%
   track             5.67 ms   30.3%
   ctrl+mav          0.37 ms    2.0%
   hud               4.00 ms   21.4%
   display           5.31 ms   28.4%
     detect          5.18 ms  (sub)
     tracker         0.00 ms  (sub)
     hud:overlay     0.69 ms  (sub)
     hud:setup       0.10 ms  (sub)
     hud:ladder      0.10 ms  (sub)
     hud:warp        1.74 ms  (sub)
     hud:arc         0.06 ms  (sub)
     hud:blend       0.91 ms  (sub)
     hud:yaw         0.33 ms  (sub)
     hud:cross       0.05 ms  (sub)
     disp:record     0.00 ms  (sub)
     disp:imshow     0.60 ms  (sub)
     disp:waitkey    4.68 ms  (sub)
[PROF 09:40:12]  58 frames   18.79 ms/frame  ->  53.2 FPS
   capture           3.59 ms   19.1%
   track             5.64 ms   30.0%
   ctrl+mav          0.37 ms    2.0%
   hud               4.08 ms   21.7%
   display           5.12 ms   27.2%
     detect          5.16 ms  (sub)
     tracker         0.00 ms  (sub)
     hud:overlay     0.68 ms  (sub)
     hud:setup       0.10 ms  (sub)
     hud:ladder      0.10 ms  (sub)
     hud:warp        1.84 ms  (sub)
     hud:arc         0.06 ms  (sub)
     hud:blend       0.88 ms  (sub)
     hud:yaw         0.33 ms  (sub)
     hud:cross       0.04 ms  (sub)
     disp:record     0.00 ms  (sub)
     disp:imshow     0.51 ms  (sub)
     disp:waitkey    4.57 ms  (sub)
[PROF 09:40:14]  54 frames   18.63 ms/frame  ->  53.7 FPS
   capture           3.57 ms   19.1%
   track             5.91 ms   31.7%
   ctrl+mav          0.36 ms    1.9%
   hud               3.80 ms   20.4%
   display           4.99 ms   26.8%
     detect          5.39 ms  (sub)
     tracker         0.00 ms  (sub)
     hud:overlay     0.68 ms  (sub)
     hud:setup       0.09 ms  (sub)
     hud:ladder      0.10 ms  (sub)
     hud:warp        1.65 ms  (sub)
     hud:arc         0.05 ms  (sub)
     hud:blend       0.82 ms  (sub)
     hud:yaw         0.34 ms  (sub)
     hud:cross       0.04 ms  (sub)
     disp:record     0.00 ms  (sub)
     disp:imshow     0.61 ms  (sub)
     disp:waitkey    4.34 ms  (sub)
[PROF 09:40:16]  54 frames   18.67 ms/frame  ->  53.6 FPS
   capture           3.41 ms   18.3%
   track             6.00 ms   32.1%
   ctrl+mav          0.46 ms    2.4%
   hud               3.78 ms   20.2%
   display           5.02 ms   26.9%
     detect          5.48 ms  (sub)
     tracker         0.00 ms  (sub)
     hud:overlay     0.67 ms  (sub)
     hud:setup       0.09 ms  (sub)
     hud:ladder      0.10 ms  (sub)
     hud:warp        1.64 ms  (sub)
     hud:arc         0.05 ms  (sub)
     hud:blend       0.82 ms  (sub)
     hud:yaw         0.33 ms  (sub)
     hud:cross       0.04 ms  (sub)
     disp:record     0.00 ms  (sub)
     disp:imshow     0.52 ms  (sub)
     disp:waitkey    4.46 ms  (sub)
[PROF 09:40:18]  58 frames   18.55 ms/frame  ->  53.9 FPS
   capture           3.48 ms   18.8%
   track             5.65 ms   30.5%
   ctrl+mav          0.36 ms    1.9%
   hud               3.80 ms   20.5%
   display           5.25 ms   28.3%
     detect          5.13 ms  (sub)
     tracker         0.00 ms  (sub)
     hud:overlay     0.68 ms  (sub)
     hud:setup       0.09 ms  (sub)
     hud:ladder      0.10 ms  (sub)
     hud:warp        1.65 ms  (sub)
     hud:arc         0.05 ms  (sub)
     hud:blend       0.84 ms  (sub)
     hud:yaw         0.32 ms  (sub)
     hud:cross       0.04 ms  (sub)
     disp:record     0.00 ms  (sub)
     disp:imshow     0.53 ms  (sub)
     disp:waitkey    4.68 ms  (sub)
[PROF 09:40:20]  54 frames   19.27 ms/frame  ->  51.9 FPS
   capture           3.57 ms   18.5%
   track             5.99 ms   31.1%
   ctrl+mav          0.39 ms    2.0%
   hud               4.12 ms   21.4%
   display           5.19 ms   27.0%
     detect          5.47 ms  (sub)
     tracker         0.00 ms  (sub)
     hud:overlay     0.71 ms  (sub)
     hud:setup       0.09 ms  (sub)
     hud:ladder      0.10 ms  (sub)
     hud:warp        1.82 ms  (sub)
     hud:arc         0.06 ms  (sub)
     hud:blend       0.92 ms  (sub)
     hud:yaw         0.33 ms  (sub)
     hud:cross       0.05 ms  (sub)
     disp:record     0.00 ms  (sub)
     disp:imshow     0.55 ms  (sub)
     disp:waitkey    4.60 ms  (sub)
[PROF 09:40:22]  53 frames   18.76 ms/frame  ->  53.3 FPS
   capture           3.59 ms   19.1%
   track             5.83 ms   31.1%
   ctrl+mav          0.38 ms    2.0%
   hud               4.00 ms   21.3%
   display           4.95 ms   26.4%
     detect          5.34 ms  (sub)
     tracker         0.00 ms  (sub)
     hud:overlay     0.68 ms  (sub)
     hud:setup       0.10 ms  (sub)
     hud:ladder      0.10 ms  (sub)
     hud:warp        1.75 ms  (sub)
     hud:arc         0.05 ms  (sub)
     hud:blend       0.92 ms  (sub)
     hud:yaw         0.31 ms  (sub)
     hud:cross       0.05 ms  (sub)
     disp:record     0.00 ms  (sub)
     disp:imshow     0.52 ms  (sub)
     disp:waitkey    4.40 ms  (sub)
[PROF 09:40:24]  54 frames   19.33 ms/frame  ->  51.7 FPS
   capture           3.85 ms   19.9%
   track             5.85 ms   30.3%
   ctrl+mav          0.40 ms    2.1%
   hud               4.30 ms   22.2%
   display           4.94 ms   25.5%
     detect          5.34 ms  (sub)
     tracker         0.00 ms  (sub)
     hud:overlay     0.71 ms  (sub)
     hud:setup       0.10 ms  (sub)
     hud:ladder      0.10 ms  (sub)
     hud:warp        1.87 ms  (sub)
     hud:arc         0.05 ms  (sub)
     hud:blend       0.95 ms  (sub)
     hud:yaw         0.42 ms  (sub)
     hud:cross       0.05 ms  (sub)
     disp:record     0.00 ms  (sub)
     disp:imshow     0.56 ms  (sub)
     disp:waitkey    4.34 ms  (sub)
[PROF 09:40:26]  56 frames   18.18 ms/frame  ->  55.0 FPS
   capture           3.19 ms   17.6%
   track             5.82 ms   32.0%
   ctrl+mav          0.33 ms    1.8%
   hud               3.93 ms   21.6%
   display           4.90 ms   27.0%
     detect          5.37 ms  (sub)
     tracker         0.00 ms  (sub)
     hud:overlay     0.71 ms  (sub)
     hud:setup       0.11 ms  (sub)
     hud:ladder      0.10 ms  (sub)
     hud:warp        1.67 ms  (sub)
     hud:arc         0.05 ms  (sub)
     hud:blend       0.91 ms  (sub)
     hud:yaw         0.31 ms  (sub)
     hud:cross       0.05 ms  (sub)
     disp:record     0.00 ms  (sub)
     disp:imshow     0.56 ms  (sub)
     disp:waitkey    4.30 ms  (sub)
[PROF 09:40:28]  56 frames   18.82 ms/frame  ->  53.1 FPS
   capture           3.46 ms   18.4%
   track             6.16 ms   32.7%
   ctrl+mav          0.37 ms    2.0%
   hud               3.93 ms   20.9%
   display           4.90 ms   26.0%
     detect          5.57 ms  (sub)
     tracker         0.00 ms  (sub)
     hud:overlay     0.71 ms  (sub)
     hud:setup       0.10 ms  (sub)
     hud:ladder      0.10 ms  (sub)
     hud:warp        1.67 ms  (sub)
     hud:arc         0.06 ms  (sub)
     hud:blend       0.90 ms  (sub)
     hud:yaw         0.31 ms  (sub)
     hud:cross       0.04 ms  (sub)
     disp:record     0.00 ms  (sub)
     disp:imshow     0.54 ms  (sub)
     disp:waitkey    4.32 ms  (sub)
[PROF 09:40:30]  58 frames   18.01 ms/frame  ->  55.5 FPS
   capture           3.26 ms   18.1%
   track             5.57 ms   30.9%
   ctrl+mav          0.36 ms    2.0%
   hud               3.89 ms   21.6%
   display           4.93 ms   27.4%
     detect          5.09 ms  (sub)
     tracker         0.00 ms  (sub)
     hud:overlay     0.68 ms  (sub)
     hud:setup       0.09 ms  (sub)
     hud:ladder      0.10 ms  (sub)
     hud:warp        1.75 ms  (sub)
     hud:arc         0.05 ms  (sub)
     hud:blend       0.84 ms  (sub)
     hud:yaw         0.30 ms  (sub)
     hud:cross       0.05 ms  (sub)
     disp:record     0.00 ms  (sub)
     disp:imshow     0.56 ms  (sub)
     disp:waitkey    4.33 ms  (sub)
[PROF 09:40:32]  58 frames   18.31 ms/frame  ->  54.6 FPS
   capture           3.16 ms   17.3%
   track             5.83 ms   31.9%
   ctrl+mav          0.32 ms    1.8%
   hud               4.01 ms   21.9%
   display           4.98 ms   27.2%
     detect          5.38 ms  (sub)
     tracker         0.00 ms  (sub)
     hud:overlay     0.69 ms  (sub)
     hud:setup       0.08 ms  (sub)
     hud:ladder      0.10 ms  (sub)
     hud:warp        1.82 ms  (sub)
     hud:arc         0.05 ms  (sub)
     hud:blend       0.83 ms  (sub)
     hud:yaw         0.35 ms  (sub)
     hud:cross       0.04 ms  (sub)
     disp:record     0.00 ms  (sub)
     disp:imshow     0.57 ms  (sub)
     disp:waitkey    4.38 ms  (sub)
[PROF 09:40:34]  54 frames   19.04 ms/frame  ->  52.5 FPS
   capture           3.48 ms   18.3%
   track             5.98 ms   31.4%
   ctrl+mav          0.41 ms    2.2%
   hud               4.08 ms   21.4%
   display           5.09 ms   26.8%
     detect          5.45 ms  (sub)
     tracker         0.00 ms  (sub)
     hud:overlay     0.71 ms  (sub)
     hud:setup       0.09 ms  (sub)
     hud:ladder      0.10 ms  (sub)
     hud:warp        1.85 ms  (sub)
     hud:arc         0.05 ms  (sub)
     hud:blend       0.88 ms  (sub)
     hud:yaw         0.32 ms  (sub)
     hud:cross       0.04 ms  (sub)
     disp:record     0.00 ms  (sub)
     disp:imshow     0.55 ms  (sub)
     disp:waitkey    4.50 ms  (sub)
[PROF 09:40:36]  56 frames   18.65 ms/frame  ->  53.6 FPS
   capture           3.58 ms   19.2%
   track             5.82 ms   31.2%
   ctrl+mav          0.38 ms    2.0%
   hud               3.86 ms   20.7%
   display           5.01 ms   26.9%
     detect          5.29 ms  (sub)
     tracker         0.00 ms  (sub)
     hud:overlay     0.68 ms  (sub)
     hud:setup       0.10 ms  (sub)
     hud:ladder      0.11 ms  (sub)
     hud:warp        1.69 ms  (sub)
     hud:arc         0.05 ms  (sub)
     hud:blend       0.84 ms  (sub)
     hud:yaw         0.32 ms  (sub)
     hud:cross       0.05 ms  (sub)
     disp:record     0.00 ms  (sub)
     disp:imshow     0.52 ms  (sub)
     disp:waitkey    4.46 ms  (sub)
[PROF 09:40:38]  56 frames   18.37 ms/frame  ->  54.4 FPS
   capture           3.21 ms   17.5%
   track             6.05 ms   32.9%
   ctrl+mav          0.36 ms    2.0%
   hud               3.87 ms   21.0%
   display           4.88 ms   26.6%
     detect          5.51 ms  (sub)
     tracker         0.00 ms  (sub)
     hud:overlay     0.67 ms  (sub)
     hud:setup       0.10 ms  (sub)
     hud:ladder      0.10 ms  (sub)
     hud:warp        1.73 ms  (sub)
     hud:arc         0.05 ms  (sub)
     hud:blend       0.82 ms  (sub)
     hud:yaw         0.32 ms  (sub)
     hud:cross       0.05 ms  (sub)
     disp:record     0.00 ms  (sub)
     disp:imshow     0.52 ms  (sub)
     disp:waitkey    4.33 ms  (sub)
[PROF 09:40:40]  57 frames   18.75 ms/frame  ->  53.3 FPS
   capture           3.65 ms   19.5%
   track             5.78 ms   30.8%
   ctrl+mav          0.40 ms    2.2%
   hud               3.95 ms   21.1%
   display           4.97 ms   26.5%
     detect          5.31 ms  (sub)
     tracker         0.00 ms  (sub)
     hud:overlay     0.70 ms  (sub)
     hud:setup       0.10 ms  (sub)
     hud:ladder      0.11 ms  (sub)
     hud:warp        1.76 ms  (sub)
     hud:arc         0.05 ms  (sub)
     hud:blend       0.84 ms  (sub)
     hud:yaw         0.32 ms  (sub)
     hud:cross       0.05 ms  (sub)
     disp:record     0.00 ms  (sub)
     disp:imshow     0.54 ms  (sub)
     disp:waitkey    4.39 ms  (sub)
[PROF 09:40:42]  58 frames   18.00 ms/frame  ->  55.5 FPS
   capture           3.27 ms   18.2%
   track             5.62 ms   31.2%
   ctrl+mav          0.36 ms    2.0%
   hud               3.84 ms   21.4%
   display           4.91 ms   27.3%
     detect          5.13 ms  (sub)
     tracker         0.00 ms  (sub)
     hud:overlay     0.68 ms  (sub)
     hud:setup       0.09 ms  (sub)
     hud:ladder      0.10 ms  (sub)
     hud:warp        1.66 ms  (sub)
     hud:arc         0.05 ms  (sub)
     hud:blend       0.87 ms  (sub)
     hud:yaw         0.31 ms  (sub)
     hud:cross       0.05 ms  (sub)
     disp:record     0.00 ms  (sub)
     disp:imshow     0.56 ms  (sub)
     disp:waitkey    4.32 ms  (sub)
[PROF 09:40:44]  54 frames   18.79 ms/frame  ->  53.2 FPS
   capture           3.60 ms   19.1%
   track             5.88 ms   31.3%
   ctrl+mav          0.36 ms    1.9%
   hud               3.91 ms   20.8%
   display           5.05 ms   26.9%
     detect          5.38 ms  (sub)
     tracker         0.00 ms  (sub)
     hud:overlay     0.69 ms  (sub)
     hud:setup       0.10 ms  (sub)
     hud:ladder      0.10 ms  (sub)
     hud:warp        1.74 ms  (sub)
     hud:arc         0.05 ms  (sub)
     hud:blend       0.84 ms  (sub)
     hud:yaw         0.30 ms  (sub)
     hud:cross       0.05 ms  (sub)
     disp:record     0.00 ms  (sub)
     disp:imshow     0.53 ms  (sub)
     disp:waitkey    4.48 ms  (sub)
[PROF 09:40:46]  51 frames   19.56 ms/frame  ->  51.1 FPS
   capture           3.70 ms   18.9%
   track             6.18 ms   31.6%
   ctrl+mav          0.48 ms    2.4%
   hud               4.25 ms   21.7%
   display           4.96 ms   25.4%
     detect          5.66 ms  (sub)
     tracker         0.00 ms  (sub)
     hud:overlay     0.70 ms  (sub)
     hud:setup       0.10 ms  (sub)
     hud:ladder      0.10 ms  (sub)
     hud:warp        1.89 ms  (sub)
     hud:arc         0.06 ms  (sub)
     hud:blend       0.98 ms  (sub)
     hud:yaw         0.32 ms  (sub)
     hud:cross       0.05 ms  (sub)
     disp:record     0.00 ms  (sub)
     disp:imshow     0.53 ms  (sub)
     disp:waitkey    4.33 ms  (sub)
[PROF 09:40:48]  61 frames   18.46 ms/frame  ->  54.2 FPS
   capture           3.42 ms   18.5%
   track             5.80 ms   31.4%
   ctrl+mav          0.36 ms    1.9%
   hud               3.98 ms   21.6%
   display           4.90 ms   26.5%
     detect          5.26 ms  (sub)
     tracker         0.00 ms  (sub)
     hud:overlay     0.68 ms  (sub)
     hud:setup       0.10 ms  (sub)
     hud:ladder      0.14 ms  (sub)
     hud:warp        1.76 ms  (sub)
     hud:arc         0.05 ms  (sub)
     hud:blend       0.85 ms  (sub)
     hud:yaw         0.32 ms  (sub)
     hud:cross       0.04 ms  (sub)
     disp:record     0.00 ms  (sub)
     disp:imshow     0.51 ms  (sub)
     disp:waitkey    4.35 ms  (sub)
[PROF 09:40:50]  55 frames   19.16 ms/frame  ->  52.2 FPS
   capture           3.45 ms   18.0%
   track             5.57 ms   29.1%
   ctrl+mav          0.36 ms    1.9%
   hud               4.01 ms   20.9%
   display           5.78 ms   30.2%
     detect          5.07 ms  (sub)
     tracker         0.00 ms  (sub)
     hud:overlay     0.69 ms  (sub)
     hud:setup       0.09 ms  (sub)
     hud:ladder      0.10 ms  (sub)
     hud:warp        1.81 ms  (sub)
     hud:arc         0.05 ms  (sub)
     hud:blend       0.88 ms  (sub)
     hud:yaw         0.31 ms  (sub)
     hud:cross       0.05 ms  (sub)
     disp:record     0.00 ms  (sub)
     disp:imshow     0.55 ms  (sub)
     disp:waitkey    5.19 ms  (sub)
[PROF 09:40:52]  55 frames   18.58 ms/frame  ->  53.8 FPS
   capture           3.46 ms   18.6%
   track             5.79 ms   31.2%
   ctrl+mav          0.42 ms    2.3%
   hud               3.80 ms   20.4%
   display           5.11 ms   27.5%
     detect          5.30 ms  (sub)
     tracker         0.00 ms  (sub)
     hud:overlay     0.66 ms  (sub)
     hud:setup       0.09 ms  (sub)
     hud:ladder      0.10 ms  (sub)
     hud:warp        1.68 ms  (sub)
     hud:arc         0.05 ms  (sub)
     hud:blend       0.84 ms  (sub)
     hud:yaw         0.31 ms  (sub)
     hud:cross       0.05 ms  (sub)
     disp:record     0.00 ms  (sub)
     disp:imshow     0.54 ms  (sub)
     disp:waitkey    4.53 ms  (sub)
[PROF 09:40:54]  57 frames   17.78 ms/frame  ->  56.3 FPS
   capture           3.21 ms   18.0%
   track             5.62 ms   31.6%
   ctrl+mav          0.36 ms    2.0%
   hud               3.80 ms   21.4%
   display           4.80 ms   27.0%
     detect          5.16 ms  (sub)
     tracker         0.00 ms  (sub)
     hud:overlay     0.68 ms  (sub)
     hud:setup       0.10 ms  (sub)
     hud:ladder      0.10 ms  (sub)
     hud:warp        1.64 ms  (sub)
     hud:arc         0.06 ms  (sub)
     hud:blend       0.84 ms  (sub)
     hud:yaw         0.30 ms  (sub)
     hud:cross       0.04 ms  (sub)
     disp:record     0.00 ms  (sub)
     disp:imshow     0.54 ms  (sub)
     disp:waitkey    4.23 ms  (sub)
[PROF 09:40:56]  54 frames   19.97 ms/frame  ->  50.1 FPS
   capture           3.51 ms   17.6%
   track             5.86 ms   29.3%
   ctrl+mav          0.38 ms    1.9%
   hud               4.02 ms   20.1%
   display           6.21 ms   31.1%
     detect          5.38 ms  (sub)
     tracker         0.00 ms  (sub)
     hud:overlay     0.68 ms  (sub)
     hud:setup       0.10 ms  (sub)
     hud:ladder      0.10 ms  (sub)
     hud:warp        1.85 ms  (sub)
     hud:arc         0.06 ms  (sub)
     hud:blend       0.84 ms  (sub)
     hud:yaw         0.31 ms  (sub)
     hud:cross       0.05 ms  (sub)
     disp:record     0.00 ms  (sub)
     disp:imshow     0.55 ms  (sub)
     disp:waitkey    5.62 ms  (sub)
[PROF 09:40:59]  57 frames   18.65 ms/frame  ->  53.6 FPS
   capture           3.44 ms   18.4%
   track             5.81 ms   31.2%
   ctrl+mav          0.40 ms    2.2%
   hud               3.89 ms   20.9%
   display           5.11 ms   27.4%
     detect          5.28 ms  (sub)
     tracker         0.00 ms  (sub)
     hud:overlay     0.69 ms  (sub)
     hud:setup       0.10 ms  (sub)
     hud:ladder      0.10 ms  (sub)
     hud:warp        1.68 ms  (sub)
     hud:arc         0.05 ms  (sub)
     hud:blend       0.86 ms  (sub)
     hud:yaw         0.33 ms  (sub)
     hud:cross       0.05 ms  (sub)
     disp:record     0.00 ms  (sub)
     disp:imshow     0.54 ms  (sub)
     disp:waitkey    4.53 ms  (sub)
[PROF 09:41:01]  56 frames   18.77 ms/frame  ->  53.3 FPS
   capture           3.35 ms   17.9%
   track             5.95 ms   31.7%
   ctrl+mav          0.36 ms    1.9%
   hud               3.94 ms   21.0%
   display           5.17 ms   27.6%
     detect          5.42 ms  (sub)
     tracker         0.00 ms  (sub)
     hud:overlay     0.74 ms  (sub)
     hud:setup       0.10 ms  (sub)
     hud:ladder      0.10 ms  (sub)
     hud:warp        1.68 ms  (sub)
     hud:arc         0.05 ms  (sub)
     hud:blend       0.86 ms  (sub)
     hud:yaw         0.33 ms  (sub)
     hud:cross       0.04 ms  (sub)
     disp:record     0.00 ms  (sub)
     disp:imshow     0.53 ms  (sub)
     disp:waitkey    4.61 ms  (sub)
[PROF 09:41:03]  56 frames   18.29 ms/frame  ->  54.7 FPS
   capture           3.24 ms   17.7%
   track             5.88 ms   32.2%
   ctrl+mav          0.34 ms    1.9%
   hud               3.81 ms   20.8%
   display           5.01 ms   27.4%
     detect          5.41 ms  (sub)
     tracker         0.00 ms  (sub)
     hud:overlay     0.66 ms  (sub)
     hud:setup       0.10 ms  (sub)
     hud:ladder      0.10 ms  (sub)
     hud:warp        1.62 ms  (sub)
     hud:arc         0.05 ms  (sub)
     hud:blend       0.87 ms  (sub)
     hud:yaw         0.32 ms  (sub)
     hud:cross       0.05 ms  (sub)
     disp:record     0.00 ms  (sub)
     disp:imshow     0.51 ms  (sub)
     disp:waitkey    4.46 ms  (sub)
[PROF 09:41:05]  51 frames   19.48 ms/frame  ->  51.3 FPS
   capture           3.75 ms   19.3%
   track             6.30 ms   32.4%
   ctrl+mav          0.42 ms    2.1%
   hud               4.03 ms   20.7%
   display           4.97 ms   25.5%
     detect          5.79 ms  (sub)
     tracker         0.00 ms  (sub)
     hud:overlay     0.71 ms  (sub)
     hud:setup       0.09 ms  (sub)
     hud:ladder      0.10 ms  (sub)
     hud:warp        1.69 ms  (sub)
     hud:arc         0.08 ms  (sub)
     hud:blend       0.92 ms  (sub)
     hud:yaw         0.36 ms  (sub)
     hud:cross       0.05 ms  (sub)
     disp:record     0.00 ms  (sub)
     disp:imshow     0.56 ms  (sub)
     disp:waitkey    4.37 ms  (sub)
[PROF 09:41:07]  57 frames   18.60 ms/frame  ->  53.8 FPS
   capture           3.58 ms   19.3%
   track             5.77 ms   31.0%
   ctrl+mav          0.39 ms    2.1%
   hud               3.94 ms   21.2%
   display           4.91 ms   26.4%
     detect          5.26 ms  (sub)
     tracker         0.00 ms  (sub)
     hud:overlay     0.68 ms  (sub)
     hud:setup       0.09 ms  (sub)
     hud:ladder      0.10 ms  (sub)
     hud:warp        1.74 ms  (sub)
     hud:arc         0.05 ms  (sub)
     hud:blend       0.86 ms  (sub)
     hud:yaw         0.34 ms  (sub)
     hud:cross       0.04 ms  (sub)
     disp:record     0.00 ms  (sub)
     disp:imshow     0.55 ms  (sub)
     disp:waitkey    4.32 ms  (sub)
[PROF 09:41:09]  56 frames   18.41 ms/frame  ->  54.3 FPS
   capture           3.48 ms   18.9%
   track             5.57 ms   30.2%
   ctrl+mav          0.31 ms    1.7%
   hud               3.99 ms   21.7%
   display           5.06 ms   27.5%
     detect          5.12 ms  (sub)
     tracker         0.00 ms  (sub)
     hud:overlay     0.68 ms  (sub)
     hud:setup       0.09 ms  (sub)
     hud:ladder      0.10 ms  (sub)
     hud:warp        1.80 ms  (sub)
     hud:arc         0.05 ms  (sub)
     hud:blend       0.86 ms  (sub)
     hud:yaw         0.33 ms  (sub)
     hud:cross       0.04 ms  (sub)
     disp:record     0.00 ms  (sub)
     disp:imshow     0.53 ms  (sub)
     disp:waitkey    4.49 ms  (sub)
[PROF 09:41:11]  57 frames   18.42 ms/frame  ->  54.3 FPS
   capture           3.18 ms   17.2%
   track             6.01 ms   32.6%
   ctrl+mav          0.38 ms    2.0%
   hud               4.05 ms   22.0%
   display           4.81 ms   26.1%
     detect          5.51 ms  (sub)
     tracker         0.00 ms  (sub)
     hud:overlay     0.78 ms  (sub)
     hud:setup       0.09 ms  (sub)
     hud:ladder      0.10 ms  (sub)
     hud:warp        1.76 ms  (sub)
     hud:arc         0.05 ms  (sub)
     hud:blend       0.85 ms  (sub)
     hud:yaw         0.35 ms  (sub)
     hud:cross       0.04 ms  (sub)
     disp:record     0.00 ms  (sub)
     disp:imshow     0.52 ms  (sub)
     disp:waitkey    4.25 ms  (sub)
[PROF 09:41:13]  57 frames   18.76 ms/frame  ->  53.3 FPS
   capture           3.35 ms   17.9%
   track             6.11 ms   32.6%
   ctrl+mav          0.36 ms    1.9%
   hud               4.07 ms   21.7%
   display           4.87 ms   26.0%
     detect          5.57 ms  (sub)
     tracker         0.00 ms  (sub)
     hud:overlay     0.72 ms  (sub)
     hud:setup       0.09 ms  (sub)
     hud:ladder      0.10 ms  (sub)
     hud:warp        1.81 ms  (sub)
     hud:arc         0.06 ms  (sub)
     hud:blend       0.87 ms  (sub)
     hud:yaw         0.33 ms  (sub)
     hud:cross       0.05 ms  (sub)
     disp:record     0.00 ms  (sub)
     disp:imshow     0.56 ms  (sub)
     disp:waitkey    4.27 ms  (sub)
[PROF 09:41:15]  58 frames   18.59 ms/frame  ->  53.8 FPS
   capture           3.46 ms   18.6%
   track             5.96 ms   32.1%
   ctrl+mav          0.35 ms    1.9%
   hud               3.97 ms   21.4%
   display           4.85 ms   26.1%
     detect          5.38 ms  (sub)
     tracker         0.00 ms  (sub)
     hud:overlay     0.70 ms  (sub)
     hud:setup       0.09 ms  (sub)
     hud:ladder      0.10 ms  (sub)
     hud:warp        1.74 ms  (sub)
     hud:arc         0.06 ms  (sub)
     hud:blend       0.86 ms  (sub)
     hud:yaw         0.35 ms  (sub)
     hud:cross       0.05 ms  (sub)
     disp:record     0.00 ms  (sub)
     disp:imshow     0.53 ms  (sub)
     disp:waitkey    4.28 ms  (sub)
[PROF 09:41:17]  52 frames   18.88 ms/frame  ->  53.0 FPS
   capture           3.54 ms   18.7%
   track             5.96 ms   31.6%
   ctrl+mav          0.36 ms    1.9%
   hud               3.94 ms   20.9%
   display           5.07 ms   26.9%
     detect          5.46 ms  (sub)
     tracker         0.00 ms  (sub)
     hud:overlay     0.67 ms  (sub)
     hud:setup       0.09 ms  (sub)
     hud:ladder      0.10 ms  (sub)
     hud:warp        1.68 ms  (sub)
     hud:arc         0.05 ms  (sub)
     hud:blend       0.94 ms  (sub)
     hud:yaw         0.33 ms  (sub)
     hud:cross       0.04 ms  (sub)
     disp:record     0.00 ms  (sub)
     disp:imshow     0.57 ms  (sub)
     disp:waitkey    4.44 ms  (sub)
[PROF 09:41:19]  54 frames   20.33 ms/frame  ->  49.2 FPS
   capture           3.34 ms   16.4%
   track             5.84 ms   28.7%
   ctrl+mav          0.38 ms    1.9%
   hud               4.16 ms   20.5%
   display           6.61 ms   32.5%
     detect          5.37 ms  (sub)
     tracker         0.00 ms  (sub)
     hud:overlay     0.74 ms  (sub)
     hud:setup       0.10 ms  (sub)
     hud:ladder      0.10 ms  (sub)
     hud:warp        1.86 ms  (sub)
     hud:arc         0.07 ms  (sub)
     hud:blend       0.86 ms  (sub)
     hud:yaw         0.36 ms  (sub)
     hud:cross       0.05 ms  (sub)
     disp:record     0.00 ms  (sub)
     disp:imshow     0.54 ms  (sub)
     disp:waitkey    6.03 ms  (sub)
[PROF 09:41:21]  55 frames   18.69 ms/frame  ->  53.5 FPS
   capture           3.55 ms   19.0%
   track             5.79 ms   31.0%
   ctrl+mav          0.37 ms    2.0%
   hud               4.02 ms   21.5%
   display           4.96 ms   26.6%
     detect          5.24 ms  (sub)
     tracker         0.00 ms  (sub)
     hud:overlay     0.70 ms  (sub)
     hud:setup       0.10 ms  (sub)
     hud:ladder      0.10 ms  (sub)
     hud:warp        1.79 ms  (sub)
     hud:arc         0.05 ms  (sub)
     hud:blend       0.85 ms  (sub)
     hud:yaw         0.34 ms  (sub)
     hud:cross       0.04 ms  (sub)
     disp:record     0.00 ms  (sub)
     disp:imshow     0.54 ms  (sub)
     disp:waitkey    4.38 ms  (sub)
[PROF 09:41:23]  56 frames   18.33 ms/frame  ->  54.6 FPS
   capture           3.19 ms   17.4%
   track             5.87 ms   32.0%
   ctrl+mav          0.33 ms    1.8%
   hud               3.92 ms   21.4%
   display           5.01 ms   27.4%
     detect          5.36 ms  (sub)
     tracker         0.00 ms  (sub)
     hud:overlay     0.68 ms  (sub)
     hud:setup       0.10 ms  (sub)
     hud:ladder      0.12 ms  (sub)
     hud:warp        1.69 ms  (sub)
     hud:arc         0.05 ms  (sub)
     hud:blend       0.83 ms  (sub)
     hud:yaw         0.37 ms  (sub)
     hud:cross       0.05 ms  (sub)
     disp:record     0.00 ms  (sub)
     disp:imshow     0.54 ms  (sub)
     disp:waitkey    4.44 ms  (sub)
[PROF 09:41:25]  59 frames   18.56 ms/frame  ->  53.9 FPS
   capture           3.46 ms   18.7%
   track             5.76 ms   31.0%
   ctrl+mav          0.38 ms    2.0%
   hud               3.94 ms   21.2%
   display           5.03 ms   27.1%
     detect          5.30 ms  (sub)
     tracker         0.00 ms  (sub)
     hud:overlay     0.68 ms  (sub)
     hud:setup       0.10 ms  (sub)
     hud:ladder      0.11 ms  (sub)
     hud:warp        1.73 ms  (sub)
     hud:arc         0.05 ms  (sub)
     hud:blend       0.85 ms  (sub)
     hud:yaw         0.33 ms  (sub)
     hud:cross       0.05 ms  (sub)
     disp:record     0.00 ms  (sub)
     disp:imshow     0.63 ms  (sub)
     disp:waitkey    4.36 ms  (sub)
[PROF 09:41:27]  55 frames   18.57 ms/frame  ->  53.8 FPS
   capture           3.49 ms   18.8%
   track             6.08 ms   32.7%
   ctrl+mav          0.35 ms    1.9%
   hud               3.87 ms   20.8%
   display           4.78 ms   25.7%
     detect          5.59 ms  (sub)
     tracker         0.00 ms  (sub)
     hud:overlay     0.67 ms  (sub)
     hud:setup       0.12 ms  (sub)
     hud:ladder      0.10 ms  (sub)
     hud:warp        1.72 ms  (sub)
     hud:arc         0.05 ms  (sub)
     hud:blend       0.81 ms  (sub)
     hud:yaw         0.33 ms  (sub)
     hud:cross       0.04 ms  (sub)
     disp:record     0.00 ms  (sub)
     disp:imshow     0.53 ms  (sub)
     disp:waitkey    4.21 ms  (sub)
[PROF 09:41:29]  55 frames   19.25 ms/frame  ->  52.0 FPS
   capture           3.55 ms   18.5%
   track             6.06 ms   31.5%
   ctrl+mav          0.42 ms    2.2%
   hud               4.18 ms   21.7%
   display           5.03 ms   26.2%
     detect          5.52 ms  (sub)
     tracker         0.00 ms  (sub)
     hud:overlay     0.70 ms  (sub)
     hud:setup       0.10 ms  (sub)
     hud:ladder      0.10 ms  (sub)
     hud:warp        1.88 ms  (sub)
     hud:arc         0.06 ms  (sub)
     hud:blend       0.91 ms  (sub)
     hud:yaw         0.35 ms  (sub)
     hud:cross       0.05 ms  (sub)
     disp:record     0.01 ms  (sub)
     disp:imshow     0.52 ms  (sub)
     disp:waitkey    4.47 ms  (sub)
[PROF 09:41:31]  56 frames   18.70 ms/frame  ->  53.5 FPS
   capture           3.51 ms   18.8%
   track             5.95 ms   31.8%
   ctrl+mav          0.41 ms    2.2%
   hud               3.82 ms   20.4%
   display           5.02 ms   26.8%
     detect          5.41 ms  (sub)
     tracker         0.00 ms  (sub)
     hud:overlay     0.67 ms  (sub)
     hud:setup       0.09 ms  (sub)
     hud:ladder      0.10 ms  (sub)
     hud:warp        1.62 ms  (sub)
     hud:arc         0.05 ms  (sub)
     hud:blend       0.87 ms  (sub)
     hud:yaw         0.33 ms  (sub)
     hud:cross       0.04 ms  (sub)
     disp:record     0.00 ms  (sub)
     disp:imshow     0.56 ms  (sub)
     disp:waitkey    4.42 ms  (sub)
[PROF 09:41:33]  53 frames   19.20 ms/frame  ->  52.1 FPS
   capture           3.70 ms   19.3%
   track             6.04 ms   31.4%
   ctrl+mav          0.48 ms    2.5%
   hud               4.14 ms   21.5%
   display           4.85 ms   25.3%
     detect          5.47 ms  (sub)
     tracker         0.00 ms  (sub)
     hud:overlay     0.69 ms  (sub)
     hud:setup       0.09 ms  (sub)
     hud:ladder      0.10 ms  (sub)
     hud:warp        1.85 ms  (sub)
     hud:arc         0.05 ms  (sub)
     hud:blend       0.89 ms  (sub)
     hud:yaw         0.37 ms  (sub)
     hud:cross       0.05 ms  (sub)
     disp:record     0.00 ms  (sub)
     disp:imshow     0.52 ms  (sub)
     disp:waitkey    4.29 ms  (sub)
[PROF 09:41:35]  52 frames   19.18 ms/frame  ->  52.1 FPS
   capture           3.81 ms   19.9%
   track             5.88 ms   30.6%
   ctrl+mav          0.43 ms    2.3%
   hud               4.12 ms   21.5%
   display           4.94 ms   25.8%
     detect          5.36 ms  (sub)
     tracker         0.00 ms  (sub)
     hud:overlay     0.72 ms  (sub)
     hud:setup       0.10 ms  (sub)
     hud:ladder      0.11 ms  (sub)
     hud:warp        1.73 ms  (sub)
     hud:arc         0.05 ms  (sub)
     hud:blend       0.93 ms  (sub)
     hud:yaw         0.40 ms  (sub)
     hud:cross       0.05 ms  (sub)
     disp:record     0.00 ms  (sub)
     disp:imshow     0.59 ms  (sub)
     disp:waitkey    4.31 ms  (sub)
[PROF 09:41:37]  54 frames   19.63 ms/frame  ->  50.9 FPS
   capture           3.56 ms   18.1%
   track             6.51 ms   33.2%
   ctrl+mav          0.42 ms    2.2%
   hud               4.13 ms   21.1%
   display           5.01 ms   25.5%
     detect          5.90 ms  (sub)
     tracker         0.00 ms  (sub)
     hud:overlay     0.71 ms  (sub)
     hud:setup       0.10 ms  (sub)
     hud:ladder      0.10 ms  (sub)
     hud:warp        1.81 ms  (sub)
     hud:arc         0.06 ms  (sub)
     hud:blend       0.89 ms  (sub)
     hud:yaw         0.37 ms  (sub)
     hud:cross       0.05 ms  (sub)
     disp:record     0.00 ms  (sub)
     disp:imshow     0.52 ms  (sub)
     disp:waitkey    4.45 ms  (sub)
[PROF 09:41:39]  55 frames   19.33 ms/frame  ->  51.7 FPS
   capture           3.45 ms   17.9%
   track             6.23 ms   32.3%
   ctrl+mav          0.42 ms    2.2%
   hud               4.11 ms   21.3%
   display           5.11 ms   26.4%
     detect          5.62 ms  (sub)
     tracker         0.00 ms  (sub)
     hud:overlay     0.69 ms  (sub)
     hud:setup       0.10 ms  (sub)
     hud:ladder      0.10 ms  (sub)
     hud:warp        1.82 ms  (sub)
     hud:arc         0.06 ms  (sub)
     hud:blend       0.89 ms  (sub)
     hud:yaw         0.36 ms  (sub)
     hud:cross       0.04 ms  (sub)
     disp:record     0.00 ms  (sub)
     disp:imshow     0.57 ms  (sub)
     disp:waitkey    4.50 ms  (sub)
[PROF 09:41:41]  56 frames   18.30 ms/frame  ->  54.7 FPS
   capture           3.29 ms   18.0%
   track             5.71 ms   31.2%
   ctrl+mav          0.34 ms    1.8%
   hud               3.90 ms   21.3%
   display           5.06 ms   27.7%
     detect          5.21 ms  (sub)
     tracker         0.00 ms  (sub)
     hud:overlay     0.68 ms  (sub)
     hud:setup       0.10 ms  (sub)
     hud:ladder      0.10 ms  (sub)
     hud:warp        1.69 ms  (sub)
     hud:arc         0.05 ms  (sub)
     hud:blend       0.85 ms  (sub)
     hud:yaw         0.33 ms  (sub)
     hud:cross       0.05 ms  (sub)
     disp:record     0.00 ms  (sub)
     disp:imshow     0.58 ms  (sub)
     disp:waitkey    4.44 ms  (sub)
[PROF 09:41:43]  52 frames   19.22 ms/frame  ->  52.0 FPS
   capture           3.67 ms   19.1%
   track             5.95 ms   31.0%
   ctrl+mav          0.44 ms    2.3%
   hud               4.04 ms   21.0%
   display           5.12 ms   26.6%
     detect          5.42 ms  (sub)
     tracker         0.00 ms  (sub)
     hud:overlay     0.72 ms  (sub)
     hud:setup       0.10 ms  (sub)
     hud:ladder      0.11 ms  (sub)
     hud:warp        1.78 ms  (sub)
     hud:arc         0.05 ms  (sub)
     hud:blend       0.87 ms  (sub)
     hud:yaw         0.34 ms  (sub)
     hud:cross       0.05 ms  (sub)
     disp:record     0.00 ms  (sub)
     disp:imshow     0.60 ms  (sub)
     disp:waitkey    4.47 ms  (sub)
[PROF 09:41:45]  55 frames   18.71 ms/frame  ->  53.4 FPS
   capture           3.36 ms   18.0%
   track             5.75 ms   30.7%
   ctrl+mav          0.36 ms    1.9%
   hud               4.14 ms   22.1%
   display           5.09 ms   27.2%
     detect          5.29 ms  (sub)
     tracker         0.00 ms  (sub)
     hud:overlay     0.69 ms  (sub)
     hud:setup       0.10 ms  (sub)
     hud:ladder      0.10 ms  (sub)
     hud:warp        1.90 ms  (sub)
     hud:arc         0.06 ms  (sub)
     hud:blend       0.88 ms  (sub)
     hud:yaw         0.35 ms  (sub)
     hud:cross       0.05 ms  (sub)
     disp:record     0.00 ms  (sub)
     disp:imshow     0.52 ms  (sub)
     disp:waitkey    4.54 ms  (sub)
[PROF 09:41:47]  48 frames   19.33 ms/frame  ->  51.7 FPS
   capture           3.82 ms   19.7%
   track             6.03 ms   31.2%
   ctrl+mav          0.41 ms    2.1%
   hud               4.15 ms   21.4%
   display           4.93 ms   25.5%
     detect          5.50 ms  (sub)
     tracker         0.00 ms  (sub)
     hud:overlay     0.69 ms  (sub)
     hud:setup       0.10 ms  (sub)
     hud:ladder      0.10 ms  (sub)
     hud:warp        1.79 ms  (sub)
     hud:arc         0.05 ms  (sub)
     hud:blend       0.98 ms  (sub)
     hud:yaw         0.35 ms  (sub)
     hud:cross       0.05 ms  (sub)
     disp:record     0.00 ms  (sub)
     disp:imshow     0.53 ms  (sub)
     disp:waitkey    4.37 ms  (sub)
[PROF 09:41:49]  46 frames   19.51 ms/frame  ->  51.2 FPS
   capture           3.71 ms   19.0%
   track             6.08 ms   31.2%
   ctrl+mav          0.44 ms    2.3%
   hud               4.09 ms   21.0%
   display           5.19 ms   26.6%
     detect          5.58 ms  (sub)
     tracker         0.00 ms  (sub)
     hud:overlay     0.69 ms  (sub)
     hud:setup       0.10 ms  (sub)
     hud:ladder      0.10 ms  (sub)
     hud:warp        1.82 ms  (sub)
     hud:arc         0.05 ms  (sub)
     hud:blend       0.89 ms  (sub)
     hud:yaw         0.35 ms  (sub)
     hud:cross       0.04 ms  (sub)
     disp:record     0.00 ms  (sub)
     disp:imshow     0.62 ms  (sub)
     disp:waitkey    4.54 ms  (sub)
[PROF 09:41:51]  58 frames   17.41 ms/frame  ->  57.4 FPS
   capture           3.21 ms   18.4%
   track             5.55 ms   31.9%
   ctrl+mav          0.36 ms    2.1%
   hud               3.69 ms   21.2%
   display           4.61 ms   26.5%
     detect          5.05 ms  (sub)
     tracker         0.00 ms  (sub)
     hud:overlay     0.66 ms  (sub)
     hud:setup       0.09 ms  (sub)
     hud:ladder      0.10 ms  (sub)
     hud:warp        1.58 ms  (sub)
     hud:arc         0.06 ms  (sub)
     hud:blend       0.80 ms  (sub)
     hud:yaw         0.31 ms  (sub)
     hud:cross       0.04 ms  (sub)
     disp:record     0.00 ms  (sub)
     disp:imshow     0.51 ms  (sub)
     disp:waitkey    4.06 ms  (sub)
[PROF 09:41:53]  60 frames   18.50 ms/frame  ->  54.0 FPS
   capture           3.34 ms   18.1%
   track             5.86 ms   31.6%
   ctrl+mav          0.40 ms    2.2%
   hud               4.04 ms   21.8%
   display           4.86 ms   26.3%
     detect          5.33 ms  (sub)
     tracker         0.00 ms  (sub)
     hud:overlay     0.74 ms  (sub)
     hud:setup       0.10 ms  (sub)
     hud:ladder      0.10 ms  (sub)
     hud:warp        1.81 ms  (sub)
     hud:arc         0.05 ms  (sub)
     hud:blend       0.83 ms  (sub)
     hud:yaw         0.33 ms  (sub)
     hud:cross       0.04 ms  (sub)
     disp:record     0.00 ms  (sub)
     disp:imshow     0.51 ms  (sub)
     disp:waitkey    4.31 ms  (sub)
[PROF 09:41:55]  60 frames   17.74 ms/frame  ->  56.4 FPS
   capture           3.08 ms   17.4%
   track             5.42 ms   30.6%
   ctrl+mav          0.29 ms    1.6%
   hud               3.93 ms   22.1%
   display           5.02 ms   28.3%
     detect          4.98 ms  (sub)
     tracker         0.00 ms  (sub)
     hud:overlay     0.67 ms  (sub)
     hud:setup       0.09 ms  (sub)
     hud:ladder      0.10 ms  (sub)
     hud:warp        1.76 ms  (sub)
     hud:arc         0.05 ms  (sub)
     hud:blend       0.82 ms  (sub)
     hud:yaw         0.36 ms  (sub)
     hud:cross       0.05 ms  (sub)
     disp:record     0.00 ms  (sub)
     disp:imshow     0.55 ms  (sub)
     disp:waitkey    4.43 ms  (sub)
[PROF 09:41:58]  60 frames   17.96 ms/frame  ->  55.7 FPS
   capture           3.24 ms   18.0%
   track             5.65 ms   31.5%
   ctrl+mav          0.31 ms    1.7%
   hud               3.87 ms   21.6%
   display           4.88 ms   27.2%
     detect          5.19 ms  (sub)
     tracker         0.00 ms  (sub)
     hud:overlay     0.68 ms  (sub)
     hud:setup       0.09 ms  (sub)
     hud:ladder      0.10 ms  (sub)
     hud:warp        1.71 ms  (sub)
     hud:arc         0.05 ms  (sub)
     hud:blend       0.83 ms  (sub)
     hud:yaw         0.34 ms  (sub)
     hud:cross       0.04 ms  (sub)
     disp:record     0.00 ms  (sub)
     disp:imshow     0.51 ms  (sub)
     disp:waitkey    4.33 ms  (sub)
[PROF 09:42:00]  61 frames   17.79 ms/frame  ->  56.2 FPS
   capture           3.12 ms   17.6%
   track             5.45 ms   30.6%
   ctrl+mav          0.29 ms    1.6%
   hud               3.81 ms   21.4%
   display           5.13 ms   28.8%
     detect          5.02 ms  (sub)
     tracker         0.00 ms  (sub)
     hud:overlay     0.66 ms  (sub)
     hud:setup       0.09 ms  (sub)
     hud:ladder      0.10 ms  (sub)
     hud:warp        1.68 ms  (sub)
     hud:arc         0.05 ms  (sub)
     hud:blend       0.82 ms  (sub)
     hud:yaw         0.33 ms  (sub)
     hud:cross       0.05 ms  (sub)
     disp:record     0.00 ms  (sub)
     disp:imshow     0.52 ms  (sub)
     disp:waitkey    4.56 ms  (sub)
[PROF 09:42:02]  59 frames   18.02 ms/frame  ->  55.5 FPS
   capture           3.20 ms   17.7%
   track             5.53 ms   30.7%
   ctrl+mav          0.32 ms    1.8%
   hud               3.79 ms   21.0%
   display           5.18 ms   28.8%
     detect          5.08 ms  (sub)
     tracker         0.00 ms  (sub)
     hud:overlay     0.71 ms  (sub)
     hud:setup       0.09 ms  (sub)
     hud:ladder      0.10 ms  (sub)
     hud:warp        1.62 ms  (sub)
     hud:arc         0.05 ms  (sub)
     hud:blend       0.82 ms  (sub)
     hud:yaw         0.33 ms  (sub)
     hud:cross       0.04 ms  (sub)
     disp:record     0.00 ms  (sub)
     disp:imshow     0.51 ms  (sub)
     disp:waitkey    4.64 ms  (sub)
[PROF 09:42:04]  59 frames   17.53 ms/frame  ->  57.0 FPS
   capture           3.11 ms   17.7%
   track             5.55 ms   31.6%
   ctrl+mav          0.31 ms    1.8%
   hud               3.79 ms   21.6%
   display           4.77 ms   27.2%
     detect          5.08 ms  (sub)
     tracker         0.00 ms  (sub)
     hud:overlay     0.67 ms  (sub)
     hud:setup       0.09 ms  (sub)
     hud:ladder      0.09 ms  (sub)
     hud:warp        1.65 ms  (sub)
     hud:arc         0.05 ms  (sub)
     hud:blend       0.83 ms  (sub)
     hud:yaw         0.33 ms  (sub)
     hud:cross       0.04 ms  (sub)
     disp:record     0.00 ms  (sub)
     disp:imshow     0.50 ms  (sub)
     disp:waitkey    4.24 ms  (sub)
[PROF 09:42:06]  59 frames   18.14 ms/frame  ->  55.1 FPS
   capture           3.45 ms   19.0%
   track             5.48 ms   30.2%
   ctrl+mav          0.33 ms    1.8%
   hud               3.90 ms   21.5%
   display           4.97 ms   27.4%
     detect          5.02 ms  (sub)
     tracker         0.00 ms  (sub)
     hud:overlay     0.69 ms  (sub)
     hud:setup       0.09 ms  (sub)
     hud:ladder      0.10 ms  (sub)
     hud:warp        1.70 ms  (sub)
     hud:arc         0.05 ms  (sub)
     hud:blend       0.85 ms  (sub)
     hud:yaw         0.33 ms  (sub)
     hud:cross       0.05 ms  (sub)
     disp:record     0.00 ms  (sub)
     disp:imshow     0.54 ms  (sub)
     disp:waitkey    4.40 ms  (sub)
[PROF 09:42:08]  60 frames   17.87 ms/frame  ->  56.0 FPS
   capture           3.12 ms   17.5%
   track             5.61 ms   31.4%
   ctrl+mav          0.36 ms    2.0%
   hud               3.99 ms   22.3%
   display           4.80 ms   26.8%
     detect          5.12 ms  (sub)
     tracker         0.00 ms  (sub)
     hud:overlay     0.69 ms  (sub)
     hud:setup       0.09 ms  (sub)
     hud:ladder      0.10 ms  (sub)
     hud:warp        1.74 ms  (sub)
     hud:arc         0.05 ms  (sub)
     hud:blend       0.91 ms  (sub)
     hud:yaw         0.33 ms  (sub)
     hud:cross       0.05 ms  (sub)
     disp:record     0.00 ms  (sub)
     disp:imshow     0.51 ms  (sub)
     disp:waitkey    4.24 ms  (sub)
[PROF 09:42:10]  59 frames   18.38 ms/frame  ->  54.4 FPS
   capture           3.40 ms   18.5%
   track             5.58 ms   30.3%
   ctrl+mav          0.35 ms    1.9%
   hud               3.93 ms   21.4%
   display           5.13 ms   27.9%
     detect          5.12 ms  (sub)
     tracker         0.00 ms  (sub)
     hud:overlay     0.67 ms  (sub)
     hud:setup       0.09 ms  (sub)
     hud:ladder      0.10 ms  (sub)
     hud:warp        1.75 ms  (sub)
     hud:arc         0.05 ms  (sub)
     hud:blend       0.85 ms  (sub)
     hud:yaw         0.33 ms  (sub)
     hud:cross       0.05 ms  (sub)
     disp:record     0.00 ms  (sub)
     disp:imshow     0.55 ms  (sub)
     disp:waitkey    4.54 ms  (sub)
[PROF 09:42:12]  58 frames   18.23 ms/frame  ->  54.8 FPS
   capture           3.46 ms   19.0%
   track             5.73 ms   31.4%
   ctrl+mav          0.35 ms    1.9%
   hud               3.89 ms   21.3%
   display           4.80 ms   26.3%
     detect          5.23 ms  (sub)
     tracker         0.00 ms  (sub)
     hud:overlay     0.70 ms  (sub)
     hud:setup       0.09 ms  (sub)
     hud:ladder      0.10 ms  (sub)
     hud:warp        1.67 ms  (sub)
     hud:arc         0.05 ms  (sub)
     hud:blend       0.86 ms  (sub)
     hud:yaw         0.34 ms  (sub)
     hud:cross       0.05 ms  (sub)
     disp:record     0.00 ms  (sub)
     disp:imshow     0.52 ms  (sub)
     disp:waitkey    4.24 ms  (sub)
[PROF 09:42:14]  57 frames   18.55 ms/frame  ->  53.9 FPS
   capture           3.52 ms   19.0%
   track             5.71 ms   30.8%
   ctrl+mav          0.35 ms    1.9%
   hud               4.10 ms   22.1%
   display           4.86 ms   26.2%
     detect          5.19 ms  (sub)
     tracker         0.00 ms  (sub)
     hud:overlay     0.67 ms  (sub)
     hud:setup       0.10 ms  (sub)
     hud:ladder      0.10 ms  (sub)
     hud:warp        1.76 ms  (sub)
     hud:arc         0.05 ms  (sub)
     hud:blend       0.92 ms  (sub)
     hud:yaw         0.41 ms  (sub)
     hud:cross       0.05 ms  (sub)
     disp:record     0.00 ms  (sub)
     disp:imshow     0.51 ms  (sub)
     disp:waitkey    4.31 ms  (sub)
[PROF 09:42:16]  54 frames   18.33 ms/frame  ->  54.5 FPS
   capture           3.26 ms   17.8%
   track             5.57 ms   30.4%
   ctrl+mav          0.34 ms    1.9%
   hud               4.03 ms   22.0%
   display           5.13 ms   28.0%
     detect          5.11 ms  (sub)
     tracker         0.00 ms  (sub)
     hud:overlay     0.71 ms  (sub)
     hud:setup       0.10 ms  (sub)
     hud:ladder      0.10 ms  (sub)
     hud:warp        1.79 ms  (sub)
     hud:arc         0.05 ms  (sub)
     hud:blend       0.85 ms  (sub)
     hud:yaw         0.35 ms  (sub)
     hud:cross       0.05 ms  (sub)
     disp:record     0.00 ms  (sub)
     disp:imshow     0.53 ms  (sub)
     disp:waitkey    4.57 ms  (sub)
[PROF 09:42:18]  51 frames   19.30 ms/frame  ->  51.8 FPS
   capture           3.70 ms   19.2%
   track             5.91 ms   30.6%
   ctrl+mav          0.41 ms    2.1%
   hud               4.05 ms   21.0%
   display           5.23 ms   27.1%
     detect          5.38 ms  (sub)
     tracker         0.00 ms  (sub)
     hud:overlay     0.70 ms  (sub)
     hud:setup       0.09 ms  (sub)
     hud:ladder      0.10 ms  (sub)
     hud:warp        1.81 ms  (sub)
     hud:arc         0.06 ms  (sub)
     hud:blend       0.87 ms  (sub)
     hud:yaw         0.34 ms  (sub)
     hud:cross       0.05 ms  (sub)
     disp:record     0.00 ms  (sub)
     disp:imshow     0.57 ms  (sub)
     disp:waitkey    4.62 ms  (sub)
[PROF 09:42:20]  55 frames   20.04 ms/frame  ->  49.9 FPS
   capture           3.40 ms   17.0%
   track             5.66 ms   28.2%
   ctrl+mav          0.41 ms    2.0%
   hud               3.97 ms   19.8%
   display           6.61 ms   33.0%
     detect          5.16 ms  (sub)
     tracker         0.00 ms  (sub)
     hud:overlay     0.71 ms  (sub)
     hud:setup       0.10 ms  (sub)
     hud:ladder      0.10 ms  (sub)
     hud:warp        1.72 ms  (sub)
     hud:arc         0.05 ms  (sub)
     hud:blend       0.85 ms  (sub)
     hud:yaw         0.35 ms  (sub)
     hud:cross       0.05 ms  (sub)
     disp:record     0.00 ms  (sub)
     disp:imshow     0.55 ms  (sub)
     disp:waitkey    6.02 ms  (sub)
[PROF 09:42:22]  55 frames   18.79 ms/frame  ->  53.2 FPS
   capture           3.26 ms   17.3%
   track             5.92 ms   31.5%
   ctrl+mav          0.35 ms    1.9%
   hud               4.20 ms   22.3%
   display           5.07 ms   27.0%
     detect          5.43 ms  (sub)
     tracker         0.00 ms  (sub)
     hud:overlay     0.71 ms  (sub)
     hud:setup       0.10 ms  (sub)
     hud:ladder      0.11 ms  (sub)
     hud:warp        1.89 ms  (sub)
     hud:arc         0.05 ms  (sub)
     hud:blend       0.87 ms  (sub)
     hud:yaw         0.36 ms  (sub)
     hud:cross       0.05 ms  (sub)
     disp:record     0.00 ms  (sub)
     disp:imshow     0.56 ms  (sub)
     disp:waitkey    4.47 ms  (sub)
[PROF 09:42:24]  58 frames   18.38 ms/frame  ->  54.4 FPS
   capture           3.44 ms   18.7%
   track             5.76 ms   31.3%
   ctrl+mav          0.39 ms    2.1%
   hud               3.96 ms   21.5%
   display           4.83 ms   26.3%
     detect          5.25 ms  (sub)
     tracker         0.00 ms  (sub)
     hud:overlay     0.71 ms  (sub)
     hud:setup       0.09 ms  (sub)
     hud:ladder      0.10 ms  (sub)
     hud:warp        1.77 ms  (sub)
     hud:arc         0.05 ms  (sub)
     hud:blend       0.82 ms  (sub)
     hud:yaw         0.33 ms  (sub)
     hud:cross       0.05 ms  (sub)
     disp:record     0.00 ms  (sub)
     disp:imshow     0.53 ms  (sub)
     disp:waitkey    4.27 ms  (sub)
[PROF 09:42:26]  55 frames   19.14 ms/frame  ->  52.2 FPS
   capture           3.57 ms   18.7%
   track             6.05 ms   31.6%
   ctrl+mav          0.46 ms    2.4%
   hud               4.04 ms   21.1%
   display           5.02 ms   26.2%
     detect          5.46 ms  (sub)
     tracker         0.00 ms  (sub)
     hud:overlay     0.68 ms  (sub)
     hud:setup       0.10 ms  (sub)
     hud:ladder      0.10 ms  (sub)
     hud:warp        1.73 ms  (sub)
     hud:arc         0.05 ms  (sub)
     hud:blend       0.94 ms  (sub)
     hud:yaw         0.35 ms  (sub)
     hud:cross       0.05 ms  (sub)
     disp:record     0.00 ms  (sub)
     disp:imshow     0.55 ms  (sub)
     disp:waitkey    4.42 ms  (sub)
[PROF 09:42:28]  57 frames   18.04 ms/frame  ->  55.4 FPS
   capture           3.23 ms   17.9%
   track             5.67 ms   31.4%
   ctrl+mav          0.37 ms    2.0%
   hud               3.85 ms   21.3%
   display           4.93 ms   27.3%
     detect          5.22 ms  (sub)
     tracker         0.00 ms  (sub)
     hud:overlay     0.68 ms  (sub)
     hud:setup       0.09 ms  (sub)
     hud:ladder      0.10 ms  (sub)
     hud:warp        1.69 ms  (sub)
     hud:arc         0.06 ms  (sub)
     hud:blend       0.82 ms  (sub)
     hud:yaw         0.33 ms  (sub)
     hud:cross       0.05 ms  (sub)
     disp:record     0.00 ms  (sub)
     disp:imshow     0.57 ms  (sub)
     disp:waitkey    4.32 ms  (sub)
[PROF 09:42:30]  56 frames   18.91 ms/frame  ->  52.9 FPS
   capture           3.56 ms   18.8%
   track             5.88 ms   31.1%
   ctrl+mav          0.38 ms    2.0%
   hud               4.12 ms   21.8%
   display           4.97 ms   26.3%
     detect          5.35 ms  (sub)
     tracker         0.00 ms  (sub)
     hud:overlay     0.70 ms  (sub)
     hud:setup       0.10 ms  (sub)
     hud:ladder      0.10 ms  (sub)
     hud:warp        1.90 ms  (sub)
     hud:arc         0.05 ms  (sub)
     hud:blend       0.86 ms  (sub)
     hud:yaw         0.33 ms  (sub)
     hud:cross       0.04 ms  (sub)
     disp:record     0.00 ms  (sub)
     disp:imshow     0.51 ms  (sub)
     disp:waitkey    4.42 ms  (sub)
[PROF 09:42:32]  57 frames   18.26 ms/frame  ->  54.8 FPS
   capture           3.40 ms   18.6%
   track             5.81 ms   31.8%
   ctrl+mav          0.34 ms    1.9%
   hud               4.00 ms   21.9%
   display           4.71 ms   25.8%
     detect          5.31 ms  (sub)
     tracker         0.00 ms  (sub)
     hud:overlay     0.69 ms  (sub)
     hud:setup       0.11 ms  (sub)
     hud:ladder      0.10 ms  (sub)
     hud:warp        1.74 ms  (sub)
     hud:arc         0.05 ms  (sub)
     hud:blend       0.89 ms  (sub)
     hud:yaw         0.33 ms  (sub)
     hud:cross       0.05 ms  (sub)
     disp:record     0.00 ms  (sub)
     disp:imshow     0.53 ms  (sub)
     disp:waitkey    4.13 ms  (sub)
[PROF 09:42:34]  57 frames   18.17 ms/frame  ->  55.0 FPS
   capture           3.27 ms   18.0%
   track             5.64 ms   31.0%
   ctrl+mav          0.43 ms    2.4%
   hud               3.89 ms   21.4%
   display           4.95 ms   27.2%
     detect          5.12 ms  (sub)
     tracker         0.00 ms  (sub)
     hud:overlay     0.69 ms  (sub)
     hud:setup       0.09 ms  (sub)
     hud:ladder      0.10 ms  (sub)
     hud:warp        1.76 ms  (sub)
     hud:arc         0.05 ms  (sub)
     hud:blend       0.81 ms  (sub)
     hud:yaw         0.32 ms  (sub)
     hud:cross       0.04 ms  (sub)
     disp:record     0.00 ms  (sub)
     disp:imshow     0.56 ms  (sub)
     disp:waitkey    4.35 ms  (sub)
[PROF 09:42:36]  54 frames   18.82 ms/frame  ->  53.1 FPS
   capture           3.53 ms   18.7%
   track             6.06 ms   32.2%
   ctrl+mav          0.43 ms    2.3%
   hud               4.02 ms   21.4%
   display           4.78 ms   25.4%
     detect          5.48 ms  (sub)
     tracker         0.00 ms  (sub)
     hud:overlay     0.68 ms  (sub)
     hud:setup       0.11 ms  (sub)
     hud:ladder      0.10 ms  (sub)
     hud:warp        1.80 ms  (sub)
     hud:arc         0.05 ms  (sub)
     hud:blend       0.86 ms  (sub)
     hud:yaw         0.34 ms  (sub)
     hud:cross       0.05 ms  (sub)
     disp:record     0.00 ms  (sub)
     disp:imshow     0.53 ms  (sub)
     disp:waitkey    4.21 ms  (sub)
[PROF 09:42:38]  54 frames   18.78 ms/frame  ->  53.3 FPS
   capture           3.50 ms   18.7%
   track             5.79 ms   30.8%
   ctrl+mav          0.41 ms    2.2%
   hud               4.05 ms   21.5%
   display           5.03 ms   26.8%
     detect          5.32 ms  (sub)
     tracker         0.00 ms  (sub)
     hud:overlay     0.72 ms  (sub)
     hud:setup       0.09 ms  (sub)
     hud:ladder      0.10 ms  (sub)
     hud:warp        1.80 ms  (sub)
     hud:arc         0.05 ms  (sub)
     hud:blend       0.88 ms  (sub)
     hud:yaw         0.33 ms  (sub)
     hud:cross       0.04 ms  (sub)
     disp:record     0.00 ms  (sub)
     disp:imshow     0.53 ms  (sub)
     disp:waitkey    4.46 ms  (sub)
[PROF 09:42:40]  59 frames   18.07 ms/frame  ->  55.4 FPS
   capture           3.39 ms   18.8%
   track             5.67 ms   31.4%
   ctrl+mav          0.33 ms    1.8%
   hud               3.88 ms   21.5%
   display           4.79 ms   26.5%
     detect          5.22 ms  (sub)
     tracker         0.00 ms  (sub)
     hud:overlay     0.68 ms  (sub)
     hud:setup       0.09 ms  (sub)
     hud:ladder      0.10 ms  (sub)
     hud:warp        1.68 ms  (sub)
     hud:arc         0.06 ms  (sub)
     hud:blend       0.86 ms  (sub)
     hud:yaw         0.34 ms  (sub)
     hud:cross       0.04 ms  (sub)
     disp:record     0.00 ms  (sub)
     disp:imshow     0.51 ms  (sub)
     disp:waitkey    4.24 ms  (sub)
[PROF 09:42:42]  55 frames   18.13 ms/frame  ->  55.1 FPS
   capture           3.35 ms   18.5%
   track             5.52 ms   30.5%
   ctrl+mav          0.34 ms    1.9%
   hud               3.80 ms   21.0%
   display           5.12 ms   28.2%
     detect          5.06 ms  (sub)
     tracker         0.00 ms  (sub)
     hud:overlay     0.66 ms  (sub)
     hud:setup       0.09 ms  (sub)
     hud:ladder      0.10 ms  (sub)
     hud:warp        1.69 ms  (sub)
     hud:arc         0.05 ms  (sub)
     hud:blend       0.81 ms  (sub)
     hud:yaw         0.33 ms  (sub)
     hud:cross       0.04 ms  (sub)
     disp:record     0.00 ms  (sub)
     disp:imshow     0.53 ms  (sub)
     disp:waitkey    4.54 ms  (sub)
[PROF 09:42:44]  55 frames   19.17 ms/frame  ->  52.2 FPS
   capture           3.73 ms   19.4%
   track             5.76 ms   30.0%
   ctrl+mav          0.40 ms    2.1%
   hud               4.14 ms   21.6%
   display           5.14 ms   26.8%
     detect          5.26 ms  (sub)
     tracker         0.00 ms  (sub)
     hud:overlay     0.72 ms  (sub)
     hud:setup       0.11 ms  (sub)
     hud:ladder      0.10 ms  (sub)
     hud:warp        1.84 ms  (sub)
     hud:arc         0.06 ms  (sub)
     hud:blend       0.90 ms  (sub)
     hud:yaw         0.34 ms  (sub)
     hud:cross       0.05 ms  (sub)
     disp:record     0.00 ms  (sub)
     disp:imshow     0.54 ms  (sub)
     disp:waitkey    4.55 ms  (sub)
[PROF 09:42:46]  55 frames   19.01 ms/frame  ->  52.6 FPS
   capture           3.61 ms   19.0%
   track             5.81 ms   30.6%
   ctrl+mav          0.42 ms    2.2%
   hud               4.18 ms   22.0%
   display           5.00 ms   26.3%
     detect          5.30 ms  (sub)
     tracker         0.00 ms  (sub)
     hud:overlay     0.70 ms  (sub)
     hud:setup       0.09 ms  (sub)
     hud:ladder      0.11 ms  (sub)
     hud:warp        1.88 ms  (sub)
     hud:arc         0.06 ms  (sub)
     hud:blend       0.90 ms  (sub)
     hud:yaw         0.35 ms  (sub)
     hud:cross       0.05 ms  (sub)
     disp:record     0.00 ms  (sub)
     disp:imshow     0.56 ms  (sub)
     disp:waitkey    4.39 ms  (sub)
[PROF 09:42:48]  56 frames   18.59 ms/frame  ->  53.8 FPS
   capture           3.57 ms   19.2%
   track             5.80 ms   31.2%
   ctrl+mav          0.38 ms    2.1%
   hud               3.90 ms   21.0%
   display           4.92 ms   26.5%
     detect          5.33 ms  (sub)
     tracker         0.00 ms  (sub)
     hud:overlay     0.67 ms  (sub)
     hud:setup       0.09 ms  (sub)
     hud:ladder      0.10 ms  (sub)
     hud:warp        1.69 ms  (sub)
     hud:arc         0.05 ms  (sub)
     hud:blend       0.86 ms  (sub)
     hud:yaw         0.34 ms  (sub)
     hud:cross       0.05 ms  (sub)
     disp:record     0.00 ms  (sub)
     disp:imshow     0.53 ms  (sub)
     disp:waitkey    4.36 ms  (sub)
[PROF 09:42:50]  57 frames   18.62 ms/frame  ->  53.7 FPS
   capture           3.51 ms   18.9%
   track             5.65 ms   30.4%
   ctrl+mav          0.33 ms    1.8%
   hud               4.03 ms   21.6%
   display           5.10 ms   27.4%
     detect          5.20 ms  (sub)
     tracker         0.00 ms  (sub)
     hud:overlay     0.71 ms  (sub)
     hud:setup       0.10 ms  (sub)
     hud:ladder      0.11 ms  (sub)
     hud:warp        1.83 ms  (sub)
     hud:arc         0.05 ms  (sub)
     hud:blend       0.83 ms  (sub)
     hud:yaw         0.33 ms  (sub)
     hud:cross       0.04 ms  (sub)
     disp:record     0.00 ms  (sub)
     disp:imshow     0.55 ms  (sub)
     disp:waitkey    4.51 ms  (sub)
[PROF 09:42:52]  52 frames   19.78 ms/frame  ->  50.5 FPS
   capture           3.75 ms   19.0%
   track             6.14 ms   31.0%
   ctrl+mav          0.44 ms    2.2%
   hud               4.29 ms   21.7%
   display           5.16 ms   26.1%
     detect          5.64 ms  (sub)
     tracker         0.00 ms  (sub)
     hud:overlay     0.75 ms  (sub)
     hud:setup       0.10 ms  (sub)
     hud:ladder      0.10 ms  (sub)
     hud:warp        1.96 ms  (sub)
     hud:arc         0.06 ms  (sub)
     hud:blend       0.90 ms  (sub)
     hud:yaw         0.34 ms  (sub)
     hud:cross       0.05 ms  (sub)
     disp:record     0.00 ms  (sub)
     disp:imshow     0.60 ms  (sub)
     disp:waitkey    4.52 ms  (sub)
[PROF 09:42:54]  58 frames   18.20 ms/frame  ->  54.9 FPS
   capture           3.33 ms   18.3%
   track             5.82 ms   32.0%
   ctrl+mav          0.33 ms    1.8%
   hud               3.86 ms   21.2%
   display           4.85 ms   26.6%
     detect          5.35 ms  (sub)
     tracker         0.00 ms  (sub)
     hud:overlay     0.69 ms  (sub)
     hud:setup       0.09 ms  (sub)
     hud:ladder      0.10 ms  (sub)
     hud:warp        1.71 ms  (sub)
     hud:arc         0.05 ms  (sub)
     hud:blend       0.83 ms  (sub)
     hud:yaw         0.32 ms  (sub)
     hud:cross       0.04 ms  (sub)
     disp:record     0.00 ms  (sub)
     disp:imshow     0.53 ms  (sub)
     disp:waitkey    4.28 ms  (sub)
[PROF 09:42:56]  56 frames   19.48 ms/frame  ->  51.3 FPS
   capture           3.44 ms   17.6%
   track             5.96 ms   30.6%
   ctrl+mav          0.37 ms    1.9%
   hud               3.91 ms   20.1%
   display           5.81 ms   29.8%
     detect          5.48 ms  (sub)
     tracker         0.00 ms  (sub)
     hud:overlay     0.67 ms  (sub)
     hud:setup       0.09 ms  (sub)
     hud:ladder      0.10 ms  (sub)
     hud:warp        1.75 ms  (sub)
     hud:arc         0.05 ms  (sub)
     hud:blend       0.84 ms  (sub)
     hud:yaw         0.33 ms  (sub)
     hud:cross       0.05 ms  (sub)
     disp:record     0.00 ms  (sub)
     disp:imshow     0.51 ms  (sub)
     disp:waitkey    5.26 ms  (sub)
[PROF 09:42:58]  57 frames   18.57 ms/frame  ->  53.9 FPS
   capture           3.23 ms   17.4%
   track             6.09 ms   32.8%
   ctrl+mav          0.36 ms    2.0%
   hud               3.94 ms   21.2%
   display           4.95 ms   26.6%
     detect          5.58 ms  (sub)
     tracker         0.00 ms  (sub)
     hud:overlay     0.73 ms  (sub)
     hud:setup       0.09 ms  (sub)
     hud:ladder      0.10 ms  (sub)
     hud:warp        1.73 ms  (sub)
     hud:arc         0.05 ms  (sub)
     hud:blend       0.83 ms  (sub)
     hud:yaw         0.33 ms  (sub)
     hud:cross       0.04 ms  (sub)
     disp:record     0.00 ms  (sub)
     disp:imshow     0.55 ms  (sub)
     disp:waitkey    4.36 ms  (sub)
[PROF 09:43:00]  56 frames   18.74 ms/frame  ->  53.4 FPS
   capture           3.53 ms   18.8%
   track             5.73 ms   30.6%
   ctrl+mav          0.35 ms    1.9%
   hud               4.07 ms   21.7%
   display           5.06 ms   27.0%
     detect          5.25 ms  (sub)
     tracker         0.00 ms  (sub)
     hud:overlay     0.72 ms  (sub)
     hud:setup       0.10 ms  (sub)
     hud:ladder      0.10 ms  (sub)
     hud:warp        1.78 ms  (sub)
     hud:arc         0.06 ms  (sub)
     hud:blend       0.88 ms  (sub)
     hud:yaw         0.35 ms  (sub)
     hud:cross       0.04 ms  (sub)
     disp:record     0.00 ms  (sub)
     disp:imshow     0.61 ms  (sub)
     disp:waitkey    4.41 ms  (sub)
[PROF 09:43:03]  52 frames   18.99 ms/frame  ->  52.7 FPS
   capture           3.53 ms   18.6%
   track             5.86 ms   30.9%
   ctrl+mav          0.34 ms    1.8%
   hud               4.15 ms   21.9%
   display           5.11 ms   26.9%
     detect          5.36 ms  (sub)
     tracker         0.00 ms  (sub)
     hud:overlay     0.68 ms  (sub)
     hud:setup       0.09 ms  (sub)
     hud:ladder      0.10 ms  (sub)
     hud:warp        1.90 ms  (sub)
     hud:arc         0.05 ms  (sub)
     hud:blend       0.86 ms  (sub)
     hud:yaw         0.39 ms  (sub)
     hud:cross       0.05 ms  (sub)
     disp:record     0.00 ms  (sub)
     disp:imshow     0.55 ms  (sub)
     disp:waitkey    4.51 ms  (sub)
[PROF 09:43:05]  55 frames   18.84 ms/frame  ->  53.1 FPS
   capture           3.58 ms   19.0%
   track             5.88 ms   31.2%
   ctrl+mav          0.36 ms    1.9%
   hud               3.99 ms   21.2%
   display           5.04 ms   26.7%
     detect          5.35 ms  (sub)
     tracker         0.00 ms  (sub)
     hud:overlay     0.69 ms  (sub)
     hud:setup       0.09 ms  (sub)
     hud:ladder      0.10 ms  (sub)
     hud:warp        1.78 ms  (sub)
     hud:arc         0.06 ms  (sub)
     hud:blend       0.88 ms  (sub)
     hud:yaw         0.32 ms  (sub)
     hud:cross       0.04 ms  (sub)
     disp:record     0.00 ms  (sub)
     disp:imshow     0.55 ms  (sub)
     disp:waitkey    4.45 ms  (sub)
[PROF 09:43:07]  57 frames   18.78 ms/frame  ->  53.3 FPS
   capture           3.49 ms   18.6%
   track             5.77 ms   30.7%
   ctrl+mav          0.38 ms    2.0%
   hud               3.97 ms   21.1%
   display           5.18 ms   27.6%
     detect          5.26 ms  (sub)
     tracker         0.00 ms  (sub)
     hud:overlay     0.68 ms  (sub)
     hud:setup       0.09 ms  (sub)
     hud:ladder      0.10 ms  (sub)
     hud:warp        1.72 ms  (sub)
     hud:arc         0.06 ms  (sub)
     hud:blend       0.89 ms  (sub)
     hud:yaw         0.34 ms  (sub)
     hud:cross       0.05 ms  (sub)
     disp:record     0.00 ms  (sub)
     disp:imshow     0.55 ms  (sub)
     disp:waitkey    4.59 ms  (sub)
[PROF 09:43:09]  57 frames   18.97 ms/frame  ->  52.7 FPS
   capture           3.61 ms   19.0%
   track             5.88 ms   31.0%
   ctrl+mav          0.42 ms    2.2%
   hud               3.98 ms   21.0%
   display           5.08 ms   26.8%
     detect          5.32 ms  (sub)
     tracker         0.00 ms  (sub)
     hud:overlay     0.71 ms  (sub)
     hud:setup       0.10 ms  (sub)
     hud:ladder      0.10 ms  (sub)
     hud:warp        1.73 ms  (sub)
     hud:arc         0.06 ms  (sub)
     hud:blend       0.84 ms  (sub)
     hud:yaw         0.35 ms  (sub)
     hud:cross       0.05 ms  (sub)
     disp:record     0.00 ms  (sub)
     disp:imshow     0.57 ms  (sub)
     disp:waitkey    4.47 ms  (sub)
[PROF 09:43:11]  51 frames   18.89 ms/frame  ->  52.9 FPS
   capture           3.74 ms   19.8%
   track             5.69 ms   30.1%
   ctrl+mav          0.37 ms    2.0%
   hud               4.20 ms   22.3%
   display           4.88 ms   25.8%
     detect          5.19 ms  (sub)
     tracker         0.00 ms  (sub)
     hud:overlay     0.74 ms  (sub)
     hud:setup       0.10 ms  (sub)
     hud:ladder      0.10 ms  (sub)
     hud:warp        1.82 ms  (sub)
     hud:arc         0.05 ms  (sub)
     hud:blend       0.92 ms  (sub)
     hud:yaw         0.37 ms  (sub)
     hud:cross       0.05 ms  (sub)
     disp:record     0.00 ms  (sub)
     disp:imshow     0.54 ms  (sub)
     disp:waitkey    4.29 ms  (sub)
[PROF 09:43:13]  50 frames   19.42 ms/frame  ->  51.5 FPS
   capture           3.69 ms   19.0%
   track             6.22 ms   32.0%
   ctrl+mav          0.41 ms    2.1%
   hud               4.05 ms   20.8%
   display           5.05 ms   26.0%
     detect          5.69 ms  (sub)
     tracker         0.00 ms  (sub)
     hud:overlay     0.72 ms  (sub)
     hud:setup       0.10 ms  (sub)
     hud:ladder      0.10 ms  (sub)
     hud:warp        1.84 ms  (sub)
     hud:arc         0.05 ms  (sub)
     hud:blend       0.84 ms  (sub)
     hud:yaw         0.32 ms  (sub)
     hud:cross       0.04 ms  (sub)
     disp:record     0.00 ms  (sub)
     disp:imshow     0.53 ms  (sub)
     disp:waitkey    4.48 ms  (sub)
[PROF 09:43:15]  55 frames   18.44 ms/frame  ->  54.2 FPS
   capture           3.45 ms   18.7%
   track             5.69 ms   30.9%
   ctrl+mav          0.38 ms    2.1%
   hud               3.95 ms   21.4%
   display           4.98 ms   27.0%
     detect          5.23 ms  (sub)
     tracker         0.00 ms  (sub)
     hud:overlay     0.68 ms  (sub)
     hud:setup       0.09 ms  (sub)
     hud:ladder      0.10 ms  (sub)
     hud:warp        1.79 ms  (sub)
     hud:arc         0.05 ms  (sub)
     hud:blend       0.83 ms  (sub)
     hud:yaw         0.32 ms  (sub)
     hud:cross       0.05 ms  (sub)
     disp:record     0.00 ms  (sub)
     disp:imshow     0.57 ms  (sub)
     disp:waitkey    4.37 ms  (sub)
[PROF 09:43:17]  54 frames   18.87 ms/frame  ->  53.0 FPS
   capture           3.59 ms   19.0%
   track             5.89 ms   31.2%
   ctrl+mav          0.41 ms    2.2%
   hud               3.96 ms   21.0%
   display           5.02 ms   26.6%
     detect          5.39 ms  (sub)
     tracker         0.00 ms  (sub)
     hud:overlay     0.69 ms  (sub)
     hud:setup       0.09 ms  (sub)
     hud:ladder      0.10 ms  (sub)
     hud:warp        1.77 ms  (sub)
     hud:arc         0.05 ms  (sub)
     hud:blend       0.85 ms  (sub)
     hud:yaw         0.33 ms  (sub)
     hud:cross       0.05 ms  (sub)
     disp:record     0.00 ms  (sub)
     disp:imshow     0.54 ms  (sub)
     disp:waitkey    4.45 ms  (sub)
[PROF 09:43:19]  55 frames   18.30 ms/frame  ->  54.6 FPS
   capture           3.51 ms   19.2%
   track             5.59 ms   30.6%
   ctrl+mav          0.35 ms    1.9%
   hud               3.98 ms   21.8%
   display           4.86 ms   26.5%
     detect          5.11 ms  (sub)
     tracker         0.00 ms  (sub)
     hud:overlay     0.73 ms  (sub)
     hud:setup       0.09 ms  (sub)
     hud:ladder      0.11 ms  (sub)
     hud:warp        1.74 ms  (sub)
     hud:arc         0.05 ms  (sub)
     hud:blend       0.85 ms  (sub)
     hud:yaw         0.32 ms  (sub)
     hud:cross       0.04 ms  (sub)
     disp:record     0.00 ms  (sub)
     disp:imshow     0.50 ms  (sub)
     disp:waitkey    4.32 ms  (sub)
[PROF 09:43:21]  51 frames   18.67 ms/frame  ->  53.6 FPS
   capture           3.64 ms   19.5%
   track             5.84 ms   31.3%
   ctrl+mav          0.38 ms    2.0%
   hud               4.16 ms   22.3%
   display           4.65 ms   24.9%
     detect          5.38 ms  (sub)
     tracker         0.00 ms  (sub)
     hud:overlay     0.69 ms  (sub)
     hud:setup       0.10 ms  (sub)
     hud:ladder      0.10 ms  (sub)
     hud:warp        1.87 ms  (sub)
     hud:arc         0.05 ms  (sub)
     hud:blend       0.93 ms  (sub)
     hud:yaw         0.33 ms  (sub)
     hud:cross       0.05 ms  (sub)
     disp:record     0.00 ms  (sub)
     disp:imshow     0.52 ms  (sub)
     disp:waitkey    4.09 ms  (sub)
[PROF 09:43:23]  55 frames   18.62 ms/frame  ->  53.7 FPS
   capture           3.46 ms   18.6%
   track             5.83 ms   31.3%
   ctrl+mav          0.39 ms    2.1%
   hud               3.96 ms   21.3%
   display           4.96 ms   26.6%
     detect          5.37 ms  (sub)
     tracker         0.00 ms  (sub)
     hud:overlay     0.68 ms  (sub)
     hud:setup       0.09 ms  (sub)
     hud:ladder      0.10 ms  (sub)
     hud:warp        1.75 ms  (sub)
     hud:arc         0.05 ms  (sub)
     hud:blend       0.89 ms  (sub)
     hud:yaw         0.33 ms  (sub)
     hud:cross       0.04 ms  (sub)
     disp:record     0.00 ms  (sub)
     disp:imshow     0.51 ms  (sub)
     disp:waitkey    4.41 ms  (sub)
[PROF 09:43:25]  56 frames   18.36 ms/frame  ->  54.5 FPS
   capture           3.46 ms   18.8%
   track             5.63 ms   30.7%
   ctrl+mav          0.36 ms    2.0%
   hud               3.89 ms   21.2%
   display           5.01 ms   27.3%
     detect          5.15 ms  (sub)
     tracker         0.00 ms  (sub)
     hud:overlay     0.67 ms  (sub)
     hud:setup       0.09 ms  (sub)
     hud:ladder      0.10 ms  (sub)
     hud:warp        1.76 ms  (sub)
     hud:arc         0.05 ms  (sub)
     hud:blend       0.84 ms  (sub)
     hud:yaw         0.31 ms  (sub)
     hud:cross       0.04 ms  (sub)
     disp:record     0.00 ms  (sub)
     disp:imshow     0.49 ms  (sub)
     disp:waitkey    4.49 ms  (sub)
[PROF 09:43:27]  55 frames   18.88 ms/frame  ->  53.0 FPS
   capture           3.59 ms   19.0%
   track             5.83 ms   30.9%
   ctrl+mav          0.36 ms    1.9%
   hud               4.12 ms   21.8%
   display           4.97 ms   26.3%
     detect          5.31 ms  (sub)
     tracker         0.00 ms  (sub)
     hud:overlay     0.72 ms  (sub)
     hud:setup       0.12 ms  (sub)
     hud:ladder      0.10 ms  (sub)
     hud:warp        1.85 ms  (sub)
     hud:arc         0.05 ms  (sub)
     hud:blend       0.87 ms  (sub)
     hud:yaw         0.32 ms  (sub)
     hud:cross       0.05 ms  (sub)
     disp:record     0.00 ms  (sub)
     disp:imshow     0.52 ms  (sub)
     disp:waitkey    4.41 ms  (sub)
[PROF 09:43:29]  54 frames   18.60 ms/frame  ->  53.8 FPS
   capture           3.49 ms   18.8%
   track             5.91 ms   31.8%
   ctrl+mav          0.38 ms    2.1%
   hud               4.08 ms   22.0%
   display           4.73 ms   25.4%
     detect          5.23 ms  (sub)
     tracker         0.00 ms  (sub)
     hud:overlay     0.74 ms  (sub)
     hud:setup       0.10 ms  (sub)
     hud:ladder      0.10 ms  (sub)
     hud:warp        1.83 ms  (sub)
     hud:arc         0.05 ms  (sub)
     hud:blend       0.85 ms  (sub)
     hud:yaw         0.33 ms  (sub)
     hud:cross       0.04 ms  (sub)
     disp:record     0.00 ms  (sub)
     disp:imshow     0.52 ms  (sub)
     disp:waitkey    4.17 ms  (sub)
[PROF 09:43:31]  52 frames   19.19 ms/frame  ->  52.1 FPS
   capture           3.57 ms   18.6%
   track             5.91 ms   30.8%
   ctrl+mav          0.49 ms    2.5%
   hud               4.10 ms   21.4%
   display           5.12 ms   26.7%
     detect          5.42 ms  (sub)
     tracker         0.00 ms  (sub)
     hud:overlay     0.75 ms  (sub)
     hud:setup       0.09 ms  (sub)
     hud:ladder      0.10 ms  (sub)
     hud:warp        1.77 ms  (sub)
     hud:arc         0.05 ms  (sub)
     hud:blend       0.88 ms  (sub)
     hud:yaw         0.32 ms  (sub)
     hud:cross       0.10 ms  (sub)
     disp:record     0.00 ms  (sub)
     disp:imshow     0.54 ms  (sub)
     disp:waitkey    4.55 ms  (sub)
[PROF 09:43:33]  56 frames   18.53 ms/frame  ->  54.0 FPS
   capture           3.38 ms   18.3%
   track             5.87 ms   31.7%
   ctrl+mav          0.39 ms    2.1%
   hud               3.96 ms   21.4%
   display           4.92 ms   26.6%
     detect          5.39 ms  (sub)
     tracker         0.00 ms  (sub)
     hud:overlay     0.72 ms  (sub)
     hud:setup       0.10 ms  (sub)
     hud:ladder      0.10 ms  (sub)
     hud:warp        1.74 ms  (sub)
     hud:arc         0.05 ms  (sub)
     hud:blend       0.83 ms  (sub)
     hud:yaw         0.34 ms  (sub)
     hud:cross       0.04 ms  (sub)
     disp:record     0.00 ms  (sub)
     disp:imshow     0.52 ms  (sub)
     disp:waitkey    4.36 ms  (sub)
[PROF 09:43:35]  52 frames   19.25 ms/frame  ->  51.9 FPS
   capture           3.59 ms   18.7%
   track             6.15 ms   31.9%
   ctrl+mav          0.37 ms    1.9%
   hud               4.14 ms   21.5%
   display           5.00 ms   26.0%
     detect          5.59 ms  (sub)
     tracker         0.00 ms  (sub)
     hud:overlay     0.72 ms  (sub)
     hud:setup       0.10 ms  (sub)
     hud:ladder      0.11 ms  (sub)
     hud:warp        1.75 ms  (sub)
     hud:arc         0.05 ms  (sub)
     hud:blend       0.96 ms  (sub)
     hud:yaw         0.36 ms  (sub)
     hud:cross       0.05 ms  (sub)
     disp:record     0.00 ms  (sub)
     disp:imshow     0.52 ms  (sub)
     disp:waitkey    4.43 ms  (sub)
[PROF 09:43:37]  56 frames   18.57 ms/frame  ->  53.8 FPS
   capture           3.47 ms   18.7%
   track             5.91 ms   31.8%
   ctrl+mav          0.37 ms    2.0%
   hud               3.94 ms   21.2%
   display           4.88 ms   26.3%
     detect          5.40 ms  (sub)
     tracker         0.00 ms  (sub)
     hud:overlay     0.72 ms  (sub)
     hud:setup       0.09 ms  (sub)
     hud:ladder      0.10 ms  (sub)
     hud:warp        1.75 ms  (sub)
     hud:arc         0.05 ms  (sub)
     hud:blend       0.82 ms  (sub)
     hud:yaw         0.32 ms  (sub)
     hud:cross       0.04 ms  (sub)
     disp:record     0.00 ms  (sub)
     disp:imshow     0.52 ms  (sub)
     disp:waitkey    4.32 ms  (sub)
[PROF 09:43:39]  56 frames   18.46 ms/frame  ->  54.2 FPS
   capture           3.33 ms   18.0%
   track             5.90 ms   32.0%
   ctrl+mav          0.36 ms    2.0%
   hud               3.94 ms   21.4%
   display           4.92 ms   26.6%
     detect          5.40 ms  (sub)
     tracker         0.00 ms  (sub)
     hud:overlay     0.71 ms  (sub)
     hud:setup       0.09 ms  (sub)
     hud:ladder      0.10 ms  (sub)
     hud:warp        1.70 ms  (sub)
     hud:arc         0.05 ms  (sub)
     hud:blend       0.86 ms  (sub)
     hud:yaw         0.36 ms  (sub)
     hud:cross       0.04 ms  (sub)
     disp:record     0.00 ms  (sub)
     disp:imshow     0.52 ms  (sub)
     disp:waitkey    4.35 ms  (sub)
[PROF 09:43:41]  53 frames   20.07 ms/frame  ->  49.8 FPS
   capture           3.58 ms   17.8%
   track             5.72 ms   28.5%
   ctrl+mav          0.37 ms    1.8%
   hud               3.90 ms   19.4%
   display           6.50 ms   32.4%
     detect          5.28 ms  (sub)
     tracker         0.00 ms  (sub)
     hud:overlay     0.71 ms  (sub)
     hud:setup       0.09 ms  (sub)
     hud:ladder      0.10 ms  (sub)
     hud:warp        1.65 ms  (sub)
     hud:arc         0.06 ms  (sub)
     hud:blend       0.88 ms  (sub)
     hud:yaw         0.33 ms  (sub)
     hud:cross       0.05 ms  (sub)
     disp:record     0.00 ms  (sub)
     disp:imshow     0.55 ms  (sub)
     disp:waitkey    5.91 ms  (sub)
[PROF 09:43:43]  54 frames   18.03 ms/frame  ->  55.5 FPS
   capture           3.26 ms   18.1%
   track             5.95 ms   33.0%
   ctrl+mav          0.34 ms    1.9%
   hud               3.82 ms   21.2%
   display           4.65 ms   25.8%
     detect          5.48 ms  (sub)
     tracker         0.00 ms  (sub)
     hud:overlay     0.68 ms  (sub)
     hud:setup       0.10 ms  (sub)
     hud:ladder      0.10 ms  (sub)
     hud:warp        1.68 ms  (sub)
     hud:arc         0.05 ms  (sub)
     hud:blend       0.83 ms  (sub)
     hud:yaw         0.31 ms  (sub)
     hud:cross       0.04 ms  (sub)
     disp:record     0.00 ms  (sub)
     disp:imshow     0.50 ms  (sub)
     disp:waitkey    4.11 ms  (sub)
[PROF 09:43:45]  56 frames   18.48 ms/frame  ->  54.1 FPS
   capture           3.48 ms   18.8%
   track             5.84 ms   31.6%
   ctrl+mav          0.33 ms    1.8%
   hud               3.93 ms   21.2%
   display           4.91 ms   26.6%
     detect          5.29 ms  (sub)
     tracker         0.00 ms  (sub)
     hud:overlay     0.69 ms  (sub)
     hud:setup       0.11 ms  (sub)
     hud:ladder      0.10 ms  (sub)
     hud:warp        1.67 ms  (sub)
     hud:arc         0.06 ms  (sub)
     hud:blend       0.88 ms  (sub)
     hud:yaw         0.33 ms  (sub)
     hud:cross       0.05 ms  (sub)
     disp:record     0.00 ms  (sub)
     disp:imshow     0.54 ms  (sub)
     disp:waitkey    4.33 ms  (sub)
[PROF 09:43:47]  56 frames   18.61 ms/frame  ->  53.7 FPS
   capture           3.34 ms   18.0%
   track             5.83 ms   31.3%
   ctrl+mav          0.36 ms    1.9%
   hud               4.10 ms   22.0%
   display           4.97 ms   26.7%
     detect          5.35 ms  (sub)
     tracker         0.00 ms  (sub)
     hud:overlay     0.72 ms  (sub)
     hud:setup       0.10 ms  (sub)
     hud:ladder      0.12 ms  (sub)
     hud:warp        1.77 ms  (sub)
     hud:arc         0.05 ms  (sub)
     hud:blend       0.90 ms  (sub)
     hud:yaw         0.34 ms  (sub)
     hud:cross       0.05 ms  (sub)
     disp:record     0.00 ms  (sub)
     disp:imshow     0.54 ms  (sub)
     disp:waitkey    4.39 ms  (sub)
[PROF 09:43:49]  54 frames   18.58 ms/frame  ->  53.8 FPS
   capture           3.60 ms   19.4%
   track             5.99 ms   32.2%
   ctrl+mav          0.34 ms    1.8%
   hud               3.95 ms   21.3%
   display           4.70 ms   25.3%
     detect          5.48 ms  (sub)
     tracker         0.00 ms  (sub)
     hud:overlay     0.75 ms  (sub)
     hud:setup       0.09 ms  (sub)
     hud:ladder      0.10 ms  (sub)
     hud:warp        1.71 ms  (sub)
     hud:arc         0.05 ms  (sub)
     hud:blend       0.85 ms  (sub)
     hud:yaw         0.32 ms  (sub)
     hud:cross       0.05 ms  (sub)
     disp:record     0.00 ms  (sub)
     disp:imshow     0.50 ms  (sub)
     disp:waitkey    4.16 ms  (sub)
[PROF 09:43:51]  54 frames   19.12 ms/frame  ->  52.3 FPS
   capture           3.56 ms   18.6%
   track             5.97 ms   31.2%
   ctrl+mav          0.42 ms    2.2%
   hud               4.18 ms   21.9%
   display           5.00 ms   26.1%
     detect          5.48 ms  (sub)
     tracker         0.00 ms  (sub)
     hud:overlay     0.73 ms  (sub)
     hud:setup       0.10 ms  (sub)
     hud:ladder      0.14 ms  (sub)
     hud:warp        1.80 ms  (sub)
     hud:arc         0.05 ms  (sub)
     hud:blend       0.93 ms  (sub)
     hud:yaw         0.35 ms  (sub)
     hud:cross       0.05 ms  (sub)
     disp:record     0.00 ms  (sub)
     disp:imshow     0.56 ms  (sub)
     disp:waitkey    4.40 ms  (sub)
[PROF 09:43:53]  57 frames   17.78 ms/frame  ->  56.2 FPS
   capture           2.99 ms   16.8%
   track             5.68 ms   31.9%
   ctrl+mav          0.31 ms    1.8%
   hud               3.86 ms   21.7%
   display           4.94 ms   27.8%
     detect          5.18 ms  (sub)
     tracker         0.00 ms  (sub)
     hud:overlay     0.72 ms  (sub)
     hud:setup       0.10 ms  (sub)
     hud:ladder      0.10 ms  (sub)
     hud:warp        1.65 ms  (sub)
     hud:arc         0.05 ms  (sub)
     hud:blend       0.85 ms  (sub)
     hud:yaw         0.31 ms  (sub)
     hud:cross       0.04 ms  (sub)
     disp:record     0.00 ms  (sub)
     disp:imshow     0.53 ms  (sub)
     disp:waitkey    4.37 ms  (sub)
[PROF 09:43:55]  56 frames   18.63 ms/frame  ->  53.7 FPS
   capture           3.35 ms   18.0%
   track             5.80 ms   31.1%
   ctrl+mav          0.32 ms    1.7%
   hud               4.05 ms   21.7%
   display           5.11 ms   27.4%
     detect          5.30 ms  (sub)
     tracker         0.00 ms  (sub)
     hud:overlay     0.73 ms  (sub)
     hud:setup       0.09 ms  (sub)
     hud:ladder      0.10 ms  (sub)
     hud:warp        1.80 ms  (sub)
     hud:arc         0.07 ms  (sub)
     hud:blend       0.85 ms  (sub)
     hud:yaw         0.33 ms  (sub)
     hud:cross       0.05 ms  (sub)
     disp:record     0.00 ms  (sub)
     disp:imshow     0.57 ms  (sub)
     disp:waitkey    4.50 ms  (sub)
[PROF 09:43:57]  55 frames   18.41 ms/frame  ->  54.3 FPS
   capture           3.46 ms   18.8%
   track             5.59 ms   30.4%
   ctrl+mav          0.31 ms    1.7%
   hud               4.00 ms   21.8%
   display           5.04 ms   27.4%
     detect          5.12 ms  (sub)
     tracker         0.00 ms  (sub)
     hud:overlay     0.69 ms  (sub)
     hud:setup       0.09 ms  (sub)
     hud:ladder      0.10 ms  (sub)
     hud:warp        1.79 ms  (sub)
     hud:arc         0.05 ms  (sub)
     hud:blend       0.86 ms  (sub)
     hud:yaw         0.35 ms  (sub)
     hud:cross       0.04 ms  (sub)
     disp:record     0.00 ms  (sub)
     disp:imshow     0.53 ms  (sub)
     disp:waitkey    4.46 ms  (sub)
[PROF 09:43:59]  56 frames   19.13 ms/frame  ->  52.3 FPS
   capture           3.59 ms   18.8%
   track             6.07 ms   31.7%
   ctrl+mav          0.37 ms    1.9%
   hud               3.93 ms   20.6%
   display           5.17 ms   27.0%
     detect          5.53 ms  (sub)
     tracker         0.00 ms  (sub)
     hud:overlay     0.71 ms  (sub)
     hud:setup       0.09 ms  (sub)
     hud:ladder      0.10 ms  (sub)
     hud:warp        1.65 ms  (sub)
     hud:arc         0.05 ms  (sub)
     hud:blend       0.91 ms  (sub)
     hud:yaw         0.34 ms  (sub)
     hud:cross       0.05 ms  (sub)
     disp:record     0.00 ms  (sub)
     disp:imshow     0.54 ms  (sub)
     disp:waitkey    4.59 ms  (sub)
[PROF 09:44:01]  58 frames   17.96 ms/frame  ->  55.7 FPS
   capture           3.21 ms   17.9%
   track             5.77 ms   32.1%
   ctrl+mav          0.34 ms    1.9%
   hud               3.86 ms   21.5%
   display           4.78 ms   26.6%
     detect          5.31 ms  (sub)
     tracker         0.00 ms  (sub)
     hud:overlay     0.71 ms  (sub)
     hud:setup       0.09 ms  (sub)
     hud:ladder      0.10 ms  (sub)
     hud:warp        1.66 ms  (sub)
     hud:arc         0.09 ms  (sub)
     hud:blend       0.82 ms  (sub)
     hud:yaw         0.32 ms  (sub)
     hud:cross       0.05 ms  (sub)
     disp:record     0.00 ms  (sub)
     disp:imshow     0.52 ms  (sub)
     disp:waitkey    4.22 ms  (sub)
[PROF 09:44:03]  55 frames   18.71 ms/frame  ->  53.5 FPS
   capture           3.44 ms   18.4%
   track             5.99 ms   32.0%
   ctrl+mav          0.37 ms    2.0%
   hud               4.00 ms   21.4%
   display           4.91 ms   26.2%
     detect          5.43 ms  (sub)
     tracker         0.00 ms  (sub)
     hud:overlay     0.69 ms  (sub)
     hud:setup       0.14 ms  (sub)
     hud:ladder      0.10 ms  (sub)
     hud:warp        1.72 ms  (sub)
     hud:arc         0.05 ms  (sub)
     hud:blend       0.88 ms  (sub)
     hud:yaw         0.34 ms  (sub)
     hud:cross       0.04 ms  (sub)
     disp:record     0.00 ms  (sub)
     disp:imshow     0.51 ms  (sub)
     disp:waitkey    4.36 ms  (sub)
[PROF 09:44:05]  53 frames   19.82 ms/frame  ->  50.5 FPS
   capture           3.78 ms   19.1%
   track             6.16 ms   31.1%
   ctrl+mav          0.42 ms    2.1%
   hud               4.13 ms   20.8%
   display           5.33 ms   26.9%
     detect          5.64 ms  (sub)
     tracker         0.00 ms  (sub)
     hud:overlay     0.77 ms  (sub)
     hud:setup       0.10 ms  (sub)
     hud:ladder      0.10 ms  (sub)
     hud:warp        1.83 ms  (sub)
     hud:arc         0.06 ms  (sub)
     hud:blend       0.87 ms  (sub)
     hud:yaw         0.33 ms  (sub)
     hud:cross       0.04 ms  (sub)
     disp:record     0.00 ms  (sub)
     disp:imshow     0.58 ms  (sub)
     disp:waitkey    4.72 ms  (sub)
[PROF 09:44:07]  51 frames   19.13 ms/frame  ->  52.3 FPS
   capture           3.71 ms   19.4%
   track             6.01 ms   31.4%
   ctrl+mav          0.41 ms    2.1%
   hud               4.16 ms   21.7%
   display           4.85 ms   25.3%
     detect          5.53 ms  (sub)
     tracker         0.00 ms  (sub)
     hud:overlay     0.76 ms  (sub)
     hud:setup       0.10 ms  (sub)
     hud:ladder      0.10 ms  (sub)
     hud:warp        1.86 ms  (sub)
     hud:arc         0.06 ms  (sub)
     hud:blend       0.87 ms  (sub)
     hud:yaw         0.33 ms  (sub)
     hud:cross       0.05 ms  (sub)
     disp:record     0.00 ms  (sub)
     disp:imshow     0.52 ms  (sub)
     disp:waitkey    4.29 ms  (sub)
[PROF 09:44:09]  58 frames   17.78 ms/frame  ->  56.2 FPS
   capture           3.21 ms   18.1%
   track             5.65 ms   31.8%
   ctrl+mav          0.34 ms    1.9%
   hud               3.78 ms   21.2%
   display           4.80 ms   27.0%
     detect          5.20 ms  (sub)
     tracker         0.00 ms  (sub)
     hud:overlay     0.68 ms  (sub)
     hud:setup       0.10 ms  (sub)
     hud:ladder      0.10 ms  (sub)
     hud:warp        1.67 ms  (sub)
     hud:arc         0.05 ms  (sub)
     hud:blend       0.80 ms  (sub)
     hud:yaw         0.32 ms  (sub)
     hud:cross       0.05 ms  (sub)
     disp:record     0.00 ms  (sub)
     disp:imshow     0.51 ms  (sub)
     disp:waitkey    4.25 ms  (sub)
[PROF 09:44:11]  50 frames   19.16 ms/frame  ->  52.2 FPS
   capture           3.79 ms   19.8%
   track             5.88 ms   30.7%
   ctrl+mav          0.43 ms    2.2%
   hud               4.06 ms   21.2%
   display           4.99 ms   26.1%
     detect          5.23 ms  (sub)
     tracker         0.00 ms  (sub)
     hud:overlay     0.74 ms  (sub)
     hud:setup       0.11 ms  (sub)
     hud:ladder      0.11 ms  (sub)
     hud:warp        1.80 ms  (sub)
     hud:arc         0.05 ms  (sub)
     hud:blend       0.85 ms  (sub)
     hud:yaw         0.32 ms  (sub)
     hud:cross       0.05 ms  (sub)
     disp:record     0.00 ms  (sub)
     disp:imshow     0.51 ms  (sub)
     disp:waitkey    4.44 ms  (sub)
[PROF 09:44:13]  54 frames   18.42 ms/frame  ->  54.3 FPS
   capture           3.52 ms   19.1%
   track             5.96 ms   32.3%
   ctrl+mav          0.36 ms    2.0%
   hud               3.88 ms   21.1%
   display           4.71 ms   25.5%
     detect          5.41 ms  (sub)
     tracker         0.00 ms  (sub)
     hud:overlay     0.70 ms  (sub)
     hud:setup       0.10 ms  (sub)
     hud:ladder      0.10 ms  (sub)
     hud:warp        1.69 ms  (sub)
     hud:arc         0.05 ms  (sub)
     hud:blend       0.85 ms  (sub)
     hud:yaw         0.32 ms  (sub)
     hud:cross       0.05 ms  (sub)
     disp:record     0.00 ms  (sub)
     disp:imshow     0.50 ms  (sub)
     disp:waitkey    4.17 ms  (sub)
[PROF 09:44:15]  52 frames   19.29 ms/frame  ->  51.8 FPS
   capture           3.79 ms   19.6%
   track             6.18 ms   32.0%
   ctrl+mav          0.40 ms    2.1%
   hud               3.94 ms   20.4%
   display           4.99 ms   25.9%
     detect          5.67 ms  (sub)
     tracker         0.00 ms  (sub)
     hud:overlay     0.70 ms  (sub)
     hud:setup       0.11 ms  (sub)
     hud:ladder      0.11 ms  (sub)
     hud:warp        1.68 ms  (sub)
     hud:arc         0.05 ms  (sub)
     hud:blend       0.88 ms  (sub)
     hud:yaw         0.33 ms  (sub)
     hud:cross       0.05 ms  (sub)
     disp:record     0.00 ms  (sub)
     disp:imshow     0.57 ms  (sub)
     disp:waitkey    4.38 ms  (sub)
[PROF 09:44:17]  54 frames   18.50 ms/frame  ->  54.1 FPS
   capture           3.42 ms   18.5%
   track             5.95 ms   32.2%
   ctrl+mav          0.36 ms    1.9%
   hud               3.89 ms   21.0%
   display           4.88 ms   26.4%
     detect          5.46 ms  (sub)
     tracker         0.00 ms  (sub)
     hud:overlay     0.68 ms  (sub)
     hud:setup       0.09 ms  (sub)
     hud:ladder      0.10 ms  (sub)
     hud:warp        1.71 ms  (sub)
     hud:arc         0.05 ms  (sub)
     hud:blend       0.83 ms  (sub)
     hud:yaw         0.33 ms  (sub)
     hud:cross       0.06 ms  (sub)
     disp:record     0.00 ms  (sub)
     disp:imshow     0.52 ms  (sub)
     disp:waitkey    4.32 ms  (sub)
[PROF 09:44:20]  57 frames   18.84 ms/frame  ->  53.1 FPS
   capture           3.39 ms   18.0%
   track             6.23 ms   33.1%
   ctrl+mav          0.37 ms    2.0%
   hud               3.99 ms   21.2%
   display           4.86 ms   25.8%
     detect          5.70 ms  (sub)
     tracker         0.00 ms  (sub)
     hud:overlay     0.70 ms  (sub)
     hud:setup       0.10 ms  (sub)
     hud:ladder      0.10 ms  (sub)
     hud:warp        1.76 ms  (sub)
     hud:arc         0.05 ms  (sub)
     hud:blend       0.86 ms  (sub)
     hud:yaw         0.33 ms  (sub)
     hud:cross       0.05 ms  (sub)
     disp:record     0.00 ms  (sub)
     disp:imshow     0.52 ms  (sub)
     disp:waitkey    4.30 ms  (sub)
[PROF 09:44:22]  55 frames   18.62 ms/frame  ->  53.7 FPS
   capture           3.62 ms   19.5%
   track             5.66 ms   30.4%
   ctrl+mav          0.34 ms    1.8%
   hud               4.02 ms   21.6%
   display           4.97 ms   26.7%
     detect          5.18 ms  (sub)
     tracker         0.00 ms  (sub)
     hud:overlay     0.69 ms  (sub)
     hud:setup       0.12 ms  (sub)
     hud:ladder      0.10 ms  (sub)
     hud:warp        1.77 ms  (sub)
     hud:arc         0.05 ms  (sub)
     hud:blend       0.85 ms  (sub)
     hud:yaw         0.35 ms  (sub)
     hud:cross       0.05 ms  (sub)
     disp:record     0.00 ms  (sub)
     disp:imshow     0.52 ms  (sub)
     disp:waitkey    4.41 ms  (sub)
[PROF 09:44:24]  55 frames   18.69 ms/frame  ->  53.5 FPS
   capture           3.54 ms   18.9%
   track             6.00 ms   32.1%
   ctrl+mav          0.37 ms    2.0%
   hud               3.82 ms   20.4%
   display           4.96 ms   26.5%
     detect          5.51 ms  (sub)
     tracker         0.00 ms  (sub)
     hud:overlay     0.70 ms  (sub)
     hud:setup       0.09 ms  (sub)
     hud:ladder      0.10 ms  (sub)
     hud:warp        1.63 ms  (sub)
     hud:arc         0.05 ms  (sub)
     hud:blend       0.84 ms  (sub)
     hud:yaw         0.32 ms  (sub)
     hud:cross       0.06 ms  (sub)
     disp:record     0.00 ms  (sub)
     disp:imshow     0.55 ms  (sub)
     disp:waitkey    4.36 ms  (sub)
[PROF 09:44:26]  57 frames   18.19 ms/frame  ->  55.0 FPS
   capture           3.29 ms   18.1%
   track             5.83 ms   32.1%
   ctrl+mav          0.31 ms    1.7%
   hud               3.87 ms   21.2%
   display           4.89 ms   26.9%
     detect          5.31 ms  (sub)
     tracker         0.00 ms  (sub)
     hud:overlay     0.69 ms  (sub)
     hud:setup       0.10 ms  (sub)
     hud:ladder      0.10 ms  (sub)
     hud:warp        1.73 ms  (sub)
     hud:arc         0.05 ms  (sub)
     hud:blend       0.80 ms  (sub)
     hud:yaw         0.31 ms  (sub)
     hud:cross       0.05 ms  (sub)
     disp:record     0.00 ms  (sub)
     disp:imshow     0.54 ms  (sub)
     disp:waitkey    4.31 ms  (sub)
[PROF 09:44:28]  55 frames   18.78 ms/frame  ->  53.3 FPS
   capture           3.56 ms   19.0%
   track             5.67 ms   30.2%
   ctrl+mav          0.34 ms    1.8%
   hud               4.03 ms   21.5%
   display           5.17 ms   27.6%
     detect          5.16 ms  (sub)
     tracker         0.00 ms  (sub)
     hud:overlay     0.72 ms  (sub)
     hud:setup       0.11 ms  (sub)
     hud:ladder      0.10 ms  (sub)
     hud:warp        1.75 ms  (sub)
     hud:arc         0.06 ms  (sub)
     hud:blend       0.86 ms  (sub)
     hud:yaw         0.32 ms  (sub)
     hud:cross       0.07 ms  (sub)
     disp:record     0.00 ms  (sub)
     disp:imshow     0.58 ms  (sub)
     disp:waitkey    4.56 ms  (sub)
[PROF 09:44:30]  51 frames   19.07 ms/frame  ->  52.4 FPS
   capture           3.58 ms   18.8%
   track             6.04 ms   31.7%
   ctrl+mav          0.36 ms    1.9%
   hud               3.98 ms   20.9%
   display           5.11 ms   26.8%
     detect          5.51 ms  (sub)
     tracker         0.00 ms  (sub)
     hud:overlay     0.71 ms  (sub)
     hud:setup       0.10 ms  (sub)
     hud:ladder      0.10 ms  (sub)
     hud:warp        1.79 ms  (sub)
     hud:arc         0.05 ms  (sub)
     hud:blend       0.83 ms  (sub)
     hud:yaw         0.32 ms  (sub)
     hud:cross       0.04 ms  (sub)
     disp:record     0.00 ms  (sub)
     disp:imshow     0.54 ms  (sub)
     disp:waitkey    4.53 ms  (sub)
[PROF 09:44:32]  50 frames   19.92 ms/frame  ->  50.2 FPS
   capture           3.58 ms   18.0%
   track             5.80 ms   29.1%
   ctrl+mav          0.53 ms    2.7%
   hud               4.02 ms   20.2%
   display           5.99 ms   30.1%
     detect          5.30 ms  (sub)
     tracker         0.00 ms  (sub)
     hud:overlay     0.73 ms  (sub)
     hud:setup       0.11 ms  (sub)
     hud:ladder      0.10 ms  (sub)
     hud:warp        1.77 ms  (sub)
     hud:arc         0.06 ms  (sub)
     hud:blend       0.84 ms  (sub)
     hud:yaw         0.34 ms  (sub)
     hud:cross       0.05 ms  (sub)
     disp:record     0.00 ms  (sub)
     disp:imshow     0.54 ms  (sub)
     disp:waitkey    5.41 ms  (sub)
[PROF 09:44:34]  52 frames   19.23 ms/frame  ->  52.0 FPS
   capture           3.65 ms   19.0%
   track             6.04 ms   31.4%
   ctrl+mav          0.45 ms    2.3%
   hud               4.01 ms   20.9%
   display           5.08 ms   26.4%
     detect          5.54 ms  (sub)
     tracker         0.00 ms  (sub)
     hud:overlay     0.69 ms  (sub)
     hud:setup       0.09 ms  (sub)
     hud:ladder      0.12 ms  (sub)
     hud:warp        1.79 ms  (sub)
     hud:arc         0.05 ms  (sub)
     hud:blend       0.85 ms  (sub)
     hud:yaw         0.32 ms  (sub)
     hud:cross       0.05 ms  (sub)
     disp:record     0.00 ms  (sub)
     disp:imshow     0.54 ms  (sub)
     disp:waitkey    4.51 ms  (sub)
[PROF 09:44:36]  56 frames   18.24 ms/frame  ->  54.8 FPS
   capture           3.48 ms   19.1%
   track             5.87 ms   32.2%
   ctrl+mav          0.36 ms    2.0%
   hud               3.77 ms   20.6%
   display           4.77 ms   26.1%
     detect          5.35 ms  (sub)
     tracker         0.00 ms  (sub)
     hud:overlay     0.68 ms  (sub)
     hud:setup       0.09 ms  (sub)
     hud:ladder      0.09 ms  (sub)
     hud:warp        1.66 ms  (sub)
     hud:arc         0.05 ms  (sub)
     hud:blend       0.83 ms  (sub)
     hud:yaw         0.29 ms  (sub)
     hud:cross       0.04 ms  (sub)
     disp:record     0.00 ms  (sub)
     disp:imshow     0.49 ms  (sub)
     disp:waitkey    4.23 ms  (sub)
[PROF 09:44:38]  51 frames   18.95 ms/frame  ->  52.8 FPS
   capture           3.38 ms   17.8%
   track             6.13 ms   32.4%
   ctrl+mav          0.37 ms    1.9%
   hud               3.98 ms   21.0%
   display           5.09 ms   26.9%
     detect          5.60 ms  (sub)
     tracker         0.00 ms  (sub)
     hud:overlay     0.72 ms  (sub)
     hud:setup       0.10 ms  (sub)
     hud:ladder      0.10 ms  (sub)
     hud:warp        1.76 ms  (sub)
     hud:arc         0.05 ms  (sub)
     hud:blend       0.86 ms  (sub)
     hud:yaw         0.30 ms  (sub)
     hud:cross       0.04 ms  (sub)
     disp:record     0.00 ms  (sub)
     disp:imshow     0.51 ms  (sub)
     disp:waitkey    4.54 ms  (sub)
[PROF 09:44:40]  58 frames   18.78 ms/frame  ->  53.2 FPS
   capture           3.42 ms   18.2%
   track             5.99 ms   31.9%
   ctrl+mav          0.35 ms    1.9%
   hud               3.89 ms   20.7%
   display           5.12 ms   27.3%
     detect          5.46 ms  (sub)
     tracker         0.00 ms  (sub)
     hud:overlay     0.70 ms  (sub)
     hud:setup       0.10 ms  (sub)
     hud:ladder      0.10 ms  (sub)
     hud:warp        1.71 ms  (sub)
     hud:arc         0.06 ms  (sub)
     hud:blend       0.83 ms  (sub)
     hud:yaw         0.31 ms  (sub)
     hud:cross       0.05 ms  (sub)
     disp:record     0.00 ms  (sub)
     disp:imshow     0.57 ms  (sub)
     disp:waitkey    4.51 ms  (sub)
[PROF 09:44:42]  56 frames   19.11 ms/frame  ->  52.3 FPS
   capture           3.69 ms   19.3%
   track             5.85 ms   30.6%
   ctrl+mav          0.38 ms    2.0%
   hud               4.10 ms   21.4%
   display           5.08 ms   26.6%
     detect          5.32 ms  (sub)
     tracker         0.00 ms  (sub)
     hud:overlay     0.71 ms  (sub)
     hud:setup       0.10 ms  (sub)
     hud:ladder      0.10 ms  (sub)
     hud:warp        1.79 ms  (sub)
     hud:arc         0.06 ms  (sub)
     hud:blend       0.91 ms  (sub)
     hud:yaw         0.31 ms  (sub)
     hud:cross       0.08 ms  (sub)
     disp:record     0.00 ms  (sub)
     disp:imshow     0.55 ms  (sub)
     disp:waitkey    4.49 ms  (sub)
[PROF 09:44:44]  55 frames   18.25 ms/frame  ->  54.8 FPS
   capture           3.44 ms   18.8%
   track             5.93 ms   32.5%
   ctrl+mav          0.35 ms    1.9%
   hud               3.74 ms   20.5%
   display           4.79 ms   26.3%
     detect          5.42 ms  (sub)
     tracker         0.00 ms  (sub)
     hud:overlay     0.68 ms  (sub)
     hud:setup       0.09 ms  (sub)
     hud:ladder      0.10 ms  (sub)
     hud:warp        1.67 ms  (sub)
     hud:arc         0.05 ms  (sub)
     hud:blend       0.79 ms  (sub)
     hud:yaw         0.29 ms  (sub)
     hud:cross       0.04 ms  (sub)
     disp:record     0.00 ms  (sub)
     disp:imshow     0.54 ms  (sub)
     disp:waitkey    4.22 ms  (sub)
[PROF 09:44:46]  55 frames   18.82 ms/frame  ->  53.1 FPS
   capture           3.55 ms   18.9%
   track             5.66 ms   30.1%
   ctrl+mav          0.32 ms    1.7%
   hud               3.98 ms   21.1%
   display           5.31 ms   28.2%
     detect          5.22 ms  (sub)
     tracker         0.00 ms  (sub)
     hud:overlay     0.69 ms  (sub)
     hud:setup       0.10 ms  (sub)
     hud:ladder      0.10 ms  (sub)
     hud:warp        1.70 ms  (sub)
     hud:arc         0.06 ms  (sub)
     hud:blend       0.92 ms  (sub)
     hud:yaw         0.33 ms  (sub)
     hud:cross       0.04 ms  (sub)
     disp:record     0.00 ms  (sub)
     disp:imshow     0.54 ms  (sub)
     disp:waitkey    4.73 ms  (sub)
[PROF 09:44:48]  52 frames   19.22 ms/frame  ->  52.0 FPS
   capture           3.71 ms   19.3%
   track             6.13 ms   31.9%
   ctrl+mav          0.24 ms    1.2%
   hud               4.03 ms   21.0%
   display           5.12 ms   26.6%
     detect          5.63 ms  (sub)
     tracker         0.00 ms  (sub)
     hud:overlay     0.72 ms  (sub)
     hud:setup       0.11 ms  (sub)
     hud:ladder      0.10 ms  (sub)
     hud:warp        1.82 ms  (sub)
     hud:arc         0.05 ms  (sub)
     hud:blend       0.84 ms  (sub)
     hud:yaw         0.31 ms  (sub)
     hud:cross       0.05 ms  (sub)
     disp:record     0.00 ms  (sub)
     disp:imshow     0.54 ms  (sub)
     disp:waitkey    4.54 ms  (sub)
[PROF 09:44:50]  51 frames   19.66 ms/frame  ->  50.9 FPS
   capture           3.56 ms   18.1%
   track             5.96 ms   30.3%
   ctrl+mav          0.17 ms    0.8%
   hud               4.01 ms   20.4%
   display           5.98 ms   30.4%
     detect          5.44 ms  (sub)
     tracker         0.00 ms  (sub)
     hud:overlay     0.76 ms  (sub)
     hud:setup       0.11 ms  (sub)
     hud:ladder      0.11 ms  (sub)
     hud:warp        1.69 ms  (sub)
     hud:arc         0.05 ms  (sub)
     hud:blend       0.89 ms  (sub)
     hud:yaw         0.31 ms  (sub)
     hud:cross       0.05 ms  (sub)
     disp:record     0.00 ms  (sub)
     disp:imshow     0.56 ms  (sub)
     disp:waitkey    5.38 ms  (sub)
[PROF 09:44:52]  56 frames   17.84 ms/frame  ->  56.1 FPS
   capture           3.08 ms   17.3%
   track             5.67 ms   31.8%
   ctrl+mav          0.12 ms    0.7%
   hud               3.94 ms   22.1%
   display           5.02 ms   28.2%
     detect          5.22 ms  (sub)
     tracker         0.00 ms  (sub)
     hud:overlay     0.73 ms  (sub)
     hud:setup       0.09 ms  (sub)
     hud:ladder      0.12 ms  (sub)
     hud:warp        1.72 ms  (sub)
     hud:arc         0.05 ms  (sub)
     hud:blend       0.84 ms  (sub)
     hud:yaw         0.30 ms  (sub)
     hud:cross       0.05 ms  (sub)
     disp:record     0.00 ms  (sub)
     disp:imshow     0.53 ms  (sub)
     disp:waitkey    4.46 ms  (sub)
[PROF 09:44:54]  49 frames   19.14 ms/frame  ->  52.2 FPS
   capture           3.49 ms   18.2%
   track             6.15 ms   32.1%
   ctrl+mav          0.14 ms    0.8%
   hud               4.15 ms   21.7%
   display           5.21 ms   27.2%
     detect          5.65 ms  (sub)
     tracker         0.00 ms  (sub)
     hud:overlay     0.71 ms  (sub)
     hud:setup       0.10 ms  (sub)
     hud:ladder      0.11 ms  (sub)
     hud:warp        1.85 ms  (sub)
     hud:arc         0.05 ms  (sub)
     hud:blend       0.90 ms  (sub)
     hud:yaw         0.34 ms  (sub)
     hud:cross       0.05 ms  (sub)
     disp:record     0.00 ms  (sub)
     disp:imshow     0.60 ms  (sub)
     disp:waitkey    4.57 ms  (sub)
[PROF 09:44:56]  52 frames   18.69 ms/frame  ->  53.5 FPS
   capture           3.56 ms   19.1%
   track             5.79 ms   31.0%
   ctrl+mav          0.15 ms    0.8%
   hud               3.97 ms   21.3%
   display           5.22 ms   27.9%
     detect          5.31 ms  (sub)
     tracker         0.00 ms  (sub)
     hud:overlay     0.72 ms  (sub)
     hud:setup       0.10 ms  (sub)
     hud:ladder      0.11 ms  (sub)
     hud:warp        1.80 ms  (sub)
     hud:arc         0.05 ms  (sub)
     hud:blend       0.83 ms  (sub)
     hud:yaw         0.29 ms  (sub)
     hud:cross       0.05 ms  (sub)
     disp:record     0.00 ms  (sub)
     disp:imshow     0.56 ms  (sub)
     disp:waitkey    4.62 ms  (sub)
[PROF 09:44:58]  48 frames   18.37 ms/frame  ->  54.4 FPS
   capture           3.52 ms   19.1%
   track             6.07 ms   33.1%
   ctrl+mav          0.13 ms    0.7%
   hud               3.84 ms   20.9%
   display           4.80 ms   26.1%
     detect          5.55 ms  (sub)
     tracker         0.00 ms  (sub)
     hud:overlay     0.70 ms  (sub)
     hud:setup       0.10 ms  (sub)
     hud:ladder      0.10 ms  (sub)
     hud:warp        1.71 ms  (sub)
     hud:arc         0.05 ms  (sub)
     hud:blend       0.82 ms  (sub)
     hud:yaw         0.29 ms  (sub)
     hud:cross       0.04 ms  (sub)
     disp:record     0.00 ms  (sub)
     disp:imshow     0.51 ms  (sub)
     disp:waitkey    4.25 ms  (sub)
[PROF 09:45:00]  57 frames   18.08 ms/frame  ->  55.3 FPS
   capture           3.16 ms   17.5%
   track             5.89 ms   32.6%
   ctrl+mav          0.14 ms    0.8%
   hud               3.86 ms   21.3%
   display           5.04 ms   27.9%
     detect          5.43 ms  (sub)
     tracker         0.00 ms  (sub)
     hud:overlay     0.72 ms  (sub)
     hud:setup       0.09 ms  (sub)
     hud:ladder      0.10 ms  (sub)
     hud:warp        1.66 ms  (sub)
     hud:arc         0.05 ms  (sub)
     hud:blend       0.83 ms  (sub)
     hud:yaw         0.32 ms  (sub)
     hud:cross       0.05 ms  (sub)
     disp:record     0.00 ms  (sub)
     disp:imshow     0.55 ms  (sub)
     disp:waitkey    4.45 ms  (sub)
[PROF 09:45:02]  56 frames   19.40 ms/frame  ->  51.5 FPS
   capture           3.38 ms   17.4%
   track             6.96 ms   35.9%
   ctrl+mav          0.13 ms    0.7%
   hud               3.99 ms   20.6%
   display           4.94 ms   25.5%
     detect          4.98 ms  (sub)
     tracker         1.45 ms  (sub)
     hud:overlay     0.72 ms  (sub)
     hud:setup       0.09 ms  (sub)
     hud:ladder      0.10 ms  (sub)
     hud:warp        1.76 ms  (sub)
     hud:arc         0.06 ms  (sub)
     hud:blend       0.85 ms  (sub)
     hud:yaw         0.34 ms  (sub)
     hud:cross       0.05 ms  (sub)
     disp:record     0.00 ms  (sub)
     disp:imshow     0.54 ms  (sub)
     disp:waitkey    4.37 ms  (sub)
[PROF 09:45:04]  55 frames   26.73 ms/frame  ->  37.4 FPS
   capture           3.54 ms   13.2%
   track            13.93 ms   52.1%
   ctrl+mav          0.19 ms    0.7%
   hud               4.13 ms   15.5%
   display           4.95 ms   18.5%
     detect          0.99 ms  (sub)
     tracker        12.34 ms  (sub)
     hud:overlay     0.86 ms  (sub)
     hud:setup       0.11 ms  (sub)
     hud:ladder      0.10 ms  (sub)
     hud:warp        1.75 ms  (sub)
     hud:arc         0.05 ms  (sub)
     hud:blend       0.85 ms  (sub)
     hud:yaw         0.32 ms  (sub)
     hud:cross       0.06 ms  (sub)
     disp:record     0.00 ms  (sub)
     disp:imshow     0.54 ms  (sub)
     disp:waitkey    4.37 ms  (sub)
[PROF 09:45:06]  50 frames   26.72 ms/frame  ->  37.4 FPS
   capture           3.48 ms   13.0%
   track            14.06 ms   52.6%
   ctrl+mav          0.16 ms    0.6%
   hud               4.07 ms   15.2%
   display           4.95 ms   18.5%
     detect          0.98 ms  (sub)
     tracker        12.47 ms  (sub)
     hud:overlay     0.87 ms  (sub)
     hud:setup       0.12 ms  (sub)
     hud:ladder      0.11 ms  (sub)
     hud:warp        1.66 ms  (sub)
     hud:arc         0.05 ms  (sub)
     hud:blend       0.87 ms  (sub)
     hud:yaw         0.30 ms  (sub)
     hud:cross       0.05 ms  (sub)
     disp:record     0.00 ms  (sub)
     disp:imshow     0.61 ms  (sub)
     disp:waitkey    4.30 ms  (sub)
[PROF 09:45:08]  56 frames   25.95 ms/frame  ->  38.5 FPS
   capture           3.21 ms   12.4%
   track            13.72 ms   52.8%
   ctrl+mav          0.14 ms    0.5%
   hud               3.99 ms   15.4%
   display           4.90 ms   18.9%
     detect          0.95 ms  (sub)
     tracker        12.17 ms  (sub)
     hud:overlay     0.86 ms  (sub)
     hud:setup       0.10 ms  (sub)
     hud:ladder      0.10 ms  (sub)
     hud:warp        1.67 ms  (sub)
     hud:arc         0.05 ms  (sub)
     hud:blend       0.83 ms  (sub)
     hud:yaw         0.29 ms  (sub)
     hud:cross       0.04 ms  (sub)
     disp:record     0.00 ms  (sub)
     disp:imshow     0.50 ms  (sub)
     disp:waitkey    4.36 ms  (sub)
[PROF 09:45:10]  51 frames   27.14 ms/frame  ->  36.8 FPS
   capture           3.57 ms   13.2%
   track            14.03 ms   51.7%
   ctrl+mav          0.15 ms    0.6%
   hud               4.12 ms   15.2%
   display           5.27 ms   19.4%
     detect          0.95 ms  (sub)
     tracker        12.44 ms  (sub)
     hud:overlay     0.86 ms  (sub)
     hud:setup       0.11 ms  (sub)
     hud:ladder      0.10 ms  (sub)
     hud:warp        1.78 ms  (sub)
     hud:arc         0.05 ms  (sub)
     hud:blend       0.83 ms  (sub)
     hud:yaw         0.31 ms  (sub)
     hud:cross       0.05 ms  (sub)
     disp:record     0.00 ms  (sub)
     disp:imshow     0.51 ms  (sub)
     disp:waitkey    4.71 ms  (sub)
[PROF 09:45:12]  53 frames   26.41 ms/frame  ->  37.9 FPS
   capture           3.17 ms   12.0%
   track            14.16 ms   53.6%
   ctrl+mav          0.17 ms    0.6%
   hud               4.02 ms   15.2%
   display           4.88 ms   18.5%
     detect          1.23 ms  (sub)
     tracker        12.30 ms  (sub)
     hud:overlay     0.84 ms  (sub)
     hud:setup       0.10 ms  (sub)
     hud:ladder      0.10 ms  (sub)
     hud:warp        1.72 ms  (sub)
     hud:arc         0.05 ms  (sub)
     hud:blend       0.82 ms  (sub)
     hud:yaw         0.31 ms  (sub)
     hud:cross       0.04 ms  (sub)
     disp:record     0.00 ms  (sub)
     disp:imshow     0.51 ms  (sub)
     disp:waitkey    4.34 ms  (sub)
[PROF 09:45:14]  53 frames   26.83 ms/frame  ->  37.3 FPS
   capture           3.46 ms   12.9%
   track            14.05 ms   52.4%
   ctrl+mav          0.16 ms    0.6%
   hud               4.25 ms   15.8%
   display           4.91 ms   18.3%
     detect          0.96 ms  (sub)
     tracker        12.45 ms  (sub)
     hud:overlay     0.89 ms  (sub)
     hud:setup       0.12 ms  (sub)
     hud:ladder      0.11 ms  (sub)
     hud:warp        1.80 ms  (sub)
     hud:arc         0.05 ms  (sub)
     hud:blend       0.85 ms  (sub)
     hud:yaw         0.34 ms  (sub)
     hud:cross       0.05 ms  (sub)
     disp:record     0.00 ms  (sub)
     disp:imshow     0.55 ms  (sub)
     disp:waitkey    4.32 ms  (sub)
[PROF 09:45:16]  51 frames   27.13 ms/frame  ->  36.9 FPS
   capture           3.63 ms   13.4%
   track            14.34 ms   52.8%
   ctrl+mav          0.14 ms    0.5%
   hud               4.16 ms   15.3%
   display           4.86 ms   17.9%
     detect          1.14 ms  (sub)
     tracker        12.57 ms  (sub)
     hud:overlay     0.85 ms  (sub)
     hud:setup       0.12 ms  (sub)
     hud:ladder      0.10 ms  (sub)
     hud:warp        1.81 ms  (sub)
     hud:arc         0.05 ms  (sub)
     hud:blend       0.83 ms  (sub)
     hud:yaw         0.31 ms  (sub)
     hud:cross       0.05 ms  (sub)
     disp:record     0.00 ms  (sub)
     disp:imshow     0.53 ms  (sub)
     disp:waitkey    4.29 ms  (sub)
[PROF 09:45:18]  51 frames   26.51 ms/frame  ->  37.7 FPS
   capture           3.44 ms   13.0%
   track            13.90 ms   52.4%
   ctrl+mav          0.15 ms    0.6%
   hud               4.01 ms   15.1%
   display           5.01 ms   18.9%
     detect          1.21 ms  (sub)
     tracker        12.08 ms  (sub)
     hud:overlay     0.83 ms  (sub)
     hud:setup       0.10 ms  (sub)
     hud:ladder      0.10 ms  (sub)
     hud:warp        1.72 ms  (sub)
     hud:arc         0.05 ms  (sub)
     hud:blend       0.81 ms  (sub)
     hud:yaw         0.32 ms  (sub)
     hud:cross       0.05 ms  (sub)
     disp:record     0.00 ms  (sub)
     disp:imshow     0.52 ms  (sub)
     disp:waitkey    4.44 ms  (sub)
[PROF 09:45:20]  47 frames   26.68 ms/frame  ->  37.5 FPS
   capture           3.57 ms   13.4%
   track            14.05 ms   52.6%
   ctrl+mav          0.23 ms    0.9%
   hud               3.97 ms   14.9%
   display           4.87 ms   18.3%
     detect          0.98 ms  (sub)
     tracker        12.43 ms  (sub)
     hud:overlay     0.85 ms  (sub)
     hud:setup       0.11 ms  (sub)
     hud:ladder      0.10 ms  (sub)
     hud:warp        1.63 ms  (sub)
     hud:arc         0.05 ms  (sub)
     hud:blend       0.84 ms  (sub)
     hud:yaw         0.30 ms  (sub)
     hud:cross       0.04 ms  (sub)
     disp:record     0.00 ms  (sub)
     disp:imshow     0.54 ms  (sub)
     disp:waitkey    4.29 ms  (sub)
[PROF 09:45:22]  53 frames   26.82 ms/frame  ->  37.3 FPS
   capture           3.19 ms   11.9%
   track            14.37 ms   53.6%
   ctrl+mav          0.16 ms    0.6%
   hud               4.10 ms   15.3%
   display           5.00 ms   18.6%
     detect          1.00 ms  (sub)
     tracker        12.73 ms  (sub)
     hud:overlay     0.89 ms  (sub)
     hud:setup       0.10 ms  (sub)
     hud:ladder      0.10 ms  (sub)
     hud:warp        1.72 ms  (sub)
     hud:arc         0.05 ms  (sub)
     hud:blend       0.84 ms  (sub)
     hud:yaw         0.32 ms  (sub)
     hud:cross       0.05 ms  (sub)
     disp:record     0.00 ms  (sub)
     disp:imshow     0.51 ms  (sub)
     disp:waitkey    4.45 ms  (sub)
[PROF 09:45:24]  46 frames   27.22 ms/frame  ->  36.7 FPS
   capture           3.45 ms   12.7%
   track            14.41 ms   52.9%
   ctrl+mav          0.15 ms    0.5%
   hud               4.12 ms   15.1%
   display           5.10 ms   18.7%
     detect          0.99 ms  (sub)
     tracker        12.78 ms  (sub)
     hud:overlay     0.88 ms  (sub)
     hud:setup       0.10 ms  (sub)
     hud:ladder      0.10 ms  (sub)
     hud:warp        1.69 ms  (sub)
     hud:arc         0.05 ms  (sub)
     hud:blend       0.87 ms  (sub)
     hud:yaw         0.35 ms  (sub)
     hud:cross       0.04 ms  (sub)
     disp:record     0.00 ms  (sub)
     disp:imshow     0.53 ms  (sub)
     disp:waitkey    4.54 ms  (sub)
[PROF 09:45:26]  51 frames   26.62 ms/frame  ->  37.6 FPS
   capture           3.25 ms   12.2%
   track            14.06 ms   52.8%
   ctrl+mav          0.14 ms    0.5%
   hud               3.97 ms   14.9%
   display           5.20 ms   19.5%
     detect          0.96 ms  (sub)
     tracker        12.46 ms  (sub)
     hud:overlay     0.85 ms  (sub)
     hud:setup       0.11 ms  (sub)
     hud:ladder      0.10 ms  (sub)
     hud:warp        1.65 ms  (sub)
     hud:arc         0.05 ms  (sub)
     hud:blend       0.81 ms  (sub)
     hud:yaw         0.31 ms  (sub)
     hud:cross       0.05 ms  (sub)
     disp:record     0.00 ms  (sub)
     disp:imshow     0.53 ms  (sub)
     disp:waitkey    4.64 ms  (sub)
[PROF 09:45:28]  49 frames   26.82 ms/frame  ->  37.3 FPS
   capture           3.57 ms   13.3%
   track            14.00 ms   52.2%
   ctrl+mav          0.16 ms    0.6%
   hud               4.00 ms   14.9%
   display           5.10 ms   19.0%
     detect          1.03 ms  (sub)
     tracker        12.32 ms  (sub)
     hud:overlay     0.84 ms  (sub)
     hud:setup       0.11 ms  (sub)
     hud:ladder      0.10 ms  (sub)
     hud:warp        1.65 ms  (sub)
     hud:arc         0.05 ms  (sub)
     hud:blend       0.84 ms  (sub)
     hud:yaw         0.33 ms  (sub)
     hud:cross       0.05 ms  (sub)
     disp:record     0.00 ms  (sub)
     disp:imshow     0.59 ms  (sub)
     disp:waitkey    4.47 ms  (sub)
[PROF 09:45:30]  52 frames   28.26 ms/frame  ->  35.4 FPS
   capture           3.22 ms   11.4%
   track            14.34 ms   50.7%
   ctrl+mav          0.18 ms    0.6%
   hud               4.11 ms   14.5%
   display           6.41 ms   22.7%
     detect          1.00 ms  (sub)
     tracker        12.70 ms  (sub)
     hud:overlay     0.86 ms  (sub)
     hud:setup       0.11 ms  (sub)
     hud:ladder      0.10 ms  (sub)
     hud:warp        1.72 ms  (sub)
     hud:arc         0.05 ms  (sub)
     hud:blend       0.85 ms  (sub)
     hud:yaw         0.32 ms  (sub)
     hud:cross       0.04 ms  (sub)
     disp:record     0.00 ms  (sub)
     disp:imshow     0.50 ms  (sub)
     disp:waitkey    5.88 ms  (sub)
[PROF 09:45:32]  53 frames   26.30 ms/frame  ->  38.0 FPS
   capture           3.19 ms   12.1%
   track            14.01 ms   53.3%
   ctrl+mav          0.14 ms    0.6%
   hud               4.02 ms   15.3%
   display           4.94 ms   18.8%
     detect          1.09 ms  (sub)
     tracker        12.31 ms  (sub)
     hud:overlay     0.85 ms  (sub)
     hud:setup       0.11 ms  (sub)
     hud:ladder      0.10 ms  (sub)
     hud:warp        1.66 ms  (sub)
     hud:arc         0.05 ms  (sub)
     hud:blend       0.86 ms  (sub)
     hud:yaw         0.32 ms  (sub)
     hud:cross       0.04 ms  (sub)
     disp:record     0.00 ms  (sub)
     disp:imshow     0.52 ms  (sub)
     disp:waitkey    4.38 ms  (sub)
[PROF 09:45:34]  49 frames   27.20 ms/frame  ->  36.8 FPS
   capture           3.36 ms   12.4%
   track            14.47 ms   53.2%
   ctrl+mav          0.18 ms    0.7%
   hud               4.16 ms   15.3%
   display           5.02 ms   18.4%
     detect          1.13 ms  (sub)
     tracker        12.68 ms  (sub)
     hud:overlay     0.88 ms  (sub)
     hud:setup       0.11 ms  (sub)
     hud:ladder      0.11 ms  (sub)
     hud:warp        1.72 ms  (sub)
     hud:arc         0.05 ms  (sub)
     hud:blend       0.88 ms  (sub)
     hud:yaw         0.31 ms  (sub)
     hud:cross       0.04 ms  (sub)
     disp:record     0.00 ms  (sub)
     disp:imshow     0.51 ms  (sub)
     disp:waitkey    4.46 ms  (sub)
[PROF 09:45:36]  50 frames   26.70 ms/frame  ->  37.5 FPS
   capture           3.13 ms   11.7%
   track            14.47 ms   54.2%
   ctrl+mav          0.19 ms    0.7%
   hud               3.94 ms   14.8%
   display           4.96 ms   18.6%
     detect          1.15 ms  (sub)
     tracker        12.67 ms  (sub)
     hud:overlay     0.84 ms  (sub)
     hud:setup       0.10 ms  (sub)
     hud:ladder      0.10 ms  (sub)
     hud:warp        1.64 ms  (sub)
     hud:arc         0.05 ms  (sub)
     hud:blend       0.81 ms  (sub)
     hud:yaw         0.30 ms  (sub)
     hud:cross       0.05 ms  (sub)
     disp:record     0.00 ms  (sub)
     disp:imshow     0.52 ms  (sub)
     disp:waitkey    4.41 ms  (sub)
[PROF 09:45:38]  52 frames   26.59 ms/frame  ->  37.6 FPS
   capture           3.46 ms   13.0%
   track            13.91 ms   52.3%
   ctrl+mav          0.15 ms    0.5%
   hud               3.88 ms   14.6%
   display           5.19 ms   19.5%
     detect          0.92 ms  (sub)
     tracker        12.36 ms  (sub)
     hud:overlay     0.85 ms  (sub)
     hud:setup       0.09 ms  (sub)
     hud:ladder      0.09 ms  (sub)
     hud:warp        1.58 ms  (sub)
     hud:arc         0.05 ms  (sub)
     hud:blend       0.82 ms  (sub)
     hud:yaw         0.30 ms  (sub)
     hud:cross       0.05 ms  (sub)
     disp:record     0.00 ms  (sub)
     disp:imshow     0.51 ms  (sub)
     disp:waitkey    4.64 ms  (sub)
[PROF 09:45:40]  52 frames   26.45 ms/frame  ->  37.8 FPS
   capture           3.11 ms   11.7%
   track            14.07 ms   53.2%
   ctrl+mav          0.22 ms    0.8%
   hud               4.05 ms   15.3%
   display           5.01 ms   18.9%
     detect          0.98 ms  (sub)
     tracker        12.49 ms  (sub)
     hud:overlay     0.84 ms  (sub)
     hud:setup       0.10 ms  (sub)
     hud:ladder      0.10 ms  (sub)
     hud:warp        1.73 ms  (sub)
     hud:arc         0.05 ms  (sub)
     hud:blend       0.82 ms  (sub)
     hud:yaw         0.30 ms  (sub)
     hud:cross       0.05 ms  (sub)
     disp:record     0.00 ms  (sub)
     disp:imshow     0.55 ms  (sub)
     disp:waitkey    4.41 ms  (sub)
[PROF 09:45:42]  46 frames   27.57 ms/frame  ->  36.3 FPS
   capture           3.47 ms   12.6%
   track            14.63 ms   53.1%
   ctrl+mav          0.17 ms    0.6%
   hud               4.21 ms   15.3%
   display           5.08 ms   18.4%
     detect          1.21 ms  (sub)
     tracker        12.76 ms  (sub)
     hud:overlay     0.87 ms  (sub)
     hud:setup       0.11 ms  (sub)
     hud:ladder      0.11 ms  (sub)
     hud:warp        1.84 ms  (sub)
     hud:arc         0.05 ms  (sub)
     hud:blend       0.84 ms  (sub)
     hud:yaw         0.31 ms  (sub)
     hud:cross       0.04 ms  (sub)
     disp:record     0.00 ms  (sub)
     disp:imshow     0.60 ms  (sub)
     disp:waitkey    4.44 ms  (sub)
[PROF 09:45:44]  51 frames   26.93 ms/frame  ->  37.1 FPS
   capture           3.44 ms   12.8%
   track            13.88 ms   51.5%
   ctrl+mav          0.15 ms    0.5%
   hud               4.10 ms   15.2%
   display           5.37 ms   19.9%
     detect          0.94 ms  (sub)
     tracker        12.33 ms  (sub)
     hud:overlay     0.87 ms  (sub)
     hud:setup       0.10 ms  (sub)
     hud:ladder      0.10 ms  (sub)
     hud:warp        1.72 ms  (sub)
     hud:arc         0.05 ms  (sub)
     hud:blend       0.84 ms  (sub)
     hud:yaw         0.32 ms  (sub)
     hud:cross       0.05 ms  (sub)
     disp:record     0.00 ms  (sub)
     disp:imshow     0.55 ms  (sub)
     disp:waitkey    4.78 ms  (sub)
[PROF 09:45:47]  49 frames   26.87 ms/frame  ->  37.2 FPS
   capture           3.46 ms   12.9%
   track            14.43 ms   53.7%
   ctrl+mav          0.14 ms    0.5%
   hud               3.97 ms   14.8%
   display           4.86 ms   18.1%
     detect          1.34 ms  (sub)
     tracker        12.40 ms  (sub)
     hud:overlay     0.83 ms  (sub)
     hud:setup       0.09 ms  (sub)
     hud:ladder      0.10 ms  (sub)
     hud:warp        1.71 ms  (sub)
     hud:arc         0.05 ms  (sub)
     hud:blend       0.80 ms  (sub)
     hud:yaw         0.31 ms  (sub)
     hud:cross       0.04 ms  (sub)
     disp:record     0.00 ms  (sub)
     disp:imshow     0.49 ms  (sub)
     disp:waitkey    4.33 ms  (sub)
[PROF 09:45:49]  51 frames   26.66 ms/frame  ->  37.5 FPS
   capture           3.24 ms   12.1%
   track            14.14 ms   53.0%
   ctrl+mav          0.18 ms    0.7%
   hud               3.92 ms   14.7%
   display           5.18 ms   19.4%
     detect          1.00 ms  (sub)
     tracker        12.47 ms  (sub)
     hud:overlay     0.85 ms  (sub)
     hud:setup       0.09 ms  (sub)
     hud:ladder      0.10 ms  (sub)
     hud:warp        1.65 ms  (sub)
     hud:arc         0.05 ms  (sub)
     hud:blend       0.80 ms  (sub)
     hud:yaw         0.30 ms  (sub)
     hud:cross       0.04 ms  (sub)
     disp:record     0.00 ms  (sub)
     disp:imshow     0.57 ms  (sub)
     disp:waitkey    4.58 ms  (sub)
[PROF 09:45:51]  51 frames   26.40 ms/frame  ->  37.9 FPS
   capture           3.14 ms   11.9%
   track            14.12 ms   53.5%
   ctrl+mav          0.15 ms    0.6%
   hud               4.00 ms   15.2%
   display           4.99 ms   18.9%
     detect          1.05 ms  (sub)
     tracker        12.43 ms  (sub)
     hud:overlay     0.86 ms  (sub)
     hud:setup       0.10 ms  (sub)
     hud:ladder      0.10 ms  (sub)
     hud:warp        1.68 ms  (sub)
     hud:arc         0.05 ms  (sub)
     hud:blend       0.82 ms  (sub)
     hud:yaw         0.31 ms  (sub)
     hud:cross       0.05 ms  (sub)
     disp:record     0.00 ms  (sub)
     disp:imshow     0.53 ms  (sub)
     disp:waitkey    4.43 ms  (sub)
[PROF 09:45:53]  52 frames   26.35 ms/frame  ->  37.9 FPS
   capture           3.44 ms   13.1%
   track            13.99 ms   53.1%
   ctrl+mav          0.14 ms    0.5%
   hud               3.93 ms   14.9%
   display           4.86 ms   18.4%
     detect          1.07 ms  (sub)
     tracker        12.27 ms  (sub)
     hud:overlay     0.84 ms  (sub)
     hud:setup       0.10 ms  (sub)
     hud:ladder      0.10 ms  (sub)
     hud:warp        1.64 ms  (sub)
     hud:arc         0.05 ms  (sub)
     hud:blend       0.81 ms  (sub)
     hud:yaw         0.30 ms  (sub)
     hud:cross       0.04 ms  (sub)
     disp:record     0.00 ms  (sub)
     disp:imshow     0.51 ms  (sub)
     disp:waitkey    4.30 ms  (sub)
[PROF 09:45:55]  56 frames   26.55 ms/frame  ->  37.7 FPS
   capture           3.28 ms   12.4%
   track            14.21 ms   53.5%
   ctrl+mav          0.16 ms    0.6%
   hud               3.96 ms   14.9%
   display           4.93 ms   18.6%
     detect          1.29 ms  (sub)
     tracker        12.32 ms  (sub)
     hud:overlay     0.85 ms  (sub)
     hud:setup       0.09 ms  (sub)
     hud:ladder      0.10 ms  (sub)
     hud:warp        1.66 ms  (sub)
     hud:arc         0.05 ms  (sub)
     hud:blend       0.82 ms  (sub)
     hud:yaw         0.30 ms  (sub)
     hud:cross       0.04 ms  (sub)
     disp:record     0.00 ms  (sub)
     disp:imshow     0.53 ms  (sub)
     disp:waitkey    4.37 ms  (sub)
[PROF 09:45:57]  53 frames   26.53 ms/frame  ->  37.7 FPS
   capture           3.30 ms   12.4%
   track            13.93 ms   52.5%
   ctrl+mav          0.17 ms    0.6%
   hud               3.99 ms   15.0%
   display           5.15 ms   19.4%
     detect          1.08 ms  (sub)
     tracker        12.27 ms  (sub)
     hud:overlay     0.85 ms  (sub)
     hud:setup       0.10 ms  (sub)
     hud:ladder      0.10 ms  (sub)
     hud:warp        1.67 ms  (sub)
     hud:arc         0.05 ms  (sub)
     hud:blend       0.81 ms  (sub)
     hud:yaw         0.30 ms  (sub)
     hud:cross       0.04 ms  (sub)
     disp:record     0.00 ms  (sub)
     disp:imshow     0.52 ms  (sub)
     disp:waitkey    4.58 ms  (sub)
[PROF 09:45:59]  48 frames   26.81 ms/frame  ->  37.3 FPS
   capture           3.29 ms   12.3%
   track            14.31 ms   53.4%
   ctrl+mav          0.19 ms    0.7%
   hud               3.99 ms   14.9%
   display           5.03 ms   18.8%
     detect          1.08 ms  (sub)
     tracker        12.56 ms  (sub)
     hud:overlay     0.85 ms  (sub)
     hud:setup       0.10 ms  (sub)
     hud:ladder      0.10 ms  (sub)
     hud:warp        1.66 ms  (sub)
     hud:arc         0.05 ms  (sub)
     hud:blend       0.82 ms  (sub)
     hud:yaw         0.31 ms  (sub)
     hud:cross       0.05 ms  (sub)
     disp:record     0.00 ms  (sub)
     disp:imshow     0.53 ms  (sub)
     disp:waitkey    4.47 ms  (sub)
[PROF 09:46:01]  52 frames   26.78 ms/frame  ->  37.3 FPS
   capture           3.55 ms   13.2%
   track            13.99 ms   52.2%
   ctrl+mav          0.18 ms    0.7%
   hud               4.12 ms   15.4%
   display           4.95 ms   18.5%
     detect          0.90 ms  (sub)
     tracker        12.43 ms  (sub)
     hud:overlay     0.85 ms  (sub)
     hud:setup       0.11 ms  (sub)
     hud:ladder      0.10 ms  (sub)
     hud:warp        1.78 ms  (sub)
     hud:arc         0.05 ms  (sub)
     hud:blend       0.84 ms  (sub)
     hud:yaw         0.31 ms  (sub)
     hud:cross       0.05 ms  (sub)
     disp:record     0.00 ms  (sub)
     disp:imshow     0.50 ms  (sub)
     disp:waitkey    4.41 ms  (sub)
[PROF 09:46:03]  48 frames   26.84 ms/frame  ->  37.3 FPS
   capture           3.17 ms   11.8%
   track            14.50 ms   54.0%
   ctrl+mav          0.15 ms    0.5%
   hud               4.12 ms   15.4%
   display           4.90 ms   18.3%
     detect          1.05 ms  (sub)
     tracker        12.82 ms  (sub)
     hud:overlay     0.85 ms  (sub)
     hud:setup       0.10 ms  (sub)
     hud:ladder      0.10 ms  (sub)
     hud:warp        1.80 ms  (sub)
     hud:arc         0.05 ms  (sub)
     hud:blend       0.82 ms  (sub)
     hud:yaw         0.32 ms  (sub)
     hud:cross       0.04 ms  (sub)
     disp:record     0.00 ms  (sub)
     disp:imshow     0.61 ms  (sub)
     disp:waitkey    4.25 ms  (sub)
[PROF 09:46:05]  55 frames   26.26 ms/frame  ->  38.1 FPS
   capture           3.09 ms   11.8%
   track            14.02 ms   53.4%
   ctrl+mav          0.15 ms    0.6%
   hud               3.97 ms   15.1%
   display           5.03 ms   19.2%
     detect          1.06 ms  (sub)
     tracker        12.37 ms  (sub)
     hud:overlay     0.84 ms  (sub)
     hud:setup       0.10 ms  (sub)
     hud:ladder      0.10 ms  (sub)
     hud:warp        1.66 ms  (sub)
     hud:arc         0.05 ms  (sub)
     hud:blend       0.82 ms  (sub)
     hud:yaw         0.30 ms  (sub)
     hud:cross       0.05 ms  (sub)
     disp:record     0.00 ms  (sub)
     disp:imshow     0.53 ms  (sub)
     disp:waitkey    4.46 ms  (sub)
[PROF 09:46:07]  54 frames   27.09 ms/frame  ->  36.9 FPS
   capture           3.25 ms   12.0%
   track            14.20 ms   52.4%
   ctrl+mav          0.16 ms    0.6%
   hud               4.29 ms   15.8%
   display           5.19 ms   19.2%
     detect          0.99 ms  (sub)
     tracker        12.57 ms  (sub)
     hud:overlay     0.87 ms  (sub)
     hud:setup       0.10 ms  (sub)
     hud:ladder      0.10 ms  (sub)
     hud:warp        1.85 ms  (sub)
     hud:arc         0.05 ms  (sub)
     hud:blend       0.89 ms  (sub)
     hud:yaw         0.33 ms  (sub)
     hud:cross       0.05 ms  (sub)
     disp:record     0.00 ms  (sub)
     disp:imshow     0.62 ms  (sub)
     disp:waitkey    4.54 ms  (sub)
[PROF 09:46:09]  46 frames   26.43 ms/frame  ->  37.8 FPS
   capture           3.43 ms   13.0%
   track            13.98 ms   52.9%
   ctrl+mav          0.18 ms    0.7%
   hud               3.99 ms   15.1%
   display           4.85 ms   18.3%
     detect          0.94 ms  (sub)
     tracker        12.44 ms  (sub)
     hud:overlay     0.83 ms  (sub)
     hud:setup       0.10 ms  (sub)
     hud:ladder      0.10 ms  (sub)
     hud:warp        1.66 ms  (sub)
     hud:arc         0.05 ms  (sub)
     hud:blend       0.85 ms  (sub)
     hud:yaw         0.31 ms  (sub)
     hud:cross       0.04 ms  (sub)
     disp:record     0.00 ms  (sub)
     disp:imshow     0.50 ms  (sub)
     disp:waitkey    4.31 ms  (sub)
[PROF 09:46:11]  50 frames   27.06 ms/frame  ->  37.0 FPS
   capture           3.64 ms   13.5%
   track            14.07 ms   52.0%
   ctrl+mav          0.15 ms    0.6%
   hud               4.01 ms   14.8%
   display           5.19 ms   19.2%
     detect          0.98 ms  (sub)
     tracker        12.45 ms  (sub)
     hud:overlay     0.85 ms  (sub)
     hud:setup       0.09 ms  (sub)
     hud:ladder      0.10 ms  (sub)
     hud:warp        1.62 ms  (sub)
     hud:arc         0.05 ms  (sub)
     hud:blend       0.87 ms  (sub)
     hud:yaw         0.34 ms  (sub)
     hud:cross       0.04 ms  (sub)
     disp:record     0.00 ms  (sub)
     disp:imshow     0.54 ms  (sub)
     disp:waitkey    4.61 ms  (sub)
[PROF 09:46:13]  50 frames   29.32 ms/frame  ->  34.1 FPS
   capture           3.25 ms   11.1%
   track            17.08 ms   58.3%
   ctrl+mav          0.15 ms    0.5%
   hud               3.98 ms   13.6%
   display           4.86 ms   16.6%
     detect          0.99 ms  (sub)
     tracker        15.10 ms  (sub)
     hud:overlay     0.85 ms  (sub)
     hud:setup       0.11 ms  (sub)
     hud:ladder      0.10 ms  (sub)
     hud:warp        1.65 ms  (sub)
     hud:arc         0.05 ms  (sub)
     hud:blend       0.80 ms  (sub)
     hud:yaw         0.33 ms  (sub)
     hud:cross       0.05 ms  (sub)
     disp:record     0.00 ms  (sub)
     disp:imshow     0.51 ms  (sub)
     disp:waitkey    4.30 ms  (sub)
[PROF 09:46:15]   7 frames  313.29 ms/frame  ->   3.2 FPS
   capture           2.77 ms    0.9%
   track           301.46 ms   96.2%
   ctrl+mav          0.39 ms    0.1%
   hud               3.74 ms    1.2%
   display           4.92 ms    1.6%
     detect          0.65 ms  (sub)
     tracker       300.10 ms  (sub)
     hud:overlay     0.81 ms  (sub)
     hud:setup       0.10 ms  (sub)
     hud:ladder      0.09 ms  (sub)
     hud:warp        1.51 ms  (sub)
     hud:arc         0.05 ms  (sub)
     hud:blend       0.81 ms  (sub)
     hud:yaw         0.30 ms  (sub)
     hud:cross       0.04 ms  (sub)
     disp:record     0.00 ms  (sub)
     disp:imshow     0.47 ms  (sub)
     disp:waitkey    4.42 ms  (sub)
[PROF 09:46:17]   7 frames  304.44 ms/frame  ->   3.3 FPS
   capture           2.11 ms    0.7%
   track           293.61 ms   96.4%
   ctrl+mav          0.22 ms    0.1%
   hud               3.67 ms    1.2%
   display           4.83 ms    1.6%
     detect          1.31 ms  (sub)
     tracker       291.71 ms  (sub)
     hud:overlay     0.76 ms  (sub)
     hud:setup       0.09 ms  (sub)
     hud:ladder      0.09 ms  (sub)
     hud:warp        1.59 ms  (sub)
     hud:arc         0.04 ms  (sub)
     hud:blend       0.73 ms  (sub)
     hud:yaw         0.28 ms  (sub)
     hud:cross       0.04 ms  (sub)
     disp:record     0.00 ms  (sub)
     disp:imshow     0.46 ms  (sub)
     disp:waitkey    4.34 ms  (sub)
[PROF 09:46:19]   7 frames  310.36 ms/frame  ->   3.2 FPS
   capture           2.35 ms    0.8%
   track           299.22 ms   96.4%
   ctrl+mav          0.40 ms    0.1%
   hud               3.66 ms    1.2%
   display           4.73 ms    1.5%
     detect          0.64 ms  (sub)
     tracker       297.95 ms  (sub)
     hud:overlay     0.83 ms  (sub)
     hud:setup       0.09 ms  (sub)
     hud:ladder      0.09 ms  (sub)
     hud:warp        1.51 ms  (sub)
     hud:arc         0.05 ms  (sub)
     hud:blend       0.74 ms  (sub)
     hud:yaw         0.28 ms  (sub)
     hud:cross       0.04 ms  (sub)
     disp:record     0.00 ms  (sub)
     disp:imshow     0.47 ms  (sub)
     disp:waitkey    4.23 ms  (sub)
[PROF 09:46:21]   7 frames  313.17 ms/frame  ->   3.2 FPS
   capture           2.48 ms    0.8%
   track           302.00 ms   96.4%
   ctrl+mav          0.35 ms    0.1%
   hud               3.66 ms    1.2%
   display           4.68 ms    1.5%
     detect          0.65 ms  (sub)
     tracker       300.66 ms  (sub)
     hud:overlay     0.77 ms  (sub)
     hud:setup       0.10 ms  (sub)
     hud:ladder      0.09 ms  (sub)
     hud:warp        1.56 ms  (sub)
     hud:arc         0.04 ms  (sub)
     hud:blend       0.73 ms  (sub)
     hud:yaw         0.29 ms  (sub)
     hud:cross       0.04 ms  (sub)
     disp:record     0.00 ms  (sub)
     disp:imshow     0.48 ms  (sub)
     disp:waitkey    4.17 ms  (sub)
[PROF 09:46:24]   7 frames  307.64 ms/frame  ->   3.3 FPS
   capture           2.24 ms    0.7%
   track           296.72 ms   96.5%
   ctrl+mav          0.39 ms    0.1%
   hud               3.56 ms    1.2%
   display           4.73 ms    1.5%
     detect          1.38 ms  (sub)
     tracker       294.72 ms  (sub)
     hud:overlay     0.76 ms  (sub)
     hud:setup       0.10 ms  (sub)
     hud:ladder      0.11 ms  (sub)
     hud:warp        1.46 ms  (sub)
     hud:arc         0.04 ms  (sub)
     hud:blend       0.73 ms  (sub)
     hud:yaw         0.28 ms  (sub)
     hud:cross       0.04 ms  (sub)
     disp:record     0.00 ms  (sub)
     disp:imshow     0.48 ms  (sub)
     disp:waitkey    4.22 ms  (sub)
[PROF 09:46:26]   7 frames  312.55 ms/frame  ->   3.2 FPS
   capture           2.31 ms    0.7%
   track           301.82 ms   96.6%
   ctrl+mav          0.22 ms    0.1%
   hud               3.60 ms    1.2%
   display           4.60 ms    1.5%
     detect          0.69 ms  (sub)
     tracker       300.45 ms  (sub)
     hud:overlay     0.79 ms  (sub)
     hud:setup       0.09 ms  (sub)
     hud:ladder      0.08 ms  (sub)
     hud:warp        1.48 ms  (sub)
     hud:arc         0.04 ms  (sub)
     hud:blend       0.76 ms  (sub)
     hud:yaw         0.28 ms  (sub)
     hud:cross       0.04 ms  (sub)
     disp:record     0.00 ms  (sub)
     disp:imshow     0.45 ms  (sub)
     disp:waitkey    4.12 ms  (sub)
[PROF 09:46:28]   7 frames  307.61 ms/frame  ->   3.3 FPS
   capture           2.66 ms    0.9%
   track           296.07 ms   96.2%
   ctrl+mav          0.15 ms    0.1%
   hud               3.57 ms    1.2%
   display           5.15 ms    1.7%
     detect          1.30 ms  (sub)
     tracker       294.21 ms  (sub)
     hud:overlay     0.76 ms  (sub)
     hud:setup       0.08 ms  (sub)
     hud:ladder      0.09 ms  (sub)
     hud:warp        1.45 ms  (sub)
     hud:arc         0.04 ms  (sub)
     hud:blend       0.77 ms  (sub)
     hud:yaw         0.30 ms  (sub)
     hud:cross       0.04 ms  (sub)
     disp:record     0.00 ms  (sub)
     disp:imshow     0.54 ms  (sub)
     disp:waitkey    4.57 ms  (sub)
[PROF 09:46:30]   7 frames  306.36 ms/frame  ->   3.3 FPS
   capture           2.74 ms    0.9%
   track           295.41 ms   96.4%
   ctrl+mav          0.20 ms    0.1%
   hud               3.54 ms    1.2%
   display           4.47 ms    1.5%
     detect          0.67 ms  (sub)
     tracker       294.08 ms  (sub)
     hud:overlay     0.79 ms  (sub)
     hud:setup       0.09 ms  (sub)
     hud:ladder      0.08 ms  (sub)
     hud:warp        1.44 ms  (sub)
     hud:arc         0.04 ms  (sub)
     hud:blend       0.73 ms  (sub)
     hud:yaw         0.28 ms  (sub)
     hud:cross       0.04 ms  (sub)
     disp:record     0.00 ms  (sub)
     disp:imshow     0.50 ms  (sub)
     disp:waitkey    3.94 ms  (sub)
[PROF 09:46:32]   7 frames  302.77 ms/frame  ->   3.3 FPS
   capture           2.09 ms    0.7%
   track           292.33 ms   96.6%
   ctrl+mav          0.38 ms    0.1%
   hud               3.41 ms    1.1%
   display           4.55 ms    1.5%
     detect          0.64 ms  (sub)
     tracker       291.06 ms  (sub)
     hud:overlay     0.74 ms  (sub)
     hud:setup       0.10 ms  (sub)
     hud:ladder      0.08 ms  (sub)
     hud:warp        1.42 ms  (sub)
     hud:arc         0.04 ms  (sub)
     hud:blend       0.69 ms  (sub)
     hud:yaw         0.26 ms  (sub)
     hud:cross       0.04 ms  (sub)
     disp:record     0.00 ms  (sub)
     disp:imshow     0.46 ms  (sub)
     disp:waitkey    4.07 ms  (sub)
[PROF 09:46:34]   7 frames  302.13 ms/frame  ->   3.3 FPS
   capture           2.07 ms    0.7%
   track           291.66 ms   96.5%
   ctrl+mav          0.68 ms    0.2%
   hud               3.40 ms    1.1%
   display           4.31 ms    1.4%
     detect          1.42 ms  (sub)
     tracker       289.72 ms  (sub)
     hud:overlay     0.74 ms  (sub)
     hud:setup       0.09 ms  (sub)
     hud:ladder      0.08 ms  (sub)
     hud:warp        1.42 ms  (sub)
     hud:arc         0.04 ms  (sub)
     hud:blend       0.69 ms  (sub)
     hud:yaw         0.27 ms  (sub)
     hud:cross       0.04 ms  (sub)
     disp:record     0.00 ms  (sub)
     disp:imshow     0.46 ms  (sub)
     disp:waitkey    3.82 ms  (sub)
[PROF 09:46:36]   7 frames  305.13 ms/frame  ->   3.3 FPS
   capture           2.21 ms    0.7%
   track           294.29 ms   96.4%
   ctrl+mav          0.31 ms    0.1%
   hud               3.61 ms    1.2%
   display           4.71 ms    1.5%
     detect          0.66 ms  (sub)
     tracker       292.93 ms  (sub)
     hud:overlay     0.78 ms  (sub)
     hud:setup       0.09 ms  (sub)
     hud:ladder      0.09 ms  (sub)
     hud:warp        1.50 ms  (sub)
     hud:arc         0.04 ms  (sub)
     hud:blend       0.74 ms  (sub)
     hud:yaw         0.28 ms  (sub)
     hud:cross       0.04 ms  (sub)
     disp:record     0.00 ms  (sub)
     disp:imshow     0.52 ms  (sub)
     disp:waitkey    4.15 ms  (sub)
[PROF 09:46:39]   7 frames  307.55 ms/frame  ->   3.3 FPS
   capture           2.52 ms    0.8%
   track           296.36 ms   96.4%
   ctrl+mav          0.44 ms    0.1%
   hud               3.59 ms    1.2%
   display           4.63 ms    1.5%
     detect          1.30 ms  (sub)
     tracker       294.39 ms  (sub)
     hud:overlay     0.77 ms  (sub)
     hud:setup       0.09 ms  (sub)
     hud:ladder      0.08 ms  (sub)
     hud:warp        1.43 ms  (sub)
     hud:arc         0.04 ms  (sub)
     hud:blend       0.79 ms  (sub)
     hud:yaw         0.32 ms  (sub)
     hud:cross       0.04 ms  (sub)
     disp:record     0.00 ms  (sub)
     disp:imshow     0.50 ms  (sub)
     disp:waitkey    4.10 ms  (sub)
[PROF 09:46:41]   7 frames  305.12 ms/frame  ->   3.3 FPS
   capture           2.86 ms    0.9%
   track           293.59 ms   96.2%
   ctrl+mav          0.26 ms    0.1%
   hud               3.71 ms    1.2%
   display           4.69 ms    1.5%
     detect          0.66 ms  (sub)
     tracker       292.29 ms  (sub)
     hud:overlay     0.76 ms  (sub)
     hud:setup       0.11 ms  (sub)
     hud:ladder      0.10 ms  (sub)
     hud:warp        1.56 ms  (sub)
     hud:arc         0.04 ms  (sub)
     hud:blend       0.77 ms  (sub)
     hud:yaw         0.30 ms  (sub)
     hud:cross       0.04 ms  (sub)
     disp:record     0.00 ms  (sub)
     disp:imshow     0.48 ms  (sub)
     disp:waitkey    4.19 ms  (sub)
[PROF 09:46:43]   7 frames  303.01 ms/frame  ->   3.3 FPS
   capture           2.39 ms    0.8%
   track           292.46 ms   96.5%
   ctrl+mav          0.15 ms    0.0%
   hud               3.47 ms    1.1%
   display           4.54 ms    1.5%
     detect          0.64 ms  (sub)
     tracker       291.29 ms  (sub)
     hud:overlay     0.76 ms  (sub)
     hud:setup       0.09 ms  (sub)
     hud:ladder      0.08 ms  (sub)
     hud:warp        1.45 ms  (sub)
     hud:arc         0.04 ms  (sub)
     hud:blend       0.71 ms  (sub)
     hud:yaw         0.27 ms  (sub)
     hud:cross       0.04 ms  (sub)
     disp:record     0.00 ms  (sub)
     disp:imshow     0.45 ms  (sub)
     disp:waitkey    4.07 ms  (sub)
[PROF 09:46:45]   7 frames  310.63 ms/frame  ->   3.2 FPS
   capture           2.18 ms    0.7%
   track           299.70 ms   96.5%
   ctrl+mav          0.60 ms    0.2%
   hud               3.69 ms    1.2%
   display           4.47 ms    1.4%
     detect          1.28 ms  (sub)
     tracker       297.77 ms  (sub)
     hud:overlay     0.83 ms  (sub)
     hud:setup       0.09 ms  (sub)
     hud:ladder      0.09 ms  (sub)
     hud:warp        1.50 ms  (sub)
     hud:arc         0.05 ms  (sub)
     hud:blend       0.77 ms  (sub)
     hud:yaw         0.28 ms  (sub)
     hud:cross       0.04 ms  (sub)
     disp:record     0.00 ms  (sub)
     disp:imshow     0.46 ms  (sub)
     disp:waitkey    3.98 ms  (sub)
[PROF 09:46:47]   7 frames  301.27 ms/frame  ->   3.3 FPS
   capture           2.21 ms    0.7%
   track           290.37 ms   96.4%
   ctrl+mav          0.27 ms    0.1%
   hud               3.53 ms    1.2%
   display           4.88 ms    1.6%
     detect          0.71 ms  (sub)
     tracker       289.11 ms  (sub)
     hud:overlay     0.77 ms  (sub)
     hud:setup       0.09 ms  (sub)
     hud:ladder      0.09 ms  (sub)
     hud:warp        1.47 ms  (sub)
     hud:arc         0.04 ms  (sub)
     hud:blend       0.72 ms  (sub)
     hud:yaw         0.27 ms  (sub)
     hud:cross       0.04 ms  (sub)
     disp:record     0.00 ms  (sub)
     disp:imshow     0.48 ms  (sub)
     disp:waitkey    4.37 ms  (sub)
[PROF 09:46:49]   7 frames  304.47 ms/frame  ->   3.3 FPS
   capture           2.37 ms    0.8%
   track           293.42 ms   96.4%
   ctrl+mav          0.65 ms    0.2%
   hud               3.54 ms    1.2%
   display           4.48 ms    1.5%
     detect          1.34 ms  (sub)
     tracker       291.54 ms  (sub)
     hud:overlay     0.76 ms  (sub)
     hud:setup       0.09 ms  (sub)
     hud:ladder      0.08 ms  (sub)
     hud:warp        1.45 ms  (sub)
     hud:arc         0.04 ms  (sub)
     hud:blend       0.74 ms  (sub)
     hud:yaw         0.30 ms  (sub)
     hud:cross       0.04 ms  (sub)
     disp:record     0.00 ms  (sub)
     disp:imshow     0.47 ms  (sub)
     disp:waitkey    3.98 ms  (sub)
[PROF 09:46:51]   7 frames  303.66 ms/frame  ->   3.3 FPS
   capture           2.20 ms    0.7%
   track           292.82 ms   96.4%
   ctrl+mav          0.35 ms    0.1%
   hud               3.54 ms    1.2%
   display           4.75 ms    1.6%
     detect          0.64 ms  (sub)
     tracker       291.64 ms  (sub)
     hud:overlay     0.75 ms  (sub)
     hud:setup       0.09 ms  (sub)
     hud:ladder      0.08 ms  (sub)
     hud:warp        1.49 ms  (sub)
     hud:arc         0.05 ms  (sub)
     hud:blend       0.73 ms  (sub)
     hud:yaw         0.27 ms  (sub)
     hud:cross       0.05 ms  (sub)
     disp:record     0.00 ms  (sub)
     disp:imshow     0.49 ms  (sub)
     disp:waitkey    4.23 ms  (sub)
[PROF 09:46:54]   7 frames  302.28 ms/frame  ->   3.3 FPS
   capture           2.54 ms    0.8%
   track           291.02 ms   96.3%
   ctrl+mav          0.17 ms    0.1%
   hud               3.54 ms    1.2%
   display           5.01 ms    1.7%
     detect          0.69 ms  (sub)
     tracker       289.66 ms  (sub)
     hud:overlay     0.75 ms  (sub)
     hud:setup       0.09 ms  (sub)
     hud:ladder      0.08 ms  (sub)
     hud:warp        1.45 ms  (sub)
     hud:arc         0.05 ms  (sub)
     hud:blend       0.76 ms  (sub)
     hud:yaw         0.28 ms  (sub)
     hud:cross       0.04 ms  (sub)
     disp:record     0.00 ms  (sub)
     disp:imshow     0.45 ms  (sub)
     disp:waitkey    4.53 ms  (sub)
[PROF 09:46:56]   7 frames  309.42 ms/frame  ->   3.2 FPS
   capture           3.39 ms    1.1%
   track           297.41 ms   96.1%
   ctrl+mav          0.16 ms    0.1%
   hud               3.56 ms    1.1%
   display           4.91 ms    1.6%
     detect          1.29 ms  (sub)
     tracker       295.41 ms  (sub)
     hud:overlay     0.76 ms  (sub)
     hud:setup       0.09 ms  (sub)
     hud:ladder      0.08 ms  (sub)
     hud:warp        1.45 ms  (sub)
     hud:arc         0.04 ms  (sub)
     hud:blend       0.77 ms  (sub)
     hud:yaw         0.29 ms  (sub)
     hud:cross       0.04 ms  (sub)
     disp:record     0.00 ms  (sub)
     disp:imshow     0.57 ms  (sub)
     disp:waitkey    4.30 ms  (sub)
[PROF 09:46:58]   7 frames  309.81 ms/frame  ->   3.2 FPS
   capture           2.08 ms    0.7%
   track           299.20 ms   96.6%
   ctrl+mav          0.30 ms    0.1%
   hud               3.66 ms    1.2%
   display           4.58 ms    1.5%
     detect          0.66 ms  (sub)
     tracker       297.96 ms  (sub)
     hud:overlay     0.80 ms  (sub)
     hud:setup       0.10 ms  (sub)
     hud:ladder      0.09 ms  (sub)
     hud:warp        1.52 ms  (sub)
     hud:arc         0.05 ms  (sub)
     hud:blend       0.74 ms  (sub)
     hud:yaw         0.27 ms  (sub)
     hud:cross       0.04 ms  (sub)
     disp:record     0.00 ms  (sub)
     disp:imshow     0.48 ms  (sub)
     disp:waitkey    4.07 ms  (sub)
[PROF 09:47:00]   7 frames  306.51 ms/frame  ->   3.3 FPS
   capture           2.41 ms    0.8%
   track           295.28 ms   96.3%
   ctrl+mav          0.35 ms    0.1%
   hud               3.51 ms    1.1%
   display           4.97 ms    1.6%
     detect          1.32 ms  (sub)
     tracker       293.28 ms  (sub)
     hud:overlay     0.77 ms  (sub)
     hud:setup       0.09 ms  (sub)
     hud:ladder      0.10 ms  (sub)
     hud:warp        1.43 ms  (sub)
     hud:arc         0.04 ms  (sub)
     hud:blend       0.71 ms  (sub)
     hud:yaw         0.27 ms  (sub)
     hud:cross       0.05 ms  (sub)
     disp:record     0.00 ms  (sub)
     disp:imshow     1.16 ms  (sub)
     disp:waitkey    3.78 ms  (sub)
[PROF 09:47:02]   7 frames  302.59 ms/frame  ->   3.3 FPS
   capture           2.37 ms    0.8%
   track           291.96 ms   96.5%
   ctrl+mav          0.36 ms    0.1%
   hud               3.52 ms    1.2%
   display           4.37 ms    1.4%
     detect          0.65 ms  (sub)
     tracker       290.73 ms  (sub)
     hud:overlay     0.75 ms  (sub)
     hud:setup       0.09 ms  (sub)
     hud:ladder      0.08 ms  (sub)
     hud:warp        1.45 ms  (sub)
     hud:arc         0.05 ms  (sub)
     hud:blend       0.73 ms  (sub)
     hud:yaw         0.28 ms  (sub)
     hud:cross       0.04 ms  (sub)
     disp:record     0.00 ms  (sub)
     disp:imshow     0.48 ms  (sub)
     disp:waitkey    3.86 ms  (sub)
[PROF 09:47:04]   7 frames  305.17 ms/frame  ->   3.3 FPS
   capture           3.73 ms    1.2%
   track           291.47 ms   95.5%
   ctrl+mav          0.52 ms    0.2%
   hud               3.62 ms    1.2%
   display           5.83 ms    1.9%
     detect          0.65 ms  (sub)
     tracker       290.03 ms  (sub)
     hud:overlay     0.77 ms  (sub)
     hud:setup       0.11 ms  (sub)
     hud:ladder      0.10 ms  (sub)
     hud:warp        1.51 ms  (sub)
     hud:arc         0.05 ms  (sub)
     hud:blend       0.75 ms  (sub)
     hud:yaw         0.26 ms  (sub)
     hud:cross       0.04 ms  (sub)
     disp:record     0.00 ms  (sub)
     disp:imshow     0.52 ms  (sub)
     disp:waitkey    5.28 ms  (sub)
[PROF 09:47:06]   7 frames  307.88 ms/frame  ->   3.2 FPS
   capture           2.70 ms    0.9%
   track           296.36 ms   96.3%
   ctrl+mav          0.32 ms    0.1%
   hud               3.46 ms    1.1%
   display           5.05 ms    1.6%
     detect          1.30 ms  (sub)
     tracker       294.34 ms  (sub)
     hud:overlay     0.77 ms  (sub)
     hud:setup       0.08 ms  (sub)
     hud:ladder      0.08 ms  (sub)
     hud:warp        1.44 ms  (sub)
     hud:arc         0.04 ms  (sub)
     hud:blend       0.71 ms  (sub)
     hud:yaw         0.27 ms  (sub)
     hud:cross       0.04 ms  (sub)
     disp:record     0.00 ms  (sub)
     disp:imshow     0.48 ms  (sub)
     disp:waitkey    4.54 ms  (sub)
[PROF 09:47:09]   7 frames  304.00 ms/frame  ->   3.3 FPS
   capture           2.72 ms    0.9%
   track           291.80 ms   96.0%
   ctrl+mav          0.63 ms    0.2%
   hud               3.63 ms    1.2%
   display           5.22 ms    1.7%
     detect          0.65 ms  (sub)
     tracker       290.37 ms  (sub)
     hud:overlay     0.75 ms  (sub)
     hud:setup       0.11 ms  (sub)
     hud:ladder      0.09 ms  (sub)
     hud:warp        1.50 ms  (sub)
     hud:arc         0.05 ms  (sub)
     hud:blend       0.76 ms  (sub)
     hud:yaw         0.30 ms  (sub)
     hud:cross       0.05 ms  (sub)
     disp:record     0.00 ms  (sub)
     disp:imshow     0.52 ms  (sub)
     disp:waitkey    4.66 ms  (sub)
[PROF 09:47:11]   7 frames  306.12 ms/frame  ->   3.3 FPS
   capture           2.25 ms    0.7%
   track           295.40 ms   96.5%
   ctrl+mav          0.18 ms    0.1%
   hud               3.69 ms    1.2%
   display           4.60 ms    1.5%
     detect          1.41 ms  (sub)
     tracker       293.43 ms  (sub)
     hud:overlay     0.75 ms  (sub)
     hud:setup       0.11 ms  (sub)
     hud:ladder      0.15 ms  (sub)
     hud:warp        1.54 ms  (sub)
     hud:arc         0.05 ms  (sub)
     hud:blend       0.76 ms  (sub)
     hud:yaw         0.27 ms  (sub)
     hud:cross       0.04 ms  (sub)
     disp:record     0.00 ms  (sub)
     disp:imshow     0.59 ms  (sub)
     disp:waitkey    3.98 ms  (sub)
[PROF 09:47:13]   7 frames  304.47 ms/frame  ->   3.3 FPS
   capture           2.10 ms    0.7%
   track           293.35 ms   96.3%
   ctrl+mav          0.61 ms    0.2%
   hud               3.45 ms    1.1%
   display           4.96 ms    1.6%
     detect          0.67 ms  (sub)
     tracker       292.08 ms  (sub)
     hud:overlay     0.76 ms  (sub)
     hud:setup       0.09 ms  (sub)
     hud:ladder      0.08 ms  (sub)
     hud:warp        1.45 ms  (sub)
     hud:arc         0.04 ms  (sub)
     hud:blend       0.70 ms  (sub)
     hud:yaw         0.26 ms  (sub)
     hud:cross       0.04 ms  (sub)
     disp:record     0.00 ms  (sub)
     disp:imshow     0.52 ms  (sub)
     disp:waitkey    4.41 ms  (sub)
[PROF 09:47:15]   7 frames  305.31 ms/frame  ->   3.3 FPS
   capture           2.42 ms    0.8%
   track           294.23 ms   96.4%
   ctrl+mav          0.37 ms    0.1%
   hud               3.49 ms    1.1%
   display           4.80 ms    1.6%
     detect          0.65 ms  (sub)
     tracker       292.97 ms  (sub)
     hud:overlay     0.75 ms  (sub)
     hud:setup       0.10 ms  (sub)
     hud:ladder      0.09 ms  (sub)
     hud:warp        1.46 ms  (sub)
     hud:arc         0.04 ms  (sub)
     hud:blend       0.71 ms  (sub)
     hud:yaw         0.27 ms  (sub)
     hud:cross       0.04 ms  (sub)
     disp:record     0.00 ms  (sub)
     disp:imshow     0.50 ms  (sub)
     disp:waitkey    4.28 ms  (sub)
[PROF 09:47:17]   7 frames  311.35 ms/frame  ->   3.2 FPS
   capture           2.22 ms    0.7%
   track           300.67 ms   96.6%
   ctrl+mav          0.46 ms    0.1%
   hud               3.61 ms    1.2%
   display           4.39 ms    1.4%
     detect          1.30 ms  (sub)
     tracker       298.77 ms  (sub)
     hud:overlay     0.78 ms  (sub)
     hud:setup       0.09 ms  (sub)
     hud:ladder      0.08 ms  (sub)
     hud:warp        1.45 ms  (sub)
     hud:arc         0.04 ms  (sub)
     hud:blend       0.77 ms  (sub)
     hud:yaw         0.28 ms  (sub)
     hud:cross       0.08 ms  (sub)
     disp:record     0.00 ms  (sub)
     disp:imshow     0.53 ms  (sub)
     disp:waitkey    3.83 ms  (sub)
[PROF 09:47:19]   7 frames  307.66 ms/frame  ->   3.3 FPS
   capture           3.37 ms    1.1%
   track           295.36 ms   96.0%
   ctrl+mav          0.38 ms    0.1%
   hud               3.90 ms    1.3%
   display           4.66 ms    1.5%
     detect          0.74 ms  (sub)
     tracker       293.60 ms  (sub)
     hud:overlay     0.78 ms  (sub)
     hud:setup       0.10 ms  (sub)
     hud:ladder      0.09 ms  (sub)
     hud:warp        1.74 ms  (sub)
     hud:arc         0.05 ms  (sub)
     hud:blend       0.77 ms  (sub)
     hud:yaw         0.27 ms  (sub)
     hud:cross       0.05 ms  (sub)
     disp:record     0.00 ms  (sub)
     disp:imshow     0.50 ms  (sub)
     disp:waitkey    4.12 ms  (sub)
[PROF 09:47:21]   7 frames  305.43 ms/frame  ->   3.3 FPS
   capture           2.21 ms    0.7%
   track           294.73 ms   96.5%
   ctrl+mav          0.64 ms    0.2%
   hud               3.42 ms    1.1%
   display           4.44 ms    1.5%
     detect          1.34 ms  (sub)
     tracker       292.85 ms  (sub)
     hud:overlay     0.75 ms  (sub)
     hud:setup       0.09 ms  (sub)
     hud:ladder      0.08 ms  (sub)
     hud:warp        1.42 ms  (sub)
     hud:arc         0.04 ms  (sub)
     hud:blend       0.70 ms  (sub)
     hud:yaw         0.26 ms  (sub)
     hud:cross       0.04 ms  (sub)
     disp:record     0.00 ms  (sub)
     disp:imshow     0.46 ms  (sub)
     disp:waitkey    3.95 ms  (sub)
[PROF 09:47:24]   7 frames  306.18 ms/frame  ->   3.3 FPS
   capture           2.92 ms    1.0%
   track           294.77 ms   96.3%
   ctrl+mav          0.31 ms    0.1%
   hud               3.54 ms    1.2%
   display           4.65 ms    1.5%
     detect          0.66 ms  (sub)
     tracker       293.33 ms  (sub)
     hud:overlay     0.74 ms  (sub)
     hud:setup       0.09 ms  (sub)
     hud:ladder      0.08 ms  (sub)
     hud:warp        1.45 ms  (sub)
     hud:arc         0.04 ms  (sub)
     hud:blend       0.75 ms  (sub)
     hud:yaw         0.27 ms  (sub)
     hud:cross       0.08 ms  (sub)
     disp:record     0.00 ms  (sub)
     disp:imshow     0.54 ms  (sub)
     disp:waitkey    4.08 ms  (sub)
[PROF 09:47:26]   7 frames  306.56 ms/frame  ->   3.3 FPS
   capture           3.11 ms    1.0%
   track           293.98 ms   95.9%
   ctrl+mav          0.53 ms    0.2%
   hud               3.76 ms    1.2%
   display           5.18 ms    1.7%
     detect          0.65 ms  (sub)
     tracker       292.70 ms  (sub)
     hud:overlay     0.73 ms  (sub)
     hud:setup       0.11 ms  (sub)
     hud:ladder      0.10 ms  (sub)
     hud:warp        1.68 ms  (sub)
     hud:arc         0.05 ms  (sub)
     hud:blend       0.74 ms  (sub)
     hud:yaw         0.28 ms  (sub)
     hud:cross       0.04 ms  (sub)
     disp:record     0.00 ms  (sub)
     disp:imshow     0.51 ms  (sub)
     disp:waitkey    4.64 ms  (sub)
[PROF 09:47:28]   7 frames  303.45 ms/frame  ->   3.3 FPS
   capture           2.13 ms    0.7%
   track           293.01 ms   96.6%
   ctrl+mav          0.38 ms    0.1%
   hud               3.44 ms    1.1%
   display           4.48 ms    1.5%
     detect          1.32 ms  (sub)
     tracker       291.17 ms  (sub)
     hud:overlay     0.74 ms  (sub)
     hud:setup       0.10 ms  (sub)
     hud:ladder      0.09 ms  (sub)
     hud:warp        1.43 ms  (sub)
     hud:arc         0.04 ms  (sub)
     hud:blend       0.70 ms  (sub)
     hud:yaw         0.26 ms  (sub)
     hud:cross       0.04 ms  (sub)
     disp:record     0.00 ms  (sub)
     disp:imshow     0.51 ms  (sub)
     disp:waitkey    3.94 ms  (sub)
[PROF 09:47:30]   7 frames  303.75 ms/frame  ->   3.3 FPS
   capture           3.05 ms    1.0%
   track           290.84 ms   95.8%
   ctrl+mav          0.56 ms    0.2%
   hud               3.79 ms    1.2%
   display           5.50 ms    1.8%
     detect          0.65 ms  (sub)
     tracker       289.58 ms  (sub)
     hud:overlay     0.77 ms  (sub)
     hud:setup       0.10 ms  (sub)
     hud:ladder      0.08 ms  (sub)
     hud:warp        1.54 ms  (sub)
     hud:arc         0.05 ms  (sub)
     hud:blend       0.86 ms  (sub)
     hud:yaw         0.29 ms  (sub)
     hud:cross       0.05 ms  (sub)
     disp:record     0.00 ms  (sub)
     disp:imshow     0.60 ms  (sub)
     disp:waitkey    4.87 ms  (sub)
[PROF 09:47:32]   7 frames  305.12 ms/frame  ->   3.3 FPS
   capture           2.70 ms    0.9%
   track           292.90 ms   96.0%
   ctrl+mav          0.88 ms    0.3%
   hud               3.44 ms    1.1%
   display           5.20 ms    1.7%
     detect          1.29 ms  (sub)
     tracker       290.94 ms  (sub)
     hud:overlay     0.74 ms  (sub)
     hud:setup       0.09 ms  (sub)
     hud:ladder      0.08 ms  (sub)
     hud:warp        1.44 ms  (sub)
     hud:arc         0.04 ms  (sub)
     hud:blend       0.71 ms  (sub)
     hud:yaw         0.27 ms  (sub)
     hud:cross       0.04 ms  (sub)
     disp:record     0.00 ms  (sub)
     disp:imshow     0.48 ms  (sub)
     disp:waitkey    4.69 ms  (sub)
[PROF 09:47:34]   7 frames  304.63 ms/frame  ->   3.3 FPS
   capture           2.75 ms    0.9%
   track           292.24 ms   95.9%
   ctrl+mav          0.63 ms    0.2%
   hud               3.93 ms    1.3%
   display           5.08 ms    1.7%
     detect          0.67 ms  (sub)
     tracker       290.86 ms  (sub)
     hud:overlay     0.75 ms  (sub)
     hud:setup       0.12 ms  (sub)
     hud:ladder      0.09 ms  (sub)
     hud:warp        1.79 ms  (sub)
     hud:arc         0.05 ms  (sub)
     hud:blend       0.77 ms  (sub)
     hud:yaw         0.29 ms  (sub)
     hud:cross       0.04 ms  (sub)
     disp:record     0.00 ms  (sub)
     disp:imshow     0.54 ms  (sub)
     disp:waitkey    4.51 ms  (sub)
[PROF 09:47:36]   7 frames  305.14 ms/frame  ->   3.3 FPS
   capture           2.63 ms    0.9%
   track           293.87 ms   96.3%
   ctrl+mav          0.52 ms    0.2%
   hud               3.52 ms    1.2%
   display           4.60 ms    1.5%
     detect          0.65 ms  (sub)
     tracker       292.62 ms  (sub)
     hud:overlay     0.74 ms  (sub)
     hud:setup       0.09 ms  (sub)
     hud:ladder      0.08 ms  (sub)
     hud:warp        1.46 ms  (sub)
     hud:arc         0.05 ms  (sub)
     hud:blend       0.75 ms  (sub)
     hud:yaw         0.28 ms  (sub)
     hud:cross       0.04 ms  (sub)
     disp:record     0.00 ms  (sub)
     disp:imshow     0.46 ms  (sub)
     disp:waitkey    4.12 ms  (sub)
[PROF 09:47:39]   7 frames  311.06 ms/frame  ->   3.2 FPS
   capture           2.27 ms    0.7%
   track           299.99 ms   96.4%
   ctrl+mav          0.56 ms    0.2%
   hud               3.62 ms    1.2%
   display           4.63 ms    1.5%
     detect          1.31 ms  (sub)
     tracker       298.13 ms  (sub)
     hud:overlay     0.80 ms  (sub)
     hud:setup       0.10 ms  (sub)
     hud:ladder      0.09 ms  (sub)
     hud:warp        1.46 ms  (sub)
     hud:arc         0.04 ms  (sub)
     hud:blend       0.75 ms  (sub)
     hud:yaw         0.29 ms  (sub)
     hud:cross       0.04 ms  (sub)
     disp:record     0.00 ms  (sub)
     disp:imshow     0.50 ms  (sub)
     disp:waitkey    4.10 ms  (sub)
[PROF 09:47:41]   7 frames  302.57 ms/frame  ->   3.3 FPS
   capture           2.26 ms    0.7%
   track           292.37 ms   96.6%
   ctrl+mav          0.17 ms    0.1%
   hud               3.51 ms    1.2%
   display           4.26 ms    1.4%
     detect          0.64 ms  (sub)
     tracker       291.17 ms  (sub)
     hud:overlay     0.76 ms  (sub)
     hud:setup       0.10 ms  (sub)
     hud:ladder      0.09 ms  (sub)
     hud:warp        1.45 ms  (sub)
     hud:arc         0.04 ms  (sub)
     hud:blend       0.71 ms  (sub)
     hud:yaw         0.27 ms  (sub)
     hud:cross       0.04 ms  (sub)
     disp:record     0.00 ms  (sub)
     disp:imshow     0.50 ms  (sub)
     disp:waitkey    3.74 ms  (sub)
[PROF 09:47:43]   7 frames  305.07 ms/frame  ->   3.3 FPS
   capture           2.87 ms    0.9%
   track           292.56 ms   95.9%
   ctrl+mav          0.21 ms    0.1%
   hud               3.81 ms    1.2%
   display           5.63 ms    1.8%
     detect          1.31 ms  (sub)
     tracker       290.53 ms  (sub)
     hud:overlay     0.78 ms  (sub)
     hud:setup       0.10 ms  (sub)
     hud:ladder      0.10 ms  (sub)
     hud:warp        1.59 ms  (sub)
     hud:arc         0.05 ms  (sub)
     hud:blend       0.77 ms  (sub)
     hud:yaw         0.32 ms  (sub)
     hud:cross       0.05 ms  (sub)
     disp:record     0.00 ms  (sub)
     disp:imshow     0.85 ms  (sub)
     disp:waitkey    4.74 ms  (sub)
[PROF 09:47:45]   7 frames  302.12 ms/frame  ->   3.3 FPS
   capture           2.31 ms    0.8%
   track           290.17 ms   96.0%
   ctrl+mav          0.33 ms    0.1%
   hud               4.30 ms    1.4%
   display           5.01 ms    1.7%
     detect          0.65 ms  (sub)
     tracker       288.87 ms  (sub)
     hud:overlay     0.77 ms  (sub)
     hud:setup       0.11 ms  (sub)
     hud:ladder      0.09 ms  (sub)
     hud:warp        2.21 ms  (sub)
     hud:arc         0.04 ms  (sub)
     hud:blend       0.71 ms  (sub)
     hud:yaw         0.29 ms  (sub)
     hud:cross       0.05 ms  (sub)
     disp:record     0.00 ms  (sub)
     disp:imshow     0.53 ms  (sub)
     disp:waitkey    4.45 ms  (sub)
[PROF 09:47:47]   7 frames  302.06 ms/frame  ->   3.3 FPS
   capture           2.55 ms    0.8%
   track           290.74 ms   96.3%
   ctrl+mav          0.66 ms    0.2%
   hud               3.47 ms    1.1%
   display           4.64 ms    1.5%
     detect          0.64 ms  (sub)
     tracker       289.56 ms  (sub)
     hud:overlay     0.76 ms  (sub)
     hud:setup       0.10 ms  (sub)
     hud:ladder      0.08 ms  (sub)
     hud:warp        1.45 ms  (sub)
     hud:arc         0.04 ms  (sub)
     hud:blend       0.70 ms  (sub)
     hud:yaw         0.27 ms  (sub)
     hud:cross       0.04 ms  (sub)
     disp:record     0.00 ms  (sub)
     disp:imshow     0.45 ms  (sub)
     disp:waitkey    4.16 ms  (sub)
[PROF 09:47:49]   7 frames  303.30 ms/frame  ->   3.3 FPS
   capture           2.33 ms    0.8%
   track           292.10 ms   96.3%
   ctrl+mav          0.45 ms    0.1%
   hud               3.84 ms    1.3%
   display           4.58 ms    1.5%
     detect          1.36 ms  (sub)
     tracker       290.11 ms  (sub)
     hud:overlay     0.74 ms  (sub)
     hud:setup       0.12 ms  (sub)
     hud:ladder      0.10 ms  (sub)
     hud:warp        1.70 ms  (sub)
     hud:arc         0.06 ms  (sub)
     hud:blend       0.76 ms  (sub)
     hud:yaw         0.29 ms  (sub)
     hud:cross       0.04 ms  (sub)
     disp:record     0.00 ms  (sub)
     disp:imshow     0.50 ms  (sub)
     disp:waitkey    4.05 ms  (sub)
[PROF 09:47:51]   7 frames  308.43 ms/frame  ->   3.2 FPS
   capture           2.10 ms    0.7%
   track           297.81 ms   96.6%
   ctrl+mav          0.64 ms    0.2%
   hud               3.60 ms    1.2%
   display           4.29 ms    1.4%
     detect          0.68 ms  (sub)
     tracker       296.58 ms  (sub)
     hud:overlay     0.78 ms  (sub)
     hud:setup       0.10 ms  (sub)
     hud:ladder      0.10 ms  (sub)
     hud:warp        1.47 ms  (sub)
     hud:arc         0.04 ms  (sub)
     hud:blend       0.73 ms  (sub)
     hud:yaw         0.29 ms  (sub)
     hud:cross       0.04 ms  (sub)
     disp:record     0.00 ms  (sub)
     disp:imshow     0.46 ms  (sub)
     disp:waitkey    3.79 ms  (sub)
[PROF 09:47:53]   7 frames  307.61 ms/frame  ->   3.3 FPS
   capture           2.88 ms    0.9%
   track           295.44 ms   96.0%
   ctrl+mav          0.32 ms    0.1%
   hud               3.73 ms    1.2%
   display           5.24 ms    1.7%
     detect          1.35 ms  (sub)
     tracker       293.21 ms  (sub)
     hud:overlay     0.77 ms  (sub)
     hud:setup       0.11 ms  (sub)
     hud:ladder      0.09 ms  (sub)
     hud:warp        1.50 ms  (sub)
     hud:arc         0.05 ms  (sub)
     hud:blend       0.81 ms  (sub)
     hud:yaw         0.31 ms  (sub)
     hud:cross       0.06 ms  (sub)
     disp:record     0.00 ms  (sub)
     disp:imshow     0.64 ms  (sub)
     disp:waitkey    4.56 ms  (sub)
[PROF 09:47:56]   7 frames  305.81 ms/frame  ->   3.3 FPS
   capture           3.19 ms    1.0%
   track           294.57 ms   96.3%
   ctrl+mav          0.23 ms    0.1%
   hud               3.53 ms    1.2%
   display           4.29 ms    1.4%
     detect          0.65 ms  (sub)
     tracker       293.03 ms  (sub)
     hud:overlay     0.75 ms  (sub)
     hud:setup       0.11 ms  (sub)
     hud:ladder      0.09 ms  (sub)
     hud:warp        1.47 ms  (sub)
     hud:arc         0.05 ms  (sub)
     hud:blend       0.71 ms  (sub)
     hud:yaw         0.28 ms  (sub)
     hud:cross       0.04 ms  (sub)
     disp:record     0.00 ms  (sub)
     disp:imshow     0.47 ms  (sub)
     disp:waitkey    3.78 ms  (sub)
[PROF 09:47:58]   7 frames  302.43 ms/frame  ->   3.3 FPS
   capture           2.70 ms    0.9%
   track           290.21 ms   96.0%
   ctrl+mav          0.51 ms    0.2%
   hud               3.92 ms    1.3%
   display           5.10 ms    1.7%
     detect          0.72 ms  (sub)
     tracker       288.74 ms  (sub)
     hud:overlay     0.77 ms  (sub)
     hud:setup       0.12 ms  (sub)
     hud:ladder      0.10 ms  (sub)
     hud:warp        1.71 ms  (sub)
     hud:arc         0.05 ms  (sub)
     hud:blend       0.80 ms  (sub)
     hud:yaw         0.28 ms  (sub)
     hud:cross       0.04 ms  (sub)
     disp:record     0.00 ms  (sub)
     disp:imshow     0.54 ms  (sub)
     disp:waitkey    4.52 ms  (sub)
[PROF 09:48:00]   7 frames  303.01 ms/frame  ->   3.3 FPS
   capture           2.88 ms    1.0%
   track           290.80 ms   96.0%
   ctrl+mav          0.31 ms    0.1%
   hud               3.58 ms    1.2%
   display           5.43 ms    1.8%
     detect          1.32 ms  (sub)
     tracker       288.75 ms  (sub)
     hud:overlay     0.75 ms  (sub)
     hud:setup       0.10 ms  (sub)
     hud:ladder      0.08 ms  (sub)
     hud:warp        1.45 ms  (sub)
     hud:arc         0.04 ms  (sub)
     hud:blend       0.78 ms  (sub)
     hud:yaw         0.29 ms  (sub)
     hud:cross       0.04 ms  (sub)
     disp:record     0.00 ms  (sub)
     disp:imshow     0.48 ms  (sub)
     disp:waitkey    4.92 ms  (sub)
[PROF 09:48:02]   7 frames  305.13 ms/frame  ->   3.3 FPS
   capture           2.79 ms    0.9%
   track           293.37 ms   96.1%
   ctrl+mav          0.57 ms    0.2%
   hud               3.49 ms    1.1%
   display           4.90 ms    1.6%
     detect          0.65 ms  (sub)
     tracker       292.01 ms  (sub)
     hud:overlay     0.74 ms  (sub)
     hud:setup       0.11 ms  (sub)
     hud:ladder      0.09 ms  (sub)
     hud:warp        1.43 ms  (sub)
     hud:arc         0.04 ms  (sub)
     hud:blend       0.71 ms  (sub)
     hud:yaw         0.29 ms  (sub)
     hud:cross       0.04 ms  (sub)
     disp:record     0.00 ms  (sub)
     disp:imshow     0.48 ms  (sub)
     disp:waitkey    4.39 ms  (sub)
[PROF 09:48:04]   7 frames  311.75 ms/frame  ->   3.2 FPS
   capture           2.42 ms    0.8%
   track           300.47 ms   96.4%
   ctrl+mav          0.65 ms    0.2%
   hud               3.65 ms    1.2%
   display           4.56 ms    1.5%
     detect          1.31 ms  (sub)
     tracker       298.51 ms  (sub)
     hud:overlay     0.78 ms  (sub)
     hud:setup       0.10 ms  (sub)
     hud:ladder      0.10 ms  (sub)
     hud:warp        1.49 ms  (sub)
     hud:arc         0.04 ms  (sub)
     hud:blend       0.76 ms  (sub)
     hud:yaw         0.30 ms  (sub)
     hud:cross       0.05 ms  (sub)
     disp:record     0.00 ms  (sub)
     disp:imshow     0.52 ms  (sub)
     disp:waitkey    4.01 ms  (sub)
[PROF 09:48:06]   7 frames  303.43 ms/frame  ->   3.3 FPS
   capture           2.28 ms    0.8%
   track           293.08 ms   96.6%
   ctrl+mav          0.30 ms    0.1%
   hud               3.54 ms    1.2%
   display           4.23 ms    1.4%
     detect          0.65 ms  (sub)
     tracker       291.88 ms  (sub)
     hud:overlay     0.74 ms  (sub)
     hud:setup       0.09 ms  (sub)
     hud:ladder      0.08 ms  (sub)
     hud:warp        1.49 ms  (sub)
     hud:arc         0.04 ms  (sub)
     hud:blend       0.74 ms  (sub)
     hud:yaw         0.28 ms  (sub)
     hud:cross       0.04 ms  (sub)
     disp:record     0.00 ms  (sub)
     disp:imshow     0.46 ms  (sub)
     disp:waitkey    3.74 ms  (sub)
[PROF 09:48:08]   7 frames  305.21 ms/frame  ->   3.3 FPS
   capture           2.52 ms    0.8%
   track           292.66 ms   95.9%
   ctrl+mav          0.84 ms    0.3%
   hud               3.80 ms    1.2%
   display           5.40 ms    1.8%
     detect          0.65 ms  (sub)
     tracker       291.41 ms  (sub)
     hud:overlay     0.78 ms  (sub)
     hud:setup       0.12 ms  (sub)
     hud:ladder      0.10 ms  (sub)
     hud:warp        1.56 ms  (sub)
     hud:arc         0.05 ms  (sub)
     hud:blend       0.81 ms  (sub)
     hud:yaw         0.29 ms  (sub)
     hud:cross       0.04 ms  (sub)
     disp:record     0.00 ms  (sub)
     disp:imshow     0.49 ms  (sub)
     disp:waitkey    4.89 ms  (sub)
[PROF 09:48:11]   7 frames  305.29 ms/frame  ->   3.3 FPS
   capture           2.82 ms    0.9%
   track           292.99 ms   96.0%
   ctrl+mav          0.80 ms    0.3%
   hud               3.71 ms    1.2%
   display           4.98 ms    1.6%
     detect          1.29 ms  (sub)
     tracker       290.97 ms  (sub)
     hud:overlay     0.77 ms  (sub)
     hud:setup       0.10 ms  (sub)
     hud:ladder      0.09 ms  (sub)
     hud:warp        1.57 ms  (sub)
     hud:arc         0.04 ms  (sub)
     hud:blend       0.76 ms  (sub)
     hud:yaw         0.28 ms  (sub)
     hud:cross       0.04 ms  (sub)
     disp:record     0.00 ms  (sub)
     disp:imshow     0.47 ms  (sub)
     disp:waitkey    4.48 ms  (sub)
[PROF 09:48:13]   7 frames  310.02 ms/frame  ->   3.2 FPS
   capture           2.55 ms    0.8%
   track           298.69 ms   96.3%
   ctrl+mav          0.46 ms    0.1%
   hud               3.65 ms    1.2%
   display           4.67 ms    1.5%
     detect          0.67 ms  (sub)
     tracker       297.33 ms  (sub)
     hud:overlay     0.78 ms  (sub)
     hud:setup       0.10 ms  (sub)
     hud:ladder      0.09 ms  (sub)
     hud:warp        1.52 ms  (sub)
     hud:arc         0.04 ms  (sub)
     hud:blend       0.73 ms  (sub)
     hud:yaw         0.30 ms  (sub)
     hud:cross       0.04 ms  (sub)
     disp:record     0.00 ms  (sub)
     disp:imshow     0.49 ms  (sub)
     disp:waitkey    4.15 ms  (sub)
[PROF 09:48:15]   7 frames  307.89 ms/frame  ->   3.2 FPS
   capture           3.26 ms    1.1%
   track           294.77 ms   95.7%
   ctrl+mav          0.65 ms    0.2%
   hud               4.07 ms    1.3%
   display           5.15 ms    1.7%
     detect          1.37 ms  (sub)
     tracker       292.72 ms  (sub)
     hud:overlay     0.80 ms  (sub)
     hud:setup       0.13 ms  (sub)
     hud:ladder      0.10 ms  (sub)
     hud:warp        1.78 ms  (sub)
     hud:arc         0.06 ms  (sub)
     hud:blend       0.83 ms  (sub)
     hud:yaw         0.30 ms  (sub)
     hud:cross       0.04 ms  (sub)
     disp:record     0.00 ms  (sub)
     disp:imshow     0.56 ms  (sub)
     disp:waitkey    4.55 ms  (sub)
[PROF 09:48:17]   7 frames  312.59 ms/frame  ->   3.2 FPS
   capture           2.56 ms    0.8%
   track           300.29 ms   96.1%
   ctrl+mav          0.72 ms    0.2%
   hud               3.64 ms    1.2%
   display           5.38 ms    1.7%
     detect          0.65 ms  (sub)
     tracker       298.94 ms  (sub)
     hud:overlay     0.83 ms  (sub)
     hud:setup       0.10 ms  (sub)
     hud:ladder      0.10 ms  (sub)
     hud:warp        1.46 ms  (sub)
     hud:arc         0.04 ms  (sub)
     hud:blend       0.73 ms  (sub)
     hud:yaw         0.29 ms  (sub)
     hud:cross       0.05 ms  (sub)
     disp:record     0.00 ms  (sub)
     disp:imshow     1.26 ms  (sub)
     disp:waitkey    4.09 ms  (sub)
[PROF 09:48:19]   7 frames  311.65 ms/frame  ->   3.2 FPS
   capture           2.79 ms    0.9%
   track           299.57 ms   96.1%
   ctrl+mav          0.70 ms    0.2%
   hud               3.69 ms    1.2%
   display           4.89 ms    1.6%
     detect          0.66 ms  (sub)
     tracker       298.24 ms  (sub)
     hud:overlay     0.79 ms  (sub)
     hud:setup       0.10 ms  (sub)
     hud:ladder      0.13 ms  (sub)
     hud:warp        1.50 ms  (sub)
     hud:arc         0.04 ms  (sub)
     hud:blend       0.76 ms  (sub)
     hud:yaw         0.30 ms  (sub)
     hud:cross       0.04 ms  (sub)
     disp:record     0.00 ms  (sub)
     disp:imshow     0.51 ms  (sub)
     disp:waitkey    4.34 ms  (sub)
[PROF 09:48:21]   7 frames  305.83 ms/frame  ->   3.3 FPS
   capture           2.26 ms    0.7%
   track           294.88 ms   96.4%
   ctrl+mav          0.31 ms    0.1%
   hud               3.77 ms    1.2%
   display           4.61 ms    1.5%
     detect          1.39 ms  (sub)
     tracker       293.00 ms  (sub)
     hud:overlay     0.79 ms  (sub)
     hud:setup       0.12 ms  (sub)
     hud:ladder      0.13 ms  (sub)
     hud:warp        1.50 ms  (sub)
     hud:arc         0.05 ms  (sub)
     hud:blend       0.79 ms  (sub)
     hud:yaw         0.29 ms  (sub)
     hud:cross       0.04 ms  (sub)
     disp:record     0.00 ms  (sub)
     disp:imshow     0.51 ms  (sub)
     disp:waitkey    4.06 ms  (sub)
[PROF 09:48:24]   7 frames  308.76 ms/frame  ->   3.2 FPS
   capture           2.33 ms    0.8%
   track           298.23 ms   96.6%
   ctrl+mav          0.26 ms    0.1%
   hud               3.49 ms    1.1%
   display           4.45 ms    1.4%
     detect          0.68 ms  (sub)
     tracker       296.97 ms  (sub)
     hud:overlay     0.78 ms  (sub)
     hud:setup       0.09 ms  (sub)
     hud:ladder      0.10 ms  (sub)
     hud:warp        1.43 ms  (sub)
     hud:arc         0.04 ms  (sub)
     hud:blend       0.71 ms  (sub)
     hud:yaw         0.27 ms  (sub)
     hud:cross       0.04 ms  (sub)
     disp:record     0.00 ms  (sub)
     disp:imshow     0.46 ms  (sub)
     disp:waitkey    3.96 ms  (sub)
[PROF 09:48:26]   7 frames  307.20 ms/frame  ->   3.3 FPS
   capture           2.76 ms    0.9%
   track           294.89 ms   96.0%
   ctrl+mav          1.23 ms    0.4%
   hud               3.55 ms    1.2%
   display           4.77 ms    1.6%
     detect          1.48 ms  (sub)
     tracker       292.71 ms  (sub)
     hud:overlay     0.78 ms  (sub)
     hud:setup       0.09 ms  (sub)
     hud:ladder      0.09 ms  (sub)
     hud:warp        1.45 ms  (sub)
     hud:arc         0.04 ms  (sub)
     hud:blend       0.72 ms  (sub)
     hud:yaw         0.28 ms  (sub)
     hud:cross       0.04 ms  (sub)
     disp:record     0.00 ms  (sub)
     disp:imshow     0.49 ms  (sub)
     disp:waitkey    4.25 ms  (sub)
[PROF 09:48:28]   7 frames  304.14 ms/frame  ->   3.3 FPS
   capture           2.57 ms    0.8%
   track           292.98 ms   96.3%
   ctrl+mav          0.56 ms    0.2%
   hud               3.63 ms    1.2%
   display           4.41 ms    1.4%
     detect          0.68 ms  (sub)
     tracker       291.71 ms  (sub)
     hud:overlay     0.76 ms  (sub)
     hud:setup       0.11 ms  (sub)
     hud:ladder      0.09 ms  (sub)
     hud:warp        1.49 ms  (sub)
     hud:arc         0.04 ms  (sub)
     hud:blend       0.78 ms  (sub)
     hud:yaw         0.29 ms  (sub)
     hud:cross       0.04 ms  (sub)
     disp:record     0.00 ms  (sub)
     disp:imshow     0.49 ms  (sub)
     disp:waitkey    3.89 ms  (sub)
[PROF 09:48:30]   7 frames  300.46 ms/frame  ->   3.3 FPS
   capture           2.09 ms    0.7%
   track           290.00 ms   96.5%
   ctrl+mav          0.33 ms    0.1%
   hud               3.48 ms    1.2%
   display           4.56 ms    1.5%
     detect          0.64 ms  (sub)
     tracker       288.83 ms  (sub)
     hud:overlay     0.74 ms  (sub)
     hud:setup       0.09 ms  (sub)
     hud:ladder      0.08 ms  (sub)
     hud:warp        1.48 ms  (sub)
     hud:arc         0.04 ms  (sub)
     hud:blend       0.70 ms  (sub)
     hud:yaw         0.27 ms  (sub)
     hud:cross       0.04 ms  (sub)
     disp:record     0.00 ms  (sub)
     disp:imshow     0.48 ms  (sub)
     disp:waitkey    4.05 ms  (sub)
[PROF 09:48:32]   7 frames  303.51 ms/frame  ->   3.3 FPS
   capture           2.34 ms    0.8%
   track           292.22 ms   96.3%
   ctrl+mav          0.44 ms    0.1%
   hud               3.65 ms    1.2%
   display           4.86 ms    1.6%
     detect          1.36 ms  (sub)
     tracker       290.18 ms  (sub)
     hud:overlay     0.74 ms  (sub)
     hud:setup       0.10 ms  (sub)
     hud:ladder      0.09 ms  (sub)
     hud:warp        1.56 ms  (sub)
     hud:arc         0.04 ms  (sub)
     hud:blend       0.74 ms  (sub)
     hud:yaw         0.29 ms  (sub)
     hud:cross       0.04 ms  (sub)
     disp:record     0.00 ms  (sub)
     disp:imshow     0.57 ms  (sub)
     disp:waitkey    4.26 ms  (sub)
[PROF 09:48:34]   7 frames  303.23 ms/frame  ->   3.3 FPS
   capture           2.54 ms    0.8%
   track           292.11 ms   96.3%
   ctrl+mav          0.46 ms    0.2%
   hud               3.53 ms    1.2%
   display           4.59 ms    1.5%
     detect          0.67 ms  (sub)
     tracker       290.78 ms  (sub)
     hud:overlay     0.74 ms  (sub)
     hud:setup       0.11 ms  (sub)
     hud:ladder      0.09 ms  (sub)
     hud:warp        1.45 ms  (sub)
     hud:arc         0.04 ms  (sub)
     hud:blend       0.74 ms  (sub)
     hud:yaw         0.29 ms  (sub)
     hud:cross       0.04 ms  (sub)
     disp:record     0.00 ms  (sub)
     disp:imshow     0.52 ms  (sub)
     disp:waitkey    4.03 ms  (sub)
[PROF 09:48:36]   7 frames  301.35 ms/frame  ->   3.3 FPS
   capture           2.41 ms    0.8%
   track           290.55 ms   96.4%
   ctrl+mav          0.33 ms    0.1%
   hud               3.50 ms    1.2%
   display           4.57 ms    1.5%
     detect          1.30 ms  (sub)
     tracker       288.69 ms  (sub)
     hud:overlay     0.74 ms  (sub)
     hud:setup       0.09 ms  (sub)
     hud:ladder      0.08 ms  (sub)
     hud:warp        1.42 ms  (sub)
     hud:arc         0.04 ms  (sub)
     hud:blend       0.77 ms  (sub)
     hud:yaw         0.29 ms  (sub)
     hud:cross       0.04 ms  (sub)
     disp:record     0.00 ms  (sub)
     disp:imshow     0.47 ms  (sub)
     disp:waitkey    4.08 ms  (sub)
[PROF 09:48:38]   7 frames  300.32 ms/frame  ->   3.3 FPS
   capture           2.12 ms    0.7%
   track           289.98 ms   96.6%
   ctrl+mav          0.21 ms    0.1%
   hud               3.52 ms    1.2%
   display           4.48 ms    1.5%
     detect          0.65 ms  (sub)
     tracker       288.75 ms  (sub)
     hud:overlay     0.75 ms  (sub)
     hud:setup       0.09 ms  (sub)
     hud:ladder      0.08 ms  (sub)
     hud:warp        1.47 ms  (sub)
     hud:arc         0.04 ms  (sub)
     hud:blend       0.74 ms  (sub)
     hud:yaw         0.27 ms  (sub)
     hud:cross       0.04 ms  (sub)
     disp:record     0.00 ms  (sub)
     disp:imshow     0.45 ms  (sub)
     disp:waitkey    4.01 ms  (sub)
[PROF 09:48:41]   7 frames  306.67 ms/frame  ->   3.3 FPS
   capture           2.14 ms    0.7%
   track           295.66 ms   96.4%
   ctrl+mav          0.98 ms    0.3%
   hud               3.53 ms    1.2%
   display           4.36 ms    1.4%
     detect          0.65 ms  (sub)
     tracker       294.51 ms  (sub)
     hud:overlay     0.75 ms  (sub)
     hud:setup       0.11 ms  (sub)
     hud:ladder      0.11 ms  (sub)
     hud:warp        1.44 ms  (sub)
     hud:arc         0.05 ms  (sub)
     hud:blend       0.72 ms  (sub)
     hud:yaw         0.28 ms  (sub)
     hud:cross       0.04 ms  (sub)
     disp:record     0.00 ms  (sub)
     disp:imshow     0.46 ms  (sub)
     disp:waitkey    3.88 ms  (sub)
[PROF 09:48:43]   7 frames  312.78 ms/frame  ->   3.2 FPS
   capture           2.68 ms    0.9%
   track           300.86 ms   96.2%
   ctrl+mav          0.60 ms    0.2%
   hud               3.89 ms    1.2%
   display           4.75 ms    1.5%
     detect          1.93 ms  (sub)
     tracker       298.28 ms  (sub)
     hud:overlay     0.86 ms  (sub)
     hud:setup       0.11 ms  (sub)
     hud:ladder      0.10 ms  (sub)
     hud:warp        1.49 ms  (sub)
     hud:arc         0.05 ms  (sub)
     hud:blend       0.82 ms  (sub)
     hud:yaw         0.34 ms  (sub)
     hud:cross       0.05 ms  (sub)
     disp:record     0.00 ms  (sub)
     disp:imshow     0.49 ms  (sub)
     disp:waitkey    4.24 ms  (sub)
[PROF 09:48:45]   7 frames  309.96 ms/frame  ->   3.2 FPS
   capture           2.20 ms    0.7%
   track           299.15 ms   96.5%
   ctrl+mav          0.49 ms    0.2%
   hud               3.63 ms    1.2%
   display           4.50 ms    1.5%
     detect          0.83 ms  (sub)
     tracker       297.69 ms  (sub)
     hud:overlay     0.78 ms  (sub)
     hud:setup       0.11 ms  (sub)
     hud:ladder      0.09 ms  (sub)
     hud:warp        1.49 ms  (sub)
     hud:arc         0.05 ms  (sub)
     hud:blend       0.73 ms  (sub)
     hud:yaw         0.30 ms  (sub)
     hud:cross       0.04 ms  (sub)
     disp:record     0.00 ms  (sub)
     disp:imshow     0.46 ms  (sub)
     disp:waitkey    4.01 ms  (sub)
[PROF 09:48:47]   7 frames  310.56 ms/frame  ->   3.2 FPS
   capture           2.57 ms    0.8%
   track           298.66 ms   96.2%
   ctrl+mav          0.37 ms    0.1%
   hud               3.72 ms    1.2%
   display           5.25 ms    1.7%
     detect          1.35 ms  (sub)
     tracker       296.74 ms  (sub)
     hud:overlay     0.78 ms  (sub)
     hud:setup       0.10 ms  (sub)
     hud:ladder      0.09 ms  (sub)
     hud:warp        1.60 ms  (sub)
     hud:arc         0.04 ms  (sub)
     hud:blend       0.73 ms  (sub)
     hud:yaw         0.31 ms  (sub)
     hud:cross       0.04 ms  (sub)
     disp:record     0.00 ms  (sub)
     disp:imshow     0.55 ms  (sub)
     disp:waitkey    4.67 ms  (sub)
[PROF 09:48:49]   7 frames  301.15 ms/frame  ->   3.3 FPS
   capture           2.12 ms    0.7%
   track           290.67 ms   96.5%
   ctrl+mav          0.35 ms    0.1%
   hud               3.73 ms    1.2%
   display           4.29 ms    1.4%
     detect          0.69 ms  (sub)
     tracker       289.43 ms  (sub)
     hud:overlay     0.74 ms  (sub)
     hud:setup       0.10 ms  (sub)
     hud:ladder      0.09 ms  (sub)
     hud:warp        1.69 ms  (sub)
     hud:arc         0.05 ms  (sub)
     hud:blend       0.71 ms  (sub)
     hud:yaw         0.28 ms  (sub)
     hud:cross       0.04 ms  (sub)
     disp:record     0.00 ms  (sub)
     disp:imshow     0.46 ms  (sub)
     disp:waitkey    3.81 ms  (sub)
[PROF 09:48:51]   7 frames  300.40 ms/frame  ->   3.3 FPS
   capture           2.27 ms    0.8%
   track           289.43 ms   96.3%
   ctrl+mav          0.54 ms    0.2%
   hud               3.44 ms    1.1%
   display           4.72 ms    1.6%
     detect          0.67 ms  (sub)
     tracker       288.09 ms  (sub)
     hud:overlay     0.72 ms  (sub)
     hud:setup       0.09 ms  (sub)
     hud:ladder      0.09 ms  (sub)
     hud:warp        1.43 ms  (sub)
     hud:arc         0.04 ms  (sub)
     hud:blend       0.72 ms  (sub)
     hud:yaw         0.28 ms  (sub)
     hud:cross       0.04 ms  (sub)
     disp:record     0.00 ms  (sub)
     disp:imshow     0.48 ms  (sub)
     disp:waitkey    4.21 ms  (sub)
[PROF 09:48:53]   7 frames  303.15 ms/frame  ->   3.3 FPS
   capture           2.22 ms    0.7%
   track           292.69 ms   96.5%
   ctrl+mav          0.31 ms    0.1%
   hud               3.40 ms    1.1%
   display           4.53 ms    1.5%
     detect          1.29 ms  (sub)
     tracker       290.83 ms  (sub)
     hud:overlay     0.73 ms  (sub)
     hud:setup       0.10 ms  (sub)
     hud:ladder      0.08 ms  (sub)
     hud:warp        1.41 ms  (sub)
     hud:arc         0.04 ms  (sub)
     hud:blend       0.69 ms  (sub)
     hud:yaw         0.27 ms  (sub)
     hud:cross       0.04 ms  (sub)
     disp:record     0.00 ms  (sub)
     disp:imshow     0.47 ms  (sub)
     disp:waitkey    4.03 ms  (sub)
[PROF 09:48:56]   7 frames  301.11 ms/frame  ->   3.3 FPS
   capture           2.48 ms    0.8%
   track           289.39 ms   96.1%
   ctrl+mav          0.48 ms    0.2%
   hud               3.70 ms    1.2%
   display           5.06 ms    1.7%
     detect          0.67 ms  (sub)
     tracker       288.14 ms  (sub)
     hud:overlay     0.74 ms  (sub)
     hud:setup       0.11 ms  (sub)
     hud:ladder      0.10 ms  (sub)
     hud:warp        1.48 ms  (sub)
     hud:arc         0.06 ms  (sub)
     hud:blend       0.83 ms  (sub)
     hud:yaw         0.29 ms  (sub)
     hud:cross       0.05 ms  (sub)
     disp:record     0.00 ms  (sub)
     disp:imshow     0.51 ms  (sub)
     disp:waitkey    4.52 ms  (sub)
[PROF 09:48:58]   7 frames  300.81 ms/frame  ->   3.3 FPS
   capture           2.43 ms    0.8%
   track           289.72 ms   96.3%
   ctrl+mav          0.40 ms    0.1%
   hud               3.40 ms    1.1%
   display           4.86 ms    1.6%
     detect          1.37 ms  (sub)
     tracker       287.68 ms  (sub)
     hud:overlay     0.73 ms  (sub)
     hud:setup       0.08 ms  (sub)
     hud:ladder      0.08 ms  (sub)
     hud:warp        1.42 ms  (sub)
     hud:arc         0.04 ms  (sub)
     hud:blend       0.69 ms  (sub)
     hud:yaw         0.28 ms  (sub)
     hud:cross       0.04 ms  (sub)
     disp:record     0.00 ms  (sub)
     disp:imshow     0.45 ms  (sub)
     disp:waitkey    4.38 ms  (sub)
[PROF 09:49:00]   7 frames  299.74 ms/frame  ->   3.3 FPS
   capture           2.09 ms    0.7%
   track           289.34 ms   96.5%
   ctrl+mav          0.40 ms    0.1%
   hud               3.48 ms    1.2%
   display           4.43 ms    1.5%
     detect          0.64 ms  (sub)
     tracker       288.12 ms  (sub)
     hud:overlay     0.73 ms  (sub)
     hud:setup       0.10 ms  (sub)
     hud:ladder      0.09 ms  (sub)
     hud:warp        1.47 ms  (sub)
     hud:arc         0.04 ms  (sub)
     hud:blend       0.69 ms  (sub)
     hud:yaw         0.28 ms  (sub)
     hud:cross       0.04 ms  (sub)
     disp:record     0.00 ms  (sub)
     disp:imshow     0.45 ms  (sub)
     disp:waitkey    3.95 ms  (sub)
[PROF 09:49:02]   7 frames  302.93 ms/frame  ->   3.3 FPS
   capture           2.56 ms    0.8%
   track           292.12 ms   96.4%
   ctrl+mav          0.42 ms    0.1%
   hud               3.45 ms    1.1%
   display           4.38 ms    1.4%
     detect          0.68 ms  (sub)
     tracker       290.79 ms  (sub)
     hud:overlay     0.75 ms  (sub)
     hud:setup       0.09 ms  (sub)
     hud:ladder      0.08 ms  (sub)
     hud:warp        1.41 ms  (sub)
     hud:arc         0.04 ms  (sub)
     hud:blend       0.71 ms  (sub)
     hud:yaw         0.29 ms  (sub)
     hud:cross       0.04 ms  (sub)
     disp:record     0.00 ms  (sub)
     disp:imshow     0.46 ms  (sub)
     disp:waitkey    3.89 ms  (sub)
[PROF 09:49:04]   7 frames  306.08 ms/frame  ->   3.3 FPS
   capture           2.56 ms    0.8%
   track           294.91 ms   96.4%
   ctrl+mav          0.53 ms    0.2%
   hud               3.57 ms    1.2%
   display           4.51 ms    1.5%
     detect          1.31 ms  (sub)
     tracker       293.03 ms  (sub)
     hud:overlay     0.77 ms  (sub)
     hud:setup       0.10 ms  (sub)
     hud:ladder      0.09 ms  (sub)
     hud:warp        1.44 ms  (sub)
     hud:arc         0.04 ms  (sub)
     hud:blend       0.75 ms  (sub)
     hud:yaw         0.30 ms  (sub)
     hud:cross       0.04 ms  (sub)
     disp:record     0.00 ms  (sub)
     disp:imshow     0.52 ms  (sub)
     disp:waitkey    3.96 ms  (sub)
[PROF 09:49:06]   7 frames  300.12 ms/frame  ->   3.3 FPS
   capture           2.22 ms    0.7%
   track           289.38 ms   96.4%
   ctrl+mav          0.32 ms    0.1%
   hud               3.52 ms    1.2%
   display           4.68 ms    1.6%
     detect          0.69 ms  (sub)
     tracker       288.14 ms  (sub)
     hud:overlay     0.76 ms  (sub)
     hud:setup       0.10 ms  (sub)
     hud:ladder      0.09 ms  (sub)
     hud:warp        1.44 ms  (sub)
     hud:arc         0.04 ms  (sub)
     hud:blend       0.71 ms  (sub)
     hud:yaw         0.29 ms  (sub)
     hud:cross       0.04 ms  (sub)
     disp:record     0.00 ms  (sub)
     disp:imshow     0.53 ms  (sub)
     disp:waitkey    4.12 ms  (sub)
[PROF 09:49:08]   7 frames  300.58 ms/frame  ->   3.3 FPS
   capture           2.23 ms    0.7%
   track           289.41 ms   96.3%
   ctrl+mav          0.37 ms    0.1%
   hud               3.39 ms    1.1%
   display           5.18 ms    1.7%
     detect          1.29 ms  (sub)
     tracker       287.44 ms  (sub)
     hud:overlay     0.73 ms  (sub)
     hud:setup       0.08 ms  (sub)
     hud:ladder      0.09 ms  (sub)
     hud:warp        1.40 ms  (sub)
     hud:arc         0.04 ms  (sub)
     hud:blend       0.69 ms  (sub)
     hud:yaw         0.28 ms  (sub)
     hud:cross       0.04 ms  (sub)
     disp:record     0.00 ms  (sub)
     disp:imshow     0.46 ms  (sub)
     disp:waitkey    4.69 ms  (sub)
[PROF 09:49:10]   7 frames  301.60 ms/frame  ->   3.3 FPS
   capture           2.20 ms    0.7%
   track           291.17 ms   96.5%
   ctrl+mav          0.41 ms    0.1%
   hud               3.46 ms    1.1%
   display           4.37 ms    1.4%
     detect          0.65 ms  (sub)
     tracker       289.85 ms  (sub)
     hud:overlay     0.73 ms  (sub)
     hud:setup       0.10 ms  (sub)
     hud:ladder      0.09 ms  (sub)
     hud:warp        1.44 ms  (sub)
     hud:arc         0.04 ms  (sub)
     hud:blend       0.70 ms  (sub)
     hud:yaw         0.28 ms  (sub)
     hud:cross       0.04 ms  (sub)
     disp:record     0.00 ms  (sub)
     disp:imshow     0.47 ms  (sub)
     disp:waitkey    3.86 ms  (sub)
[PROF 09:49:12]   7 frames  306.15 ms/frame  ->   3.3 FPS
   capture           2.16 ms    0.7%
   track           294.74 ms   96.3%
   ctrl+mav          0.34 ms    0.1%
   hud               3.50 ms    1.1%
   display           5.40 ms    1.8%
     detect          0.65 ms  (sub)
     tracker       293.49 ms  (sub)
     hud:overlay     0.73 ms  (sub)
     hud:setup       0.09 ms  (sub)
     hud:ladder      0.09 ms  (sub)
     hud:warp        1.43 ms  (sub)
     hud:arc         0.04 ms  (sub)
     hud:blend       0.74 ms  (sub)
     hud:yaw         0.30 ms  (sub)
     hud:cross       0.05 ms  (sub)
     disp:record     0.00 ms  (sub)
     disp:imshow     0.53 ms  (sub)
     disp:waitkey    4.83 ms  (sub)
[PROF 09:49:15]   7 frames  306.13 ms/frame  ->   3.3 FPS
   capture           2.92 ms    1.0%
   track           295.06 ms   96.4%
   ctrl+mav          0.32 ms    0.1%
   hud               3.49 ms    1.1%
   display           4.34 ms    1.4%
     detect          1.32 ms  (sub)
     tracker       293.12 ms  (sub)
     hud:overlay     0.73 ms  (sub)
     hud:setup       0.09 ms  (sub)
     hud:ladder      0.08 ms  (sub)
     hud:warp        1.46 ms  (sub)
     hud:arc         0.04 ms  (sub)
     hud:blend       0.73 ms  (sub)
     hud:yaw         0.28 ms  (sub)
     hud:cross       0.04 ms  (sub)
     disp:record     0.00 ms  (sub)
     disp:imshow     0.48 ms  (sub)
     disp:waitkey    3.83 ms  (sub)
[PROF 09:49:17]   7 frames  300.42 ms/frame  ->   3.3 FPS
   capture           2.19 ms    0.7%
   track           290.14 ms   96.6%
   ctrl+mav          0.25 ms    0.1%
   hud               3.44 ms    1.1%
   display           4.39 ms    1.5%
     detect          0.64 ms  (sub)
     tracker       288.94 ms  (sub)
     hud:overlay     0.75 ms  (sub)
     hud:setup       0.09 ms  (sub)
     hud:ladder      0.08 ms  (sub)
     hud:warp        1.43 ms  (sub)
     hud:arc         0.04 ms  (sub)
     hud:blend       0.69 ms  (sub)
     hud:yaw         0.28 ms  (sub)
     hud:cross       0.04 ms  (sub)
     disp:record     0.00 ms  (sub)
     disp:imshow     0.47 ms  (sub)
     disp:waitkey    3.89 ms  (sub)
[PROF 09:49:19]   7 frames  301.58 ms/frame  ->   3.3 FPS
   capture           2.07 ms    0.7%
   track           291.33 ms   96.6%
   ctrl+mav          0.31 ms    0.1%
   hud               3.40 ms    1.1%
   display           4.48 ms    1.5%
     detect          1.29 ms  (sub)
     tracker       289.52 ms  (sub)
     hud:overlay     0.76 ms  (sub)
     hud:setup       0.09 ms  (sub)
     hud:ladder      0.08 ms  (sub)
     hud:warp        1.39 ms  (sub)
     hud:arc         0.04 ms  (sub)
     hud:blend       0.70 ms  (sub)
     hud:yaw         0.28 ms  (sub)
     hud:cross       0.04 ms  (sub)
     disp:record     0.00 ms  (sub)
     disp:imshow     0.47 ms  (sub)
     disp:waitkey    3.99 ms  (sub)
[PROF 09:49:21]   7 frames  303.16 ms/frame  ->   3.3 FPS
   capture           2.55 ms    0.8%
   track           291.25 ms   96.1%
   ctrl+mav          0.74 ms    0.2%
   hud               3.51 ms    1.2%
   display           5.12 ms    1.7%
     detect          0.86 ms  (sub)
     tracker       289.75 ms  (sub)
     hud:overlay     0.75 ms  (sub)
     hud:setup       0.09 ms  (sub)
     hud:ladder      0.08 ms  (sub)
     hud:warp        1.48 ms  (sub)
     hud:arc         0.04 ms  (sub)
     hud:blend       0.71 ms  (sub)
     hud:yaw         0.28 ms  (sub)
     hud:cross       0.04 ms  (sub)
     disp:record     0.00 ms  (sub)
     disp:imshow     0.46 ms  (sub)
     disp:waitkey    4.63 ms  (sub)
[PROF 09:49:23]   7 frames  303.36 ms/frame  ->   3.3 FPS
   capture           2.08 ms    0.7%
   track           292.41 ms   96.4%
   ctrl+mav          0.59 ms    0.2%
   hud               3.62 ms    1.2%
   display           4.66 ms    1.5%
     detect          0.67 ms  (sub)
     tracker       291.12 ms  (sub)
     hud:overlay     0.75 ms  (sub)
     hud:setup       0.12 ms  (sub)
     hud:ladder      0.11 ms  (sub)
     hud:warp        1.48 ms  (sub)
     hud:arc         0.05 ms  (sub)
     hud:blend       0.73 ms  (sub)
     hud:yaw         0.30 ms  (sub)
     hud:cross       0.04 ms  (sub)
     disp:record     0.00 ms  (sub)
     disp:imshow     0.53 ms  (sub)
     disp:waitkey    4.09 ms  (sub)
[PROF 09:49:25]   7 frames  306.73 ms/frame  ->   3.3 FPS
   capture           2.42 ms    0.8%
   track           295.52 ms   96.3%
   ctrl+mav          0.56 ms    0.2%
   hud               3.60 ms    1.2%
   display           4.63 ms    1.5%
     detect          1.40 ms  (sub)
     tracker       293.51 ms  (sub)
     hud:overlay     0.78 ms  (sub)
     hud:setup       0.09 ms  (sub)
     hud:ladder      0.10 ms  (sub)
     hud:warp        1.51 ms  (sub)
     hud:arc         0.04 ms  (sub)
     hud:blend       0.72 ms  (sub)
     hud:yaw         0.29 ms  (sub)
     hud:cross       0.04 ms  (sub)
     disp:record     0.00 ms  (sub)
     disp:imshow     0.44 ms  (sub)
     disp:waitkey    4.16 ms  (sub)
[PROF 09:49:27]   7 frames  303.99 ms/frame  ->   3.3 FPS
   capture           2.26 ms    0.7%
   track           293.36 ms   96.5%
   ctrl+mav          0.40 ms    0.1%
   hud               3.50 ms    1.2%
   display           4.47 ms    1.5%
     detect          0.72 ms  (sub)
     tracker       292.04 ms  (sub)
     hud:overlay     0.77 ms  (sub)
     hud:setup       0.10 ms  (sub)
     hud:ladder      0.08 ms  (sub)
     hud:warp        1.43 ms  (sub)
     hud:arc         0.04 ms  (sub)
     hud:blend       0.71 ms  (sub)
     hud:yaw         0.28 ms  (sub)
     hud:cross       0.04 ms  (sub)
     disp:record     0.00 ms  (sub)
     disp:imshow     0.46 ms  (sub)
     disp:waitkey    3.98 ms  (sub)
[PROF 09:49:29]   7 frames  300.30 ms/frame  ->   3.3 FPS
   capture           2.26 ms    0.8%
   track           289.71 ms   96.5%
   ctrl+mav          0.33 ms    0.1%
   hud               3.46 ms    1.2%
   display           4.53 ms    1.5%
     detect          1.29 ms  (sub)
     tracker       287.84 ms  (sub)
     hud:overlay     0.75 ms  (sub)
     hud:setup       0.09 ms  (sub)
     hud:ladder      0.08 ms  (sub)
     hud:warp        1.44 ms  (sub)
     hud:arc         0.04 ms  (sub)
     hud:blend       0.70 ms  (sub)
     hud:yaw         0.28 ms  (sub)
     hud:cross       0.04 ms  (sub)
     disp:record     0.00 ms  (sub)
     disp:imshow     0.45 ms  (sub)
     disp:waitkey    4.06 ms  (sub)
[PROF 09:49:32]   7 frames  303.43 ms/frame  ->   3.3 FPS
   capture           2.09 ms    0.7%
   track           292.77 ms   96.5%
   ctrl+mav          0.48 ms    0.2%
   hud               3.64 ms    1.2%
   display           4.46 ms    1.5%
     detect          0.77 ms  (sub)
     tracker       291.48 ms  (sub)
     hud:overlay     0.77 ms  (sub)
     hud:setup       0.11 ms  (sub)
     hud:ladder      0.11 ms  (sub)
     hud:warp        1.55 ms  (sub)
     hud:arc         0.04 ms  (sub)
     hud:blend       0.70 ms  (sub)
     hud:yaw         0.28 ms  (sub)
     hud:cross       0.04 ms  (sub)
     disp:record     0.00 ms  (sub)
     disp:imshow     0.46 ms  (sub)
     disp:waitkey    3.97 ms  (sub)
[PROF 09:49:34]   7 frames  304.95 ms/frame  ->   3.3 FPS
   capture           2.62 ms    0.9%
   track           293.68 ms   96.3%
   ctrl+mav          0.39 ms    0.1%
   hud               3.62 ms    1.2%
   display           4.63 ms    1.5%
     detect          0.67 ms  (sub)
     tracker       292.38 ms  (sub)
     hud:overlay     0.76 ms  (sub)
     hud:setup       0.10 ms  (sub)
     hud:ladder      0.08 ms  (sub)
     hud:warp        1.45 ms  (sub)
     hud:arc         0.04 ms  (sub)
     hud:blend       0.77 ms  (sub)
     hud:yaw         0.30 ms  (sub)
     hud:cross       0.06 ms  (sub)
     disp:record     0.00 ms  (sub)
     disp:imshow     0.50 ms  (sub)
     disp:waitkey    4.09 ms  (sub)
[PROF 09:49:36]   7 frames  307.25 ms/frame  ->   3.3 FPS
   capture           2.07 ms    0.7%
   track           296.83 ms   96.6%
   ctrl+mav          0.47 ms    0.2%
   hud               3.59 ms    1.2%
   display           4.30 ms    1.4%
     detect          1.30 ms  (sub)
     tracker       295.03 ms  (sub)
     hud:overlay     0.76 ms  (sub)
     hud:setup       0.09 ms  (sub)
     hud:ladder      0.09 ms  (sub)
     hud:warp        1.54 ms  (sub)
     hud:arc         0.04 ms  (sub)
     hud:blend       0.72 ms  (sub)
     hud:yaw         0.27 ms  (sub)
     hud:cross       0.04 ms  (sub)
     disp:record     0.00 ms  (sub)
     disp:imshow     0.46 ms  (sub)
     disp:waitkey    3.81 ms  (sub)
[PROF 09:49:38]   7 frames  306.50 ms/frame  ->   3.3 FPS
   capture           2.23 ms    0.7%
   track           295.92 ms   96.5%
   ctrl+mav          0.46 ms    0.2%
   hud               3.53 ms    1.2%
   display           4.36 ms    1.4%
     detect          0.64 ms  (sub)
     tracker       294.70 ms  (sub)
     hud:overlay     0.75 ms  (sub)
     hud:setup       0.09 ms  (sub)
     hud:ladder      0.09 ms  (sub)
     hud:warp        1.44 ms  (sub)
     hud:arc         0.04 ms  (sub)
     hud:blend       0.77 ms  (sub)
     hud:yaw         0.27 ms  (sub)
     hud:cross       0.04 ms  (sub)
     disp:record     0.00 ms  (sub)
     disp:imshow     0.51 ms  (sub)
     disp:waitkey    3.82 ms  (sub)
[PROF 09:49:40]   7 frames  305.92 ms/frame  ->   3.3 FPS
   capture           2.04 ms    0.7%
   track           295.82 ms   96.7%
   ctrl+mav          0.24 ms    0.1%
   hud               3.54 ms    1.2%
   display           4.27 ms    1.4%
     detect          1.31 ms  (sub)
     tracker       294.02 ms  (sub)
     hud:overlay     0.76 ms  (sub)
     hud:setup       0.11 ms  (sub)
     hud:ladder      0.10 ms  (sub)
     hud:warp        1.46 ms  (sub)
     hud:arc         0.04 ms  (sub)
     hud:blend       0.73 ms  (sub)
     hud:yaw         0.27 ms  (sub)
     hud:cross       0.04 ms  (sub)
     disp:record     0.00 ms  (sub)
     disp:imshow     0.47 ms  (sub)
     disp:waitkey    3.78 ms  (sub)
[PROF 09:49:42]   7 frames  299.92 ms/frame  ->   3.3 FPS
   capture           2.06 ms    0.7%
   track           289.42 ms   96.5%
   ctrl+mav          0.65 ms    0.2%
   hud               3.42 ms    1.1%
   display           4.37 ms    1.5%
     detect          0.70 ms  (sub)
     tracker       288.20 ms  (sub)
     hud:overlay     0.77 ms  (sub)
     hud:setup       0.09 ms  (sub)
     hud:ladder      0.08 ms  (sub)
     hud:warp        1.42 ms  (sub)
     hud:arc         0.04 ms  (sub)
     hud:blend       0.70 ms  (sub)
     hud:yaw         0.26 ms  (sub)
     hud:cross       0.04 ms  (sub)
     disp:record     0.00 ms  (sub)
     disp:imshow     0.45 ms  (sub)
     disp:waitkey    3.89 ms  (sub)
[PROF 09:49:44]   7 frames  299.64 ms/frame  ->   3.3 FPS
   capture           2.05 ms    0.7%
   track           288.96 ms   96.4%
   ctrl+mav          0.33 ms    0.1%
   hud               3.45 ms    1.2%
   display           4.84 ms    1.6%
     detect          0.67 ms  (sub)
     tracker       287.76 ms  (sub)
     hud:overlay     0.77 ms  (sub)
     hud:setup       0.09 ms  (sub)
     hud:ladder      0.08 ms  (sub)
     hud:warp        1.42 ms  (sub)
     hud:arc         0.04 ms  (sub)
     hud:blend       0.72 ms  (sub)
     hud:yaw         0.26 ms  (sub)
     hud:cross       0.04 ms  (sub)
     disp:record     0.00 ms  (sub)
     disp:imshow     0.48 ms  (sub)
     disp:waitkey    4.33 ms  (sub)
[PROF 09:49:46]   7 frames  300.30 ms/frame  ->   3.3 FPS
   capture           2.17 ms    0.7%
   track           289.87 ms   96.5%
   ctrl+mav          0.48 ms    0.2%
   hud               3.41 ms    1.1%
   display           4.39 ms    1.5%
     detect          1.33 ms  (sub)
     tracker       288.03 ms  (sub)
     hud:overlay     0.76 ms  (sub)
     hud:setup       0.09 ms  (sub)
     hud:ladder      0.08 ms  (sub)
     hud:warp        1.41 ms  (sub)
     hud:arc         0.04 ms  (sub)
     hud:blend       0.70 ms  (sub)
     hud:yaw         0.26 ms  (sub)
     hud:cross       0.04 ms  (sub)
     disp:record     0.00 ms  (sub)
     disp:imshow     0.46 ms  (sub)
     disp:waitkey    3.90 ms  (sub)
[PROF 09:49:49]   7 frames  303.63 ms/frame  ->   3.3 FPS
   capture           2.67 ms    0.9%
   track           292.37 ms   96.3%
   ctrl+mav          0.29 ms    0.1%
   hud               3.58 ms    1.2%
   display           4.71 ms    1.5%
     detect          0.65 ms  (sub)
     tracker       291.10 ms  (sub)
     hud:overlay     0.75 ms  (sub)
     hud:setup       0.10 ms  (sub)
     hud:ladder      0.08 ms  (sub)
     hud:warp        1.46 ms  (sub)
     hud:arc         0.04 ms  (sub)
     hud:blend       0.77 ms  (sub)
     hud:yaw         0.29 ms  (sub)
     hud:cross       0.05 ms  (sub)
     disp:record     0.00 ms  (sub)
     disp:imshow     0.53 ms  (sub)
     disp:waitkey    4.13 ms  (sub)
[PROF 09:49:51]   7 frames  301.86 ms/frame  ->   3.3 FPS
   capture           2.26 ms    0.8%
   track           290.47 ms   96.2%
   ctrl+mav          0.53 ms    0.2%
   hud               3.40 ms    1.1%
   display           5.20 ms    1.7%
     detect          1.36 ms  (sub)
     tracker       288.46 ms  (sub)
     hud:overlay     0.76 ms  (sub)
     hud:setup       0.09 ms  (sub)
     hud:ladder      0.08 ms  (sub)
     hud:warp        1.40 ms  (sub)
     hud:arc         0.04 ms  (sub)
     hud:blend       0.69 ms  (sub)
     hud:yaw         0.26 ms  (sub)
     hud:cross       0.04 ms  (sub)
     disp:record     0.00 ms  (sub)
     disp:imshow     0.44 ms  (sub)
     disp:waitkey    4.73 ms  (sub)
[PROF 09:49:53]   7 frames  301.78 ms/frame  ->   3.3 FPS
   capture           2.16 ms    0.7%
   track           290.92 ms   96.4%
   ctrl+mav          0.51 ms    0.2%
   hud               3.40 ms    1.1%
   display           4.79 ms    1.6%
     detect          0.65 ms  (sub)
     tracker       289.69 ms  (sub)
     hud:overlay     0.74 ms  (sub)
     hud:setup       0.09 ms  (sub)
     hud:ladder      0.08 ms  (sub)
     hud:warp        1.42 ms  (sub)
     hud:arc         0.04 ms  (sub)
     hud:blend       0.70 ms  (sub)
     hud:yaw         0.26 ms  (sub)
     hud:cross       0.04 ms  (sub)
     disp:record     0.00 ms  (sub)
     disp:imshow     0.46 ms  (sub)
     disp:waitkey    4.30 ms  (sub)
[PROF 09:49:55]   7 frames  301.33 ms/frame  ->   3.3 FPS
   capture           2.57 ms    0.9%
   track           289.93 ms   96.2%
   ctrl+mav          0.39 ms    0.1%
   hud               3.61 ms    1.2%
   display           4.84 ms    1.6%
     detect          0.66 ms  (sub)
     tracker       288.40 ms  (sub)
     hud:overlay     0.74 ms  (sub)
     hud:setup       0.10 ms  (sub)
     hud:ladder      0.08 ms  (sub)
     hud:warp        1.55 ms  (sub)
     hud:arc         0.04 ms  (sub)
     hud:blend       0.72 ms  (sub)
     hud:yaw         0.28 ms  (sub)
     hud:cross       0.05 ms  (sub)
     disp:record     0.00 ms  (sub)
     disp:imshow     0.55 ms  (sub)
     disp:waitkey    4.25 ms  (sub)
[PROF 09:49:57]   7 frames  300.59 ms/frame  ->   3.3 FPS
   capture           2.41 ms    0.8%
   track           289.85 ms   96.4%
   ctrl+mav          0.50 ms    0.2%
   hud               3.41 ms    1.1%
   display           4.42 ms    1.5%
     detect          1.33 ms  (sub)
     tracker       287.98 ms  (sub)
     hud:overlay     0.74 ms  (sub)
     hud:setup       0.09 ms  (sub)
     hud:ladder      0.08 ms  (sub)
     hud:warp        1.42 ms  (sub)
     hud:arc         0.04 ms  (sub)
     hud:blend       0.71 ms  (sub)
     hud:yaw         0.26 ms  (sub)
     hud:cross       0.04 ms  (sub)
     disp:record     0.00 ms  (sub)
     disp:imshow     0.46 ms  (sub)
     disp:waitkey    3.93 ms  (sub)
[PROF 09:49:59]   7 frames  300.85 ms/frame  ->   3.3 FPS
   capture           2.22 ms    0.7%
   track           290.23 ms   96.5%
   ctrl+mav          0.29 ms    0.1%
   hud               3.46 ms    1.2%
   display           4.64 ms    1.5%
     detect          0.65 ms  (sub)
     tracker       289.08 ms  (sub)
     hud:overlay     0.75 ms  (sub)
     hud:setup       0.09 ms  (sub)
     hud:ladder      0.09 ms  (sub)
     hud:warp        1.46 ms  (sub)
     hud:arc         0.04 ms  (sub)
     hud:blend       0.70 ms  (sub)
     hud:yaw         0.26 ms  (sub)
     hud:cross       0.04 ms  (sub)
     disp:record     0.00 ms  (sub)
     disp:imshow     0.53 ms  (sub)
     disp:waitkey    4.08 ms  (sub)
[PROF 09:50:01]   7 frames  308.58 ms/frame  ->   3.2 FPS
   capture           2.31 ms    0.7%
   track           297.92 ms   96.5%
   ctrl+mav          0.27 ms    0.1%
   hud               3.63 ms    1.2%
   display           4.44 ms    1.4%
     detect          1.38 ms  (sub)
     tracker       295.92 ms  (sub)
     hud:overlay     0.77 ms  (sub)
     hud:setup       0.09 ms  (sub)
     hud:ladder      0.09 ms  (sub)
     hud:warp        1.41 ms  (sub)
     hud:arc         0.04 ms  (sub)
     hud:blend       0.86 ms  (sub)
     hud:yaw         0.29 ms  (sub)
     hud:cross       0.04 ms  (sub)
     disp:record     0.00 ms  (sub)
     disp:imshow     0.53 ms  (sub)
     disp:waitkey    3.88 ms  (sub)
[PROF 09:50:03]   7 frames  300.72 ms/frame  ->   3.3 FPS
   capture           2.19 ms    0.7%
   track           290.26 ms   96.5%
   ctrl+mav          0.16 ms    0.1%
   hud               3.49 ms    1.2%
   display           4.63 ms    1.5%
     detect          0.74 ms  (sub)
     tracker       288.98 ms  (sub)
     hud:overlay     0.75 ms  (sub)
     hud:setup       0.10 ms  (sub)
     hud:ladder      0.09 ms  (sub)
     hud:warp        1.44 ms  (sub)
     hud:arc         0.04 ms  (sub)
     hud:blend       0.73 ms  (sub)
     hud:yaw         0.26 ms  (sub)
     hud:cross       0.04 ms  (sub)
     disp:record     0.00 ms  (sub)
     disp:imshow     0.45 ms  (sub)
     disp:waitkey    4.14 ms  (sub)
[PROF 09:50:06]   7 frames  301.64 ms/frame  ->   3.3 FPS
   capture           2.14 ms    0.7%
   track           290.82 ms   96.4%
   ctrl+mav          0.50 ms    0.2%
   hud               3.37 ms    1.1%
   display           4.82 ms    1.6%
     detect          0.65 ms  (sub)
     tracker       289.55 ms  (sub)
     hud:overlay     0.72 ms  (sub)
     hud:setup       0.09 ms  (sub)
     hud:ladder      0.08 ms  (sub)
     hud:warp        1.42 ms  (sub)
     hud:arc         0.04 ms  (sub)
     hud:blend       0.69 ms  (sub)
     hud:yaw         0.26 ms  (sub)
     hud:cross       0.04 ms  (sub)
     disp:record     0.00 ms  (sub)
     disp:imshow     0.45 ms  (sub)
     disp:waitkey    4.34 ms  (sub)
[PROF 09:50:08]   7 frames  306.24 ms/frame  ->   3.3 FPS
   capture           2.17 ms    0.7%
   track           295.25 ms   96.4%
   ctrl+mav          0.68 ms    0.2%
   hud               3.66 ms    1.2%
   display           4.48 ms    1.5%
     detect          1.31 ms  (sub)
     tracker       293.42 ms  (sub)
     hud:overlay     0.76 ms  (sub)
     hud:setup       0.09 ms  (sub)
     hud:ladder      0.09 ms  (sub)
     hud:warp        1.47 ms  (sub)
     hud:arc         0.04 ms  (sub)
     hud:blend       0.72 ms  (sub)
     hud:yaw         0.38 ms  (sub)
     hud:cross       0.04 ms  (sub)
     disp:record     0.00 ms  (sub)
     disp:imshow     0.61 ms  (sub)
     disp:waitkey    3.84 ms  (sub)
[PROF 09:50:10]   7 frames  304.66 ms/frame  ->   3.3 FPS
   capture           2.37 ms    0.8%
   track           293.66 ms   96.4%
   ctrl+mav          0.41 ms    0.1%
   hud               3.76 ms    1.2%
   display           4.47 ms    1.5%
     detect          0.65 ms  (sub)
     tracker       292.46 ms  (sub)
     hud:overlay     0.76 ms  (sub)
     hud:setup       0.11 ms  (sub)
     hud:ladder      0.11 ms  (sub)
     hud:warp        1.53 ms  (sub)
     hud:arc         0.05 ms  (sub)
     hud:blend       0.80 ms  (sub)
     hud:yaw         0.30 ms  (sub)
     hud:cross       0.05 ms  (sub)
     disp:record     0.00 ms  (sub)
     disp:imshow     0.56 ms  (sub)
     disp:waitkey    3.87 ms  (sub)
[PROF 09:50:12]   7 frames  300.92 ms/frame  ->   3.3 FPS
   capture           2.09 ms    0.7%
   track           290.13 ms   96.4%
   ctrl+mav          0.20 ms    0.1%
   hud               3.57 ms    1.2%
   display           4.92 ms    1.6%
     detect          1.40 ms  (sub)
     tracker       288.06 ms  (sub)
     hud:overlay     0.75 ms  (sub)
     hud:setup       0.12 ms  (sub)
     hud:ladder      0.11 ms  (sub)
     hud:warp        1.49 ms  (sub)
     hud:arc         0.04 ms  (sub)
     hud:blend       0.71 ms  (sub)
     hud:yaw         0.27 ms  (sub)
     hud:cross       0.04 ms  (sub)
     disp:record     0.00 ms  (sub)
     disp:imshow     0.49 ms  (sub)
     disp:waitkey    4.41 ms  (sub)
[PROF 09:50:14]   7 frames  299.84 ms/frame  ->   3.3 FPS
   capture           2.07 ms    0.7%
   track           289.38 ms   96.5%
   ctrl+mav          0.43 ms    0.1%
   hud               3.38 ms    1.1%
   display           4.58 ms    1.5%
     detect          0.66 ms  (sub)
     tracker       288.20 ms  (sub)
     hud:overlay     0.73 ms  (sub)
     hud:setup       0.09 ms  (sub)
     hud:ladder      0.08 ms  (sub)
     hud:warp        1.42 ms  (sub)
     hud:arc         0.04 ms  (sub)
     hud:blend       0.69 ms  (sub)
     hud:yaw         0.26 ms  (sub)
     hud:cross       0.04 ms  (sub)
     disp:record     0.00 ms  (sub)
     disp:imshow     0.46 ms  (sub)
     disp:waitkey    4.09 ms  (sub)
[PROF 09:50:16]   7 frames  301.61 ms/frame  ->   3.3 FPS
   capture           2.05 ms    0.7%
   track           291.29 ms   96.6%
   ctrl+mav          0.41 ms    0.1%
   hud               3.44 ms    1.1%
   display           4.42 ms    1.5%
     detect          0.64 ms  (sub)
     tracker       290.12 ms  (sub)
     hud:overlay     0.74 ms  (sub)
     hud:setup       0.09 ms  (sub)
     hud:ladder      0.08 ms  (sub)
     hud:warp        1.45 ms  (sub)
     hud:arc         0.04 ms  (sub)
     hud:blend       0.70 ms  (sub)
     hud:yaw         0.26 ms  (sub)
     hud:cross       0.04 ms  (sub)
     disp:record     0.00 ms  (sub)
     disp:imshow     0.46 ms  (sub)
     disp:waitkey    3.94 ms  (sub)
[PROF 09:50:18]   7 frames  303.69 ms/frame  ->   3.3 FPS
   capture           2.42 ms    0.8%
   track           292.29 ms   96.2%
   ctrl+mav          0.57 ms    0.2%
   hud               3.46 ms    1.1%
   display           4.95 ms    1.6%
     detect          1.29 ms  (sub)
     tracker       290.32 ms  (sub)
     hud:overlay     0.75 ms  (sub)
     hud:setup       0.09 ms  (sub)
     hud:ladder      0.08 ms  (sub)
     hud:warp        1.43 ms  (sub)
     hud:arc         0.04 ms  (sub)
     hud:blend       0.72 ms  (sub)
     hud:yaw         0.27 ms  (sub)
     hud:cross       0.04 ms  (sub)
     disp:record     0.00 ms  (sub)
     disp:imshow     0.51 ms  (sub)
     disp:waitkey    4.41 ms  (sub)
[PROF 09:50:20]   7 frames  299.82 ms/frame  ->   3.3 FPS
   capture           2.34 ms    0.8%
   track           289.07 ms   96.4%
   ctrl+mav          0.38 ms    0.1%
   hud               3.41 ms    1.1%
   display           4.62 ms    1.5%
     detect          0.73 ms  (sub)
     tracker       287.77 ms  (sub)
     hud:overlay     0.75 ms  (sub)
     hud:setup       0.09 ms  (sub)
     hud:ladder      0.08 ms  (sub)
     hud:warp        1.41 ms  (sub)
     hud:arc         0.04 ms  (sub)
     hud:blend       0.71 ms  (sub)
     hud:yaw         0.27 ms  (sub)
     hud:cross       0.04 ms  (sub)
     disp:record     0.00 ms  (sub)
     disp:imshow     0.48 ms  (sub)
     disp:waitkey    4.12 ms  (sub)
[PROF 09:50:22]   7 frames  304.01 ms/frame  ->   3.3 FPS
   capture           2.05 ms    0.7%
   track           293.23 ms   96.5%
   ctrl+mav          0.17 ms    0.1%
   hud               3.51 ms    1.2%
   display           5.03 ms    1.7%
     detect          1.42 ms  (sub)
     tracker       291.31 ms  (sub)
     hud:overlay     0.77 ms  (sub)
     hud:setup       0.09 ms  (sub)
     hud:ladder      0.09 ms  (sub)
     hud:warp        1.43 ms  (sub)
     hud:arc         0.04 ms  (sub)
     hud:blend       0.74 ms  (sub)
     hud:yaw         0.29 ms  (sub)
     hud:cross       0.04 ms  (sub)
     disp:record     0.00 ms  (sub)
     disp:imshow     0.49 ms  (sub)
     disp:waitkey    4.51 ms  (sub)
[PROF 09:50:25]   7 frames  300.41 ms/frame  ->   3.3 FPS
   capture           2.13 ms    0.7%
   track           289.48 ms   96.4%
   ctrl+mav          0.43 ms    0.1%
   hud               3.59 ms    1.2%
   display           4.78 ms    1.6%
     detect          0.69 ms  (sub)
     tracker       288.21 ms  (sub)
     hud:overlay     0.77 ms  (sub)
     hud:setup       0.11 ms  (sub)
     hud:ladder      0.09 ms  (sub)
     hud:warp        1.49 ms  (sub)
     hud:arc         0.04 ms  (sub)
     hud:blend       0.74 ms  (sub)
     hud:yaw         0.28 ms  (sub)
     hud:cross       0.04 ms  (sub)
     disp:record     0.00 ms  (sub)
     disp:imshow     0.46 ms  (sub)
     disp:waitkey    4.29 ms  (sub)
[PROF 09:50:27]   7 frames  301.07 ms/frame  ->   3.3 FPS
   capture           2.18 ms    0.7%
   track           289.40 ms   96.1%
   ctrl+mav          0.95 ms    0.3%
   hud               3.48 ms    1.2%
   display           5.06 ms    1.7%
     detect          0.64 ms  (sub)
     tracker       288.15 ms  (sub)
     hud:overlay     0.75 ms  (sub)
     hud:setup       0.09 ms  (sub)
     hud:ladder      0.09 ms  (sub)
     hud:warp        1.44 ms  (sub)
     hud:arc         0.04 ms  (sub)
     hud:blend       0.72 ms  (sub)
     hud:yaw         0.28 ms  (sub)
     hud:cross       0.04 ms  (sub)
     disp:record     0.00 ms  (sub)
     disp:imshow     0.50 ms  (sub)
     disp:waitkey    4.54 ms  (sub)
[PROF 09:50:29]   7 frames  302.62 ms/frame  ->   3.3 FPS
   capture           2.30 ms    0.8%
   track           291.92 ms   96.5%
   ctrl+mav          0.37 ms    0.1%
   hud               3.45 ms    1.1%
   display           4.59 ms    1.5%
     detect          1.29 ms  (sub)
     tracker       290.09 ms  (sub)
     hud:overlay     0.75 ms  (sub)
     hud:setup       0.08 ms  (sub)
     hud:ladder      0.08 ms  (sub)
     hud:warp        1.43 ms  (sub)
     hud:arc         0.04 ms  (sub)
     hud:blend       0.71 ms  (sub)
     hud:yaw         0.28 ms  (sub)
     hud:cross       0.04 ms  (sub)
     disp:record     0.00 ms  (sub)
     disp:imshow     0.50 ms  (sub)
     disp:waitkey    4.06 ms  (sub)
[PROF 09:50:31]   7 frames  301.63 ms/frame  ->   3.3 FPS
   capture           2.28 ms    0.8%
   track           290.35 ms   96.3%
   ctrl+mav          0.72 ms    0.2%
   hud               3.51 ms    1.2%
   display           4.78 ms    1.6%
     detect          0.65 ms  (sub)
     tracker       288.95 ms  (sub)
     hud:overlay     0.75 ms  (sub)
     hud:setup       0.09 ms  (sub)
     hud:ladder      0.08 ms  (sub)
     hud:warp        1.47 ms  (sub)
     hud:arc         0.04 ms  (sub)
     hud:blend       0.72 ms  (sub)
     hud:yaw         0.28 ms  (sub)
     hud:cross       0.04 ms  (sub)
     disp:record     0.00 ms  (sub)
     disp:imshow     0.46 ms  (sub)
     disp:waitkey    4.30 ms  (sub)
[PROF 09:50:33]   7 frames  312.29 ms/frame  ->   3.2 FPS
   capture           2.23 ms    0.7%
   track           299.65 ms   96.0%
   ctrl+mav          2.00 ms    0.6%
   hud               3.65 ms    1.2%
   display           4.75 ms    1.5%
     detect          1.32 ms  (sub)
     tracker       297.82 ms  (sub)
     hud:overlay     0.77 ms  (sub)
     hud:setup       0.10 ms  (sub)
     hud:ladder      0.08 ms  (sub)
     hud:warp        1.45 ms  (sub)
     hud:arc         0.05 ms  (sub)
     hud:blend       0.80 ms  (sub)
     hud:yaw         0.32 ms  (sub)
     hud:cross       0.04 ms  (sub)
     disp:record     0.00 ms  (sub)
     disp:imshow     0.47 ms  (sub)
     disp:waitkey    4.26 ms  (sub)
[PROF 09:50:35]   7 frames  308.45 ms/frame  ->   3.2 FPS
   capture           2.25 ms    0.7%
   track           296.59 ms   96.2%
   ctrl+mav          1.85 ms    0.6%
   hud               3.50 ms    1.1%
   display           4.27 ms    1.4%
     detect          0.66 ms  (sub)
     tracker       295.40 ms  (sub)
     hud:overlay     0.76 ms  (sub)
     hud:setup       0.09 ms  (sub)
     hud:ladder      0.08 ms  (sub)
     hud:warp        1.44 ms  (sub)
     hud:arc         0.04 ms  (sub)
     hud:blend       0.73 ms  (sub)
     hud:yaw         0.28 ms  (sub)
     hud:cross       0.04 ms  (sub)
     disp:record     0.00 ms  (sub)
     disp:imshow     0.47 ms  (sub)
     disp:waitkey    3.77 ms  (sub)
[PROF 09:50:37]   7 frames  303.51 ms/frame  ->   3.3 FPS
   capture           2.27 ms    0.7%
   track           290.98 ms   95.9%
   ctrl+mav          2.00 ms    0.7%
   hud               3.66 ms    1.2%
   display           4.60 ms    1.5%
     detect          0.66 ms  (sub)
     tracker       289.72 ms  (sub)
     hud:overlay     0.74 ms  (sub)
     hud:setup       0.10 ms  (sub)
     hud:ladder      0.09 ms  (sub)
     hud:warp        1.62 ms  (sub)
     hud:arc         0.04 ms  (sub)
     hud:blend       0.71 ms  (sub)
     hud:yaw         0.29 ms  (sub)
     hud:cross       0.04 ms  (sub)
     disp:record     0.00 ms  (sub)
     disp:imshow     0.48 ms  (sub)
     disp:waitkey    4.09 ms  (sub)
[PROF 09:50:40]   7 frames  313.47 ms/frame  ->   3.2 FPS
   capture           2.50 ms    0.8%
   track           300.69 ms   95.9%
   ctrl+mav          1.95 ms    0.6%
   hud               3.76 ms    1.2%
   display           4.57 ms    1.5%
     detect          1.30 ms  (sub)
     tracker       298.89 ms  (sub)
     hud:overlay     0.81 ms  (sub)
     hud:setup       0.09 ms  (sub)
     hud:ladder      0.09 ms  (sub)
     hud:warp        1.57 ms  (sub)
     hud:arc         0.05 ms  (sub)
     hud:blend       0.75 ms  (sub)
     hud:yaw         0.32 ms  (sub)
     hud:cross       0.04 ms  (sub)
     disp:record     0.00 ms  (sub)
     disp:imshow     0.48 ms  (sub)
     disp:waitkey    4.06 ms  (sub)
[PROF 09:50:42]   7 frames  312.42 ms/frame  ->   3.2 FPS
   capture           2.40 ms    0.8%
   track           300.05 ms   96.0%
   ctrl+mav          1.97 ms    0.6%
   hud               3.63 ms    1.2%
   display           4.36 ms    1.4%
     detect          0.69 ms  (sub)
     tracker       298.79 ms  (sub)
     hud:overlay     0.75 ms  (sub)
     hud:setup       0.10 ms  (sub)
     hud:ladder      0.10 ms  (sub)
     hud:warp        1.52 ms  (sub)
     hud:arc         0.04 ms  (sub)
     hud:blend       0.75 ms  (sub)
     hud:yaw         0.30 ms  (sub)
     hud:cross       0.04 ms  (sub)
     disp:record     0.00 ms  (sub)
     disp:imshow     0.49 ms  (sub)
     disp:waitkey    3.84 ms  (sub)
[PROF 09:50:44]   7 frames  306.14 ms/frame  ->   3.3 FPS
   capture           2.10 ms    0.7%
   track           294.29 ms   96.1%
   ctrl+mav          1.95 ms    0.6%
   hud               3.44 ms    1.1%
   display           4.37 ms    1.4%
     detect          1.37 ms  (sub)
     tracker       292.39 ms  (sub)
     hud:overlay     0.73 ms  (sub)
     hud:setup       0.09 ms  (sub)
     hud:ladder      0.08 ms  (sub)
     hud:warp        1.43 ms  (sub)
     hud:arc         0.04 ms  (sub)
     hud:blend       0.70 ms  (sub)
     hud:yaw         0.30 ms  (sub)
     hud:cross       0.04 ms  (sub)
     disp:record     0.00 ms  (sub)
     disp:imshow     0.44 ms  (sub)
     disp:waitkey    3.91 ms  (sub)
[PROF 09:50:46]   7 frames  309.98 ms/frame  ->   3.2 FPS
   capture           2.20 ms    0.7%
   track           297.85 ms   96.1%
   ctrl+mav          2.09 ms    0.7%
   hud               3.54 ms    1.1%
   display           4.30 ms    1.4%
     detect          0.64 ms  (sub)
     tracker       296.70 ms  (sub)
     hud:overlay     0.73 ms  (sub)
     hud:setup       0.10 ms  (sub)
     hud:ladder      0.09 ms  (sub)
     hud:warp        1.44 ms  (sub)
     hud:arc         0.05 ms  (sub)
     hud:blend       0.76 ms  (sub)
     hud:yaw         0.31 ms  (sub)
     hud:cross       0.04 ms  (sub)
     disp:record     0.00 ms  (sub)
     disp:imshow     0.47 ms  (sub)
     disp:waitkey    3.81 ms  (sub)
[PROF 09:50:48]   7 frames  303.51 ms/frame  ->   3.3 FPS
   capture           2.79 ms    0.9%
   track           290.64 ms   95.8%
   ctrl+mav          1.84 ms    0.6%
   hud               3.42 ms    1.1%
   display           4.83 ms    1.6%
     detect          0.67 ms  (sub)
     tracker       289.35 ms  (sub)
     hud:overlay     0.71 ms  (sub)
     hud:setup       0.10 ms  (sub)
     hud:ladder      0.09 ms  (sub)
     hud:warp        1.43 ms  (sub)
     hud:arc         0.04 ms  (sub)
     hud:blend       0.70 ms  (sub)
     hud:yaw         0.28 ms  (sub)
     hud:cross       0.04 ms  (sub)
     disp:record     0.00 ms  (sub)
     disp:imshow     0.49 ms  (sub)
     disp:waitkey    4.31 ms  (sub)
[PROF 09:50:50]   7 frames  310.45 ms/frame  ->   3.2 FPS
   capture           2.37 ms    0.8%
   track           298.30 ms   96.1%
   ctrl+mav          1.82 ms    0.6%
   hud               3.45 ms    1.1%
   display           4.51 ms    1.5%
     detect          1.30 ms  (sub)
     tracker       296.38 ms  (sub)
     hud:overlay     0.72 ms  (sub)
     hud:setup       0.09 ms  (sub)
     hud:ladder      0.08 ms  (sub)
     hud:warp        1.43 ms  (sub)
     hud:arc         0.04 ms  (sub)
     hud:blend       0.72 ms  (sub)
     hud:yaw         0.29 ms  (sub)
     hud:cross       0.04 ms  (sub)
     disp:record     0.00 ms  (sub)
     disp:imshow     0.48 ms  (sub)
     disp:waitkey    4.00 ms  (sub)
[PROF 09:50:53]   7 frames  305.55 ms/frame  ->   3.3 FPS
   capture           2.28 ms    0.7%
   track           293.14 ms   95.9%
   ctrl+mav          1.98 ms    0.6%
   hud               3.53 ms    1.2%
   display           4.61 ms    1.5%
     detect          0.69 ms  (sub)
     tracker       291.87 ms  (sub)
     hud:overlay     0.73 ms  (sub)
     hud:setup       0.11 ms  (sub)
     hud:ladder      0.10 ms  (sub)
     hud:warp        1.47 ms  (sub)
     hud:arc         0.04 ms  (sub)
     hud:blend       0.73 ms  (sub)
     hud:yaw         0.28 ms  (sub)
     hud:cross       0.04 ms  (sub)
     disp:record     0.00 ms  (sub)
     disp:imshow     0.48 ms  (sub)
     disp:waitkey    4.09 ms  (sub)
[PROF 09:50:55]   7 frames  311.12 ms/frame  ->   3.2 FPS
   capture           2.68 ms    0.9%
   track           298.42 ms   95.9%
   ctrl+mav          2.04 ms    0.7%
   hud               3.69 ms    1.2%
   display           4.29 ms    1.4%
     detect          1.31 ms  (sub)
     tracker       296.52 ms  (sub)
     hud:overlay     0.77 ms  (sub)
     hud:setup       0.09 ms  (sub)
     hud:ladder      0.09 ms  (sub)
     hud:warp        1.56 ms  (sub)
     hud:arc         0.04 ms  (sub)
     hud:blend       0.77 ms  (sub)
     hud:yaw         0.29 ms  (sub)
     hud:cross       0.04 ms  (sub)
     disp:record     0.00 ms  (sub)
     disp:imshow     0.46 ms  (sub)
     disp:waitkey    3.81 ms  (sub)
[PROF 09:50:57]   7 frames  300.90 ms/frame  ->   3.3 FPS
   capture           2.10 ms    0.7%
   track           289.13 ms   96.1%
   ctrl+mav          1.84 ms    0.6%
   hud               3.43 ms    1.1%
   display           4.40 ms    1.5%
     detect          0.65 ms  (sub)
     tracker       287.95 ms  (sub)
     hud:overlay     0.74 ms  (sub)
     hud:setup       0.09 ms  (sub)
     hud:ladder      0.08 ms  (sub)
     hud:warp        1.43 ms  (sub)
     hud:arc         0.04 ms  (sub)
     hud:blend       0.70 ms  (sub)
     hud:yaw         0.28 ms  (sub)
     hud:cross       0.04 ms  (sub)
     disp:record     0.00 ms  (sub)
     disp:imshow     0.48 ms  (sub)
     disp:waitkey    3.90 ms  (sub)
[PROF 09:50:59]   7 frames  308.73 ms/frame  ->   3.2 FPS
   capture           2.12 ms    0.7%
   track           296.77 ms   96.1%
   ctrl+mav          1.86 ms    0.6%
   hud               3.52 ms    1.1%
   display           4.45 ms    1.4%
     detect          0.65 ms  (sub)
     tracker       295.53 ms  (sub)
     hud:overlay     0.78 ms  (sub)
     hud:setup       0.09 ms  (sub)
     hud:ladder      0.08 ms  (sub)
     hud:warp        1.42 ms  (sub)
     hud:arc         0.04 ms  (sub)
     hud:blend       0.71 ms  (sub)
     hud:yaw         0.32 ms  (sub)
     hud:cross       0.04 ms  (sub)
     disp:record     0.00 ms  (sub)
     disp:imshow     0.46 ms  (sub)
     disp:waitkey    3.97 ms  (sub)
[PROF 09:51:01]   7 frames  307.27 ms/frame  ->   3.3 FPS
   capture           2.15 ms    0.7%
   track           295.53 ms   96.2%
   ctrl+mav          1.81 ms    0.6%
   hud               3.39 ms    1.1%
   display           4.39 ms    1.4%
     detect          1.29 ms  (sub)
     tracker       293.72 ms  (sub)
     hud:overlay     0.72 ms  (sub)
     hud:setup       0.09 ms  (sub)
     hud:ladder      0.08 ms  (sub)
     hud:warp        1.41 ms  (sub)
     hud:arc         0.04 ms  (sub)
     hud:blend       0.71 ms  (sub)
     hud:yaw         0.28 ms  (sub)
     hud:cross       0.04 ms  (sub)
     disp:record     0.00 ms  (sub)
     disp:imshow     0.46 ms  (sub)
     disp:waitkey    3.90 ms  (sub)
[PROF 09:51:03]   7 frames  304.35 ms/frame  ->   3.3 FPS
   capture           2.24 ms    0.7%
   track           291.81 ms   95.9%
   ctrl+mav          1.85 ms    0.6%
   hud               3.89 ms    1.3%
   display           4.55 ms    1.5%
     detect          0.64 ms  (sub)
     tracker       290.63 ms  (sub)
     hud:overlay     0.73 ms  (sub)
     hud:setup       0.10 ms  (sub)
     hud:ladder      0.19 ms  (sub)
     hud:warp        1.75 ms  (sub)
     hud:arc         0.04 ms  (sub)
     hud:blend       0.72 ms  (sub)
     hud:yaw         0.29 ms  (sub)
     hud:cross       0.04 ms  (sub)
     disp:record     0.00 ms  (sub)
     disp:imshow     0.49 ms  (sub)
     disp:waitkey    4.03 ms  (sub)
[PROF 09:51:05]   7 frames  303.30 ms/frame  ->   3.3 FPS
   capture           2.34 ms    0.8%
   track           290.88 ms   95.9%
   ctrl+mav          1.94 ms    0.6%
   hud               3.52 ms    1.2%
   display           4.61 ms    1.5%
     detect          1.40 ms  (sub)
     tracker       288.81 ms  (sub)
     hud:overlay     0.73 ms  (sub)
     hud:setup       0.10 ms  (sub)
     hud:ladder      0.08 ms  (sub)
     hud:warp        1.47 ms  (sub)
     hud:arc         0.05 ms  (sub)
     hud:blend       0.74 ms  (sub)
     hud:yaw         0.28 ms  (sub)
     hud:cross       0.04 ms  (sub)
     disp:record     0.01 ms  (sub)
     disp:imshow     0.45 ms  (sub)
     disp:waitkey    4.13 ms  (sub)
[PROF 09:51:07]   7 frames  302.77 ms/frame  ->   3.3 FPS
   capture           2.79 ms    0.9%
   track           290.12 ms   95.8%
   ctrl+mav          1.93 ms    0.6%
   hud               3.49 ms    1.2%
   display           4.44 ms    1.5%
     detect          0.65 ms  (sub)
     tracker       288.85 ms  (sub)
     hud:overlay     0.76 ms  (sub)
     hud:setup       0.09 ms  (sub)
     hud:ladder      0.08 ms  (sub)
     hud:warp        1.45 ms  (sub)
     hud:arc         0.04 ms  (sub)
     hud:blend       0.70 ms  (sub)
     hud:yaw         0.29 ms  (sub)
     hud:cross       0.04 ms  (sub)
     disp:record     0.00 ms  (sub)
     disp:imshow     0.48 ms  (sub)
     disp:waitkey    3.92 ms  (sub)
[PROF 09:51:10]   7 frames  310.21 ms/frame  ->   3.2 FPS
   capture           2.33 ms    0.8%
   track           297.18 ms   95.8%
   ctrl+mav          2.02 ms    0.7%
   hud               3.65 ms    1.2%
   display           5.03 ms    1.6%
     detect          0.68 ms  (sub)
     tracker       295.83 ms  (sub)
     hud:overlay     0.78 ms  (sub)
     hud:setup       0.10 ms  (sub)
     hud:ladder      0.08 ms  (sub)
     hud:warp        1.54 ms  (sub)
     hud:arc         0.04 ms  (sub)
     hud:blend       0.73 ms  (sub)
     hud:yaw         0.30 ms  (sub)
     hud:cross       0.04 ms  (sub)
     disp:record     0.00 ms  (sub)
     disp:imshow     0.45 ms  (sub)
     disp:waitkey    4.55 ms  (sub)
[PROF 09:51:12]   7 frames  312.40 ms/frame  ->   3.2 FPS
   capture           2.06 ms    0.7%
   track           300.06 ms   96.1%
   ctrl+mav          1.93 ms    0.6%
   hud               3.83 ms    1.2%
   display           4.51 ms    1.4%
     detect          1.33 ms  (sub)
     tracker       298.25 ms  (sub)
     hud:overlay     0.80 ms  (sub)
     hud:setup       0.11 ms  (sub)
     hud:ladder      0.10 ms  (sub)
     hud:warp        1.61 ms  (sub)
     hud:arc         0.05 ms  (sub)
     hud:blend       0.77 ms  (sub)
     hud:yaw         0.30 ms  (sub)
     hud:cross       0.04 ms  (sub)
     disp:record     0.00 ms  (sub)
     disp:imshow     0.51 ms  (sub)
     disp:waitkey    3.95 ms  (sub)
[PROF 09:51:14]   7 frames  307.59 ms/frame  ->   3.3 FPS
   capture           2.31 ms    0.8%
   track           295.19 ms   96.0%
   ctrl+mav          1.99 ms    0.6%
   hud               3.51 ms    1.1%
   display           4.59 ms    1.5%
     detect          0.99 ms  (sub)
     tracker       293.62 ms  (sub)
     hud:overlay     0.77 ms  (sub)
     hud:setup       0.09 ms  (sub)
     hud:ladder      0.08 ms  (sub)
     hud:warp        1.41 ms  (sub)
     hud:arc         0.04 ms  (sub)
     hud:blend       0.75 ms  (sub)
     hud:yaw         0.29 ms  (sub)
     hud:cross       0.04 ms  (sub)
     disp:record     0.00 ms  (sub)
     disp:imshow     0.48 ms  (sub)
     disp:waitkey    4.08 ms  (sub)
[PROF 09:51:16]   7 frames  303.85 ms/frame  ->   3.3 FPS
   capture           2.16 ms    0.7%
   track           291.66 ms   96.0%
   ctrl+mav          1.77 ms    0.6%
   hud               3.48 ms    1.1%
   display           4.78 ms    1.6%
     detect          1.31 ms  (sub)
     tracker       289.79 ms  (sub)
     hud:overlay     0.75 ms  (sub)
     hud:setup       0.09 ms  (sub)
     hud:ladder      0.10 ms  (sub)
     hud:warp        1.46 ms  (sub)
     hud:arc         0.04 ms  (sub)
     hud:blend       0.70 ms  (sub)
     hud:yaw         0.28 ms  (sub)
     hud:cross       0.04 ms  (sub)
     disp:record     0.00 ms  (sub)
     disp:imshow     0.45 ms  (sub)
     disp:waitkey    4.30 ms  (sub)
[PROF 09:51:18]   7 frames  304.60 ms/frame  ->   3.3 FPS
   capture           2.19 ms    0.7%
   track           292.19 ms   95.9%
   ctrl+mav          1.96 ms    0.6%
   hud               3.60 ms    1.2%
   display           4.65 ms    1.5%
     detect          0.66 ms  (sub)
     tracker       290.95 ms  (sub)
     hud:overlay     0.77 ms  (sub)
     hud:setup       0.11 ms  (sub)
     hud:ladder      0.09 ms  (sub)
     hud:warp        1.47 ms  (sub)
     hud:arc         0.05 ms  (sub)
     hud:blend       0.75 ms  (sub)
     hud:yaw         0.28 ms  (sub)
     hud:cross       0.05 ms  (sub)
     disp:record     0.00 ms  (sub)
     disp:imshow     0.53 ms  (sub)
     disp:waitkey    4.08 ms  (sub)
[PROF 09:51:20]   7 frames  305.65 ms/frame  ->   3.3 FPS
   capture           2.59 ms    0.8%
   track           292.73 ms   95.8%
   ctrl+mav          1.86 ms    0.6%
   hud               3.51 ms    1.1%
   display           4.95 ms    1.6%
     detect          0.65 ms  (sub)
     tracker       291.36 ms  (sub)
     hud:overlay     0.77 ms  (sub)
     hud:setup       0.09 ms  (sub)
     hud:ladder      0.08 ms  (sub)
     hud:warp        1.47 ms  (sub)
     hud:arc         0.04 ms  (sub)
     hud:blend       0.70 ms  (sub)
     hud:yaw         0.28 ms  (sub)
     hud:cross       0.04 ms  (sub)
     disp:record     0.00 ms  (sub)
     disp:imshow     0.44 ms  (sub)
     disp:waitkey    4.48 ms  (sub)
[PROF 09:51:23]   7 frames  306.87 ms/frame  ->   3.3 FPS
   capture           2.39 ms    0.8%
   track           294.65 ms   96.0%
   ctrl+mav          1.93 ms    0.6%
   hud               3.50 ms    1.1%
   display           4.40 ms    1.4%
     detect          1.29 ms  (sub)
     tracker       292.79 ms  (sub)
     hud:overlay     0.77 ms  (sub)
     hud:setup       0.09 ms  (sub)
     hud:ladder      0.08 ms  (sub)
     hud:warp        1.42 ms  (sub)
     hud:arc         0.04 ms  (sub)
     hud:blend       0.72 ms  (sub)
     hud:yaw         0.31 ms  (sub)
     hud:cross       0.04 ms  (sub)
     disp:record     0.00 ms  (sub)
     disp:imshow     0.46 ms  (sub)
     disp:waitkey    3.91 ms  (sub)
[PROF 09:51:25]   7 frames  307.29 ms/frame  ->   3.3 FPS
   capture           2.33 ms    0.8%
   track           294.89 ms   96.0%
   ctrl+mav          2.02 ms    0.7%
   hud               3.68 ms    1.2%
   display           4.37 ms    1.4%
     detect          0.70 ms  (sub)
     tracker       293.60 ms  (sub)
     hud:overlay     0.77 ms  (sub)
     hud:setup       0.10 ms  (sub)
     hud:ladder      0.10 ms  (sub)
     hud:warp        1.46 ms  (sub)
     hud:arc         0.04 ms  (sub)
     hud:blend       0.81 ms  (sub)
     hud:yaw         0.33 ms  (sub)
     hud:cross       0.04 ms  (sub)
     disp:record     0.00 ms  (sub)
     disp:imshow     0.50 ms  (sub)
     disp:waitkey    3.84 ms  (sub)
[PROF 09:51:27]   7 frames  308.61 ms/frame  ->   3.2 FPS
   capture           2.47 ms    0.8%
   track           296.07 ms   95.9%
   ctrl+mav          1.80 ms    0.6%
   hud               3.54 ms    1.1%
   display           4.73 ms    1.5%
     detect          1.32 ms  (sub)
     tracker       294.16 ms  (sub)
     hud:overlay     0.75 ms  (sub)
     hud:setup       0.09 ms  (sub)
     hud:ladder      0.09 ms  (sub)
     hud:warp        1.48 ms  (sub)
     hud:arc         0.04 ms  (sub)
     hud:blend       0.72 ms  (sub)
     hud:yaw         0.29 ms  (sub)
     hud:cross       0.04 ms  (sub)
     disp:record     0.00 ms  (sub)
     disp:imshow     0.50 ms  (sub)
     disp:waitkey    4.20 ms  (sub)
[PROF 09:51:29]   7 frames  303.04 ms/frame  ->   3.3 FPS
   capture           2.10 ms    0.7%
   track           290.93 ms   96.0%
   ctrl+mav          1.94 ms    0.6%
   hud               3.52 ms    1.2%
   display           4.55 ms    1.5%
     detect          0.64 ms  (sub)
     tracker       289.68 ms  (sub)
     hud:overlay     0.75 ms  (sub)
     hud:setup       0.11 ms  (sub)
     hud:ladder      0.08 ms  (sub)
     hud:warp        1.49 ms  (sub)
     hud:arc         0.04 ms  (sub)
     hud:blend       0.70 ms  (sub)
     hud:yaw         0.28 ms  (sub)
     hud:cross       0.04 ms  (sub)
     disp:record     0.00 ms  (sub)
     disp:imshow     0.44 ms  (sub)
     disp:waitkey    4.08 ms  (sub)
[PROF 09:51:31]   7 frames  304.52 ms/frame  ->   3.3 FPS
   capture           2.32 ms    0.8%
   track           292.22 ms   96.0%
   ctrl+mav          1.82 ms    0.6%
   hud               3.48 ms    1.1%
   display           4.69 ms    1.5%
     detect          0.69 ms  (sub)
     tracker       290.80 ms  (sub)
     hud:overlay     0.75 ms  (sub)
     hud:setup       0.09 ms  (sub)
     hud:ladder      0.08 ms  (sub)
     hud:warp        1.44 ms  (sub)
     hud:arc         0.04 ms  (sub)
     hud:blend       0.74 ms  (sub)
     hud:yaw         0.28 ms  (sub)
     hud:cross       0.04 ms  (sub)
     disp:record     0.00 ms  (sub)
     disp:imshow     0.45 ms  (sub)
     disp:waitkey    4.21 ms  (sub)
[PROF 09:51:33]   7 frames  304.00 ms/frame  ->   3.3 FPS
   capture           2.41 ms    0.8%
   track           291.60 ms   95.9%
   ctrl+mav          1.95 ms    0.6%
   hud               3.60 ms    1.2%
   display           4.45 ms    1.5%
     detect          1.31 ms  (sub)
     tracker       289.70 ms  (sub)
     hud:overlay     0.75 ms  (sub)
     hud:setup       0.09 ms  (sub)
     hud:ladder      0.08 ms  (sub)
     hud:warp        1.49 ms  (sub)
     hud:arc         0.05 ms  (sub)
     hud:blend       0.75 ms  (sub)
     hud:yaw         0.31 ms  (sub)
     hud:cross       0.04 ms  (sub)
     disp:record     0.00 ms  (sub)
     disp:imshow     0.45 ms  (sub)
     disp:waitkey    3.97 ms  (sub)
[PROF 09:51:35]   7 frames  307.83 ms/frame  ->   3.2 FPS
   capture           2.53 ms    0.8%
   track           295.25 ms   95.9%
   ctrl+mav          1.84 ms    0.6%
   hud               3.55 ms    1.2%
   display           4.66 ms    1.5%
     detect          0.69 ms  (sub)
     tracker       293.93 ms  (sub)
     hud:overlay     0.73 ms  (sub)
     hud:setup       0.10 ms  (sub)
     hud:ladder      0.08 ms  (sub)
     hud:warp        1.46 ms  (sub)
     hud:arc         0.05 ms  (sub)
     hud:blend       0.75 ms  (sub)
     hud:yaw         0.28 ms  (sub)
     hud:cross       0.04 ms  (sub)
     disp:record     0.00 ms  (sub)
     disp:imshow     0.46 ms  (sub)
     disp:waitkey    4.17 ms  (sub)
[PROF 09:51:38]   7 frames  305.94 ms/frame  ->   3.3 FPS
   capture           2.39 ms    0.8%
   track           292.88 ms   95.7%
   ctrl+mav          1.91 ms    0.6%
   hud               3.85 ms    1.3%
   display           4.91 ms    1.6%
     detect          1.30 ms  (sub)
     tracker       291.03 ms  (sub)
     hud:overlay     0.76 ms  (sub)
     hud:setup       0.13 ms  (sub)
     hud:ladder      0.12 ms  (sub)
     hud:warp        1.66 ms  (sub)
     hud:arc         0.05 ms  (sub)
     hud:blend       0.75 ms  (sub)
     hud:yaw         0.29 ms  (sub)
     hud:cross       0.04 ms  (sub)
     disp:record     0.00 ms  (sub)
     disp:imshow     0.50 ms  (sub)
     disp:waitkey    4.39 ms  (sub)
[PROF 09:51:40]   7 frames  303.44 ms/frame  ->   3.3 FPS
   capture           2.36 ms    0.8%
   track           291.16 ms   96.0%
   ctrl+mav          1.80 ms    0.6%
   hud               3.52 ms    1.2%
   display           4.60 ms    1.5%
     detect          0.65 ms  (sub)
     tracker       289.86 ms  (sub)
     hud:overlay     0.73 ms  (sub)
     hud:setup       0.09 ms  (sub)
     hud:ladder      0.08 ms  (sub)
     hud:warp        1.45 ms  (sub)
     hud:arc         0.05 ms  (sub)
     hud:blend       0.75 ms  (sub)
     hud:yaw         0.29 ms  (sub)
     hud:cross       0.04 ms  (sub)
     disp:record     0.00 ms  (sub)
     disp:imshow     0.52 ms  (sub)
     disp:waitkey    4.06 ms  (sub)
[PROF 09:51:42]   7 frames  301.07 ms/frame  ->   3.3 FPS
   capture           2.16 ms    0.7%
   track           289.23 ms   96.1%
   ctrl+mav          1.80 ms    0.6%
   hud               3.41 ms    1.1%
   display           4.47 ms    1.5%
     detect          0.64 ms  (sub)
     tracker       288.06 ms  (sub)
     hud:overlay     0.72 ms  (sub)
     hud:setup       0.09 ms  (sub)
     hud:ladder      0.08 ms  (sub)
     hud:warp        1.44 ms  (sub)
     hud:arc         0.04 ms  (sub)
     hud:blend       0.69 ms  (sub)
     hud:yaw         0.28 ms  (sub)
     hud:cross       0.04 ms  (sub)
     disp:record     0.00 ms  (sub)
     disp:imshow     0.46 ms  (sub)
     disp:waitkey    3.99 ms  (sub)
[PROF 09:51:44]   7 frames  304.41 ms/frame  ->   3.3 FPS
   capture           2.52 ms    0.8%
   track           291.85 ms   95.9%
   ctrl+mav          1.91 ms    0.6%
   hud               3.64 ms    1.2%
   display           4.48 ms    1.5%
     detect          1.37 ms  (sub)
     tracker       289.77 ms  (sub)
     hud:overlay     0.83 ms  (sub)
     hud:setup       0.09 ms  (sub)
     hud:ladder      0.08 ms  (sub)
     hud:warp        1.44 ms  (sub)
     hud:arc         0.04 ms  (sub)
     hud:blend       0.79 ms  (sub)
     hud:yaw         0.30 ms  (sub)
     hud:cross       0.04 ms  (sub)
     disp:record     0.00 ms  (sub)
     disp:imshow     0.46 ms  (sub)
     disp:waitkey    3.99 ms  (sub)
[PROF 09:51:46]   7 frames  301.64 ms/frame  ->   3.3 FPS
   capture           2.11 ms    0.7%
   track           289.99 ms   96.1%
   ctrl+mav          1.76 ms    0.6%
   hud               3.42 ms    1.1%
   display           4.37 ms    1.4%
     detect          0.64 ms  (sub)
     tracker       288.80 ms  (sub)
     hud:overlay     0.72 ms  (sub)
     hud:setup       0.09 ms  (sub)
     hud:ladder      0.08 ms  (sub)
     hud:warp        1.45 ms  (sub)
     hud:arc         0.04 ms  (sub)
     hud:blend       0.69 ms  (sub)
     hud:yaw         0.28 ms  (sub)
     hud:cross       0.04 ms  (sub)
     disp:record     0.00 ms  (sub)
     disp:imshow     0.46 ms  (sub)
     disp:waitkey    3.88 ms  (sub)
[PROF 09:51:48]   7 frames  304.72 ms/frame  ->   3.3 FPS
   capture           2.48 ms    0.8%
   track           292.13 ms   95.9%
   ctrl+mav          1.93 ms    0.6%
   hud               3.60 ms    1.2%
   display           4.58 ms    1.5%
     detect          1.29 ms  (sub)
     tracker       290.26 ms  (sub)
     hud:overlay     0.72 ms  (sub)
     hud:setup       0.10 ms  (sub)
     hud:ladder      0.08 ms  (sub)
     hud:warp        1.55 ms  (sub)
     hud:arc         0.04 ms  (sub)
     hud:blend       0.72 ms  (sub)
     hud:yaw         0.30 ms  (sub)
     hud:cross       0.04 ms  (sub)
     disp:record     0.00 ms  (sub)
     disp:imshow     0.47 ms  (sub)
     disp:waitkey    4.08 ms  (sub)
[PROF 09:51:50]   7 frames  303.21 ms/frame  ->   3.3 FPS
   capture           2.42 ms    0.8%
   track           290.61 ms   95.8%
   ctrl+mav          2.14 ms    0.7%
   hud               3.47 ms    1.1%
   display           4.57 ms    1.5%
     detect          0.69 ms  (sub)
     tracker       289.27 ms  (sub)
     hud:overlay     0.73 ms  (sub)
     hud:setup       0.09 ms  (sub)
     hud:ladder      0.08 ms  (sub)
     hud:warp        1.43 ms  (sub)
     hud:arc         0.04 ms  (sub)
     hud:blend       0.72 ms  (sub)
     hud:yaw         0.29 ms  (sub)
     hud:cross       0.04 ms  (sub)
     disp:record     0.00 ms  (sub)
     disp:imshow     0.52 ms  (sub)
     disp:waitkey    4.03 ms  (sub)
[PROF 09:51:52]   7 frames  303.05 ms/frame  ->   3.3 FPS
   capture           2.45 ms    0.8%
   track           290.53 ms   95.9%
   ctrl+mav          1.78 ms    0.6%
   hud               3.57 ms    1.2%
   display           4.72 ms    1.6%
     detect          0.64 ms  (sub)
     tracker       289.22 ms  (sub)
     hud:overlay     0.75 ms  (sub)
     hud:setup       0.11 ms  (sub)
     hud:ladder      0.10 ms  (sub)
     hud:warp        1.46 ms  (sub)
     hud:arc         0.05 ms  (sub)
     hud:blend       0.73 ms  (sub)
     hud:yaw         0.29 ms  (sub)
     hud:cross       0.04 ms  (sub)
     disp:record     0.00 ms  (sub)
     disp:imshow     0.51 ms  (sub)
     disp:waitkey    4.17 ms  (sub)
[PROF 09:51:55]   7 frames  303.46 ms/frame  ->   3.3 FPS
   capture           2.23 ms    0.7%
   track           291.47 ms   96.0%
   ctrl+mav          1.94 ms    0.6%
   hud               3.41 ms    1.1%
   display           4.40 ms    1.5%
     detect          1.36 ms  (sub)
     tracker       289.58 ms  (sub)
     hud:overlay     0.73 ms  (sub)
     hud:setup       0.09 ms  (sub)
     hud:ladder      0.08 ms  (sub)
     hud:warp        1.41 ms  (sub)
     hud:arc         0.04 ms  (sub)
     hud:blend       0.71 ms  (sub)
     hud:yaw         0.28 ms  (sub)
     hud:cross       0.04 ms  (sub)
     disp:record     0.00 ms  (sub)
     disp:imshow     0.44 ms  (sub)
     disp:waitkey    3.94 ms  (sub)
[PROF 09:51:57]   7 frames  309.21 ms/frame  ->   3.2 FPS
   capture           2.35 ms    0.8%
   track           296.53 ms   95.9%
   ctrl+mav          1.90 ms    0.6%
   hud               3.70 ms    1.2%
   display           4.74 ms    1.5%
     detect          0.64 ms  (sub)
     tracker       295.24 ms  (sub)
     hud:overlay     0.75 ms  (sub)
     hud:setup       0.10 ms  (sub)
     hud:ladder      0.10 ms  (sub)
     hud:warp        1.54 ms  (sub)
     hud:arc         0.04 ms  (sub)
     hud:blend       0.76 ms  (sub)
     hud:yaw         0.32 ms  (sub)
     hud:cross       0.05 ms  (sub)
     disp:record     0.00 ms  (sub)
     disp:imshow     0.51 ms  (sub)
     disp:waitkey    4.19 ms  (sub)
[PROF 09:51:59]   7 frames  314.44 ms/frame  ->   3.2 FPS
   capture           2.61 ms    0.8%
   track           301.21 ms   95.8%
   ctrl+mav          2.22 ms    0.7%
   hud               3.75 ms    1.2%
   display           4.66 ms    1.5%
     detect          1.32 ms  (sub)
     tracker       299.06 ms  (sub)
     hud:overlay     0.78 ms  (sub)
     hud:setup       0.10 ms  (sub)
     hud:ladder      0.09 ms  (sub)
     hud:warp        1.50 ms  (sub)
     hud:arc         0.05 ms  (sub)
     hud:blend       0.78 ms  (sub)
     hud:yaw         0.35 ms  (sub)
     hud:cross       0.05 ms  (sub)
     disp:record     0.00 ms  (sub)
     disp:imshow     0.52 ms  (sub)
     disp:waitkey    4.12 ms  (sub)
[PROF 09:52:01]   7 frames  303.61 ms/frame  ->   3.3 FPS
   capture           2.54 ms    0.8%
   track           291.42 ms   96.0%
   ctrl+mav          1.80 ms    0.6%
   hud               3.48 ms    1.1%
   display           4.38 ms    1.4%
     detect          0.64 ms  (sub)
     tracker       290.07 ms  (sub)
     hud:overlay     0.73 ms  (sub)
     hud:setup       0.09 ms  (sub)
     hud:ladder      0.08 ms  (sub)
     hud:warp        1.44 ms  (sub)
     hud:arc         0.04 ms  (sub)
     hud:blend       0.74 ms  (sub)
     hud:yaw         0.28 ms  (sub)
     hud:cross       0.04 ms  (sub)
     disp:record     0.00 ms  (sub)
     disp:imshow     0.49 ms  (sub)
     disp:waitkey    3.85 ms  (sub)
[PROF 09:52:03]   7 frames  303.02 ms/frame  ->   3.3 FPS
   capture           2.44 ms    0.8%
   track           290.28 ms   95.8%
   ctrl+mav          1.88 ms    0.6%
   hud               3.56 ms    1.2%
   display           4.85 ms    1.6%
     detect          0.64 ms  (sub)
     tracker       289.02 ms  (sub)
     hud:overlay     0.74 ms  (sub)
     hud:setup       0.11 ms  (sub)
     hud:ladder      0.09 ms  (sub)
     hud:warp        1.45 ms  (sub)
     hud:arc         0.04 ms  (sub)
     hud:blend       0.75 ms  (sub)
     hud:yaw         0.30 ms  (sub)
     hud:cross       0.04 ms  (sub)
     disp:record     0.00 ms  (sub)
     disp:imshow     0.50 ms  (sub)
     disp:waitkey    4.33 ms  (sub)
[PROF 09:52:05]   7 frames  308.33 ms/frame  ->   3.2 FPS
   capture           2.10 ms    0.7%
   track           296.27 ms   96.1%
   ctrl+mav          1.88 ms    0.6%
   hud               3.51 ms    1.1%
   display           4.57 ms    1.5%
     detect          1.28 ms  (sub)
     tracker       294.39 ms  (sub)
     hud:overlay     0.75 ms  (sub)
     hud:setup       0.10 ms  (sub)
     hud:ladder      0.09 ms  (sub)
     hud:warp        1.46 ms  (sub)
     hud:arc         0.04 ms  (sub)
     hud:blend       0.70 ms  (sub)
     hud:yaw         0.29 ms  (sub)
     hud:cross       0.04 ms  (sub)
     disp:record     0.00 ms  (sub)
     disp:imshow     0.45 ms  (sub)
     disp:waitkey    4.09 ms  (sub)
[PROF 09:52:07]   7 frames  303.32 ms/frame  ->   3.3 FPS
   capture           2.24 ms    0.7%
   track           291.46 ms   96.1%
   ctrl+mav          1.81 ms    0.6%
   hud               3.51 ms    1.2%
   display           4.29 ms    1.4%
     detect          0.65 ms  (sub)
     tracker       290.30 ms  (sub)
     hud:overlay     0.77 ms  (sub)
     hud:setup       0.09 ms  (sub)
     hud:ladder      0.08 ms  (sub)
     hud:warp        1.43 ms  (sub)
     hud:arc         0.05 ms  (sub)
     hud:blend       0.73 ms  (sub)
     hud:yaw         0.28 ms  (sub)
     hud:cross       0.04 ms  (sub)
     disp:record     0.00 ms  (sub)
     disp:imshow     0.48 ms  (sub)
     disp:waitkey    3.79 ms  (sub)
[PROF 09:52:10]   7 frames  303.46 ms/frame  ->   3.3 FPS
   capture           2.28 ms    0.8%
   track           290.49 ms   95.7%
   ctrl+mav          2.18 ms    0.7%
   hud               3.69 ms    1.2%
   display           4.82 ms    1.6%
     detect          1.33 ms  (sub)
     tracker       288.46 ms  (sub)
     hud:overlay     0.80 ms  (sub)
     hud:setup       0.10 ms  (sub)
     hud:ladder      0.08 ms  (sub)
     hud:warp        1.48 ms  (sub)
     hud:arc         0.05 ms  (sub)
     hud:blend       0.79 ms  (sub)
     hud:yaw         0.31 ms  (sub)
     hud:cross       0.04 ms  (sub)
     disp:record     0.00 ms  (sub)
     disp:imshow     0.49 ms  (sub)
     disp:waitkey    4.30 ms  (sub)
[PROF 09:52:12]   7 frames  303.76 ms/frame  ->   3.3 FPS
   capture           2.45 ms    0.8%
   track           290.90 ms   95.8%
   ctrl+mav          1.78 ms    0.6%
   hud               3.53 ms    1.2%
   display           5.11 ms    1.7%
     detect          0.64 ms  (sub)
     tracker       289.55 ms  (sub)
     hud:overlay     0.78 ms  (sub)
     hud:setup       0.09 ms  (sub)
     hud:ladder      0.09 ms  (sub)
     hud:warp        1.45 ms  (sub)
     hud:arc         0.04 ms  (sub)
     hud:blend       0.73 ms  (sub)
     hud:yaw         0.28 ms  (sub)
     hud:cross       0.04 ms  (sub)
     disp:record     0.00 ms  (sub)
     disp:imshow     0.45 ms  (sub)
     disp:waitkey    4.63 ms  (sub)
[PROF 09:52:14]   7 frames  305.42 ms/frame  ->   3.3 FPS
   capture           2.22 ms    0.7%
   track           293.08 ms   96.0%
   ctrl+mav          1.83 ms    0.6%
   hud               3.59 ms    1.2%
   display           4.70 ms    1.5%
     detect          0.65 ms  (sub)
     tracker       291.79 ms  (sub)
     hud:overlay     0.76 ms  (sub)
     hud:setup       0.11 ms  (sub)
     hud:ladder      0.10 ms  (sub)
     hud:warp        1.52 ms  (sub)
     hud:arc         0.04 ms  (sub)
     hud:blend       0.70 ms  (sub)
     hud:yaw         0.28 ms  (sub)
     hud:cross       0.04 ms  (sub)
     disp:record     0.00 ms  (sub)
     disp:imshow     0.45 ms  (sub)
     disp:waitkey    4.22 ms  (sub)
[PROF 09:52:16]   7 frames  305.13 ms/frame  ->   3.3 FPS
   capture           2.34 ms    0.8%
   track           292.88 ms   96.0%
   ctrl+mav          1.87 ms    0.6%
   hud               3.44 ms    1.1%
   display           4.61 ms    1.5%
     detect          1.33 ms  (sub)
     tracker       290.88 ms  (sub)
     hud:overlay     0.73 ms  (sub)
     hud:setup       0.09 ms  (sub)
     hud:ladder      0.09 ms  (sub)
     hud:warp        1.44 ms  (sub)
     hud:arc         0.04 ms  (sub)
     hud:blend       0.71 ms  (sub)
     hud:yaw         0.28 ms  (sub)
     hud:cross       0.04 ms  (sub)
     disp:record     0.00 ms  (sub)
     disp:imshow     0.44 ms  (sub)
     disp:waitkey    4.14 ms  (sub)
[PROF 09:52:18]   7 frames  303.29 ms/frame  ->   3.3 FPS
   capture           2.42 ms    0.8%
   track           290.57 ms   95.8%
   ctrl+mav          1.80 ms    0.6%
   hud               3.54 ms    1.2%
   display           4.96 ms    1.6%
     detect          0.64 ms  (sub)
     tracker       289.30 ms  (sub)
     hud:overlay     0.76 ms  (sub)
     hud:setup       0.10 ms  (sub)
     hud:ladder      0.09 ms  (sub)
     hud:warp        1.43 ms  (sub)
     hud:arc         0.04 ms  (sub)
     hud:blend       0.75 ms  (sub)
     hud:yaw         0.29 ms  (sub)
     hud:cross       0.04 ms  (sub)
     disp:record     0.00 ms  (sub)
     disp:imshow     0.49 ms  (sub)
     disp:waitkey    4.44 ms  (sub)
[PROF 09:52:20]   7 frames  305.82 ms/frame  ->   3.3 FPS
   capture           3.00 ms    1.0%
   track           292.53 ms   95.7%
   ctrl+mav          1.92 ms    0.6%
   hud               3.42 ms    1.1%
   display           4.96 ms    1.6%
     detect          1.38 ms  (sub)
     tracker       290.46 ms  (sub)
     hud:overlay     0.73 ms  (sub)
     hud:setup       0.08 ms  (sub)
     hud:ladder      0.08 ms  (sub)
     hud:warp        1.42 ms  (sub)
     hud:arc         0.04 ms  (sub)
     hud:blend       0.71 ms  (sub)
     hud:yaw         0.28 ms  (sub)
     hud:cross       0.04 ms  (sub)
     disp:record     0.00 ms  (sub)
     disp:imshow     0.49 ms  (sub)
     disp:waitkey    4.45 ms  (sub)
[PROF 09:52:22]   7 frames  303.68 ms/frame  ->   3.3 FPS
   capture           2.26 ms    0.7%
   track           291.45 ms   96.0%
   ctrl+mav          1.76 ms    0.6%
   hud               3.55 ms    1.2%
   display           4.66 ms    1.5%
     detect          0.64 ms  (sub)
     tracker       290.25 ms  (sub)
     hud:overlay     0.75 ms  (sub)
     hud:setup       0.09 ms  (sub)
     hud:ladder      0.08 ms  (sub)
     hud:warp        1.47 ms  (sub)
     hud:arc         0.04 ms  (sub)
     hud:blend       0.75 ms  (sub)
     hud:yaw         0.30 ms  (sub)
     hud:cross       0.04 ms  (sub)
     disp:record     0.00 ms  (sub)
     disp:imshow     0.56 ms  (sub)
     disp:waitkey    4.07 ms  (sub)
[PROF 09:52:24]   7 frames  302.70 ms/frame  ->   3.3 FPS
   capture           2.14 ms    0.7%
   track           290.93 ms   96.1%
   ctrl+mav          1.75 ms    0.6%
   hud               3.43 ms    1.1%
   display           4.44 ms    1.5%
     detect          0.64 ms  (sub)
     tracker       289.72 ms  (sub)
     hud:overlay     0.76 ms  (sub)
     hud:setup       0.09 ms  (sub)
     hud:ladder      0.08 ms  (sub)
     hud:warp        1.42 ms  (sub)
     hud:arc         0.04 ms  (sub)
     hud:blend       0.69 ms  (sub)
     hud:yaw         0.28 ms  (sub)
     hud:cross       0.04 ms  (sub)
     disp:record     0.00 ms  (sub)
     disp:imshow     0.45 ms  (sub)
     disp:waitkey    3.97 ms  (sub)
[PROF 09:52:27]   7 frames  304.19 ms/frame  ->   3.3 FPS
   capture           2.37 ms    0.8%
   track           291.63 ms   95.9%
   ctrl+mav          1.80 ms    0.6%
   hud               3.65 ms    1.2%
   display           4.75 ms    1.6%
     detect          1.29 ms  (sub)
     tracker       289.73 ms  (sub)
     hud:overlay     0.77 ms  (sub)
     hud:setup       0.11 ms  (sub)
     hud:ladder      0.09 ms  (sub)
     hud:warp        1.44 ms  (sub)
     hud:arc         0.05 ms  (sub)
     hud:blend       0.78 ms  (sub)
     hud:yaw         0.33 ms  (sub)
     hud:cross       0.05 ms  (sub)
     disp:record     0.00 ms  (sub)
     disp:imshow     0.49 ms  (sub)
     disp:waitkey    4.22 ms  (sub)
[PROF 09:52:29]   7 frames  303.29 ms/frame  ->   3.3 FPS
   capture           2.34 ms    0.8%
   track           290.92 ms   95.9%
   ctrl+mav          1.77 ms    0.6%
   hud               3.53 ms    1.2%
   display           4.73 ms    1.6%
     detect          0.65 ms  (sub)
     tracker       289.74 ms  (sub)
     hud:overlay     0.76 ms  (sub)
     hud:setup       0.10 ms  (sub)
     hud:ladder      0.09 ms  (sub)
     hud:warp        1.47 ms  (sub)
     hud:arc         0.04 ms  (sub)
     hud:blend       0.72 ms  (sub)
     hud:yaw         0.28 ms  (sub)
     hud:cross       0.04 ms  (sub)
     disp:record     0.00 ms  (sub)
     disp:imshow     0.47 ms  (sub)
     disp:waitkey    4.24 ms  (sub)
[PROF 09:52:31]   7 frames  304.60 ms/frame  ->   3.3 FPS
   capture           2.64 ms    0.9%
   track           292.19 ms   95.9%
   ctrl+mav          1.87 ms    0.6%
   hud               3.45 ms    1.1%
   display           4.46 ms    1.5%
     detect          1.42 ms  (sub)
     tracker       290.07 ms  (sub)
     hud:overlay     0.74 ms  (sub)
     hud:setup       0.09 ms  (sub)
     hud:ladder      0.08 ms  (sub)
     hud:warp        1.41 ms  (sub)
     hud:arc         0.04 ms  (sub)
     hud:blend       0.73 ms  (sub)
     hud:yaw         0.28 ms  (sub)
     hud:cross       0.04 ms  (sub)
     disp:record     0.00 ms  (sub)
     disp:imshow     0.46 ms  (sub)
     disp:waitkey    3.97 ms  (sub)
[PROF 09:52:33]   7 frames  306.00 ms/frame  ->   3.3 FPS
   capture           2.09 ms    0.7%
   track           294.08 ms   96.1%
   ctrl+mav          1.80 ms    0.6%
   hud               3.41 ms    1.1%
   display           4.61 ms    1.5%
     detect          0.70 ms  (sub)
     tracker       292.86 ms  (sub)
     hud:overlay     0.73 ms  (sub)
     hud:setup       0.09 ms  (sub)
     hud:ladder      0.08 ms  (sub)
     hud:warp        1.42 ms  (sub)
     hud:arc         0.04 ms  (sub)
     hud:blend       0.70 ms  (sub)
     hud:yaw         0.28 ms  (sub)
     hud:cross       0.04 ms  (sub)
     disp:record     0.00 ms  (sub)
     disp:imshow     0.46 ms  (sub)
     disp:waitkey    4.12 ms  (sub)
[PROF 09:52:35]   7 frames  304.52 ms/frame  ->   3.3 FPS
   capture           2.08 ms    0.7%
   track           292.04 ms   95.9%
   ctrl+mav          2.16 ms    0.7%
   hud               3.56 ms    1.2%
   display           4.68 ms    1.5%
     detect          0.64 ms  (sub)
     tracker       290.85 ms  (sub)
     hud:overlay     0.74 ms  (sub)
     hud:setup       0.10 ms  (sub)
     hud:ladder      0.08 ms  (sub)
     hud:warp        1.45 ms  (sub)
     hud:arc         0.04 ms  (sub)
     hud:blend       0.74 ms  (sub)
     hud:yaw         0.32 ms  (sub)
     hud:cross       0.04 ms  (sub)
     disp:record     0.00 ms  (sub)
     disp:imshow     0.48 ms  (sub)
     disp:waitkey    4.17 ms  (sub)
[PROF 09:52:37]   7 frames  313.52 ms/frame  ->   3.2 FPS
   capture           2.39 ms    0.8%
   track           301.12 ms   96.0%
   ctrl+mav          1.94 ms    0.6%
   hud               3.55 ms    1.1%
   display           4.51 ms    1.4%
     detect          1.29 ms  (sub)
     tracker       299.20 ms  (sub)
     hud:overlay     0.78 ms  (sub)
     hud:setup       0.09 ms  (sub)
     hud:ladder      0.10 ms  (sub)
     hud:warp        1.44 ms  (sub)
     hud:arc         0.04 ms  (sub)
     hud:blend       0.74 ms  (sub)
     hud:yaw         0.29 ms  (sub)
     hud:cross       0.04 ms  (sub)
     disp:record     0.00 ms  (sub)
     disp:imshow     0.46 ms  (sub)
     disp:waitkey    4.01 ms  (sub)
[PROF 09:52:39]   7 frames  304.73 ms/frame  ->   3.3 FPS
   capture           2.46 ms    0.8%
   track           291.83 ms   95.8%
   ctrl+mav          1.93 ms    0.6%
   hud               3.46 ms    1.1%
   display           5.05 ms    1.7%
     detect          0.97 ms  (sub)
     tracker       290.32 ms  (sub)
     hud:overlay     0.75 ms  (sub)
     hud:setup       0.09 ms  (sub)
     hud:ladder      0.09 ms  (sub)
     hud:warp        1.41 ms  (sub)
     hud:arc         0.04 ms  (sub)
     hud:blend       0.71 ms  (sub)
     hud:yaw         0.29 ms  (sub)
     hud:cross       0.04 ms  (sub)
     disp:record     0.00 ms  (sub)
     disp:imshow     0.47 ms  (sub)
     disp:waitkey    4.55 ms  (sub)
[PROF 09:52:42]   7 frames  303.33 ms/frame  ->   3.3 FPS
   capture           2.11 ms    0.7%
   track           291.32 ms   96.0%
   ctrl+mav          1.89 ms    0.6%
   hud               3.51 ms    1.2%
   display           4.50 ms    1.5%
     detect          1.29 ms  (sub)
     tracker       289.52 ms  (sub)
     hud:overlay     0.75 ms  (sub)
     hud:setup       0.09 ms  (sub)
     hud:ladder      0.08 ms  (sub)
     hud:warp        1.45 ms  (sub)
     hud:arc         0.04 ms  (sub)
     hud:blend       0.74 ms  (sub)
     hud:yaw         0.28 ms  (sub)
     hud:cross       0.04 ms  (sub)
     disp:record     0.00 ms  (sub)
     disp:imshow     0.45 ms  (sub)
     disp:waitkey    4.02 ms  (sub)
[PROF 09:52:44]   7 frames  310.23 ms/frame  ->   3.2 FPS
   capture           2.55 ms    0.8%
   track           297.67 ms   96.0%
   ctrl+mav          1.90 ms    0.6%
   hud               3.65 ms    1.2%
   display           4.46 ms    1.4%
     detect          0.66 ms  (sub)
     tracker       296.30 ms  (sub)
     hud:overlay     0.77 ms  (sub)
     hud:setup       0.10 ms  (sub)
     hud:ladder      0.11 ms  (sub)
     hud:warp        1.51 ms  (sub)
     hud:arc         0.04 ms  (sub)
     hud:blend       0.73 ms  (sub)
     hud:yaw         0.29 ms  (sub)
     hud:cross       0.04 ms  (sub)
     disp:record     0.00 ms  (sub)
     disp:imshow     0.45 ms  (sub)
     disp:waitkey    3.98 ms  (sub)
[PROF 09:52:46]   7 frames  311.77 ms/frame  ->   3.2 FPS
   capture           2.17 ms    0.7%
   track           299.75 ms   96.1%
   ctrl+mav          1.95 ms    0.6%
   hud               3.51 ms    1.1%
   display           4.38 ms    1.4%
     detect          0.71 ms  (sub)
     tracker       298.46 ms  (sub)
     hud:overlay     0.76 ms  (sub)
     hud:setup       0.10 ms  (sub)
     hud:ladder      0.09 ms  (sub)
     hud:warp        1.45 ms  (sub)
     hud:arc         0.04 ms  (sub)
     hud:blend       0.73 ms  (sub)
     hud:yaw         0.28 ms  (sub)
     hud:cross       0.04 ms  (sub)
     disp:record     0.00 ms  (sub)
     disp:imshow     0.47 ms  (sub)
     disp:waitkey    3.88 ms  (sub)
[PROF 09:52:48]   7 frames  305.03 ms/frame  ->   3.3 FPS
   capture           2.08 ms    0.7%
   track           293.01 ms   96.1%
   ctrl+mav          1.99 ms    0.7%
   hud               3.58 ms    1.2%
   display           4.37 ms    1.4%
     detect          1.31 ms  (sub)
     tracker       291.17 ms  (sub)
     hud:overlay     0.75 ms  (sub)
     hud:setup       0.11 ms  (sub)
     hud:ladder      0.09 ms  (sub)
     hud:warp        1.51 ms  (sub)
     hud:arc         0.04 ms  (sub)
     hud:blend       0.72 ms  (sub)
     hud:yaw         0.28 ms  (sub)
     hud:cross       0.04 ms  (sub)
     disp:record     0.00 ms  (sub)
     disp:imshow     0.50 ms  (sub)
     disp:waitkey    3.85 ms  (sub)
[PROF 09:52:50]   7 frames  307.17 ms/frame  ->   3.3 FPS
   capture           2.26 ms    0.7%
   track           294.88 ms   96.0%
   ctrl+mav          2.01 ms    0.7%
   hud               3.56 ms    1.2%
   display           4.47 ms    1.5%
     detect          0.65 ms  (sub)
     tracker       293.70 ms  (sub)
     hud:overlay     0.77 ms  (sub)
     hud:setup       0.09 ms  (sub)
     hud:ladder      0.08 ms  (sub)
     hud:warp        1.45 ms  (sub)
     hud:arc         0.04 ms  (sub)
     hud:blend       0.76 ms  (sub)
     hud:yaw         0.29 ms  (sub)
     hud:cross       0.04 ms  (sub)
     disp:record     0.00 ms  (sub)
     disp:imshow     0.49 ms  (sub)
     disp:waitkey    3.95 ms  (sub)
[PROF 09:52:52]   7 frames  306.30 ms/frame  ->   3.3 FPS
   capture           2.12 ms    0.7%
   track           294.41 ms   96.1%
   ctrl+mav          1.94 ms    0.6%
   hud               3.47 ms    1.1%
   display           4.36 ms    1.4%
     detect          1.30 ms  (sub)
     tracker       292.59 ms  (sub)
     hud:overlay     0.73 ms  (sub)
     hud:setup       0.09 ms  (sub)
     hud:ladder      0.08 ms  (sub)
     hud:warp        1.42 ms  (sub)
     hud:arc         0.05 ms  (sub)
     hud:blend       0.76 ms  (sub)
     hud:yaw         0.28 ms  (sub)
     hud:cross       0.04 ms  (sub)
     disp:record     0.00 ms  (sub)
     disp:imshow     0.45 ms  (sub)
     disp:waitkey    3.89 ms  (sub)
[PROF 09:52:55]   7 frames  310.81 ms/frame  ->   3.2 FPS
   capture           2.26 ms    0.7%
   track           298.61 ms   96.1%
   ctrl+mav          1.96 ms    0.6%
   hud               3.49 ms    1.1%
   display           4.49 ms    1.4%
     detect          0.65 ms  (sub)
     tracker       297.34 ms  (sub)
     hud:overlay     0.77 ms  (sub)
     hud:setup       0.09 ms  (sub)
     hud:ladder      0.09 ms  (sub)
     hud:warp        1.42 ms  (sub)
     hud:arc         0.04 ms  (sub)
     hud:blend       0.72 ms  (sub)
     hud:yaw         0.28 ms  (sub)
     hud:cross       0.05 ms  (sub)
     disp:record     0.00 ms  (sub)
     disp:imshow     0.45 ms  (sub)
     disp:waitkey    4.01 ms  (sub)
[PROF 09:52:57]   7 frames  303.26 ms/frame  ->   3.3 FPS
   capture           2.50 ms    0.8%
   track           290.82 ms   95.9%
   ctrl+mav          1.83 ms    0.6%
   hud               3.41 ms    1.1%
   display           4.69 ms    1.5%
     detect          0.75 ms  (sub)
     tracker       289.48 ms  (sub)
     hud:overlay     0.72 ms  (sub)
     hud:setup       0.09 ms  (sub)
     hud:ladder      0.08 ms  (sub)
     hud:warp        1.42 ms  (sub)
     hud:arc         0.04 ms  (sub)
     hud:blend       0.71 ms  (sub)
     hud:yaw         0.29 ms  (sub)
     hud:cross       0.04 ms  (sub)
     disp:record     0.00 ms  (sub)
     disp:imshow     0.47 ms  (sub)
     disp:waitkey    4.19 ms  (sub)
[PROF 09:52:59]   7 frames  305.55 ms/frame  ->   3.3 FPS
   capture           2.24 ms    0.7%
   track           292.91 ms   95.9%
   ctrl+mav          2.01 ms    0.7%
   hud               3.52 ms    1.2%
   display           4.88 ms    1.6%
     detect          1.29 ms  (sub)
     tracker       291.01 ms  (sub)
     hud:overlay     0.76 ms  (sub)
     hud:setup       0.09 ms  (sub)
     hud:ladder      0.09 ms  (sub)
     hud:warp        1.43 ms  (sub)
     hud:arc         0.04 ms  (sub)
     hud:blend       0.74 ms  (sub)
     hud:yaw         0.29 ms  (sub)
     hud:cross       0.04 ms  (sub)
     disp:record     0.00 ms  (sub)
     disp:imshow     0.47 ms  (sub)
     disp:waitkey    4.39 ms  (sub)
[PROF 09:53:01]   7 frames  311.18 ms/frame  ->   3.2 FPS
   capture           2.48 ms    0.8%
   track           298.60 ms   96.0%
   ctrl+mav          1.92 ms    0.6%
   hud               3.62 ms    1.2%
   display           4.57 ms    1.5%
     detect          0.65 ms  (sub)
     tracker       297.36 ms  (sub)
     hud:overlay     0.80 ms  (sub)
     hud:setup       0.09 ms  (sub)
     hud:ladder      0.09 ms  (sub)
     hud:warp        1.44 ms  (sub)
     hud:arc         0.05 ms  (sub)
     hud:blend       0.77 ms  (sub)
     hud:yaw         0.29 ms  (sub)
     hud:cross       0.04 ms  (sub)
     disp:record     0.00 ms  (sub)
     disp:imshow     0.49 ms  (sub)
     disp:waitkey    4.05 ms  (sub)
[PROF 09:53:03]   7 frames  302.44 ms/frame  ->   3.3 FPS
   capture           2.23 ms    0.7%
   track           290.42 ms   96.0%
   ctrl+mav          2.12 ms    0.7%
   hud               3.47 ms    1.1%
   display           4.19 ms    1.4%
     detect          1.34 ms  (sub)
     tracker       288.60 ms  (sub)
     hud:overlay     0.76 ms  (sub)
     hud:setup       0.09 ms  (sub)
     hud:ladder      0.08 ms  (sub)
     hud:warp        1.42 ms  (sub)
     hud:arc         0.04 ms  (sub)
     hud:blend       0.71 ms  (sub)
     hud:yaw         0.30 ms  (sub)
     hud:cross       0.04 ms  (sub)
     disp:record     0.00 ms  (sub)
     disp:imshow     0.48 ms  (sub)
     disp:waitkey    3.69 ms  (sub)
[PROF 09:53:05]   7 frames  303.63 ms/frame  ->   3.3 FPS
   capture           2.47 ms    0.8%
   track           291.11 ms   95.9%
   ctrl+mav          1.93 ms    0.6%
   hud               3.61 ms    1.2%
   display           4.51 ms    1.5%
     detect          0.72 ms  (sub)
     tracker       289.74 ms  (sub)
     hud:overlay     0.77 ms  (sub)
     hud:setup       0.11 ms  (sub)
     hud:ladder      0.09 ms  (sub)
     hud:warp        1.49 ms  (sub)
     hud:arc         0.05 ms  (sub)
     hud:blend       0.72 ms  (sub)
     hud:yaw         0.30 ms  (sub)
     hud:cross       0.05 ms  (sub)
     disp:record     0.00 ms  (sub)
     disp:imshow     0.48 ms  (sub)
     disp:waitkey    4.00 ms  (sub)
[PROF 09:53:07]   7 frames  308.84 ms/frame  ->   3.2 FPS
   capture           2.06 ms    0.7%
   track           296.69 ms   96.1%
   ctrl+mav          1.87 ms    0.6%
   hud               3.62 ms    1.2%
   display           4.59 ms    1.5%
     detect          0.65 ms  (sub)
     tracker       295.45 ms  (sub)
     hud:overlay     0.78 ms  (sub)
     hud:setup       0.13 ms  (sub)
     hud:ladder      0.10 ms  (sub)
     hud:warp        1.49 ms  (sub)
     hud:arc         0.06 ms  (sub)
     hud:blend       0.70 ms  (sub)
     hud:yaw         0.28 ms  (sub)
     hud:cross       0.04 ms  (sub)
     disp:record     0.00 ms  (sub)
     disp:imshow     0.47 ms  (sub)
     disp:waitkey    4.10 ms  (sub)
[PROF 09:53:09]   7 frames  303.71 ms/frame  ->   3.3 FPS
   capture           2.28 ms    0.8%
   track           291.64 ms   96.0%
   ctrl+mav          1.86 ms    0.6%
   hud               3.47 ms    1.1%
   display           4.47 ms    1.5%
     detect          1.31 ms  (sub)
     tracker       289.79 ms  (sub)
     hud:overlay     0.75 ms  (sub)
     hud:setup       0.09 ms  (sub)
     hud:ladder      0.08 ms  (sub)
     hud:warp        1.43 ms  (sub)
     hud:arc         0.04 ms  (sub)
     hud:blend       0.72 ms  (sub)
     hud:yaw         0.29 ms  (sub)
     hud:cross       0.04 ms  (sub)
     disp:record     0.00 ms  (sub)
     disp:imshow     0.50 ms  (sub)
     disp:waitkey    3.93 ms  (sub)
[PROF 09:53:12]   7 frames  304.75 ms/frame  ->   3.3 FPS
   capture           2.48 ms    0.8%
   track           292.27 ms   95.9%
   ctrl+mav          1.79 ms    0.6%
   hud               3.52 ms    1.2%
   display           4.69 ms    1.5%
     detect          0.69 ms  (sub)
     tracker       291.00 ms  (sub)
     hud:overlay     0.74 ms  (sub)
     hud:setup       0.10 ms  (sub)
     hud:ladder      0.08 ms  (sub)
     hud:warp        1.49 ms  (sub)
     hud:arc         0.05 ms  (sub)
     hud:blend       0.71 ms  (sub)
     hud:yaw         0.28 ms  (sub)
     hud:cross       0.04 ms  (sub)
     disp:record     0.00 ms  (sub)
     disp:imshow     0.45 ms  (sub)
     disp:waitkey    4.21 ms  (sub)
[PROF 09:53:14]   7 frames  312.33 ms/frame  ->   3.2 FPS
   capture           2.25 ms    0.7%
   track           299.93 ms   96.0%
   ctrl+mav          2.00 ms    0.6%
   hud               3.71 ms    1.2%
   display           4.44 ms    1.4%
     detect          1.32 ms  (sub)
     tracker       298.03 ms  (sub)
     hud:overlay     0.79 ms  (sub)
     hud:setup       0.11 ms  (sub)
     hud:ladder      0.11 ms  (sub)
     hud:warp        1.49 ms  (sub)
     hud:arc         0.05 ms  (sub)
     hud:blend       0.79 ms  (sub)
     hud:yaw         0.30 ms  (sub)
     hud:cross       0.04 ms  (sub)
     disp:record     0.00 ms  (sub)
     disp:imshow     0.46 ms  (sub)
     disp:waitkey    3.96 ms  (sub)
[PROF 09:53:16]   7 frames  305.25 ms/frame  ->   3.3 FPS
   capture           2.41 ms    0.8%
   track           293.03 ms   96.0%
   ctrl+mav          1.87 ms    0.6%
   hud               3.48 ms    1.1%
   display           4.46 ms    1.5%
     detect          0.64 ms  (sub)
     tracker       291.78 ms  (sub)
     hud:overlay     0.76 ms  (sub)
     hud:setup       0.09 ms  (sub)
     hud:ladder      0.08 ms  (sub)
     hud:warp        1.41 ms  (sub)
     hud:arc         0.04 ms  (sub)
     hud:blend       0.74 ms  (sub)
     hud:yaw         0.28 ms  (sub)
     hud:cross       0.04 ms  (sub)
     disp:record     0.00 ms  (sub)
     disp:imshow     0.48 ms  (sub)
     disp:waitkey    3.95 ms  (sub)
[PROF 09:53:18]   7 frames  303.13 ms/frame  ->   3.3 FPS
   capture           2.33 ms    0.8%
   track           290.85 ms   96.0%
   ctrl+mav          1.88 ms    0.6%
   hud               3.45 ms    1.1%
   display           4.61 ms    1.5%
     detect          0.76 ms  (sub)
     tracker       289.42 ms  (sub)
     hud:overlay     0.76 ms  (sub)
     hud:setup       0.09 ms  (sub)
     hud:ladder      0.08 ms  (sub)
     hud:warp        1.45 ms  (sub)
     hud:arc         0.04 ms  (sub)
     hud:blend       0.69 ms  (sub)
     hud:yaw         0.27 ms  (sub)
     hud:cross       0.04 ms  (sub)
     disp:record     0.00 ms  (sub)
     disp:imshow     0.46 ms  (sub)
     disp:waitkey    4.13 ms  (sub)
[PROF 09:53:20]   7 frames  304.06 ms/frame  ->   3.3 FPS
   capture           2.23 ms    0.7%
   track           291.51 ms   95.9%
   ctrl+mav          1.92 ms    0.6%
   hud               3.60 ms    1.2%
   display           4.81 ms    1.6%
     detect          1.31 ms  (sub)
     tracker       289.64 ms  (sub)
     hud:overlay     0.77 ms  (sub)
     hud:setup       0.10 ms  (sub)
     hud:ladder      0.09 ms  (sub)
     hud:warp        1.50 ms  (sub)
     hud:arc         0.04 ms  (sub)
     hud:blend       0.74 ms  (sub)
     hud:yaw         0.28 ms  (sub)
     hud:cross       0.04 ms  (sub)
     disp:record     0.00 ms  (sub)
     disp:imshow     0.51 ms  (sub)
     disp:waitkey    4.27 ms  (sub)
[PROF 09:53:22]   7 frames  304.76 ms/frame  ->   3.3 FPS
   capture           2.29 ms    0.8%
   track           291.83 ms   95.8%
   ctrl+mav          1.81 ms    0.6%
   hud               4.00 ms    1.3%
   display           4.83 ms    1.6%
     detect          0.64 ms  (sub)
     tracker       290.54 ms  (sub)
     hud:overlay     0.75 ms  (sub)
     hud:setup       0.09 ms  (sub)
     hud:ladder      0.08 ms  (sub)
     hud:warp        1.99 ms  (sub)
     hud:arc         0.04 ms  (sub)
     hud:blend       0.71 ms  (sub)
     hud:yaw         0.27 ms  (sub)
     hud:cross       0.04 ms  (sub)
     disp:record     0.00 ms  (sub)
     disp:imshow     0.50 ms  (sub)
     disp:waitkey    4.30 ms  (sub)
[PROF 09:53:24]   7 frames  303.36 ms/frame  ->   3.3 FPS
   capture           2.16 ms    0.7%
   track           291.29 ms   96.0%
   ctrl+mav          1.92 ms    0.6%
   hud               3.45 ms    1.1%
   display           4.53 ms    1.5%
     detect          1.33 ms  (sub)
     tracker       289.35 ms  (sub)
     hud:overlay     0.73 ms  (sub)
     hud:setup       0.09 ms  (sub)
     hud:ladder      0.08 ms  (sub)
     hud:warp        1.44 ms  (sub)
     hud:arc         0.04 ms  (sub)
     hud:blend       0.71 ms  (sub)
     hud:yaw         0.28 ms  (sub)
     hud:cross       0.04 ms  (sub)
     disp:record     0.00 ms  (sub)
     disp:imshow     0.46 ms  (sub)
     disp:waitkey    4.04 ms  (sub)
[PROF 09:53:27]   7 frames  313.53 ms/frame  ->   3.2 FPS
   capture           2.82 ms    0.9%
   track           299.90 ms   95.7%
   ctrl+mav          1.93 ms    0.6%
   hud               3.61 ms    1.2%
   display           5.28 ms    1.7%
     detect          0.66 ms  (sub)
     tracker       298.55 ms  (sub)
     hud:overlay     0.76 ms  (sub)
     hud:setup       0.09 ms  (sub)
     hud:ladder      0.08 ms  (sub)
     hud:warp        1.52 ms  (sub)
     hud:arc         0.04 ms  (sub)
     hud:blend       0.75 ms  (sub)
     hud:yaw         0.29 ms  (sub)
     hud:cross       0.04 ms  (sub)
     disp:record     0.00 ms  (sub)
     disp:imshow     0.51 ms  (sub)
     disp:waitkey    4.73 ms  (sub)
[PROF 09:53:29]   7 frames  312.68 ms/frame  ->   3.2 FPS
   capture           2.26 ms    0.7%
   track           300.00 ms   95.9%
   ctrl+mav          2.32 ms    0.7%
   hud               3.72 ms    1.2%
   display           4.37 ms    1.4%
     detect          0.65 ms  (sub)
     tracker       298.82 ms  (sub)
     hud:overlay     0.76 ms  (sub)
     hud:setup       0.10 ms  (sub)
     hud:ladder      0.09 ms  (sub)
     hud:warp        1.49 ms  (sub)
     hud:arc         0.05 ms  (sub)
     hud:blend       0.86 ms  (sub)
     hud:yaw         0.30 ms  (sub)
     hud:cross       0.04 ms  (sub)
     disp:record     0.00 ms  (sub)
     disp:imshow     0.47 ms  (sub)
     disp:waitkey    3.87 ms  (sub)
[PROF 09:53:31]   7 frames  306.37 ms/frame  ->   3.3 FPS
   capture           2.25 ms    0.7%
   track           294.09 ms   96.0%
   ctrl+mav          1.84 ms    0.6%
   hud               3.44 ms    1.1%
   display           4.73 ms    1.5%
     detect          1.29 ms  (sub)
     tracker       292.29 ms  (sub)
     hud:overlay     0.74 ms  (sub)
     hud:setup       0.10 ms  (sub)
     hud:ladder      0.09 ms  (sub)
     hud:warp        1.41 ms  (sub)
     hud:arc         0.04 ms  (sub)
     hud:blend       0.72 ms  (sub)
     hud:yaw         0.28 ms  (sub)
     hud:cross       0.04 ms  (sub)
     disp:record     0.00 ms  (sub)
     disp:imshow     0.48 ms  (sub)
     disp:waitkey    4.22 ms  (sub)
[PROF 09:53:33]   7 frames  303.96 ms/frame  ->   3.3 FPS
   capture           2.37 ms    0.8%
   track           291.92 ms   96.0%
   ctrl+mav          1.80 ms    0.6%
   hud               3.43 ms    1.1%
   display           4.44 ms    1.5%
     detect          0.72 ms  (sub)
     tracker       290.50 ms  (sub)
     hud:overlay     0.73 ms  (sub)
     hud:setup       0.09 ms  (sub)
     hud:ladder      0.09 ms  (sub)
     hud:warp        1.44 ms  (sub)
     hud:arc         0.04 ms  (sub)
     hud:blend       0.70 ms  (sub)
     hud:yaw         0.27 ms  (sub)
     hud:cross       0.04 ms  (sub)
     disp:record     0.00 ms  (sub)
     disp:imshow     0.47 ms  (sub)
     disp:waitkey    3.95 ms  (sub)
[PROF 09:53:35]   7 frames  304.80 ms/frame  ->   3.3 FPS
   capture           2.35 ms    0.8%
   track           292.31 ms   95.9%
   ctrl+mav          1.96 ms    0.6%
   hud               3.47 ms    1.1%
   display           4.70 ms    1.5%
     detect          1.29 ms  (sub)
     tracker       290.46 ms  (sub)
     hud:overlay     0.74 ms  (sub)
     hud:setup       0.09 ms  (sub)
     hud:ladder      0.08 ms  (sub)
     hud:warp        1.44 ms  (sub)
     hud:arc         0.04 ms  (sub)
     hud:blend       0.74 ms  (sub)
     hud:yaw         0.28 ms  (sub)
     hud:cross       0.04 ms  (sub)
     disp:record     0.00 ms  (sub)
     disp:imshow     0.44 ms  (sub)
     disp:waitkey    4.23 ms  (sub)
[PROF 09:53:37]   7 frames  303.06 ms/frame  ->   3.3 FPS
   capture           2.13 ms    0.7%
   track           291.01 ms   96.0%
   ctrl+mav          1.76 ms    0.6%
   hud               3.60 ms    1.2%
   display           4.56 ms    1.5%
     detect          0.65 ms  (sub)
     tracker       289.84 ms  (sub)
     hud:overlay     0.75 ms  (sub)
     hud:setup       0.12 ms  (sub)
     hud:ladder      0.11 ms  (sub)
     hud:warp        1.49 ms  (sub)
     hud:arc         0.05 ms  (sub)
     hud:blend       0.74 ms  (sub)
     hud:yaw         0.27 ms  (sub)
     hud:cross       0.04 ms  (sub)
     disp:record     0.00 ms  (sub)
     disp:imshow     0.46 ms  (sub)
     disp:waitkey    4.07 ms  (sub)
[PROF 09:53:39]   7 frames  303.70 ms/frame  ->   3.3 FPS
   capture           2.21 ms    0.7%
   track           291.59 ms   96.0%
   ctrl+mav          1.81 ms    0.6%
   hud               3.55 ms    1.2%
   display           4.54 ms    1.5%
     detect          0.64 ms  (sub)
     tracker       290.40 ms  (sub)
     hud:overlay     0.75 ms  (sub)
     hud:setup       0.10 ms  (sub)
     hud:ladder      0.08 ms  (sub)
     hud:warp        1.49 ms  (sub)
     hud:arc         0.05 ms  (sub)
     hud:blend       0.72 ms  (sub)
     hud:yaw         0.28 ms  (sub)
     hud:cross       0.04 ms  (sub)
     disp:record     0.00 ms  (sub)
     disp:imshow     0.46 ms  (sub)
     disp:waitkey    4.06 ms  (sub)
[PROF 09:53:42]   7 frames  302.90 ms/frame  ->   3.3 FPS
   capture           2.44 ms    0.8%
   track           290.75 ms   96.0%
   ctrl+mav          1.80 ms    0.6%
   hud               3.42 ms    1.1%
   display           4.49 ms    1.5%
     detect          1.34 ms  (sub)
     tracker       288.79 ms  (sub)
     hud:overlay     0.74 ms  (sub)
     hud:setup       0.09 ms  (sub)
     hud:ladder      0.08 ms  (sub)
     hud:warp        1.44 ms  (sub)
     hud:arc         0.04 ms  (sub)
     hud:blend       0.69 ms  (sub)
     hud:yaw         0.27 ms  (sub)
     hud:cross       0.04 ms  (sub)
     disp:record     0.00 ms  (sub)
     disp:imshow     0.45 ms  (sub)
     disp:waitkey    4.01 ms  (sub)
[PROF 09:53:44]   7 frames  304.14 ms/frame  ->   3.3 FPS
   capture           2.31 ms    0.8%
   track           292.19 ms   96.1%
   ctrl+mav          1.86 ms    0.6%
   hud               3.42 ms    1.1%
   display           4.37 ms    1.4%
     detect          0.89 ms  (sub)
     tracker       290.74 ms  (sub)
     hud:overlay     0.74 ms  (sub)
     hud:setup       0.09 ms  (sub)
     hud:ladder      0.08 ms  (sub)
     hud:warp        1.44 ms  (sub)
     hud:arc         0.04 ms  (sub)
     hud:blend       0.70 ms  (sub)
     hud:yaw         0.27 ms  (sub)
     hud:cross       0.04 ms  (sub)
     disp:record     0.00 ms  (sub)
     disp:imshow     0.46 ms  (sub)
     disp:waitkey    3.88 ms  (sub)
[PROF 09:53:46]   7 frames  304.63 ms/frame  ->   3.3 FPS
   capture           2.35 ms    0.8%
   track           291.85 ms   95.8%
   ctrl+mav          1.80 ms    0.6%
   hud               3.60 ms    1.2%
   display           5.03 ms    1.7%
     detect          1.33 ms  (sub)
     tracker       289.94 ms  (sub)
     hud:overlay     0.74 ms  (sub)
     hud:setup       0.09 ms  (sub)
     hud:ladder      0.08 ms  (sub)
     hud:warp        1.55 ms  (sub)
     hud:arc         0.05 ms  (sub)
     hud:blend       0.73 ms  (sub)
     hud:yaw         0.29 ms  (sub)
     hud:cross       0.04 ms  (sub)
     disp:record     0.00 ms  (sub)
     disp:imshow     0.46 ms  (sub)
     disp:waitkey    4.54 ms  (sub)
[PROF 09:53:48]   7 frames  304.98 ms/frame  ->   3.3 FPS
   capture           2.17 ms    0.7%
   track           292.50 ms   95.9%
   ctrl+mav          1.97 ms    0.6%
   hud               3.56 ms    1.2%
   display           4.79 ms    1.6%
     detect          0.67 ms  (sub)
     tracker       291.08 ms  (sub)
     hud:overlay     0.76 ms  (sub)
     hud:setup       0.11 ms  (sub)
     hud:ladder      0.10 ms  (sub)
     hud:warp        1.47 ms  (sub)
     hud:arc         0.05 ms  (sub)
     hud:blend       0.71 ms  (sub)
     hud:yaw         0.28 ms  (sub)
     hud:cross       0.04 ms  (sub)
     disp:record     0.00 ms  (sub)
     disp:imshow     0.48 ms  (sub)
     disp:waitkey    4.29 ms  (sub)
[PROF 09:53:50]   7 frames  304.11 ms/frame  ->   3.3 FPS
   capture           2.21 ms    0.7%
   track           291.46 ms   95.8%
   ctrl+mav          1.76 ms    0.6%
   hud               3.46 ms    1.1%
   display           5.22 ms    1.7%
     detect          0.64 ms  (sub)
     tracker       290.17 ms  (sub)
     hud:overlay     0.75 ms  (sub)
     hud:setup       0.09 ms  (sub)
     hud:ladder      0.08 ms  (sub)
     hud:warp        1.44 ms  (sub)
     hud:arc         0.04 ms  (sub)
     hud:blend       0.72 ms  (sub)
     hud:yaw         0.27 ms  (sub)
     hud:cross       0.04 ms  (sub)
     disp:record     0.00 ms  (sub)
     disp:imshow     1.10 ms  (sub)
     disp:waitkey    4.09 ms  (sub)
[PROF 09:53:52]   7 frames  308.21 ms/frame  ->   3.2 FPS
   capture           2.38 ms    0.8%
   track           295.03 ms   95.7%
   ctrl+mav          2.03 ms    0.7%
   hud               3.77 ms    1.2%
   display           5.00 ms    1.6%
     detect          1.40 ms  (sub)
     tracker       292.89 ms  (sub)
     hud:overlay     0.77 ms  (sub)
     hud:setup       0.14 ms  (sub)
     hud:ladder      0.15 ms  (sub)
     hud:warp        1.48 ms  (sub)
     hud:arc         0.04 ms  (sub)
     hud:blend       0.79 ms  (sub)
     hud:yaw         0.31 ms  (sub)
     hud:cross       0.05 ms  (sub)
     disp:record     0.00 ms  (sub)
     disp:imshow     0.51 ms  (sub)
     disp:waitkey    4.46 ms  (sub)
[PROF 09:53:54]   7 frames  310.24 ms/frame  ->   3.2 FPS
   capture           2.09 ms    0.7%
   track           298.36 ms   96.2%
   ctrl+mav          2.08 ms    0.7%
   hud               3.51 ms    1.1%
   display           4.20 ms    1.4%
     detect          0.81 ms  (sub)
     tracker       297.03 ms  (sub)
     hud:overlay     0.76 ms  (sub)
     hud:setup       0.09 ms  (sub)
     hud:ladder      0.09 ms  (sub)
     hud:warp        1.44 ms  (sub)
     hud:arc         0.05 ms  (sub)
     hud:blend       0.73 ms  (sub)
     hud:yaw         0.27 ms  (sub)
     hud:cross       0.04 ms  (sub)
     disp:record     0.00 ms  (sub)
     disp:imshow     0.46 ms  (sub)
     disp:waitkey    3.71 ms  (sub)
[PROF 09:53:57]   7 frames  302.05 ms/frame  ->   3.3 FPS
   capture           2.11 ms    0.7%
   track           290.29 ms   96.1%
   ctrl+mav          1.81 ms    0.6%
   hud               3.53 ms    1.2%
   display           4.31 ms    1.4%
     detect          1.31 ms  (sub)
     tracker       288.49 ms  (sub)
     hud:overlay     0.77 ms  (sub)
     hud:setup       0.09 ms  (sub)
     hud:ladder      0.08 ms  (sub)
     hud:warp        1.50 ms  (sub)
     hud:arc         0.04 ms  (sub)
     hud:blend       0.71 ms  (sub)
     hud:yaw         0.27 ms  (sub)
     hud:cross       0.04 ms  (sub)
     disp:record     0.00 ms  (sub)
     disp:imshow     0.50 ms  (sub)
     disp:waitkey    3.79 ms  (sub)
[PROF 09:53:59]   7 frames  306.93 ms/frame  ->   3.3 FPS
   capture           2.67 ms    0.9%
   track           293.34 ms   95.6%
   ctrl+mav          1.91 ms    0.6%
   hud               3.79 ms    1.2%
   display           5.22 ms    1.7%
     detect          0.68 ms  (sub)
     tracker       292.00 ms  (sub)
     hud:overlay     0.79 ms  (sub)
     hud:setup       0.13 ms  (sub)
     hud:ladder      0.11 ms  (sub)
     hud:warp        1.63 ms  (sub)
     hud:arc         0.05 ms  (sub)
     hud:blend       0.73 ms  (sub)
     hud:yaw         0.28 ms  (sub)
     hud:cross       0.05 ms  (sub)
     disp:record     0.00 ms  (sub)
     disp:imshow     0.50 ms  (sub)
     disp:waitkey    4.69 ms  (sub)
[PROF 09:54:01]   7 frames  312.92 ms/frame  ->   3.2 FPS
   capture           2.24 ms    0.7%
   track           300.92 ms   96.2%
   ctrl+mav          1.91 ms    0.6%
   hud               3.56 ms    1.1%
   display           4.29 ms    1.4%
     detect          0.65 ms  (sub)
     tracker       299.65 ms  (sub)
     hud:overlay     0.80 ms  (sub)
     hud:setup       0.09 ms  (sub)
     hud:ladder      0.09 ms  (sub)
     hud:warp        1.44 ms  (sub)
     hud:arc         0.05 ms  (sub)
     hud:blend       0.74 ms  (sub)
     hud:yaw         0.28 ms  (sub)
     hud:cross       0.04 ms  (sub)
     disp:record     0.00 ms  (sub)
     disp:imshow     0.45 ms  (sub)
     disp:waitkey    3.81 ms  (sub)
[PROF 09:54:03]   7 frames  308.19 ms/frame  ->   3.2 FPS
   capture           2.08 ms    0.7%
   track           296.29 ms   96.1%
   ctrl+mav          2.02 ms    0.7%
   hud               3.49 ms    1.1%
   display           4.31 ms    1.4%
     detect          1.34 ms  (sub)
     tracker       294.44 ms  (sub)
     hud:overlay     0.78 ms  (sub)
     hud:setup       0.09 ms  (sub)
     hud:ladder      0.08 ms  (sub)
     hud:warp        1.43 ms  (sub)
     hud:arc         0.04 ms  (sub)
     hud:blend       0.72 ms  (sub)
     hud:yaw         0.27 ms  (sub)
     hud:cross       0.04 ms  (sub)
     disp:record     0.00 ms  (sub)
     disp:imshow     0.50 ms  (sub)
     disp:waitkey    3.78 ms  (sub)
[PROF 09:54:05]   7 frames  303.37 ms/frame  ->   3.3 FPS
   capture           2.29 ms    0.8%
   track           291.05 ms   95.9%
   ctrl+mav          1.95 ms    0.6%
   hud               3.46 ms    1.1%
   display           4.61 ms    1.5%
     detect          0.89 ms  (sub)
     tracker       289.44 ms  (sub)
     hud:overlay     0.76 ms  (sub)
     hud:setup       0.09 ms  (sub)
     hud:ladder      0.09 ms  (sub)
     hud:warp        1.44 ms  (sub)
     hud:arc         0.04 ms  (sub)
     hud:blend       0.71 ms  (sub)
     hud:yaw         0.27 ms  (sub)
     hud:cross       0.04 ms  (sub)
     disp:record     0.00 ms  (sub)
     disp:imshow     0.46 ms  (sub)
     disp:waitkey    4.12 ms  (sub)
[PROF 09:54:07]   7 frames  304.61 ms/frame  ->   3.3 FPS
   capture           2.42 ms    0.8%
   track           292.24 ms   95.9%
   ctrl+mav          1.82 ms    0.6%
   hud               3.54 ms    1.2%
   display           4.58 ms    1.5%
     detect          1.33 ms  (sub)
     tracker       290.33 ms  (sub)
     hud:overlay     0.74 ms  (sub)
     hud:setup       0.09 ms  (sub)
     hud:ladder      0.08 ms  (sub)
     hud:warp        1.52 ms  (sub)
     hud:arc         0.04 ms  (sub)
     hud:blend       0.72 ms  (sub)
     hud:yaw         0.27 ms  (sub)
     hud:cross       0.04 ms  (sub)
     disp:record     0.00 ms  (sub)
     disp:imshow     0.46 ms  (sub)
     disp:waitkey    4.09 ms  (sub)
[PROF 09:54:09]   7 frames  306.52 ms/frame  ->   3.3 FPS
   capture           2.51 ms    0.8%
   track           293.53 ms   95.8%
   ctrl+mav          1.78 ms    0.6%
   hud               3.47 ms    1.1%
   display           5.23 ms    1.7%
     detect          0.64 ms  (sub)
     tracker       292.21 ms  (sub)
     hud:overlay     0.73 ms  (sub)
     hud:setup       0.09 ms  (sub)
     hud:ladder      0.10 ms  (sub)
     hud:warp        1.44 ms  (sub)
     hud:arc         0.05 ms  (sub)
     hud:blend       0.73 ms  (sub)
     hud:yaw         0.27 ms  (sub)
     hud:cross       0.04 ms  (sub)
     disp:record     0.00 ms  (sub)
     disp:imshow     0.48 ms  (sub)
     disp:waitkey    4.73 ms  (sub)
[PROF 09:54:12]   7 frames  307.31 ms/frame  ->   3.3 FPS
   capture           2.57 ms    0.8%
   track           294.70 ms   95.9%
   ctrl+mav          1.88 ms    0.6%
   hud               3.60 ms    1.2%
   display           4.56 ms    1.5%
     detect          0.75 ms  (sub)
     tracker       293.39 ms  (sub)
     hud:overlay     0.72 ms  (sub)
     hud:setup       0.09 ms  (sub)
     hud:ladder      0.09 ms  (sub)
     hud:warp        1.53 ms  (sub)
     hud:arc         0.04 ms  (sub)
     hud:blend       0.76 ms  (sub)
     hud:yaw         0.29 ms  (sub)
     hud:cross       0.04 ms  (sub)
     disp:record     0.00 ms  (sub)
     disp:imshow     0.45 ms  (sub)
     disp:waitkey    4.07 ms  (sub)
[PROF 09:54:14]   7 frames  306.95 ms/frame  ->   3.3 FPS
   capture           2.07 ms    0.7%
   track           294.02 ms   95.8%
   ctrl+mav          1.91 ms    0.6%
   hud               3.64 ms    1.2%
   display           5.31 ms    1.7%
     detect          1.63 ms  (sub)
     tracker       291.88 ms  (sub)
     hud:overlay     0.73 ms  (sub)
     hud:setup       0.09 ms  (sub)
     hud:ladder      0.08 ms  (sub)
     hud:warp        1.54 ms  (sub)
     hud:arc         0.04 ms  (sub)
     hud:blend       0.77 ms  (sub)
     hud:yaw         0.30 ms  (sub)
     hud:cross       0.05 ms  (sub)
     disp:record     0.00 ms  (sub)
     disp:imshow     0.62 ms  (sub)
     disp:waitkey    4.66 ms  (sub)
[PROF 09:54:16]   7 frames  313.67 ms/frame  ->   3.2 FPS
   capture           2.50 ms    0.8%
   track           300.99 ms   96.0%
   ctrl+mav          1.98 ms    0.6%
   hud               3.56 ms    1.1%
   display           4.64 ms    1.5%
     detect          0.66 ms  (sub)
     tracker       299.78 ms  (sub)
     hud:overlay     0.72 ms  (sub)
     hud:setup       0.09 ms  (sub)
     hud:ladder      0.08 ms  (sub)
     hud:warp        1.48 ms  (sub)
     hud:arc         0.05 ms  (sub)
     hud:blend       0.79 ms  (sub)
     hud:yaw         0.28 ms  (sub)
     hud:cross       0.04 ms  (sub)
     disp:record     0.00 ms  (sub)
     disp:imshow     0.46 ms  (sub)
     disp:waitkey    4.15 ms  (sub)
