# pipeline profile — started 2026-08-27 09:07:53
[PROF 09:07:53]   1 frames   71.37 ms/frame  ->  14.0 FPS
   capture          13.90 ms   19.5%
   track            12.28 ms   17.2%
   ctrl+mav         10.34 ms   14.5%
   hud               5.87 ms    8.2%
   display          28.98 ms   40.6%
     detect         11.47 ms  (sub)
     tracker         0.00 ms  (sub)
     hud:overlay     1.24 ms  (sub)
     hud:setup       0.17 ms  (sub)
     hud:ladder      0.16 ms  (sub)
     hud:warp        2.44 ms  (sub)
     hud:arc         0.09 ms  (sub)
     hud:blend       1.20 ms  (sub)
     hud:yaw         0.43 ms  (sub)
     hud:cross       0.06 ms  (sub)
     disp:record     0.01 ms  (sub)
     disp:imshow    10.24 ms  (sub)
     disp:waitkey   18.67 ms  (sub)
[PROF 09:07:55]  48 frames   32.67 ms/frame  ->  30.6 FPS
   capture           8.30 ms   25.4%
   track             7.57 ms   23.2%
   ctrl+mav          0.91 ms    2.8%
   hud               9.02 ms   27.6%
   display           6.89 ms   21.1%
     detect          6.97 ms  (sub)
     tracker         0.00 ms  (sub)
     hud:overlay     1.59 ms  (sub)
     hud:setup       0.20 ms  (sub)
     hud:ladder      0.21 ms  (sub)
     hud:warp        4.21 ms  (sub)
     hud:arc         0.17 ms  (sub)
     hud:blend       1.78 ms  (sub)
     hud:yaw         0.69 ms  (sub)
     hud:cross       0.09 ms  (sub)
     disp:record     0.00 ms  (sub)
     disp:imshow     0.90 ms  (sub)
     disp:waitkey    5.93 ms  (sub)
[PROF 09:07:57]  50 frames   32.57 ms/frame  ->  30.7 FPS
   capture           8.47 ms   26.0%
   track             7.96 ms   24.5%
   ctrl+mav          0.89 ms    2.7%
   hud               8.72 ms   26.8%
   display           6.53 ms   20.0%
     detect          7.33 ms  (sub)
     tracker         0.00 ms  (sub)
     hud:overlay     1.64 ms  (sub)
     hud:setup       0.14 ms  (sub)
     hud:ladder      0.20 ms  (sub)
     hud:warp        4.02 ms  (sub)
     hud:arc         0.11 ms  (sub)
     hud:blend       1.76 ms  (sub)
     hud:yaw         0.68 ms  (sub)
     hud:cross       0.10 ms  (sub)
     disp:record     0.01 ms  (sub)
     disp:imshow     0.93 ms  (sub)
     disp:waitkey    5.54 ms  (sub)
[PROF 09:07:59]  51 frames   32.01 ms/frame  ->  31.2 FPS
   capture           8.03 ms   25.1%
   track             8.11 ms   25.3%
   ctrl+mav          0.84 ms    2.6%
   hud               8.57 ms   26.8%
   display           6.48 ms   20.2%
     detect          7.49 ms  (sub)
     tracker         0.00 ms  (sub)
     hud:overlay     1.59 ms  (sub)
     hud:setup       0.16 ms  (sub)
     hud:ladder      0.21 ms  (sub)
     hud:warp        3.89 ms  (sub)
     hud:arc         0.12 ms  (sub)
     hud:blend       1.80 ms  (sub)
     hud:yaw         0.65 ms  (sub)
     hud:cross       0.09 ms  (sub)
     disp:record     0.00 ms  (sub)
     disp:imshow     0.85 ms  (sub)
     disp:waitkey    5.58 ms  (sub)
[PROF 09:08:01]  51 frames   32.66 ms/frame  ->  30.6 FPS
   capture           8.17 ms   25.0%
   track             8.14 ms   24.9%
   ctrl+mav          0.91 ms    2.8%
   hud               9.03 ms   27.6%
   display           6.42 ms   19.7%
     detect          7.59 ms  (sub)
     tracker         0.00 ms  (sub)
     hud:overlay     1.62 ms  (sub)
     hud:setup       0.14 ms  (sub)
     hud:ladder      0.23 ms  (sub)
     hud:warp        4.26 ms  (sub)
     hud:arc         0.12 ms  (sub)
     hud:blend       1.84 ms  (sub)
     hud:yaw         0.64 ms  (sub)
     hud:cross       0.09 ms  (sub)
     disp:record     0.00 ms  (sub)
     disp:imshow     0.66 ms  (sub)
     disp:waitkey    5.71 ms  (sub)
[PROF 09:08:03]  48 frames   32.42 ms/frame  ->  30.8 FPS
   capture           8.86 ms   27.3%
   track             8.10 ms   25.0%
   ctrl+mav          0.78 ms    2.4%
   hud               8.36 ms   25.8%
   display           6.31 ms   19.5%
     detect          7.46 ms  (sub)
     tracker         0.00 ms  (sub)
     hud:overlay     1.56 ms  (sub)
     hud:setup       0.24 ms  (sub)
     hud:ladder      0.21 ms  (sub)
     hud:warp        3.69 ms  (sub)
     hud:arc         0.10 ms  (sub)
     hud:blend       1.71 ms  (sub)
     hud:yaw         0.70 ms  (sub)
     hud:cross       0.09 ms  (sub)
     disp:record     0.00 ms  (sub)
     disp:imshow     0.77 ms  (sub)
     disp:waitkey    5.48 ms  (sub)
[PROF 09:08:05]  47 frames   33.21 ms/frame  ->  30.1 FPS
   capture           9.09 ms   27.4%
   track             8.07 ms   24.3%
   ctrl+mav          0.90 ms    2.7%
   hud               8.79 ms   26.5%
   display           6.36 ms   19.2%
     detect          7.49 ms  (sub)
     tracker         0.00 ms  (sub)
     hud:overlay     1.63 ms  (sub)
     hud:setup       0.14 ms  (sub)
     hud:ladder      0.21 ms  (sub)
     hud:warp        3.95 ms  (sub)
     hud:arc         0.11 ms  (sub)
     hud:blend       1.80 ms  (sub)
     hud:yaw         0.78 ms  (sub)
     hud:cross       0.10 ms  (sub)
     disp:record     0.01 ms  (sub)
     disp:imshow     0.81 ms  (sub)
     disp:waitkey    5.50 ms  (sub)
[PROF 09:08:07]  53 frames   32.59 ms/frame  ->  30.7 FPS
   capture           8.35 ms   25.6%
   track             7.70 ms   23.6%
   ctrl+mav          1.02 ms    3.1%
   hud               9.14 ms   28.1%
   display           6.37 ms   19.6%
     detect          7.08 ms  (sub)
     tracker         0.00 ms  (sub)
     hud:overlay     1.69 ms  (sub)
     hud:setup       0.16 ms  (sub)
     hud:ladder      0.23 ms  (sub)
     hud:warp        4.11 ms  (sub)
     hud:arc         0.12 ms  (sub)
     hud:blend       1.98 ms  (sub)
     hud:yaw         0.69 ms  (sub)
     hud:cross       0.09 ms  (sub)
     disp:record     0.00 ms  (sub)
     disp:imshow     0.75 ms  (sub)
     disp:waitkey    5.50 ms  (sub)
[PROF 09:08:09]  50 frames   32.22 ms/frame  ->  31.0 FPS
   capture           8.71 ms   27.0%
   track             7.84 ms   24.3%
   ctrl+mav          0.76 ms    2.4%
   hud               9.05 ms   28.1%
   display           5.86 ms   18.2%
     detect          6.66 ms  (sub)
     tracker         0.57 ms  (sub)
     hud:overlay     1.59 ms  (sub)
     hud:setup       0.14 ms  (sub)
     hud:ladder      0.22 ms  (sub)
     hud:warp        4.34 ms  (sub)
     hud:arc         0.10 ms  (sub)
     hud:blend       1.83 ms  (sub)
     hud:yaw         0.67 ms  (sub)
     hud:cross       0.09 ms  (sub)
     disp:record     0.01 ms  (sub)
     disp:imshow     0.67 ms  (sub)
     disp:waitkey    5.14 ms  (sub)
[PROF 09:08:11]  51 frames   35.48 ms/frame  ->  28.2 FPS
   capture           8.56 ms   24.1%
   track            10.14 ms   28.6%
   ctrl+mav          0.94 ms    2.6%
   hud               9.09 ms   25.6%
   display           6.75 ms   19.0%
     detect          1.63 ms  (sub)
     tracker         7.54 ms  (sub)
     hud:overlay     1.88 ms  (sub)
     hud:setup       0.16 ms  (sub)
     hud:ladder      0.20 ms  (sub)
     hud:warp        4.07 ms  (sub)
     hud:arc         0.12 ms  (sub)
     hud:blend       1.83 ms  (sub)
     hud:yaw         0.66 ms  (sub)
     hud:cross       0.10 ms  (sub)
     disp:record     0.01 ms  (sub)
     disp:imshow     0.73 ms  (sub)
     disp:waitkey    5.96 ms  (sub)
[PROF 09:08:13]  30 frames   66.58 ms/frame  ->  15.0 FPS
   capture          10.95 ms   16.4%
   track            10.25 ms   15.4%
   ctrl+mav         14.23 ms   21.4%
   hud               9.83 ms   14.8%
   display          21.32 ms   32.0%
     detect          5.22 ms  (sub)
     tracker         4.07 ms  (sub)
     hud:overlay     1.73 ms  (sub)
     hud:setup       0.19 ms  (sub)
     hud:ladder      0.23 ms  (sub)
     hud:warp        4.86 ms  (sub)
     hud:arc         0.11 ms  (sub)
     hud:blend       1.87 ms  (sub)
     hud:yaw         0.68 ms  (sub)
     hud:cross       0.09 ms  (sub)
     disp:record    11.55 ms  (sub)
     disp:imshow     1.66 ms  (sub)
     disp:waitkey    8.04 ms  (sub)
[PROF 09:08:15]  35 frames   57.64 ms/frame  ->  17.3 FPS
   capture          13.55 ms   23.5%
   track            11.54 ms   20.0%
   ctrl+mav          4.93 ms    8.6%
   hud               9.71 ms   16.8%
   display          17.92 ms   31.1%
     detect          5.47 ms  (sub)
     tracker         5.09 ms  (sub)
     hud:overlay     1.91 ms  (sub)
     hud:setup       0.17 ms  (sub)
     hud:ladder      0.20 ms  (sub)
     hud:warp        4.54 ms  (sub)
     hud:arc         0.11 ms  (sub)
     hud:blend       1.84 ms  (sub)
     hud:yaw         0.76 ms  (sub)
     hud:cross       0.11 ms  (sub)
     disp:record     5.69 ms  (sub)
     disp:imshow     1.66 ms  (sub)
     disp:waitkey   10.47 ms  (sub)
[PROF 09:08:17]  32 frames   61.78 ms/frame  ->  16.2 FPS
   capture          12.93 ms   20.9%
   track            11.68 ms   18.9%
   ctrl+mav          9.52 ms   15.4%
   hud               9.81 ms   15.9%
   display          17.84 ms   28.9%
     detect          8.18 ms  (sub)
     tracker         2.33 ms  (sub)
     hud:overlay     1.77 ms  (sub)
     hud:setup       0.17 ms  (sub)
     hud:ladder      0.22 ms  (sub)
     hud:warp        4.78 ms  (sub)
     hud:arc         0.12 ms  (sub)
     hud:blend       1.85 ms  (sub)
     hud:yaw         0.74 ms  (sub)
     hud:cross       0.10 ms  (sub)
     disp:record     6.47 ms  (sub)
     disp:imshow     1.82 ms  (sub)
     disp:waitkey    9.45 ms  (sub)
[PROF 09:08:19]  36 frames   53.27 ms/frame  ->  18.8 FPS
   capture          13.18 ms   24.7%
   track            10.95 ms   20.6%
   ctrl+mav          1.49 ms    2.8%
   hud               9.83 ms   18.5%
   display          17.81 ms   33.4%
     detect          4.21 ms  (sub)
     tracker         5.57 ms  (sub)
     hud:overlay     1.90 ms  (sub)
     hud:setup       0.19 ms  (sub)
     hud:ladder      0.28 ms  (sub)
     hud:warp        4.56 ms  (sub)
     hud:arc         0.10 ms  (sub)
     hud:blend       1.83 ms  (sub)
     hud:yaw         0.79 ms  (sub)
     hud:cross       0.10 ms  (sub)
     disp:record     6.54 ms  (sub)
     disp:imshow     1.50 ms  (sub)
     disp:waitkey    9.65 ms  (sub)
[PROF 09:08:21]  36 frames   53.63 ms/frame  ->  18.6 FPS
   capture          13.45 ms   25.1%
   track            10.75 ms   20.0%
   ctrl+mav          1.69 ms    3.1%
   hud               9.93 ms   18.5%
   display          17.81 ms   33.2%
     detect          2.29 ms  (sub)
     tracker         7.56 ms  (sub)
     hud:overlay     2.04 ms  (sub)
     hud:setup       0.18 ms  (sub)
     hud:ladder      0.26 ms  (sub)
     hud:warp        4.54 ms  (sub)
     hud:arc         0.11 ms  (sub)
     hud:blend       1.89 ms  (sub)
     hud:yaw         0.76 ms  (sub)
     hud:cross       0.10 ms  (sub)
     disp:record     6.46 ms  (sub)
     disp:imshow     1.56 ms  (sub)
     disp:waitkey    9.69 ms  (sub)
[PROF 09:08:23]  36 frames   51.41 ms/frame  ->  19.5 FPS
   capture          12.28 ms   23.9%
   track            10.32 ms   20.1%
   ctrl+mav          1.57 ms    3.1%
   hud               9.67 ms   18.8%
   display          17.57 ms   34.2%
     detect          1.57 ms  (sub)
     tracker         7.51 ms  (sub)
     hud:overlay     2.04 ms  (sub)
     hud:setup       0.19 ms  (sub)
     hud:ladder      0.27 ms  (sub)
     hud:warp        4.12 ms  (sub)
     hud:arc         0.11 ms  (sub)
     hud:blend       1.87 ms  (sub)
     hud:yaw         0.92 ms  (sub)
     hud:cross       0.10 ms  (sub)
     disp:record     6.64 ms  (sub)
     disp:imshow     1.86 ms  (sub)
     disp:waitkey    8.97 ms  (sub)
[PROF 09:08:25]  36 frames   52.15 ms/frame  ->  19.2 FPS
   capture          13.27 ms   25.5%
   track            10.52 ms   20.2%
   ctrl+mav          1.65 ms    3.2%
   hud               9.82 ms   18.8%
   display          16.89 ms   32.4%
     detect          2.14 ms  (sub)
     tracker         7.18 ms  (sub)
     hud:overlay     2.19 ms  (sub)
     hud:setup       0.18 ms  (sub)
     hud:ladder      0.24 ms  (sub)
     hud:warp        4.22 ms  (sub)
     hud:arc         0.13 ms  (sub)
     hud:blend       1.86 ms  (sub)
     hud:yaw         0.82 ms  (sub)
     hud:cross       0.10 ms  (sub)
     disp:record     6.46 ms  (sub)
     disp:imshow     1.69 ms  (sub)
     disp:waitkey    8.62 ms  (sub)
[PROF 09:08:27]  36 frames   52.80 ms/frame  ->  18.9 FPS
   capture          13.45 ms   25.5%
   track            10.14 ms   19.2%
   ctrl+mav          1.59 ms    3.0%
   hud               9.91 ms   18.8%
   display          17.70 ms   33.5%
     detect          2.14 ms  (sub)
     tracker         6.96 ms  (sub)
     hud:overlay     2.09 ms  (sub)
     hud:setup       0.19 ms  (sub)
     hud:ladder      0.29 ms  (sub)
     hud:warp        4.35 ms  (sub)
     hud:arc         0.12 ms  (sub)
     hud:blend       1.88 ms  (sub)
     hud:yaw         0.82 ms  (sub)
     hud:cross       0.10 ms  (sub)
     disp:record     6.62 ms  (sub)
     disp:imshow     1.85 ms  (sub)
     disp:waitkey    9.14 ms  (sub)
[PROF 09:08:29]  36 frames   52.54 ms/frame  ->  19.0 FPS
   capture          13.18 ms   25.1%
   track            10.96 ms   20.9%
   ctrl+mav          1.54 ms    2.9%
   hud               9.38 ms   17.9%
   display          17.48 ms   33.3%
     detect          1.61 ms  (sub)
     tracker         8.30 ms  (sub)
     hud:overlay     2.05 ms  (sub)
     hud:setup       0.17 ms  (sub)
     hud:ladder      0.25 ms  (sub)
     hud:warp        3.98 ms  (sub)
     hud:arc         0.13 ms  (sub)
     hud:blend       1.80 ms  (sub)
     hud:yaw         0.82 ms  (sub)
     hud:cross       0.10 ms  (sub)
     disp:record     6.38 ms  (sub)
     disp:imshow     1.68 ms  (sub)
     disp:waitkey    9.33 ms  (sub)
[PROF 09:08:31]  35 frames   52.33 ms/frame  ->  19.1 FPS
   capture          12.60 ms   24.1%
   track            10.88 ms   20.8%
   ctrl+mav          1.52 ms    2.9%
   hud               9.46 ms   18.1%
   display          17.88 ms   34.2%
     detect          1.71 ms  (sub)
     tracker         8.14 ms  (sub)
     hud:overlay     2.11 ms  (sub)
     hud:setup       0.18 ms  (sub)
     hud:ladder      0.24 ms  (sub)
     hud:warp        3.96 ms  (sub)
     hud:arc         0.12 ms  (sub)
     hud:blend       1.88 ms  (sub)
     hud:yaw         0.80 ms  (sub)
     hud:cross       0.10 ms  (sub)
     disp:record     6.31 ms  (sub)
     disp:imshow     1.84 ms  (sub)
     disp:waitkey    9.62 ms  (sub)
[PROF 09:08:33]  36 frames   53.20 ms/frame  ->  18.8 FPS
   capture          12.57 ms   23.6%
   track            11.77 ms   22.1%
   ctrl+mav          1.67 ms    3.1%
   hud               9.33 ms   17.5%
   display          17.86 ms   33.6%
     detect          2.04 ms  (sub)
     tracker         8.64 ms  (sub)
     hud:overlay     2.04 ms  (sub)
     hud:setup       0.17 ms  (sub)
     hud:ladder      0.26 ms  (sub)
     hud:warp        3.93 ms  (sub)
     hud:arc         0.11 ms  (sub)
     hud:blend       1.80 ms  (sub)
     hud:yaw         0.86 ms  (sub)
     hud:cross       0.10 ms  (sub)
     disp:record     6.22 ms  (sub)
     disp:imshow     1.77 ms  (sub)
     disp:waitkey    9.78 ms  (sub)
[PROF 09:08:35]  36 frames   54.14 ms/frame  ->  18.5 FPS
   capture          14.54 ms   26.9%
   track            11.06 ms   20.4%
   ctrl+mav          1.70 ms    3.1%
   hud               9.45 ms   17.5%
   display          17.39 ms   32.1%
     detect          1.50 ms  (sub)
     tracker         8.23 ms  (sub)
     hud:overlay     2.04 ms  (sub)
     hud:setup       0.19 ms  (sub)
     hud:ladder      0.25 ms  (sub)
     hud:warp        4.11 ms  (sub)
     hud:arc         0.10 ms  (sub)
     hud:blend       1.78 ms  (sub)
     hud:yaw         0.81 ms  (sub)
     hud:cross       0.10 ms  (sub)
     disp:record     6.01 ms  (sub)
     disp:imshow     1.81 ms  (sub)
     disp:waitkey    9.46 ms  (sub)
[PROF 09:08:37]  32 frames   60.08 ms/frame  ->  16.6 FPS
   capture          13.04 ms   21.7%
   track            17.69 ms   29.4%
   ctrl+mav          1.65 ms    2.7%
   hud               9.79 ms   16.3%
   display          17.92 ms   29.8%
     detect          2.68 ms  (sub)
     tracker        13.98 ms  (sub)
     hud:overlay     1.96 ms  (sub)
     hud:setup       0.16 ms  (sub)
     hud:ladder      0.23 ms  (sub)
     hud:warp        4.44 ms  (sub)
     hud:arc         0.11 ms  (sub)
     hud:blend       1.96 ms  (sub)
     hud:yaw         0.79 ms  (sub)
     hud:cross       0.10 ms  (sub)
     disp:record     6.70 ms  (sub)
     disp:imshow     1.73 ms  (sub)
     disp:waitkey    9.39 ms  (sub)
[PROF 09:08:39]  29 frames   68.20 ms/frame  ->  14.7 FPS
   capture          14.51 ms   21.3%
   track            25.32 ms   37.1%
   ctrl+mav          1.76 ms    2.6%
   hud               9.50 ms   13.9%
   display          17.11 ms   25.1%
     detect          1.46 ms  (sub)
     tracker        22.72 ms  (sub)
     hud:overlay     2.14 ms  (sub)
     hud:setup       0.17 ms  (sub)
     hud:ladder      0.24 ms  (sub)
     hud:warp        4.02 ms  (sub)
     hud:arc         0.12 ms  (sub)
     hud:blend       1.87 ms  (sub)
     hud:yaw         0.77 ms  (sub)
     hud:cross       0.10 ms  (sub)
     disp:record     6.20 ms  (sub)
     disp:imshow     1.67 ms  (sub)
     disp:waitkey    9.07 ms  (sub)
[PROF 09:08:42]  30 frames   67.55 ms/frame  ->  14.8 FPS
   capture          12.88 ms   19.1%
   track            20.71 ms   30.7%
   ctrl+mav          7.01 ms   10.4%
   hud               8.74 ms   12.9%
   display          18.21 ms   27.0%
     detect          3.78 ms  (sub)
     tracker        15.88 ms  (sub)
     hud:overlay     1.82 ms  (sub)
     hud:setup       0.17 ms  (sub)
     hud:ladder      0.23 ms  (sub)
     hud:warp        3.66 ms  (sub)
     hud:arc         0.11 ms  (sub)
     hud:blend       1.79 ms  (sub)
     hud:yaw         0.78 ms  (sub)
     hud:cross       0.11 ms  (sub)
     disp:record     6.76 ms  (sub)
     disp:imshow     1.94 ms  (sub)
     disp:waitkey    9.41 ms  (sub)
[PROF 09:08:44]  36 frames   52.42 ms/frame  ->  19.1 FPS
   capture          13.55 ms   25.9%
   track            10.26 ms   19.6%
   ctrl+mav          1.34 ms    2.6%
   hud               9.17 ms   17.5%
   display          18.09 ms   34.5%
     detect          9.29 ms  (sub)
     tracker         0.00 ms  (sub)
     hud:overlay     1.60 ms  (sub)
     hud:setup       0.19 ms  (sub)
     hud:ladder      0.26 ms  (sub)
     hud:warp        4.20 ms  (sub)
     hud:arc         0.11 ms  (sub)
     hud:blend       1.89 ms  (sub)
     hud:yaw         0.76 ms  (sub)
     hud:cross       0.10 ms  (sub)
     disp:record     6.60 ms  (sub)
     disp:imshow     1.82 ms  (sub)
     disp:waitkey    9.57 ms  (sub)
[PROF 09:08:46]  40 frames   46.12 ms/frame  ->  21.7 FPS
   capture          11.36 ms   24.6%
   track            10.31 ms   22.3%
   ctrl+mav          3.01 ms    6.5%
   hud               8.81 ms   19.1%
   display          12.64 ms   27.4%
     detect          9.35 ms  (sub)
     tracker         0.00 ms  (sub)
     hud:overlay     1.50 ms  (sub)
     hud:setup       0.17 ms  (sub)
     hud:ladder      0.23 ms  (sub)
     hud:warp        4.10 ms  (sub)
     hud:arc         0.11 ms  (sub)
     hud:blend       1.84 ms  (sub)
     hud:yaw         0.68 ms  (sub)
     hud:cross       0.10 ms  (sub)
     disp:record     3.83 ms  (sub)
     disp:imshow     1.25 ms  (sub)
     disp:waitkey    7.48 ms  (sub)
[PROF 09:08:48]  51 frames   34.77 ms/frame  ->  28.8 FPS
   capture           8.69 ms   25.0%
   track             8.89 ms   25.6%
   ctrl+mav          1.01 ms    2.9%
   hud               9.16 ms   26.3%
   display           7.01 ms   20.2%
     detect          8.07 ms  (sub)
     tracker         0.00 ms  (sub)
     hud:overlay     1.51 ms  (sub)
     hud:setup       0.18 ms  (sub)
     hud:ladder      0.23 ms  (sub)
     hud:warp        4.35 ms  (sub)
     hud:arc         0.11 ms  (sub)
     hud:blend       1.98 ms  (sub)
     hud:yaw         0.63 ms  (sub)
     hud:cross       0.10 ms  (sub)
     disp:record     0.01 ms  (sub)
     disp:imshow     0.83 ms  (sub)
     disp:waitkey    6.11 ms  (sub)
[PROF 09:08:50]  53 frames   34.83 ms/frame  ->  28.7 FPS
   capture           8.53 ms   24.5%
   track             8.99 ms   25.8%
   ctrl+mav          0.93 ms    2.7%
   hud               9.40 ms   27.0%
   display           6.98 ms   20.0%
     detect          8.21 ms  (sub)
     tracker         0.00 ms  (sub)
     hud:overlay     1.52 ms  (sub)
     hud:setup       0.17 ms  (sub)
     hud:ladder      0.24 ms  (sub)
     hud:warp        4.50 ms  (sub)
     hud:arc         0.11 ms  (sub)
     hud:blend       2.00 ms  (sub)
     hud:yaw         0.71 ms  (sub)
     hud:cross       0.10 ms  (sub)
     disp:record     0.01 ms  (sub)
     disp:imshow     0.83 ms  (sub)
     disp:waitkey    6.09 ms  (sub)
[PROF 09:08:52]  45 frames   35.00 ms/frame  ->  28.6 FPS
   capture           9.18 ms   26.2%
   track             8.92 ms   25.5%
   ctrl+mav          1.09 ms    3.1%
   hud               8.98 ms   25.7%
   display           6.83 ms   19.5%
     detect          8.09 ms  (sub)
     tracker         0.00 ms  (sub)
     hud:overlay     1.48 ms  (sub)
     hud:setup       0.17 ms  (sub)
     hud:ladder      0.23 ms  (sub)
     hud:warp        4.18 ms  (sub)
     hud:arc         0.13 ms  (sub)
     hud:blend       1.97 ms  (sub)
     hud:yaw         0.66 ms  (sub)
     hud:cross       0.10 ms  (sub)
     disp:record     0.01 ms  (sub)
     disp:imshow     0.91 ms  (sub)
     disp:waitkey    5.85 ms  (sub)
[PROF 09:08:54]  46 frames   34.87 ms/frame  ->  28.7 FPS
   capture           9.26 ms   26.5%
   track             8.65 ms   24.8%
   ctrl+mav          1.05 ms    3.0%
   hud               8.84 ms   25.3%
   display           7.08 ms   20.3%
     detect          7.88 ms  (sub)
     tracker         0.00 ms  (sub)
     hud:overlay     1.51 ms  (sub)
     hud:setup       0.18 ms  (sub)
     hud:ladder      0.27 ms  (sub)
     hud:warp        4.10 ms  (sub)
     hud:arc         0.11 ms  (sub)
     hud:blend       1.88 ms  (sub)
     hud:yaw         0.63 ms  (sub)
     hud:cross       0.10 ms  (sub)
     disp:record     0.01 ms  (sub)
     disp:imshow     0.81 ms  (sub)
     disp:waitkey    6.21 ms  (sub)
[PROF 09:08:56]  46 frames   34.85 ms/frame  ->  28.7 FPS
   capture           8.91 ms   25.6%
   track             8.75 ms   25.1%
   ctrl+mav          1.03 ms    3.0%
   hud               8.93 ms   25.6%
   display           7.23 ms   20.7%
     detect          7.97 ms  (sub)
     tracker         0.00 ms  (sub)
     hud:overlay     1.49 ms  (sub)
     hud:setup       0.17 ms  (sub)
     hud:ladder      0.23 ms  (sub)
     hud:warp        4.24 ms  (sub)
     hud:arc         0.11 ms  (sub)
     hud:blend       1.87 ms  (sub)
     hud:yaw         0.62 ms  (sub)
     hud:cross       0.13 ms  (sub)
     disp:record     0.01 ms  (sub)
     disp:imshow     0.92 ms  (sub)
     disp:waitkey    6.24 ms  (sub)
[PROF 09:08:58]  51 frames   34.65 ms/frame  ->  28.9 FPS
   capture           8.79 ms   25.4%
   track             8.47 ms   24.4%
   ctrl+mav          1.00 ms    2.9%
   hud               9.03 ms   26.1%
   display           7.36 ms   21.2%
     detect          7.68 ms  (sub)
     tracker         0.00 ms  (sub)
     hud:overlay     1.59 ms  (sub)
     hud:setup       0.17 ms  (sub)
     hud:ladder      0.23 ms  (sub)
     hud:warp        4.11 ms  (sub)
     hud:arc         0.11 ms  (sub)
     hud:blend       1.96 ms  (sub)
     hud:yaw         0.69 ms  (sub)
     hud:cross       0.10 ms  (sub)
     disp:record     0.01 ms  (sub)
     disp:imshow     0.87 ms  (sub)
     disp:waitkey    6.40 ms  (sub)
[PROF 09:09:00]  46 frames   34.64 ms/frame  ->  28.9 FPS
   capture           9.15 ms   26.4%
   track             8.81 ms   25.4%
   ctrl+mav          0.97 ms    2.8%
   hud               8.82 ms   25.5%
   display           6.91 ms   19.9%
     detect          7.97 ms  (sub)
     tracker         0.00 ms  (sub)
     hud:overlay     1.63 ms  (sub)
     hud:setup       0.16 ms  (sub)
     hud:ladder      0.22 ms  (sub)
     hud:warp        3.98 ms  (sub)
     hud:arc         0.11 ms  (sub)
     hud:blend       1.90 ms  (sub)
     hud:yaw         0.65 ms  (sub)
     hud:cross       0.10 ms  (sub)
     disp:record     0.01 ms  (sub)
     disp:imshow     0.77 ms  (sub)
     disp:waitkey    6.07 ms  (sub)
[PROF 09:09:02]  45 frames   35.19 ms/frame  ->  28.4 FPS
   capture           9.06 ms   25.8%
   track             8.88 ms   25.2%
   ctrl+mav          0.95 ms    2.7%
   hud               9.28 ms   26.4%
   display           7.02 ms   20.0%
     detect          8.10 ms  (sub)
     tracker         0.00 ms  (sub)
     hud:overlay     1.51 ms  (sub)
     hud:setup       0.18 ms  (sub)
     hud:ladder      0.26 ms  (sub)
     hud:warp        4.44 ms  (sub)
     hud:arc         0.11 ms  (sub)
     hud:blend       1.95 ms  (sub)
     hud:yaw         0.66 ms  (sub)
     hud:cross       0.10 ms  (sub)
     disp:record     0.01 ms  (sub)
     disp:imshow     0.83 ms  (sub)
     disp:waitkey    6.13 ms  (sub)
[PROF 09:09:04]  45 frames   34.46 ms/frame  ->  29.0 FPS
   capture           9.23 ms   26.8%
   track             8.81 ms   25.6%
   ctrl+mav          0.94 ms    2.7%
   hud               8.25 ms   23.9%
   display           7.23 ms   21.0%
     detect          8.04 ms  (sub)
     tracker         0.00 ms  (sub)
     hud:overlay     1.45 ms  (sub)
     hud:setup       0.16 ms  (sub)
     hud:ladder      0.22 ms  (sub)
     hud:warp        3.72 ms  (sub)
     hud:arc         0.11 ms  (sub)
     hud:blend       1.82 ms  (sub)
     hud:yaw         0.60 ms  (sub)
     hud:cross       0.10 ms  (sub)
     disp:record     0.01 ms  (sub)
     disp:imshow     0.84 ms  (sub)
     disp:waitkey    6.33 ms  (sub)
[PROF 09:09:06]  43 frames   35.50 ms/frame  ->  28.2 FPS
   capture           9.02 ms   25.4%
   track             8.96 ms   25.2%
   ctrl+mav          1.07 ms    3.0%
   hud               9.47 ms   26.7%
   display           6.97 ms   19.6%
     detect          8.16 ms  (sub)
     tracker         0.00 ms  (sub)
     hud:overlay     1.52 ms  (sub)
     hud:setup       0.16 ms  (sub)
     hud:ladder      0.24 ms  (sub)
     hud:warp        4.35 ms  (sub)
     hud:arc         0.15 ms  (sub)
     hud:blend       2.15 ms  (sub)
     hud:yaw         0.73 ms  (sub)
     hud:cross       0.10 ms  (sub)
     disp:record     0.01 ms  (sub)
     disp:imshow     0.84 ms  (sub)
     disp:waitkey    6.07 ms  (sub)
[PROF 09:09:08]  47 frames   34.12 ms/frame  ->  29.3 FPS
   capture           9.11 ms   26.7%
   track             8.69 ms   25.5%
   ctrl+mav          0.89 ms    2.6%
   hud               8.44 ms   24.7%
   display           6.99 ms   20.5%
     detect          7.96 ms  (sub)
     tracker         0.00 ms  (sub)
     hud:overlay     1.51 ms  (sub)
     hud:setup       0.16 ms  (sub)
     hud:ladder      0.22 ms  (sub)
     hud:warp        3.81 ms  (sub)
     hud:arc         0.11 ms  (sub)
     hud:blend       1.86 ms  (sub)
     hud:yaw         0.61 ms  (sub)
     hud:cross       0.09 ms  (sub)
     disp:record     0.01 ms  (sub)
     disp:imshow     0.83 ms  (sub)
     disp:waitkey    6.10 ms  (sub)
[PROF 09:09:10]  45 frames   35.15 ms/frame  ->  28.4 FPS
   capture           9.06 ms   25.8%
   track             9.05 ms   25.7%
   ctrl+mav          1.02 ms    2.9%
   hud               9.20 ms   26.2%
   display           6.83 ms   19.4%
     detect          8.12 ms  (sub)
     tracker         0.00 ms  (sub)
     hud:overlay     1.63 ms  (sub)
     hud:setup       0.17 ms  (sub)
     hud:ladder      0.23 ms  (sub)
     hud:warp        4.22 ms  (sub)
     hud:arc         0.12 ms  (sub)
     hud:blend       2.00 ms  (sub)
     hud:yaw         0.66 ms  (sub)
     hud:cross       0.10 ms  (sub)
     disp:record     0.01 ms  (sub)
     disp:imshow     0.79 ms  (sub)
     disp:waitkey    5.98 ms  (sub)
[PROF 09:09:12]  47 frames   34.19 ms/frame  ->  29.3 FPS
   capture           8.75 ms   25.6%
   track             9.02 ms   26.4%
   ctrl+mav          1.07 ms    3.1%
   hud               8.87 ms   25.9%
   display           6.48 ms   19.0%
     detect          8.18 ms  (sub)
     tracker         0.00 ms  (sub)
     hud:overlay     1.58 ms  (sub)
     hud:setup       0.15 ms  (sub)
     hud:ladder      0.22 ms  (sub)
     hud:warp        4.12 ms  (sub)
     hud:arc         0.12 ms  (sub)
     hud:blend       1.87 ms  (sub)
     hud:yaw         0.64 ms  (sub)
     hud:cross       0.10 ms  (sub)
     disp:record     0.01 ms  (sub)
     disp:imshow     0.81 ms  (sub)
     disp:waitkey    5.61 ms  (sub)
[PROF 09:09:14]  48 frames   34.95 ms/frame  ->  28.6 FPS
   capture           8.98 ms   25.7%
   track             8.98 ms   25.7%
   ctrl+mav          0.90 ms    2.6%
   hud               9.19 ms   26.3%
   display           6.90 ms   19.8%
     detect          8.13 ms  (sub)
     tracker         0.00 ms  (sub)
     hud:overlay     1.51 ms  (sub)
     hud:setup       0.17 ms  (sub)
     hud:ladder      0.24 ms  (sub)
     hud:warp        4.34 ms  (sub)
     hud:arc         0.11 ms  (sub)
     hud:blend       1.92 ms  (sub)
     hud:yaw         0.75 ms  (sub)
     hud:cross       0.09 ms  (sub)
     disp:record     0.01 ms  (sub)
     disp:imshow     0.78 ms  (sub)
     disp:waitkey    6.06 ms  (sub)
[PROF 09:09:16]  49 frames   34.57 ms/frame  ->  28.9 FPS
   capture           9.46 ms   27.4%
   track             8.48 ms   24.5%
   ctrl+mav          0.96 ms    2.8%
   hud               8.69 ms   25.1%
   display           6.97 ms   20.2%
     detect          7.66 ms  (sub)
     tracker         0.00 ms  (sub)
     hud:overlay     1.46 ms  (sub)
     hud:setup       0.16 ms  (sub)
     hud:ladder      0.22 ms  (sub)
     hud:warp        3.98 ms  (sub)
     hud:arc         0.12 ms  (sub)
     hud:blend       1.92 ms  (sub)
     hud:yaw         0.64 ms  (sub)
     hud:cross       0.11 ms  (sub)
     disp:record     0.01 ms  (sub)
     disp:imshow     0.83 ms  (sub)
     disp:waitkey    6.07 ms  (sub)
[PROF 09:09:18]  50 frames   34.56 ms/frame  ->  28.9 FPS
   capture           9.30 ms   26.9%
   track             8.43 ms   24.4%
   ctrl+mav          0.96 ms    2.8%
   hud               8.81 ms   25.5%
   display           7.06 ms   20.4%
     detect          7.67 ms  (sub)
     tracker         0.00 ms  (sub)
     hud:overlay     1.48 ms  (sub)
     hud:setup       0.17 ms  (sub)
     hud:ladder      0.23 ms  (sub)
     hud:warp        4.07 ms  (sub)
     hud:arc         0.11 ms  (sub)
     hud:blend       1.94 ms  (sub)
     hud:yaw         0.63 ms  (sub)
     hud:cross       0.10 ms  (sub)
     disp:record     0.01 ms  (sub)
     disp:imshow     0.86 ms  (sub)
     disp:waitkey    6.14 ms  (sub)
[PROF 09:09:20]  48 frames   34.43 ms/frame  ->  29.0 FPS
   capture           8.93 ms   25.9%
   track             8.18 ms   23.8%
   ctrl+mav          0.93 ms    2.7%
   hud               9.07 ms   26.3%
   display           7.32 ms   21.3%
     detect          7.43 ms  (sub)
     tracker         0.00 ms  (sub)
     hud:overlay     1.57 ms  (sub)
     hud:setup       0.18 ms  (sub)
     hud:ladder      0.25 ms  (sub)
     hud:warp        4.22 ms  (sub)
     hud:arc         0.11 ms  (sub)
     hud:blend       1.92 ms  (sub)
     hud:yaw         0.64 ms  (sub)
     hud:cross       0.10 ms  (sub)
     disp:record     0.01 ms  (sub)
     disp:imshow     0.79 ms  (sub)
     disp:waitkey    6.47 ms  (sub)
[PROF 09:09:22]  47 frames   34.81 ms/frame  ->  28.7 FPS
   capture           9.21 ms   26.5%
   track             8.43 ms   24.2%
   ctrl+mav          1.12 ms    3.2%
   hud               8.68 ms   24.9%
   display           7.36 ms   21.2%
     detect          7.69 ms  (sub)
     tracker         0.00 ms  (sub)
     hud:overlay     1.57 ms  (sub)
     hud:setup       0.19 ms  (sub)
     hud:ladder      0.23 ms  (sub)
     hud:warp        3.95 ms  (sub)
     hud:arc         0.11 ms  (sub)
     hud:blend       1.84 ms  (sub)
     hud:yaw         0.62 ms  (sub)
     hud:cross       0.10 ms  (sub)
     disp:record     0.01 ms  (sub)
     disp:imshow     0.83 ms  (sub)
     disp:waitkey    6.47 ms  (sub)
[PROF 09:09:24]  49 frames   35.15 ms/frame  ->  28.5 FPS
   capture           9.00 ms   25.6%
   track             8.49 ms   24.2%
   ctrl+mav          1.06 ms    3.0%
   hud               9.24 ms   26.3%
   display           7.36 ms   20.9%
     detect          7.58 ms  (sub)
     tracker         0.00 ms  (sub)
     hud:overlay     1.54 ms  (sub)
     hud:setup       0.17 ms  (sub)
     hud:ladder      0.25 ms  (sub)
     hud:warp        4.36 ms  (sub)
     hud:arc         0.15 ms  (sub)
     hud:blend       1.97 ms  (sub)
     hud:yaw         0.64 ms  (sub)
     hud:cross       0.10 ms  (sub)
     disp:record     0.01 ms  (sub)
     disp:imshow     0.91 ms  (sub)
     disp:waitkey    6.39 ms  (sub)
[PROF 09:09:26]  46 frames   34.70 ms/frame  ->  28.8 FPS
   capture           8.71 ms   25.1%
   track             8.80 ms   25.4%
   ctrl+mav          1.09 ms    3.1%
   hud               8.91 ms   25.7%
   display           7.19 ms   20.7%
     detect          8.03 ms  (sub)
     tracker         0.00 ms  (sub)
     hud:overlay     1.59 ms  (sub)
     hud:setup       0.19 ms  (sub)
     hud:ladder      0.23 ms  (sub)
     hud:warp        4.07 ms  (sub)
     hud:arc         0.12 ms  (sub)
     hud:blend       1.92 ms  (sub)
     hud:yaw         0.63 ms  (sub)
     hud:cross       0.10 ms  (sub)
     disp:record     0.01 ms  (sub)
     disp:imshow     0.80 ms  (sub)
     disp:waitkey    6.31 ms  (sub)
[PROF 09:09:28]  49 frames   35.25 ms/frame  ->  28.4 FPS
   capture           9.03 ms   25.6%
   track             9.17 ms   26.0%
   ctrl+mav          1.06 ms    3.0%
   hud               8.92 ms   25.3%
   display           7.05 ms   20.0%
     detect          8.30 ms  (sub)
     tracker         0.00 ms  (sub)
     hud:overlay     1.56 ms  (sub)
     hud:setup       0.17 ms  (sub)
     hud:ladder      0.22 ms  (sub)
     hud:warp        4.17 ms  (sub)
     hud:arc         0.11 ms  (sub)
     hud:blend       1.86 ms  (sub)
     hud:yaw         0.65 ms  (sub)
     hud:cross       0.10 ms  (sub)
     disp:record     0.01 ms  (sub)
     disp:imshow     0.80 ms  (sub)
     disp:waitkey    6.19 ms  (sub)
[PROF 09:09:30]  49 frames   35.27 ms/frame  ->  28.4 FPS
   capture           9.22 ms   26.1%
   track             8.73 ms   24.8%
   ctrl+mav          1.07 ms    3.0%
   hud               9.42 ms   26.7%
   display           6.84 ms   19.4%
     detect          8.00 ms  (sub)
     tracker         0.00 ms  (sub)
     hud:overlay     1.57 ms  (sub)
     hud:setup       0.19 ms  (sub)
     hud:ladder      0.29 ms  (sub)
     hud:warp        4.46 ms  (sub)
     hud:arc         0.12 ms  (sub)
     hud:blend       1.96 ms  (sub)
     hud:yaw         0.64 ms  (sub)
     hud:cross       0.11 ms  (sub)
     disp:record     0.01 ms  (sub)
     disp:imshow     0.76 ms  (sub)
     disp:waitkey    6.01 ms  (sub)
[PROF 09:09:32]  51 frames   33.67 ms/frame  ->  29.7 FPS
   capture           8.83 ms   26.2%
   track             8.50 ms   25.3%
   ctrl+mav          0.87 ms    2.6%
   hud               8.90 ms   26.4%
   display           6.57 ms   19.5%
     detect          7.73 ms  (sub)
     tracker         0.00 ms  (sub)
     hud:overlay     1.51 ms  (sub)
     hud:setup       0.17 ms  (sub)
     hud:ladder      0.23 ms  (sub)
     hud:warp        4.12 ms  (sub)
     hud:arc         0.14 ms  (sub)
     hud:blend       1.95 ms  (sub)
     hud:yaw         0.62 ms  (sub)
     hud:cross       0.09 ms  (sub)
     disp:record     0.01 ms  (sub)
     disp:imshow     0.79 ms  (sub)
     disp:waitkey    5.71 ms  (sub)
[PROF 09:09:34]  48 frames   35.55 ms/frame  ->  28.1 FPS
   capture           9.18 ms   25.8%
   track             9.15 ms   25.7%
   ctrl+mav          1.02 ms    2.9%
   hud               9.24 ms   26.0%
   display           6.95 ms   19.6%
     detect          8.28 ms  (sub)
     tracker         0.00 ms  (sub)
     hud:overlay     1.55 ms  (sub)
     hud:setup       0.18 ms  (sub)
     hud:ladder      0.27 ms  (sub)
     hud:warp        4.44 ms  (sub)
     hud:arc         0.11 ms  (sub)
     hud:blend       1.88 ms  (sub)
     hud:yaw         0.63 ms  (sub)
     hud:cross       0.12 ms  (sub)
     disp:record     0.01 ms  (sub)
     disp:imshow     0.77 ms  (sub)
     disp:waitkey    6.13 ms  (sub)
[PROF 09:09:37]  47 frames   35.46 ms/frame  ->  28.2 FPS
   capture           9.02 ms   25.4%
   track             9.04 ms   25.5%
   ctrl+mav          1.09 ms    3.1%
   hud               9.47 ms   26.7%
   display           6.85 ms   19.3%
     detect          8.19 ms  (sub)
     tracker         0.00 ms  (sub)
     hud:overlay     1.57 ms  (sub)
     hud:setup       0.17 ms  (sub)
     hud:ladder      0.29 ms  (sub)
     hud:warp        4.57 ms  (sub)
     hud:arc         0.12 ms  (sub)
     hud:blend       1.92 ms  (sub)
     hud:yaw         0.63 ms  (sub)
     hud:cross       0.10 ms  (sub)
     disp:record     0.01 ms  (sub)
     disp:imshow     0.86 ms  (sub)
     disp:waitkey    5.92 ms  (sub)
[PROF 09:09:39]  45 frames   35.14 ms/frame  ->  28.5 FPS
   capture           9.14 ms   26.0%
   track             8.89 ms   25.3%
   ctrl+mav          0.96 ms    2.7%
   hud               9.19 ms   26.2%
   display           6.96 ms   19.8%
     detect          8.03 ms  (sub)
     tracker         0.00 ms  (sub)
     hud:overlay     1.54 ms  (sub)
     hud:setup       0.17 ms  (sub)
     hud:ladder      0.23 ms  (sub)
     hud:warp        4.33 ms  (sub)
     hud:arc         0.11 ms  (sub)
     hud:blend       1.96 ms  (sub)
     hud:yaw         0.68 ms  (sub)
     hud:cross       0.10 ms  (sub)
     disp:record     0.01 ms  (sub)
     disp:imshow     0.86 ms  (sub)
     disp:waitkey    6.04 ms  (sub)
[PROF 09:09:41]  49 frames   35.21 ms/frame  ->  28.4 FPS
   capture           8.98 ms   25.5%
   track             8.84 ms   25.1%
   ctrl+mav          1.02 ms    2.9%
   hud               9.27 ms   26.3%
   display           7.11 ms   20.2%
     detect          8.02 ms  (sub)
     tracker         0.00 ms  (sub)
     hud:overlay     1.67 ms  (sub)
     hud:setup       0.24 ms  (sub)
     hud:ladder      0.25 ms  (sub)
     hud:warp        4.21 ms  (sub)
     hud:arc         0.11 ms  (sub)
     hud:blend       1.93 ms  (sub)
     hud:yaw         0.68 ms  (sub)
     hud:cross       0.11 ms  (sub)
     disp:record     0.01 ms  (sub)
     disp:imshow     0.84 ms  (sub)
     disp:waitkey    6.20 ms  (sub)
[PROF 09:09:43]  51 frames   33.97 ms/frame  ->  29.4 FPS
   capture           8.72 ms   25.7%
   track             8.46 ms   24.9%
   ctrl+mav          0.99 ms    2.9%
   hud               8.83 ms   26.0%
   display           6.97 ms   20.5%
     detect          7.67 ms  (sub)
     tracker         0.00 ms  (sub)
     hud:overlay     1.53 ms  (sub)
     hud:setup       0.17 ms  (sub)
     hud:ladder      0.23 ms  (sub)
     hud:warp        3.82 ms  (sub)
     hud:arc         0.13 ms  (sub)
     hud:blend       2.04 ms  (sub)
     hud:yaw         0.74 ms  (sub)
     hud:cross       0.10 ms  (sub)
     disp:record     0.01 ms  (sub)
     disp:imshow     0.91 ms  (sub)
     disp:waitkey    5.99 ms  (sub)
[PROF 09:09:45]  50 frames   34.10 ms/frame  ->  29.3 FPS
   capture           9.23 ms   27.1%
   track             8.43 ms   24.7%
   ctrl+mav          0.54 ms    1.6%
   hud               8.82 ms   25.9%
   display           7.07 ms   20.7%
     detect          7.65 ms  (sub)
     tracker         0.00 ms  (sub)
     hud:overlay     1.58 ms  (sub)
     hud:setup       0.17 ms  (sub)
     hud:ladder      0.23 ms  (sub)
     hud:warp        3.94 ms  (sub)
     hud:arc         0.12 ms  (sub)
     hud:blend       1.95 ms  (sub)
     hud:yaw         0.64 ms  (sub)
     hud:cross       0.10 ms  (sub)
     disp:record     0.01 ms  (sub)
     disp:imshow     0.84 ms  (sub)
     disp:waitkey    6.17 ms  (sub)
[PROF 09:09:47]  50 frames   33.54 ms/frame  ->  29.8 FPS
   capture           8.77 ms   26.2%
   track             8.58 ms   25.6%
   ctrl+mav          0.22 ms    0.7%
   hud               9.25 ms   27.6%
   display           6.72 ms   20.0%
     detect          7.74 ms  (sub)
     tracker         0.00 ms  (sub)
     hud:overlay     1.61 ms  (sub)
     hud:setup       0.18 ms  (sub)
     hud:ladder      0.23 ms  (sub)
     hud:warp        4.28 ms  (sub)
     hud:arc         0.12 ms  (sub)
     hud:blend       2.03 ms  (sub)
     hud:yaw         0.64 ms  (sub)
     hud:cross       0.10 ms  (sub)
     disp:record     0.01 ms  (sub)
     disp:imshow     0.79 ms  (sub)
     disp:waitkey    5.86 ms  (sub)
[PROF 09:09:49]  45 frames   35.30 ms/frame  ->  28.3 FPS
   capture           9.23 ms   26.2%
   track             8.99 ms   25.5%
   ctrl+mav          0.63 ms    1.8%
   hud               9.24 ms   26.2%
   display           7.21 ms   20.4%
     detect          8.21 ms  (sub)
     tracker         0.00 ms  (sub)
     hud:overlay     1.58 ms  (sub)
     hud:setup       0.17 ms  (sub)
     hud:ladder      0.23 ms  (sub)
     hud:warp        4.43 ms  (sub)
     hud:arc         0.12 ms  (sub)
     hud:blend       1.88 ms  (sub)
     hud:yaw         0.66 ms  (sub)
     hud:cross       0.10 ms  (sub)
     disp:record     0.01 ms  (sub)
     disp:imshow     0.96 ms  (sub)
     disp:waitkey    6.19 ms  (sub)
[PROF 09:09:51]  48 frames   35.13 ms/frame  ->  28.5 FPS
   capture           9.13 ms   26.0%
   track             9.03 ms   25.7%
   ctrl+mav          0.59 ms    1.7%
   hud               9.46 ms   26.9%
   display           6.93 ms   19.7%
     detect          8.27 ms  (sub)
     tracker         0.00 ms  (sub)
     hud:overlay     1.51 ms  (sub)
     hud:setup       0.16 ms  (sub)
     hud:ladder      0.24 ms  (sub)
     hud:warp        4.55 ms  (sub)
     hud:arc         0.14 ms  (sub)
     hud:blend       1.99 ms  (sub)
     hud:yaw         0.70 ms  (sub)
     hud:cross       0.09 ms  (sub)
     disp:record     0.01 ms  (sub)
     disp:imshow     0.90 ms  (sub)
     disp:waitkey    5.97 ms  (sub)
[PROF 09:09:53]  41 frames   35.53 ms/frame  ->  28.1 FPS
   capture           9.99 ms   28.1%
   track             8.78 ms   24.7%
   ctrl+mav          0.71 ms    2.0%
   hud               8.99 ms   25.3%
   display           7.07 ms   19.9%
     detect          8.00 ms  (sub)
     tracker         0.00 ms  (sub)
     hud:overlay     1.50 ms  (sub)
     hud:setup       0.16 ms  (sub)
     hud:ladder      0.23 ms  (sub)
     hud:warp        4.27 ms  (sub)
     hud:arc         0.11 ms  (sub)
     hud:blend       1.87 ms  (sub)
     hud:yaw         0.66 ms  (sub)
     hud:cross       0.12 ms  (sub)
     disp:record     0.01 ms  (sub)
     disp:imshow     0.78 ms  (sub)
     disp:waitkey    6.23 ms  (sub)
[PROF 09:09:55]  47 frames   34.52 ms/frame  ->  29.0 FPS
   capture           9.58 ms   27.7%
   track             8.51 ms   24.6%
   ctrl+mav          0.61 ms    1.8%
   hud               8.85 ms   25.6%
   display           6.97 ms   20.2%
     detect          7.61 ms  (sub)
     tracker         0.00 ms  (sub)
     hud:overlay     1.49 ms  (sub)
     hud:setup       0.16 ms  (sub)
     hud:ladder      0.25 ms  (sub)
     hud:warp        4.04 ms  (sub)
     hud:arc         0.12 ms  (sub)
     hud:blend       1.92 ms  (sub)
     hud:yaw         0.70 ms  (sub)
     hud:cross       0.10 ms  (sub)
     disp:record     0.01 ms  (sub)
     disp:imshow     0.86 ms  (sub)
     disp:waitkey    6.05 ms  (sub)
[PROF 09:09:57]  45 frames   35.15 ms/frame  ->  28.5 FPS
   capture           9.36 ms   26.6%
   track             9.12 ms   25.9%
   ctrl+mav          0.67 ms    1.9%
   hud               8.85 ms   25.2%
   display           7.15 ms   20.3%
     detect          8.17 ms  (sub)
     tracker         0.00 ms  (sub)
     hud:overlay     1.50 ms  (sub)
     hud:setup       0.18 ms  (sub)
     hud:ladder      0.22 ms  (sub)
     hud:warp        4.12 ms  (sub)
     hud:arc         0.11 ms  (sub)
     hud:blend       1.88 ms  (sub)
     hud:yaw         0.66 ms  (sub)
     hud:cross       0.09 ms  (sub)
     disp:record     0.01 ms  (sub)
     disp:imshow     0.80 ms  (sub)
     disp:waitkey    6.27 ms  (sub)
[PROF 09:09:59]  47 frames   34.89 ms/frame  ->  28.7 FPS
   capture           9.25 ms   26.5%
   track             8.70 ms   24.9%
   ctrl+mav          0.82 ms    2.3%
   hud               8.85 ms   25.4%
   display           7.26 ms   20.8%
     detect          7.92 ms  (sub)
     tracker         0.00 ms  (sub)
     hud:overlay     1.49 ms  (sub)
     hud:setup       0.18 ms  (sub)
     hud:ladder      0.22 ms  (sub)
     hud:warp        4.07 ms  (sub)
     hud:arc         0.12 ms  (sub)
     hud:blend       1.91 ms  (sub)
     hud:yaw         0.69 ms  (sub)
     hud:cross       0.10 ms  (sub)
     disp:record     0.01 ms  (sub)
     disp:imshow     0.78 ms  (sub)
     disp:waitkey    6.40 ms  (sub)
[PROF 09:10:01]  45 frames   35.04 ms/frame  ->  28.5 FPS
   capture           9.04 ms   25.8%
   track             8.73 ms   24.9%
   ctrl+mav          0.72 ms    2.1%
   hud               9.38 ms   26.8%
   display           7.17 ms   20.5%
     detect          7.91 ms  (sub)
     tracker         0.00 ms  (sub)
     hud:overlay     1.60 ms  (sub)
     hud:setup       0.16 ms  (sub)
     hud:ladder      0.22 ms  (sub)
     hud:warp        4.51 ms  (sub)
     hud:arc         0.11 ms  (sub)
     hud:blend       1.93 ms  (sub)
     hud:yaw         0.67 ms  (sub)
     hud:cross       0.10 ms  (sub)
     disp:record     0.01 ms  (sub)
     disp:imshow     0.82 ms  (sub)
     disp:waitkey    6.28 ms  (sub)
[PROF 09:10:03]  43 frames   35.26 ms/frame  ->  28.4 FPS
   capture           9.28 ms   26.3%
   track             8.98 ms   25.5%
   ctrl+mav          0.85 ms    2.4%
   hud               8.91 ms   25.3%
   display           7.24 ms   20.5%
     detect          8.18 ms  (sub)
     tracker         0.00 ms  (sub)
     hud:overlay     1.48 ms  (sub)
     hud:setup       0.15 ms  (sub)
     hud:ladder      0.22 ms  (sub)
     hud:warp        4.15 ms  (sub)
     hud:arc         0.13 ms  (sub)
     hud:blend       1.97 ms  (sub)
     hud:yaw         0.65 ms  (sub)
     hud:cross       0.10 ms  (sub)
     disp:record     0.01 ms  (sub)
     disp:imshow     0.83 ms  (sub)
     disp:waitkey    6.35 ms  (sub)
[PROF 09:10:05]  48 frames   34.58 ms/frame  ->  28.9 FPS
   capture           9.35 ms   27.1%
   track             8.89 ms   25.7%
   ctrl+mav          0.64 ms    1.9%
   hud               8.96 ms   25.9%
   display           6.73 ms   19.5%
     detect          7.93 ms  (sub)
     tracker         0.00 ms  (sub)
     hud:overlay     1.54 ms  (sub)
     hud:setup       0.17 ms  (sub)
     hud:ladder      0.23 ms  (sub)
     hud:warp        4.18 ms  (sub)
     hud:arc         0.12 ms  (sub)
     hud:blend       1.88 ms  (sub)
     hud:yaw         0.67 ms  (sub)
     hud:cross       0.10 ms  (sub)
     disp:record     0.01 ms  (sub)
     disp:imshow     0.86 ms  (sub)
     disp:waitkey    5.80 ms  (sub)
[PROF 09:10:07]  48 frames   35.80 ms/frame  ->  27.9 FPS
   capture           9.43 ms   26.3%
   track             9.16 ms   25.6%
   ctrl+mav          0.88 ms    2.5%
   hud               9.54 ms   26.6%
   display           6.79 ms   19.0%
     detect          8.29 ms  (sub)
     tracker         0.00 ms  (sub)
     hud:overlay     1.65 ms  (sub)
     hud:setup       0.16 ms  (sub)
     hud:ladder      0.22 ms  (sub)
     hud:warp        4.41 ms  (sub)
     hud:arc         0.12 ms  (sub)
     hud:blend       2.06 ms  (sub)
     hud:yaw         0.73 ms  (sub)
     hud:cross       0.11 ms  (sub)
     disp:record     0.01 ms  (sub)
     disp:imshow     0.80 ms  (sub)
     disp:waitkey    5.93 ms  (sub)
[PROF 09:10:09]  48 frames   34.96 ms/frame  ->  28.6 FPS
   capture           9.17 ms   26.2%
   track             8.82 ms   25.2%
   ctrl+mav          0.81 ms    2.3%
   hud               9.40 ms   26.9%
   display           6.77 ms   19.4%
     detect          8.00 ms  (sub)
     tracker         0.00 ms  (sub)
     hud:overlay     1.49 ms  (sub)
     hud:setup       0.17 ms  (sub)
     hud:ladder      0.30 ms  (sub)
     hud:warp        4.43 ms  (sub)
     hud:arc         0.12 ms  (sub)
     hud:blend       2.07 ms  (sub)
     hud:yaw         0.66 ms  (sub)
     hud:cross       0.10 ms  (sub)
     disp:record     0.01 ms  (sub)
     disp:imshow     0.78 ms  (sub)
     disp:waitkey    5.92 ms  (sub)
[PROF 09:10:11]  48 frames   34.50 ms/frame  ->  29.0 FPS
   capture           8.88 ms   25.7%
   track             9.04 ms   26.2%
   ctrl+mav          0.74 ms    2.2%
   hud               8.85 ms   25.6%
   display           6.99 ms   20.3%
     detect          8.23 ms  (sub)
     tracker         0.00 ms  (sub)
     hud:overlay     1.55 ms  (sub)
     hud:setup       0.17 ms  (sub)
     hud:ladder      0.24 ms  (sub)
     hud:warp        4.05 ms  (sub)
     hud:arc         0.11 ms  (sub)
     hud:blend       1.90 ms  (sub)
     hud:yaw         0.66 ms  (sub)
     hud:cross       0.09 ms  (sub)
     disp:record     0.01 ms  (sub)
     disp:imshow     0.74 ms  (sub)
     disp:waitkey    6.18 ms  (sub)
[PROF 09:10:13]  47 frames   34.14 ms/frame  ->  29.3 FPS
   capture           8.87 ms   26.0%
   track             8.64 ms   25.3%
   ctrl+mav          0.81 ms    2.4%
   hud               8.77 ms   25.7%
   display           7.05 ms   20.7%
     detect          7.86 ms  (sub)
     tracker         0.00 ms  (sub)
     hud:overlay     1.51 ms  (sub)
     hud:setup       0.16 ms  (sub)
     hud:ladder      0.23 ms  (sub)
     hud:warp        4.04 ms  (sub)
     hud:arc         0.11 ms  (sub)
     hud:blend       1.88 ms  (sub)
     hud:yaw         0.65 ms  (sub)
     hud:cross       0.09 ms  (sub)
     disp:record     0.01 ms  (sub)
     disp:imshow     0.78 ms  (sub)
     disp:waitkey    6.21 ms  (sub)
[PROF 09:10:15]  48 frames   34.45 ms/frame  ->  29.0 FPS
   capture           8.93 ms   25.9%
   track             9.11 ms   26.5%
   ctrl+mav          0.72 ms    2.1%
   hud               8.88 ms   25.8%
   display           6.80 ms   19.8%
     detect          8.33 ms  (sub)
     tracker         0.00 ms  (sub)
     hud:overlay     1.49 ms  (sub)
     hud:setup       0.17 ms  (sub)
     hud:ladder      0.24 ms  (sub)
     hud:warp        4.10 ms  (sub)
     hud:arc         0.13 ms  (sub)
     hud:blend       1.93 ms  (sub)
     hud:yaw         0.65 ms  (sub)
     hud:cross       0.10 ms  (sub)
     disp:record     0.01 ms  (sub)
     disp:imshow     0.83 ms  (sub)
     disp:waitkey    5.91 ms  (sub)
[PROF 09:10:17]  51 frames   34.38 ms/frame  ->  29.1 FPS
   capture           9.15 ms   26.6%
   track             9.12 ms   26.5%
   ctrl+mav          0.65 ms    1.9%
   hud               8.90 ms   25.9%
   display           6.56 ms   19.1%
     detect          8.27 ms  (sub)
     tracker         0.00 ms  (sub)
     hud:overlay     1.50 ms  (sub)
     hud:setup       0.17 ms  (sub)
     hud:ladder      0.22 ms  (sub)
     hud:warp        4.01 ms  (sub)
     hud:arc         0.13 ms  (sub)
     hud:blend       1.98 ms  (sub)
     hud:yaw         0.72 ms  (sub)
     hud:cross       0.10 ms  (sub)
     disp:record     0.01 ms  (sub)
     disp:imshow     0.78 ms  (sub)
     disp:waitkey    5.72 ms  (sub)
[PROF 09:10:19]  49 frames   34.85 ms/frame  ->  28.7 FPS
   capture           8.82 ms   25.3%
   track             8.49 ms   24.3%
   ctrl+mav          0.75 ms    2.1%
   hud               9.71 ms   27.9%
   display           7.09 ms   20.3%
     detect          7.66 ms  (sub)
     tracker         0.00 ms  (sub)
     hud:overlay     1.57 ms  (sub)
     hud:setup       0.17 ms  (sub)
     hud:ladder      0.26 ms  (sub)
     hud:warp        4.61 ms  (sub)
     hud:arc         0.11 ms  (sub)
     hud:blend       2.08 ms  (sub)
     hud:yaw         0.73 ms  (sub)
     hud:cross       0.09 ms  (sub)
     disp:record     0.01 ms  (sub)
     disp:imshow     0.79 ms  (sub)
     disp:waitkey    6.24 ms  (sub)
[PROF 09:10:21]  47 frames   34.44 ms/frame  ->  29.0 FPS
   capture           8.77 ms   25.5%
   track             8.74 ms   25.4%
   ctrl+mav          0.79 ms    2.3%
   hud               8.98 ms   26.1%
   display           7.16 ms   20.8%
     detect          7.96 ms  (sub)
     tracker         0.00 ms  (sub)
     hud:overlay     1.58 ms  (sub)
     hud:setup       0.18 ms  (sub)
     hud:ladder      0.23 ms  (sub)
     hud:warp        4.13 ms  (sub)
     hud:arc         0.12 ms  (sub)
     hud:blend       1.84 ms  (sub)
     hud:yaw         0.73 ms  (sub)
     hud:cross       0.10 ms  (sub)
     disp:record     0.01 ms  (sub)
     disp:imshow     0.77 ms  (sub)
     disp:waitkey    6.33 ms  (sub)
[PROF 09:10:23]  51 frames   35.09 ms/frame  ->  28.5 FPS
   capture           8.85 ms   25.2%
   track             8.64 ms   24.6%
   ctrl+mav          0.71 ms    2.0%
   hud               9.84 ms   28.0%
   display           7.05 ms   20.1%
     detect          7.86 ms  (sub)
     tracker         0.00 ms  (sub)
     hud:overlay     1.51 ms  (sub)
     hud:setup       0.17 ms  (sub)
     hud:ladder      0.23 ms  (sub)
     hud:warp        4.74 ms  (sub)
     hud:arc         0.12 ms  (sub)
     hud:blend       2.16 ms  (sub)
     hud:yaw         0.74 ms  (sub)
     hud:cross       0.10 ms  (sub)
     disp:record     0.01 ms  (sub)
     disp:imshow     0.84 ms  (sub)
     disp:waitkey    6.15 ms  (sub)
[PROF 09:10:25]  49 frames   34.71 ms/frame  ->  28.8 FPS
   capture           9.12 ms   26.3%
   track             8.96 ms   25.8%
   ctrl+mav          0.81 ms    2.3%
   hud               9.27 ms   26.7%
   display           6.56 ms   18.9%
     detect          8.14 ms  (sub)
     tracker         0.00 ms  (sub)
     hud:overlay     1.52 ms  (sub)
     hud:setup       0.18 ms  (sub)
     hud:ladder      0.25 ms  (sub)
     hud:warp        4.36 ms  (sub)
     hud:arc         0.15 ms  (sub)
     hud:blend       1.91 ms  (sub)
     hud:yaw         0.73 ms  (sub)
     hud:cross       0.10 ms  (sub)
     disp:record     0.01 ms  (sub)
     disp:imshow     0.77 ms  (sub)
     disp:waitkey    5.73 ms  (sub)
[PROF 09:10:27]  47 frames   35.78 ms/frame  ->  27.9 FPS
   capture           9.33 ms   26.1%
   track             9.33 ms   26.1%
   ctrl+mav          0.84 ms    2.3%
   hud               9.48 ms   26.5%
   display           6.81 ms   19.0%
     detect          8.44 ms  (sub)
     tracker         0.00 ms  (sub)
     hud:overlay     1.61 ms  (sub)
     hud:setup       0.18 ms  (sub)
     hud:ladder      0.23 ms  (sub)
     hud:warp        4.19 ms  (sub)
     hud:arc         0.12 ms  (sub)
     hud:blend       2.19 ms  (sub)
     hud:yaw         0.76 ms  (sub)
     hud:cross       0.11 ms  (sub)
     disp:record     0.01 ms  (sub)
     disp:imshow     0.87 ms  (sub)
     disp:waitkey    5.86 ms  (sub)
[PROF 09:10:29]  50 frames   34.31 ms/frame  ->  29.1 FPS
   capture           8.70 ms   25.4%
   track             8.96 ms   26.1%
   ctrl+mav          0.70 ms    2.0%
   hud               9.22 ms   26.9%
   display           6.73 ms   19.6%
     detect          8.23 ms  (sub)
     tracker         0.00 ms  (sub)
     hud:overlay     1.60 ms  (sub)
     hud:setup       0.18 ms  (sub)
     hud:ladder      0.23 ms  (sub)
     hud:warp        4.28 ms  (sub)
     hud:arc         0.12 ms  (sub)
     hud:blend       1.86 ms  (sub)
     hud:yaw         0.78 ms  (sub)
     hud:cross       0.11 ms  (sub)
     disp:record     0.01 ms  (sub)
     disp:imshow     0.78 ms  (sub)
     disp:waitkey    5.88 ms  (sub)
[PROF 09:10:31]  53 frames   34.74 ms/frame  ->  28.8 FPS
   capture           8.88 ms   25.6%
   track             8.51 ms   24.5%
   ctrl+mav          0.78 ms    2.2%
   hud               9.34 ms   26.9%
   display           7.23 ms   20.8%
     detect          7.78 ms  (sub)
     tracker         0.00 ms  (sub)
     hud:overlay     1.60 ms  (sub)
     hud:setup       0.20 ms  (sub)
     hud:ladder      0.23 ms  (sub)
     hud:warp        4.13 ms  (sub)
     hud:arc         0.12 ms  (sub)
     hud:blend       2.04 ms  (sub)
     hud:yaw         0.77 ms  (sub)
     hud:cross       0.16 ms  (sub)
     disp:record     0.01 ms  (sub)
     disp:imshow     0.91 ms  (sub)
     disp:waitkey    6.26 ms  (sub)
[PROF 09:10:33]  51 frames   34.81 ms/frame  ->  28.7 FPS
   capture           8.70 ms   25.0%
   track             9.22 ms   26.5%
   ctrl+mav          0.71 ms    2.0%
   hud               9.12 ms   26.2%
   display           7.06 ms   20.3%
     detect          8.43 ms  (sub)
     tracker         0.00 ms  (sub)
     hud:overlay     1.66 ms  (sub)
     hud:setup       0.19 ms  (sub)
     hud:ladder      0.24 ms  (sub)
     hud:warp        4.14 ms  (sub)
     hud:arc         0.12 ms  (sub)
     hud:blend       1.89 ms  (sub)
     hud:yaw         0.71 ms  (sub)
     hud:cross       0.10 ms  (sub)
     disp:record     0.01 ms  (sub)
     disp:imshow     0.80 ms  (sub)
     disp:waitkey    6.19 ms  (sub)
[PROF 09:10:35]  54 frames   34.93 ms/frame  ->  28.6 FPS
   capture           8.87 ms   25.4%
   track             8.92 ms   25.5%
   ctrl+mav          0.74 ms    2.1%
   hud               9.14 ms   26.2%
   display           7.26 ms   20.8%
     detect          8.14 ms  (sub)
     tracker         0.00 ms  (sub)
     hud:overlay     1.59 ms  (sub)
     hud:setup       0.19 ms  (sub)
     hud:ladder      0.29 ms  (sub)
     hud:warp        4.10 ms  (sub)
     hud:arc         0.11 ms  (sub)
     hud:blend       1.95 ms  (sub)
     hud:yaw         0.74 ms  (sub)
     hud:cross       0.10 ms  (sub)
     disp:record     0.01 ms  (sub)
     disp:imshow     0.93 ms  (sub)
     disp:waitkey    6.26 ms  (sub)
[PROF 09:10:37]  54 frames   35.28 ms/frame  ->  28.3 FPS
   capture           9.16 ms   25.9%
   track             8.62 ms   24.4%
   ctrl+mav          0.73 ms    2.1%
   hud               9.54 ms   27.0%
   display           7.24 ms   20.5%
     detect          7.76 ms  (sub)
     tracker         0.00 ms  (sub)
     hud:overlay     1.69 ms  (sub)
     hud:setup       0.20 ms  (sub)
     hud:ladder      0.28 ms  (sub)
     hud:warp        4.32 ms  (sub)
     hud:arc         0.12 ms  (sub)
     hud:blend       2.03 ms  (sub)
     hud:yaw         0.72 ms  (sub)
     hud:cross       0.12 ms  (sub)
     disp:record     0.01 ms  (sub)
     disp:imshow     0.85 ms  (sub)
     disp:waitkey    6.30 ms  (sub)
[PROF 09:10:39]  52 frames   35.56 ms/frame  ->  28.1 FPS
   capture           8.80 ms   24.7%
   track             9.02 ms   25.4%
   ctrl+mav          0.84 ms    2.4%
   hud               9.64 ms   27.1%
   display           7.27 ms   20.4%
     detect          8.16 ms  (sub)
     tracker         0.00 ms  (sub)
     hud:overlay     1.73 ms  (sub)
     hud:setup       0.19 ms  (sub)
     hud:ladder      0.27 ms  (sub)
     hud:warp        4.23 ms  (sub)
     hud:arc         0.14 ms  (sub)
     hud:blend       2.14 ms  (sub)
     hud:yaw         0.77 ms  (sub)
     hud:cross       0.10 ms  (sub)
     disp:record     0.01 ms  (sub)
     disp:imshow     0.75 ms  (sub)
     disp:waitkey    6.44 ms  (sub)
[PROF 09:10:41]  49 frames   34.97 ms/frame  ->  28.6 FPS
   capture           9.01 ms   25.8%
   track             9.08 ms   26.0%
   ctrl+mav          0.80 ms    2.3%
   hud               9.24 ms   26.4%
   display           6.84 ms   19.6%
     detect          8.37 ms  (sub)
     tracker         0.00 ms  (sub)
     hud:overlay     1.60 ms  (sub)
     hud:setup       0.17 ms  (sub)
     hud:ladder      0.24 ms  (sub)
     hud:warp        4.28 ms  (sub)
     hud:arc         0.11 ms  (sub)
     hud:blend       1.95 ms  (sub)
     hud:yaw         0.73 ms  (sub)
     hud:cross       0.09 ms  (sub)
     disp:record     0.01 ms  (sub)
     disp:imshow     0.86 ms  (sub)
     disp:waitkey    5.92 ms  (sub)
[PROF 09:10:43]  50 frames   36.91 ms/frame  ->  27.1 FPS
   capture           9.72 ms   26.3%
   track             9.64 ms   26.1%
   ctrl+mav          0.85 ms    2.3%
   hud               9.58 ms   25.9%
   display           7.11 ms   19.3%
     detect          8.73 ms  (sub)
     tracker         0.00 ms  (sub)
     hud:overlay     1.73 ms  (sub)
     hud:setup       0.18 ms  (sub)
     hud:ladder      0.26 ms  (sub)
     hud:warp        4.29 ms  (sub)
     hud:arc         0.16 ms  (sub)
     hud:blend       2.00 ms  (sub)
     hud:yaw         0.79 ms  (sub)
     hud:cross       0.10 ms  (sub)
     disp:record     0.01 ms  (sub)
     disp:imshow     0.78 ms  (sub)
     disp:waitkey    6.27 ms  (sub)
[PROF 09:10:45]  46 frames   36.28 ms/frame  ->  27.6 FPS
   capture           9.40 ms   25.9%
   track             9.38 ms   25.9%
   ctrl+mav          0.78 ms    2.1%
   hud               9.94 ms   27.4%
   display           6.78 ms   18.7%
     detect          8.57 ms  (sub)
     tracker         0.00 ms  (sub)
     hud:overlay     1.71 ms  (sub)
     hud:setup       0.17 ms  (sub)
     hud:ladder      0.32 ms  (sub)
     hud:warp        4.56 ms  (sub)
     hud:arc         0.11 ms  (sub)
     hud:blend       2.06 ms  (sub)
     hud:yaw         0.85 ms  (sub)
     hud:cross       0.09 ms  (sub)
     disp:record     0.01 ms  (sub)
     disp:imshow     0.75 ms  (sub)
     disp:waitkey    5.98 ms  (sub)
[PROF 09:10:47]  47 frames   36.11 ms/frame  ->  27.7 FPS
   capture           9.60 ms   26.6%
   track             9.29 ms   25.7%
   ctrl+mav          0.90 ms    2.5%
   hud               9.52 ms   26.4%
   display           6.80 ms   18.8%
     detect          8.43 ms  (sub)
     tracker         0.00 ms  (sub)
     hud:overlay     1.64 ms  (sub)
     hud:setup       0.17 ms  (sub)
     hud:ladder      0.22 ms  (sub)
     hud:warp        4.56 ms  (sub)
     hud:arc         0.12 ms  (sub)
     hud:blend       1.89 ms  (sub)
     hud:yaw         0.76 ms  (sub)
     hud:cross       0.10 ms  (sub)
     disp:record     0.01 ms  (sub)
     disp:imshow     0.89 ms  (sub)
     disp:waitkey    5.84 ms  (sub)
[PROF 09:10:49]  50 frames   34.59 ms/frame  ->  28.9 FPS
   capture           9.19 ms   26.6%
   track             8.60 ms   24.9%
   ctrl+mav          0.83 ms    2.4%
   hud               9.24 ms   26.7%
   display           6.73 ms   19.5%
     detect          7.87 ms  (sub)
     tracker         0.00 ms  (sub)
     hud:overlay     1.56 ms  (sub)
     hud:setup       0.22 ms  (sub)
     hud:ladder      0.22 ms  (sub)
     hud:warp        4.25 ms  (sub)
     hud:arc         0.11 ms  (sub)
     hud:blend       1.93 ms  (sub)
     hud:yaw         0.76 ms  (sub)
     hud:cross       0.10 ms  (sub)
     disp:record     0.01 ms  (sub)
     disp:imshow     0.80 ms  (sub)
     disp:waitkey    5.87 ms  (sub)
[PROF 09:10:51]  50 frames   35.01 ms/frame  ->  28.6 FPS
   capture           8.85 ms   25.3%
   track             8.66 ms   24.7%
   ctrl+mav          0.80 ms    2.3%
   hud               9.50 ms   27.1%
   display           7.20 ms   20.6%
     detect          7.92 ms  (sub)
     tracker         0.00 ms  (sub)
     hud:overlay     1.65 ms  (sub)
     hud:setup       0.17 ms  (sub)
     hud:ladder      0.23 ms  (sub)
     hud:warp        4.43 ms  (sub)
     hud:arc         0.12 ms  (sub)
     hud:blend       1.98 ms  (sub)
     hud:yaw         0.74 ms  (sub)
     hud:cross       0.09 ms  (sub)
     disp:record     0.01 ms  (sub)
     disp:imshow     0.82 ms  (sub)
     disp:waitkey    6.31 ms  (sub)
[PROF 09:10:53]  47 frames   35.53 ms/frame  ->  28.1 FPS
   capture           9.51 ms   26.8%
   track             9.29 ms   26.1%
   ctrl+mav          0.82 ms    2.3%
   hud               8.98 ms   25.3%
   display           6.93 ms   19.5%
     detect          8.46 ms  (sub)
     tracker         0.00 ms  (sub)
     hud:overlay     1.63 ms  (sub)
     hud:setup       0.17 ms  (sub)
     hud:ladder      0.20 ms  (sub)
     hud:warp        4.06 ms  (sub)
     hud:arc         0.14 ms  (sub)
     hud:blend       1.84 ms  (sub)
     hud:yaw         0.75 ms  (sub)
     hud:cross       0.12 ms  (sub)
     disp:record     0.01 ms  (sub)
     disp:imshow     0.76 ms  (sub)
     disp:waitkey    6.10 ms  (sub)
[PROF 09:10:55]  47 frames   36.55 ms/frame  ->  27.4 FPS
   capture           9.56 ms   26.2%
   track             8.60 ms   23.5%
   ctrl+mav          0.86 ms    2.4%
   hud               9.98 ms   27.3%
   display           7.55 ms   20.7%
     detect          7.81 ms  (sub)
     tracker         0.00 ms  (sub)
     hud:overlay     1.69 ms  (sub)
     hud:setup       0.17 ms  (sub)
     hud:ladder      0.23 ms  (sub)
     hud:warp        4.54 ms  (sub)
     hud:arc         0.12 ms  (sub)
     hud:blend       2.15 ms  (sub)
     hud:yaw         0.87 ms  (sub)
     hud:cross       0.15 ms  (sub)
     disp:record     0.01 ms  (sub)
     disp:imshow     1.05 ms  (sub)
     disp:waitkey    6.44 ms  (sub)
[PROF 09:10:58]  39 frames   46.37 ms/frame  ->  21.6 FPS
   capture           8.81 ms   19.0%
   track            18.86 ms   40.7%
   ctrl+mav          1.01 ms    2.2%
   hud              10.54 ms   22.7%
   display           7.14 ms   15.4%
     detect          8.27 ms  (sub)
     tracker         9.40 ms  (sub)
     hud:overlay     1.86 ms  (sub)
     hud:setup       0.22 ms  (sub)
     hud:ladder      0.23 ms  (sub)
     hud:warp        4.90 ms  (sub)
     hud:arc         0.13 ms  (sub)
     hud:blend       2.13 ms  (sub)
     hud:yaw         0.84 ms  (sub)
     hud:cross       0.12 ms  (sub)
     disp:record     0.01 ms  (sub)
     disp:imshow     0.84 ms  (sub)
     disp:waitkey    6.23 ms  (sub)
[PROF 09:11:00]   8 frames  262.93 ms/frame  ->   3.8 FPS
   capture           6.64 ms    2.5%
   track           238.80 ms   90.8%
   ctrl+mav          2.87 ms    1.1%
   hud               8.35 ms    3.2%
   display           6.28 ms    2.4%
     detect          0.83 ms  (sub)
     tracker       236.84 ms  (sub)
     hud:overlay     1.93 ms  (sub)
     hud:setup       0.17 ms  (sub)
     hud:ladder      0.19 ms  (sub)
     hud:warp        3.34 ms  (sub)
     hud:arc         0.10 ms  (sub)
     hud:blend       1.77 ms  (sub)
     hud:yaw         0.69 ms  (sub)
     hud:cross       0.10 ms  (sub)
     disp:record     0.01 ms  (sub)
     disp:imshow     0.74 ms  (sub)
     disp:waitkey    5.47 ms  (sub)
[PROF 09:11:02]   8 frames  271.55 ms/frame  ->   3.7 FPS
   capture           8.50 ms    3.1%
   track           244.73 ms   90.1%
   ctrl+mav          3.09 ms    1.1%
   hud               8.51 ms    3.1%
   display           6.72 ms    2.5%
     detect          1.53 ms  (sub)
     tracker       242.08 ms  (sub)
     hud:overlay     1.94 ms  (sub)
     hud:setup       0.17 ms  (sub)
     hud:ladder      0.19 ms  (sub)
     hud:warp        3.52 ms  (sub)
     hud:arc         0.11 ms  (sub)
     hud:blend       1.72 ms  (sub)
     hud:yaw         0.69 ms  (sub)
     hud:cross       0.10 ms  (sub)
     disp:record     0.01 ms  (sub)
     disp:imshow     0.68 ms  (sub)
     disp:waitkey    5.97 ms  (sub)
[PROF 09:11:04]   8 frames  277.82 ms/frame  ->   3.6 FPS
   capture           7.66 ms    2.8%
   track           252.64 ms   90.9%
   ctrl+mav          3.13 ms    1.1%
   hud               8.25 ms    3.0%
   display           6.14 ms    2.2%
     detect          1.92 ms  (sub)
     tracker       249.34 ms  (sub)
     hud:overlay     1.89 ms  (sub)
     hud:setup       0.16 ms  (sub)
     hud:ladder      0.18 ms  (sub)
     hud:warp        3.43 ms  (sub)
     hud:arc         0.09 ms  (sub)
     hud:blend       1.68 ms  (sub)
     hud:yaw         0.66 ms  (sub)
     hud:cross       0.09 ms  (sub)
     disp:record     0.01 ms  (sub)
     disp:imshow     0.63 ms  (sub)
     disp:waitkey    5.45 ms  (sub)
[PROF 09:11:06]  23 frames   80.64 ms/frame  ->  12.4 FPS
   capture           8.56 ms   10.6%
   track            55.06 ms   68.3%
   ctrl+mav          1.44 ms    1.8%
   hud               8.70 ms   10.8%
   display           6.89 ms    8.5%
     detect          6.10 ms  (sub)
     tracker        48.14 ms  (sub)
     hud:overlay     1.53 ms  (sub)
     hud:setup       0.16 ms  (sub)
     hud:ladder      0.19 ms  (sub)
     hud:warp        3.98 ms  (sub)
     hud:arc         0.11 ms  (sub)
     hud:blend       1.84 ms  (sub)
     hud:yaw         0.73 ms  (sub)
     hud:cross       0.10 ms  (sub)
     disp:record     0.01 ms  (sub)
     disp:imshow     0.85 ms  (sub)
     disp:waitkey    5.97 ms  (sub)
[PROF 09:11:08]  49 frames   37.18 ms/frame  ->  26.9 FPS
   capture           8.91 ms   24.0%
   track             9.94 ms   26.7%
   ctrl+mav          0.88 ms    2.4%
   hud              10.11 ms   27.2%
   display           7.33 ms   19.7%
     detect          9.01 ms  (sub)
     tracker         0.00 ms  (sub)
     hud:overlay     1.70 ms  (sub)
     hud:setup       0.18 ms  (sub)
     hud:ladder      0.25 ms  (sub)
     hud:warp        4.74 ms  (sub)
     hud:arc         0.14 ms  (sub)
     hud:blend       2.02 ms  (sub)
     hud:yaw         0.87 ms  (sub)
     hud:cross       0.14 ms  (sub)
     disp:record     0.01 ms  (sub)
     disp:imshow     0.90 ms  (sub)
     disp:waitkey    6.37 ms  (sub)
[PROF 09:11:10]  48 frames   34.92 ms/frame  ->  28.6 FPS
   capture           9.40 ms   26.9%
   track             8.76 ms   25.1%
   ctrl+mav          0.76 ms    2.2%
   hud               9.27 ms   26.6%
   display           6.73 ms   19.3%
     detect          7.96 ms  (sub)
     tracker         0.00 ms  (sub)
     hud:overlay     1.70 ms  (sub)
     hud:setup       0.18 ms  (sub)
     hud:ladder      0.23 ms  (sub)
     hud:warp        4.23 ms  (sub)
     hud:arc         0.11 ms  (sub)
     hud:blend       1.90 ms  (sub)
     hud:yaw         0.72 ms  (sub)
     hud:cross       0.12 ms  (sub)
     disp:record     0.01 ms  (sub)
     disp:imshow     0.79 ms  (sub)
     disp:waitkey    5.87 ms  (sub)
[PROF 09:11:12]  53 frames   34.78 ms/frame  ->  28.8 FPS
   capture           8.62 ms   24.8%
   track             8.63 ms   24.8%
   ctrl+mav          0.76 ms    2.2%
   hud               9.51 ms   27.3%
   display           7.25 ms   20.9%
     detect          7.83 ms  (sub)
     tracker         0.00 ms  (sub)
     hud:overlay     1.66 ms  (sub)
     hud:setup       0.17 ms  (sub)
     hud:ladder      0.26 ms  (sub)
     hud:warp        4.33 ms  (sub)
     hud:arc         0.11 ms  (sub)
     hud:blend       2.01 ms  (sub)
     hud:yaw         0.78 ms  (sub)
     hud:cross       0.10 ms  (sub)
     disp:record     0.01 ms  (sub)
     disp:imshow     0.83 ms  (sub)
     disp:waitkey    6.36 ms  (sub)
[PROF 09:11:14]  44 frames   41.41 ms/frame  ->  24.2 FPS
   capture          12.68 ms   30.6%
   track             9.58 ms   23.1%
   ctrl+mav          1.34 ms    3.2%
   hud              10.21 ms   24.6%
   display           7.60 ms   18.3%
     detect          8.77 ms  (sub)
     tracker         0.00 ms  (sub)
     hud:overlay     1.78 ms  (sub)
     hud:setup       0.18 ms  (sub)
     hud:ladder      0.28 ms  (sub)
     hud:warp        4.68 ms  (sub)
     hud:arc         0.12 ms  (sub)
     hud:blend       2.17 ms  (sub)
     hud:yaw         0.79 ms  (sub)
     hud:cross       0.13 ms  (sub)
     disp:record     0.01 ms  (sub)
     disp:imshow     0.84 ms  (sub)
     disp:waitkey    6.69 ms  (sub)
[PROF 09:11:16]  44 frames   39.22 ms/frame  ->  25.5 FPS
   capture          10.10 ms   25.8%
   track             9.73 ms   24.8%
   ctrl+mav          1.27 ms    3.2%
   hud              11.03 ms   28.1%
   display           7.08 ms   18.1%
     detect          8.84 ms  (sub)
     tracker         0.00 ms  (sub)
     hud:overlay     1.99 ms  (sub)
     hud:setup       0.20 ms  (sub)
     hud:ladder      0.31 ms  (sub)
     hud:warp        5.16 ms  (sub)
     hud:arc         0.13 ms  (sub)
     hud:blend       2.19 ms  (sub)
     hud:yaw         0.85 ms  (sub)
     hud:cross       0.14 ms  (sub)
     disp:record     0.01 ms  (sub)
     disp:imshow     0.95 ms  (sub)
     disp:waitkey    6.06 ms  (sub)
[PROF 09:11:18]  46 frames   38.91 ms/frame  ->  25.7 FPS
   capture          11.00 ms   28.3%
   track             9.03 ms   23.2%
   ctrl+mav          1.03 ms    2.7%
   hud              10.42 ms   26.8%
   display           7.43 ms   19.1%
     detect          8.11 ms  (sub)
     tracker         0.00 ms  (sub)
     hud:overlay     2.02 ms  (sub)
     hud:setup       0.19 ms  (sub)
     hud:ladder      0.35 ms  (sub)
     hud:warp        4.48 ms  (sub)
     hud:arc         0.12 ms  (sub)
     hud:blend       2.17 ms  (sub)
     hud:yaw         0.90 ms  (sub)
     hud:cross       0.12 ms  (sub)
     disp:record     0.01 ms  (sub)
     disp:imshow     0.99 ms  (sub)
     disp:waitkey    6.37 ms  (sub)
[PROF 09:11:20]  47 frames   39.30 ms/frame  ->  25.4 FPS
   capture          10.54 ms   26.8%
   track             9.80 ms   24.9%
   ctrl+mav          1.16 ms    2.9%
   hud              10.37 ms   26.4%
   display           7.43 ms   18.9%
     detect          8.94 ms  (sub)
     tracker         0.00 ms  (sub)
     hud:overlay     2.05 ms  (sub)
     hud:setup       0.18 ms  (sub)
     hud:ladder      0.38 ms  (sub)
     hud:warp        4.59 ms  (sub)
     hud:arc         0.12 ms  (sub)
     hud:blend       2.14 ms  (sub)
     hud:yaw         0.73 ms  (sub)
     hud:cross       0.10 ms  (sub)
     disp:record     0.01 ms  (sub)
     disp:imshow     0.81 ms  (sub)
     disp:waitkey    6.56 ms  (sub)
[PROF 09:11:22]  43 frames   41.55 ms/frame  ->  24.1 FPS
   capture          11.26 ms   27.1%
   track             9.62 ms   23.2%
   ctrl+mav          0.97 ms    2.3%
   hud              11.14 ms   26.8%
   display           8.55 ms   20.6%
     detect          8.77 ms  (sub)
     tracker         0.00 ms  (sub)
     hud:overlay     2.04 ms  (sub)
     hud:setup       0.19 ms  (sub)
     hud:ladder      0.30 ms  (sub)
     hud:warp        5.18 ms  (sub)
     hud:arc         0.13 ms  (sub)
     hud:blend       2.26 ms  (sub)
     hud:yaw         0.85 ms  (sub)
     hud:cross       0.12 ms  (sub)
     disp:record     0.01 ms  (sub)
     disp:imshow     0.92 ms  (sub)
     disp:waitkey    7.56 ms  (sub)
[PROF 09:11:24]  47 frames   37.81 ms/frame  ->  26.4 FPS
   capture          10.62 ms   28.1%
   track             9.22 ms   24.4%
   ctrl+mav          1.01 ms    2.7%
   hud               9.81 ms   25.9%
   display           7.15 ms   18.9%
     detect          8.21 ms  (sub)
     tracker         0.00 ms  (sub)
     hud:overlay     1.87 ms  (sub)
     hud:setup       0.17 ms  (sub)
     hud:ladder      0.26 ms  (sub)
     hud:warp        4.35 ms  (sub)
     hud:arc         0.15 ms  (sub)
     hud:blend       2.02 ms  (sub)
     hud:yaw         0.75 ms  (sub)
     hud:cross       0.14 ms  (sub)
     disp:record     0.01 ms  (sub)
     disp:imshow     0.80 ms  (sub)
     disp:waitkey    6.29 ms  (sub)
[PROF 09:11:26]  42 frames   42.49 ms/frame  ->  23.5 FPS
   capture          11.64 ms   27.4%
   track            10.54 ms   24.8%
   ctrl+mav          1.21 ms    2.9%
   hud              11.43 ms   26.9%
   display           7.66 ms   18.0%
     detect          9.53 ms  (sub)
     tracker         0.00 ms  (sub)
     hud:overlay     2.09 ms  (sub)
     hud:setup       0.18 ms  (sub)
     hud:ladder      0.41 ms  (sub)
     hud:warp        5.27 ms  (sub)
     hud:arc         0.15 ms  (sub)
     hud:blend       2.32 ms  (sub)
     hud:yaw         0.82 ms  (sub)
     hud:cross       0.11 ms  (sub)
     disp:record     0.01 ms  (sub)
     disp:imshow     0.89 ms  (sub)
     disp:waitkey    6.71 ms  (sub)
[PROF 09:11:28]  41 frames   43.01 ms/frame  ->  23.3 FPS
   capture          11.91 ms   27.7%
   track            10.64 ms   24.7%
   ctrl+mav          1.25 ms    2.9%
   hud              12.27 ms   28.5%
   display           6.94 ms   16.1%
     detect          9.64 ms  (sub)
     tracker         0.00 ms  (sub)
     hud:overlay     2.53 ms  (sub)
     hud:setup       0.23 ms  (sub)
     hud:ladder      0.32 ms  (sub)
     hud:warp        5.57 ms  (sub)
     hud:arc         0.15 ms  (sub)
     hud:blend       2.33 ms  (sub)
     hud:yaw         0.93 ms  (sub)
     hud:cross       0.12 ms  (sub)
     disp:record     0.02 ms  (sub)
     disp:imshow     0.83 ms  (sub)
     disp:waitkey    6.03 ms  (sub)
[PROF 09:11:30]  45 frames   40.06 ms/frame  ->  25.0 FPS
   capture          11.39 ms   28.4%
   track             9.49 ms   23.7%
   ctrl+mav          1.07 ms    2.7%
   hud              10.91 ms   27.2%
   display           7.20 ms   18.0%
     detect          8.60 ms  (sub)
     tracker         0.00 ms  (sub)
     hud:overlay     2.07 ms  (sub)
     hud:setup       0.22 ms  (sub)
     hud:ladder      0.31 ms  (sub)
     hud:warp        5.03 ms  (sub)
     hud:arc         0.13 ms  (sub)
     hud:blend       2.12 ms  (sub)
     hud:yaw         0.82 ms  (sub)
     hud:cross       0.13 ms  (sub)
     disp:record     0.01 ms  (sub)
     disp:imshow     0.79 ms  (sub)
     disp:waitkey    6.34 ms  (sub)
[PROF 09:11:32]  43 frames   40.59 ms/frame  ->  24.6 FPS
   capture           9.84 ms   24.2%
   track             9.65 ms   23.8%
   ctrl+mav          1.02 ms    2.5%
   hud              11.96 ms   29.5%
   display           8.12 ms   20.0%
     detect          8.87 ms  (sub)
     tracker         0.00 ms  (sub)
     hud:overlay     2.10 ms  (sub)
     hud:setup       0.20 ms  (sub)
     hud:ladder      0.34 ms  (sub)
     hud:warp        5.62 ms  (sub)
     hud:arc         0.14 ms  (sub)
     hud:blend       2.47 ms  (sub)
     hud:yaw         0.87 ms  (sub)
     hud:cross       0.14 ms  (sub)
     disp:record     0.01 ms  (sub)
     disp:imshow     1.04 ms  (sub)
     disp:waitkey    7.01 ms  (sub)
[PROF 09:11:34]  40 frames   44.05 ms/frame  ->  22.7 FPS
   capture          13.25 ms   30.1%
   track             9.33 ms   21.2%
   ctrl+mav          1.24 ms    2.8%
   hud              12.04 ms   27.3%
   display           8.19 ms   18.6%
     detect          8.50 ms  (sub)
     tracker         0.00 ms  (sub)
     hud:overlay     2.16 ms  (sub)
     hud:setup       0.22 ms  (sub)
     hud:ladder      0.34 ms  (sub)
     hud:warp        5.55 ms  (sub)
     hud:arc         0.14 ms  (sub)
     hud:blend       2.53 ms  (sub)
     hud:yaw         0.87 ms  (sub)
     hud:cross       0.13 ms  (sub)
     disp:record     0.01 ms  (sub)
     disp:imshow     0.89 ms  (sub)
     disp:waitkey    7.18 ms  (sub)
[PROF 09:11:36]  41 frames   42.15 ms/frame  ->  23.7 FPS
   capture          10.18 ms   24.2%
   track            11.22 ms   26.6%
   ctrl+mav          1.16 ms    2.7%
   hud              12.43 ms   29.5%
   display           7.17 ms   17.0%
     detect          6.52 ms  (sub)
     tracker         3.81 ms  (sub)
     hud:overlay     2.34 ms  (sub)
     hud:setup       0.22 ms  (sub)
     hud:ladder      0.30 ms  (sub)
     hud:warp        6.21 ms  (sub)
     hud:arc         0.13 ms  (sub)
     hud:blend       2.24 ms  (sub)
     hud:yaw         0.80 ms  (sub)
     hud:cross       0.10 ms  (sub)
     disp:record     0.01 ms  (sub)
     disp:imshow     0.85 ms  (sub)
     disp:waitkey    6.24 ms  (sub)
[PROF 09:11:38]  26 frames   77.12 ms/frame  ->  13.0 FPS
   capture          15.54 ms   20.2%
   track            12.84 ms   16.6%
   ctrl+mav          9.71 ms   12.6%
   hud              12.19 ms   15.8%
   display          26.84 ms   34.8%
     detect          8.44 ms  (sub)
     tracker         3.43 ms  (sub)
     hud:overlay     2.31 ms  (sub)
     hud:setup       0.21 ms  (sub)
     hud:ladder      0.29 ms  (sub)
     hud:warp        5.85 ms  (sub)
     hud:arc         0.13 ms  (sub)
     hud:blend       2.31 ms  (sub)
     hud:yaw         0.88 ms  (sub)
     hud:cross       0.12 ms  (sub)
     disp:record    14.21 ms  (sub)
     disp:imshow     1.70 ms  (sub)
     disp:waitkey   10.83 ms  (sub)
[PROF 09:11:40]  28 frames   69.66 ms/frame  ->  14.4 FPS
   capture          17.10 ms   24.6%
   track            14.17 ms   20.3%
   ctrl+mav          8.09 ms   11.6%
   hud              11.76 ms   16.9%
   display          18.55 ms   26.6%
     detect          8.95 ms  (sub)
     tracker         4.12 ms  (sub)
     hud:overlay     2.56 ms  (sub)
     hud:setup       0.20 ms  (sub)
     hud:ladder      0.28 ms  (sub)
     hud:warp        5.48 ms  (sub)
     hud:arc         0.20 ms  (sub)
     hud:blend       2.10 ms  (sub)
     hud:yaw         0.76 ms  (sub)
     hud:cross       0.09 ms  (sub)
     disp:record     6.05 ms  (sub)
     disp:imshow     2.11 ms  (sub)
     disp:waitkey   10.29 ms  (sub)
[PROF 09:11:43]  29 frames   69.46 ms/frame  ->  14.4 FPS
   capture          17.64 ms   25.4%
   track            15.51 ms   22.3%
   ctrl+mav          2.63 ms    3.8%
   hud              12.24 ms   17.6%
   display          21.44 ms   30.9%
     detect          8.20 ms  (sub)
     tracker         5.83 ms  (sub)
     hud:overlay     2.45 ms  (sub)
     hud:setup       0.21 ms  (sub)
     hud:ladder      0.31 ms  (sub)
     hud:warp        5.77 ms  (sub)
     hud:arc         0.14 ms  (sub)
     hud:blend       2.40 ms  (sub)
     hud:yaw         0.77 ms  (sub)
     hud:cross       0.10 ms  (sub)
     disp:record     6.55 ms  (sub)
     disp:imshow     2.66 ms  (sub)
     disp:waitkey   12.12 ms  (sub)
[PROF 09:11:45]  32 frames   66.14 ms/frame  ->  15.1 FPS
   capture          16.93 ms   25.6%
   track            14.93 ms   22.6%
   ctrl+mav          1.88 ms    2.8%
   hud              12.89 ms   19.5%
   display          19.51 ms   29.5%
     detect          4.59 ms  (sub)
     tracker         9.05 ms  (sub)
     hud:overlay     2.54 ms  (sub)
     hud:setup       0.22 ms  (sub)
     hud:ladder      0.32 ms  (sub)
     hud:warp        6.01 ms  (sub)
     hud:arc         0.14 ms  (sub)
     hud:blend       2.42 ms  (sub)
     hud:yaw         1.04 ms  (sub)
     hud:cross       0.12 ms  (sub)
     disp:record     7.25 ms  (sub)
     disp:imshow     2.33 ms  (sub)
     disp:waitkey    9.82 ms  (sub)
[PROF 09:11:47]  26 frames   71.52 ms/frame  ->  14.0 FPS
   capture          20.26 ms   28.3%
   track            15.62 ms   21.8%
   ctrl+mav          1.94 ms    2.7%
   hud              12.80 ms   17.9%
   display          20.90 ms   29.2%
     detect          2.11 ms  (sub)
     tracker        11.86 ms  (sub)
     hud:overlay     3.03 ms  (sub)
     hud:setup       0.21 ms  (sub)
     hud:ladder      0.35 ms  (sub)
     hud:warp        5.57 ms  (sub)
     hud:arc         0.14 ms  (sub)
     hud:blend       2.24 ms  (sub)
     hud:yaw         1.03 ms  (sub)
     hud:cross       0.13 ms  (sub)
     disp:record     7.41 ms  (sub)
     disp:imshow     2.61 ms  (sub)
     disp:waitkey   10.76 ms  (sub)
[PROF 09:11:49]  29 frames   69.71 ms/frame  ->  14.3 FPS
   capture          18.57 ms   26.6%
   track            15.55 ms   22.3%
   ctrl+mav          1.85 ms    2.7%
   hud              12.38 ms   17.8%
   display          21.37 ms   30.6%
     detect          1.78 ms  (sub)
     tracker        12.58 ms  (sub)
     hud:overlay     2.43 ms  (sub)
     hud:setup       0.19 ms  (sub)
     hud:ladder      0.28 ms  (sub)
     hud:warp        5.57 ms  (sub)
     hud:arc         0.14 ms  (sub)
     hud:blend       2.39 ms  (sub)
     hud:yaw         1.16 ms  (sub)
     hud:cross       0.12 ms  (sub)
     disp:record     7.42 ms  (sub)
     disp:imshow     1.69 ms  (sub)
     disp:waitkey   12.05 ms  (sub)
[PROF 09:11:51]  31 frames   65.26 ms/frame  ->  15.3 FPS
   capture          17.37 ms   26.6%
   track            14.13 ms   21.7%
   ctrl+mav          2.08 ms    3.2%
   hud              11.98 ms   18.4%
   display          19.70 ms   30.2%
     detect          2.53 ms  (sub)
     tracker        10.39 ms  (sub)
     hud:overlay     2.55 ms  (sub)
     hud:setup       0.25 ms  (sub)
     hud:ladder      0.27 ms  (sub)
     hud:warp        5.11 ms  (sub)
     hud:arc         0.14 ms  (sub)
     hud:blend       2.38 ms  (sub)
     hud:yaw         1.08 ms  (sub)
     hud:cross       0.13 ms  (sub)
     disp:record     7.07 ms  (sub)
     disp:imshow     1.96 ms  (sub)
     disp:waitkey   10.56 ms  (sub)
[PROF 09:11:53]  27 frames   74.52 ms/frame  ->  13.4 FPS
   capture          18.80 ms   25.2%
   track            22.34 ms   30.0%
   ctrl+mav          2.04 ms    2.7%
   hud              10.63 ms   14.3%
   display          20.71 ms   27.8%
     detect          2.57 ms  (sub)
     tracker        18.52 ms  (sub)
     hud:overlay     2.59 ms  (sub)
     hud:setup       0.19 ms  (sub)
     hud:ladder      0.26 ms  (sub)
     hud:warp        4.19 ms  (sub)
     hud:arc         0.12 ms  (sub)
     hud:blend       2.08 ms  (sub)
     hud:yaw         1.02 ms  (sub)
     hud:cross       0.11 ms  (sub)
     disp:record     7.51 ms  (sub)
     disp:imshow     2.08 ms  (sub)
     disp:waitkey   11.02 ms  (sub)
[PROF 09:11:55]  28 frames   71.98 ms/frame  ->  13.9 FPS
   capture          16.07 ms   22.3%
   track            19.29 ms   26.8%
   ctrl+mav          2.24 ms    3.1%
   hud              14.08 ms   19.6%
   display          20.31 ms   28.2%
     detect          1.53 ms  (sub)
     tracker        16.52 ms  (sub)
     hud:overlay     2.88 ms  (sub)
     hud:setup       0.22 ms  (sub)
     hud:ladder      0.36 ms  (sub)
     hud:warp        6.23 ms  (sub)
     hud:arc         0.15 ms  (sub)
     hud:blend       2.95 ms  (sub)
     hud:yaw         1.06 ms  (sub)
     hud:cross       0.14 ms  (sub)
     disp:record     7.72 ms  (sub)
     disp:imshow     2.06 ms  (sub)
     disp:waitkey   10.43 ms  (sub)
[PROF 09:11:57]  25 frames   81.92 ms/frame  ->  12.2 FPS
   capture          19.37 ms   23.6%
   track            24.23 ms   29.6%
   ctrl+mav          2.46 ms    3.0%
   hud              12.70 ms   15.5%
   display          23.17 ms   28.3%
     detect          1.90 ms  (sub)
     tracker        21.02 ms  (sub)
     hud:overlay     2.73 ms  (sub)
     hud:setup       0.22 ms  (sub)
     hud:ladder      0.30 ms  (sub)
     hud:warp        5.13 ms  (sub)
     hud:arc         0.15 ms  (sub)
     hud:blend       2.72 ms  (sub)
     hud:yaw         1.22 ms  (sub)
     hud:cross       0.14 ms  (sub)
     disp:record     9.42 ms  (sub)
     disp:imshow     2.45 ms  (sub)
     disp:waitkey   11.02 ms  (sub)
[PROF 09:11:59]  23 frames   86.05 ms/frame  ->  11.6 FPS
   capture          21.23 ms   24.7%
   track            25.78 ms   30.0%
   ctrl+mav          2.60 ms    3.0%
   hud              14.47 ms   16.8%
   display          21.98 ms   25.5%
     detect          3.22 ms  (sub)
     tracker        21.16 ms  (sub)
     hud:overlay     2.86 ms  (sub)
     hud:setup       0.22 ms  (sub)
     hud:ladder      0.33 ms  (sub)
     hud:warp        6.51 ms  (sub)
     hud:arc         0.14 ms  (sub)
     hud:blend       2.49 ms  (sub)
     hud:yaw         1.69 ms  (sub)
     hud:cross       0.14 ms  (sub)
     disp:record     8.64 ms  (sub)
     disp:imshow     2.05 ms  (sub)
     disp:waitkey   11.19 ms  (sub)
[PROF 09:12:01]  22 frames   92.70 ms/frame  ->  10.8 FPS
   capture          22.84 ms   24.6%
   track            29.96 ms   32.3%
   ctrl+mav          2.90 ms    3.1%
   hud              13.87 ms   15.0%
   display          23.12 ms   24.9%
     detect          2.45 ms  (sub)
     tracker        25.90 ms  (sub)
     hud:overlay     2.85 ms  (sub)
     hud:setup       0.26 ms  (sub)
     hud:ladder      0.39 ms  (sub)
     hud:warp        5.95 ms  (sub)
     hud:arc         0.15 ms  (sub)
     hud:blend       2.81 ms  (sub)
     hud:yaw         1.22 ms  (sub)
     hud:cross       0.16 ms  (sub)
     disp:record     8.63 ms  (sub)
     disp:imshow     1.96 ms  (sub)
     disp:waitkey   12.40 ms  (sub)
[PROF 09:12:03]  19 frames  106.44 ms/frame  ->   9.4 FPS
   capture          20.48 ms   19.2%
   track            49.30 ms   46.3%
   ctrl+mav          2.26 ms    2.1%
   hud              12.78 ms   12.0%
   display          21.63 ms   20.3%
     detect          4.21 ms  (sub)
     tracker        43.32 ms  (sub)
     hud:overlay     2.48 ms  (sub)
     hud:setup       0.26 ms  (sub)
     hud:ladder      0.33 ms  (sub)
     hud:warp        5.67 ms  (sub)
     hud:arc         0.14 ms  (sub)
     hud:blend       2.57 ms  (sub)
     hud:yaw         1.12 ms  (sub)
     hud:cross       0.14 ms  (sub)
     disp:record     7.29 ms  (sub)
     disp:imshow     2.56 ms  (sub)
     disp:waitkey   11.64 ms  (sub)
[PROF 09:12:05]  24 frames   84.29 ms/frame  ->  11.9 FPS
   capture          19.14 ms   22.7%
   track            28.22 ms   33.5%
   ctrl+mav          2.76 ms    3.3%
   hud              12.99 ms   15.4%
   display          21.18 ms   25.1%
     detect          2.10 ms  (sub)
     tracker        24.64 ms  (sub)
     hud:overlay     3.09 ms  (sub)
     hud:setup       0.22 ms  (sub)
     hud:ladder      0.34 ms  (sub)
     hud:warp        5.63 ms  (sub)
     hud:arc         0.12 ms  (sub)
     hud:blend       2.32 ms  (sub)
     hud:yaw         1.06 ms  (sub)
     hud:cross       0.13 ms  (sub)
     disp:record     8.07 ms  (sub)
     disp:imshow     1.78 ms  (sub)
     disp:waitkey   11.22 ms  (sub)
[PROF 09:12:07]  28 frames   71.49 ms/frame  ->  14.0 FPS
   capture          20.77 ms   29.1%
   track            15.75 ms   22.0%
   ctrl+mav          3.02 ms    4.2%
   hud              11.97 ms   16.7%
   display          19.99 ms   28.0%
     detect         10.68 ms  (sub)
     tracker         4.02 ms  (sub)
     hud:overlay     1.99 ms  (sub)
     hud:setup       0.21 ms  (sub)
     hud:ladder      0.32 ms  (sub)
     hud:warp        5.65 ms  (sub)
     hud:arc         0.13 ms  (sub)
     hud:blend       2.44 ms  (sub)
     hud:yaw         1.03 ms  (sub)
     hud:cross       0.12 ms  (sub)
     disp:record     7.24 ms  (sub)
     disp:imshow     2.13 ms  (sub)
     disp:waitkey   10.51 ms  (sub)
[PROF 09:12:09]  23 frames   85.12 ms/frame  ->  11.7 FPS
   capture          20.59 ms   24.2%
   track            14.67 ms   17.2%
   ctrl+mav         11.22 ms   13.2%
   hud              15.65 ms   18.4%
   display          23.00 ms   27.0%
     detect         13.66 ms  (sub)
     tracker         0.00 ms  (sub)
     hud:overlay     2.66 ms  (sub)
     hud:setup       0.32 ms  (sub)
     hud:ladder      0.38 ms  (sub)
     hud:warp        7.62 ms  (sub)
     hud:arc         0.18 ms  (sub)
     hud:blend       2.99 ms  (sub)
     hud:yaw         1.23 ms  (sub)
     hud:cross       0.16 ms  (sub)
     disp:record     6.24 ms  (sub)
     disp:imshow     1.56 ms  (sub)
     disp:waitkey   15.09 ms  (sub)
[PROF 09:12:11]  41 frames   45.66 ms/frame  ->  21.9 FPS
   capture          12.08 ms   26.5%
   track            10.23 ms   22.4%
   ctrl+mav          1.39 ms    3.0%
   hud              13.77 ms   30.2%
   display           8.19 ms   17.9%
     detect          9.18 ms  (sub)
     tracker         0.00 ms  (sub)
     hud:overlay     2.20 ms  (sub)
     hud:setup       0.23 ms  (sub)
     hud:ladder      0.42 ms  (sub)
     hud:warp        6.54 ms  (sub)
     hud:arc         0.17 ms  (sub)
     hud:blend       2.79 ms  (sub)
     hud:yaw         1.16 ms  (sub)
     hud:cross       0.16 ms  (sub)
     disp:record     0.01 ms  (sub)
     disp:imshow     0.90 ms  (sub)
     disp:waitkey    7.21 ms  (sub)
[PROF 09:12:13]  34 frames   51.43 ms/frame  ->  19.4 FPS
   capture          15.30 ms   29.7%
   track            11.46 ms   22.3%
   ctrl+mav          1.90 ms    3.7%
   hud              15.04 ms   29.2%
   display           7.73 ms   15.0%
     detect         10.51 ms  (sub)
     tracker         0.00 ms  (sub)
     hud:overlay     2.54 ms  (sub)
     hud:setup       0.24 ms  (sub)
     hud:ladder      0.39 ms  (sub)
     hud:warp        7.80 ms  (sub)
     hud:arc         0.17 ms  (sub)
     hud:blend       2.80 ms  (sub)
     hud:yaw         0.90 ms  (sub)
     hud:cross       0.12 ms  (sub)
     disp:record     0.01 ms  (sub)
     disp:imshow     0.94 ms  (sub)
     disp:waitkey    6.72 ms  (sub)
[PROF 09:12:15]  35 frames   45.71 ms/frame  ->  21.9 FPS
   capture          14.30 ms   31.3%
   track            10.50 ms   23.0%
   ctrl+mav          1.22 ms    2.7%
   hud              11.56 ms   25.3%
   display           8.13 ms   17.8%
     detect          9.63 ms  (sub)
     tracker         0.00 ms  (sub)
     hud:overlay     1.94 ms  (sub)
     hud:setup       0.19 ms  (sub)
     hud:ladder      0.32 ms  (sub)
     hud:warp        5.46 ms  (sub)
     hud:arc         0.13 ms  (sub)
     hud:blend       2.50 ms  (sub)
     hud:yaw         0.80 ms  (sub)
     hud:cross       0.12 ms  (sub)
     disp:record     0.01 ms  (sub)
     disp:imshow     1.01 ms  (sub)
     disp:waitkey    7.05 ms  (sub)
[PROF 09:12:17]  39 frames   47.90 ms/frame  ->  20.9 FPS
   capture          14.94 ms   31.2%
   track            10.91 ms   22.8%
   ctrl+mav          1.35 ms    2.8%
   hud              12.64 ms   26.4%
   display           8.06 ms   16.8%
     detect         10.02 ms  (sub)
     tracker         0.00 ms  (sub)
     hud:overlay     2.28 ms  (sub)
     hud:setup       0.21 ms  (sub)
     hud:ladder      0.31 ms  (sub)
     hud:warp        5.74 ms  (sub)
     hud:arc         0.16 ms  (sub)
     hud:blend       2.72 ms  (sub)
     hud:yaw         0.97 ms  (sub)
     hud:cross       0.15 ms  (sub)
     disp:record     0.01 ms  (sub)
     disp:imshow     0.89 ms  (sub)
     disp:waitkey    7.09 ms  (sub)
[PROF 09:12:19]  40 frames   50.45 ms/frame  ->  19.8 FPS
   capture          13.71 ms   27.2%
   track            11.30 ms   22.4%
   ctrl+mav          1.50 ms    3.0%
   hud              14.01 ms   27.8%
   display           9.92 ms   19.7%
     detect         10.24 ms  (sub)
     tracker         0.00 ms  (sub)
     hud:overlay     2.29 ms  (sub)
     hud:setup       0.27 ms  (sub)
     hud:ladder      0.38 ms  (sub)
     hud:warp        6.94 ms  (sub)
     hud:arc         0.15 ms  (sub)
     hud:blend       2.79 ms  (sub)
     hud:yaw         0.96 ms  (sub)
     hud:cross       0.13 ms  (sub)
     disp:record     0.01 ms  (sub)
     disp:imshow     0.98 ms  (sub)
     disp:waitkey    8.86 ms  (sub)
[PROF 09:12:21]  35 frames   51.72 ms/frame  ->  19.3 FPS
   capture          15.85 ms   30.6%
   track            11.38 ms   22.0%
   ctrl+mav          1.52 ms    2.9%
   hud              14.37 ms   27.8%
   display           8.60 ms   16.6%
     detect         10.43 ms  (sub)
     tracker         0.00 ms  (sub)
     hud:overlay     2.47 ms  (sub)
     hud:setup       0.23 ms  (sub)
     hud:ladder      0.34 ms  (sub)
     hud:warp        6.84 ms  (sub)
     hud:arc         0.24 ms  (sub)
     hud:blend       2.89 ms  (sub)
     hud:yaw         1.10 ms  (sub)
     hud:cross       0.15 ms  (sub)
     disp:record     0.01 ms  (sub)
     disp:imshow     1.02 ms  (sub)
     disp:waitkey    7.47 ms  (sub)
[PROF 09:12:23]  39 frames   48.98 ms/frame  ->  20.4 FPS
   capture          12.99 ms   26.5%
   track            10.75 ms   22.0%
   ctrl+mav          1.51 ms    3.1%
   hud              14.89 ms   30.4%
   display           8.83 ms   18.0%
     detect          9.77 ms  (sub)
     tracker         0.00 ms  (sub)
     hud:overlay     2.58 ms  (sub)
     hud:setup       0.24 ms  (sub)
     hud:ladder      0.37 ms  (sub)
     hud:warp        7.11 ms  (sub)
     hud:arc         0.17 ms  (sub)
     hud:blend       3.06 ms  (sub)
     hud:yaw         1.10 ms  (sub)
     hud:cross       0.16 ms  (sub)
     disp:record     0.01 ms  (sub)
     disp:imshow     1.00 ms  (sub)
     disp:waitkey    7.75 ms  (sub)
[PROF 09:12:25]  37 frames   51.02 ms/frame  ->  19.6 FPS
   capture          14.86 ms   29.1%
   track            12.21 ms   23.9%
   ctrl+mav          1.64 ms    3.2%
   hud              13.93 ms   27.3%
   display           8.38 ms   16.4%
     detect         11.16 ms  (sub)
     tracker         0.00 ms  (sub)
     hud:overlay     2.75 ms  (sub)
     hud:setup       0.23 ms  (sub)
     hud:ladder      0.36 ms  (sub)
     hud:warp        6.42 ms  (sub)
     hud:arc         0.17 ms  (sub)
     hud:blend       2.78 ms  (sub)
     hud:yaw         0.98 ms  (sub)
     hud:cross       0.14 ms  (sub)
     disp:record     0.01 ms  (sub)
     disp:imshow     0.92 ms  (sub)
     disp:waitkey    7.38 ms  (sub)
[PROF 09:12:27]  36 frames   53.65 ms/frame  ->  18.6 FPS
   capture          18.41 ms   34.3%
   track            13.23 ms   24.7%
   ctrl+mav          1.81 ms    3.4%
   hud              12.01 ms   22.4%
   display           8.18 ms   15.2%
     detect         12.03 ms  (sub)
     tracker         0.00 ms  (sub)
     hud:overlay     2.21 ms  (sub)
     hud:setup       0.22 ms  (sub)
     hud:ladder      0.35 ms  (sub)
     hud:warp        5.32 ms  (sub)
     hud:arc         0.15 ms  (sub)
     hud:blend       2.60 ms  (sub)
     hud:yaw         0.90 ms  (sub)
     hud:cross       0.15 ms  (sub)
     disp:record     0.01 ms  (sub)
     disp:imshow     0.91 ms  (sub)
     disp:waitkey    7.19 ms  (sub)
[PROF 09:12:29]  39 frames   49.35 ms/frame  ->  20.3 FPS
   capture          12.06 ms   24.4%
   track            11.33 ms   23.0%
   ctrl+mav          1.34 ms    2.7%
   hud              15.88 ms   32.2%
   display           8.74 ms   17.7%
     detect         10.40 ms  (sub)
     tracker         0.00 ms  (sub)
     hud:overlay     2.20 ms  (sub)
     hud:setup       0.21 ms  (sub)
     hud:ladder      0.35 ms  (sub)
     hud:warp        8.23 ms  (sub)
     hud:arc         0.18 ms  (sub)
     hud:blend       3.24 ms  (sub)
     hud:yaw         1.20 ms  (sub)
     hud:cross       0.16 ms  (sub)
     disp:record     0.01 ms  (sub)
     disp:imshow     1.05 ms  (sub)
     disp:waitkey    7.60 ms  (sub)
[PROF 09:12:31]  38 frames   52.21 ms/frame  ->  19.2 FPS
   capture          15.22 ms   29.2%
   track            11.14 ms   21.3%
   ctrl+mav          1.74 ms    3.3%
   hud              15.84 ms   30.3%
   display           8.27 ms   15.8%
     detect         10.08 ms  (sub)
     tracker         0.00 ms  (sub)
     hud:overlay     3.02 ms  (sub)
     hud:setup       0.29 ms  (sub)
     hud:ladder      0.41 ms  (sub)
     hud:warp        7.78 ms  (sub)
     hud:arc         0.19 ms  (sub)
     hud:blend       2.87 ms  (sub)
     hud:yaw         1.04 ms  (sub)
     hud:cross       0.14 ms  (sub)
     disp:record     0.01 ms  (sub)
     disp:imshow     1.03 ms  (sub)
     disp:waitkey    7.15 ms  (sub)
[PROF 09:12:33]  34 frames   56.07 ms/frame  ->  17.8 FPS
   capture          17.50 ms   31.2%
   track            12.04 ms   21.5%
   ctrl+mav          1.76 ms    3.1%
   hud              17.00 ms   30.3%
   display           7.76 ms   13.8%
     detect         10.99 ms  (sub)
     tracker         0.00 ms  (sub)
     hud:overlay     3.04 ms  (sub)
     hud:setup       0.28 ms  (sub)
     hud:ladder      0.47 ms  (sub)
     hud:warp        8.31 ms  (sub)
     hud:arc         0.24 ms  (sub)
     hud:blend       3.40 ms  (sub)
     hud:yaw         1.01 ms  (sub)
     hud:cross       0.15 ms  (sub)
     disp:record     0.01 ms  (sub)
     disp:imshow     0.95 ms  (sub)
     disp:waitkey    6.73 ms  (sub)
[PROF 09:12:35]  35 frames   51.23 ms/frame  ->  19.5 FPS
   capture          15.63 ms   30.5%
   track            11.20 ms   21.9%
   ctrl+mav          1.50 ms    2.9%
   hud              14.12 ms   27.6%
   display           8.77 ms   17.1%
     detect         10.20 ms  (sub)
     tracker         0.00 ms  (sub)
     hud:overlay     2.35 ms  (sub)
     hud:setup       0.26 ms  (sub)
     hud:ladder      0.36 ms  (sub)
     hud:warp        6.48 ms  (sub)
     hud:arc         0.17 ms  (sub)
     hud:blend       3.13 ms  (sub)
     hud:yaw         1.10 ms  (sub)
     hud:cross       0.16 ms  (sub)
     disp:record     0.01 ms  (sub)
     disp:imshow     0.97 ms  (sub)
     disp:waitkey    7.72 ms  (sub)
[PROF 09:12:38]  37 frames   53.10 ms/frame  ->  18.8 FPS
   capture          16.91 ms   31.8%
   track            12.84 ms   24.2%
   ctrl+mav          1.68 ms    3.2%
   hud              13.29 ms   25.0%
   display           8.38 ms   15.8%
     detect         11.80 ms  (sub)
     tracker         0.00 ms  (sub)
     hud:overlay     2.44 ms  (sub)
     hud:setup       0.22 ms  (sub)
     hud:ladder      0.40 ms  (sub)
     hud:warp        6.43 ms  (sub)
     hud:arc         0.14 ms  (sub)
     hud:blend       2.42 ms  (sub)
     hud:yaw         1.01 ms  (sub)
     hud:cross       0.14 ms  (sub)
     disp:record     0.01 ms  (sub)
     disp:imshow     0.92 ms  (sub)
     disp:waitkey    7.37 ms  (sub)
[PROF 09:12:40]  41 frames   48.31 ms/frame  ->  20.7 FPS
   capture          13.91 ms   28.8%
   track            10.39 ms   21.5%
   ctrl+mav          1.37 ms    2.8%
   hud              13.93 ms   28.8%
   display           8.71 ms   18.0%
     detect          9.50 ms  (sub)
     tracker         0.00 ms  (sub)
     hud:overlay     2.51 ms  (sub)
     hud:setup       0.20 ms  (sub)
     hud:ladder      0.35 ms  (sub)
     hud:warp        6.45 ms  (sub)
     hud:arc         0.16 ms  (sub)
     hud:blend       2.94 ms  (sub)
     hud:yaw         1.03 ms  (sub)
     hud:cross       0.16 ms  (sub)
     disp:record     0.01 ms  (sub)
     disp:imshow     1.07 ms  (sub)
     disp:waitkey    7.56 ms  (sub)
[PROF 09:12:42]  33 frames   58.83 ms/frame  ->  17.0 FPS
   capture          16.38 ms   27.8%
   track            12.76 ms   21.7%
   ctrl+mav          1.89 ms    3.2%
   hud              15.75 ms   26.8%
   display          12.06 ms   20.5%
     detect         11.76 ms  (sub)
     tracker         0.00 ms  (sub)
     hud:overlay     2.82 ms  (sub)
     hud:setup       0.39 ms  (sub)
     hud:ladder      0.44 ms  (sub)
     hud:warp        7.19 ms  (sub)
     hud:arc         0.18 ms  (sub)
     hud:blend       3.16 ms  (sub)
     hud:yaw         1.25 ms  (sub)
     hud:cross       0.17 ms  (sub)
     disp:record     0.01 ms  (sub)
     disp:imshow     1.30 ms  (sub)
     disp:waitkey   10.66 ms  (sub)
[PROF 09:12:44]  34 frames   51.65 ms/frame  ->  19.4 FPS
   capture          16.20 ms   31.4%
   track            11.69 ms   22.6%
   ctrl+mav          1.93 ms    3.7%
   hud              13.88 ms   26.9%
   display           7.96 ms   15.4%
     detect         10.62 ms  (sub)
     tracker         0.00 ms  (sub)
     hud:overlay     2.54 ms  (sub)
     hud:setup       0.27 ms  (sub)
     hud:ladder      0.43 ms  (sub)
     hud:warp        6.59 ms  (sub)
     hud:arc         0.17 ms  (sub)
     hud:blend       2.65 ms  (sub)
     hud:yaw         1.00 ms  (sub)
     hud:cross       0.13 ms  (sub)
     disp:record     0.01 ms  (sub)
     disp:imshow     1.01 ms  (sub)
     disp:waitkey    6.88 ms  (sub)
[PROF 09:12:46]  35 frames   57.33 ms/frame  ->  17.4 FPS
   capture          17.03 ms   29.7%
   track            11.88 ms   20.7%
   ctrl+mav          2.11 ms    3.7%
   hud              15.77 ms   27.5%
   display          10.54 ms   18.4%
     detect         10.86 ms  (sub)
     tracker         0.00 ms  (sub)
     hud:overlay     2.82 ms  (sub)
     hud:setup       0.27 ms  (sub)
     hud:ladder      0.60 ms  (sub)
     hud:warp        7.34 ms  (sub)
     hud:arc         0.19 ms  (sub)
     hud:blend       3.10 ms  (sub)
     hud:yaw         1.20 ms  (sub)
     hud:cross       0.14 ms  (sub)
     disp:record     0.01 ms  (sub)
     disp:imshow     0.92 ms  (sub)
     disp:waitkey    9.53 ms  (sub)
[PROF 09:12:48]  38 frames   48.96 ms/frame  ->  20.4 FPS
   capture          14.26 ms   29.1%
   track            11.59 ms   23.7%
   ctrl+mav          1.61 ms    3.3%
   hud              12.91 ms   26.4%
   display           8.59 ms   17.5%
     detect         10.69 ms  (sub)
     tracker         0.00 ms  (sub)
     hud:overlay     2.30 ms  (sub)
     hud:setup       0.23 ms  (sub)
     hud:ladder      0.34 ms  (sub)
     hud:warp        6.18 ms  (sub)
     hud:arc         0.16 ms  (sub)
     hud:blend       2.52 ms  (sub)
     hud:yaw         0.96 ms  (sub)
     hud:cross       0.13 ms  (sub)
     disp:record     0.01 ms  (sub)
     disp:imshow     1.02 ms  (sub)
     disp:waitkey    7.50 ms  (sub)
[PROF 09:12:50]  33 frames   57.69 ms/frame  ->  17.3 FPS
   capture          18.01 ms   31.2%
   track            12.49 ms   21.7%
   ctrl+mav          2.01 ms    3.5%
   hud              15.47 ms   26.8%
   display           9.70 ms   16.8%
     detect         11.38 ms  (sub)
     tracker         0.00 ms  (sub)
     hud:overlay     2.86 ms  (sub)
     hud:setup       0.27 ms  (sub)
     hud:ladder      0.41 ms  (sub)
     hud:warp        7.39 ms  (sub)
     hud:arc         0.19 ms  (sub)
     hud:blend       2.90 ms  (sub)
     hud:yaw         1.15 ms  (sub)
     hud:cross       0.19 ms  (sub)
     disp:record     0.01 ms  (sub)
     disp:imshow     1.16 ms  (sub)
     disp:waitkey    8.40 ms  (sub)
[PROF 09:12:52]  38 frames   44.83 ms/frame  ->  22.3 FPS
   capture          13.07 ms   29.2%
   track            10.37 ms   23.1%
   ctrl+mav          1.21 ms    2.7%
   hud              12.41 ms   27.7%
   display           7.77 ms   17.3%
     detect          9.53 ms  (sub)
     tracker         0.00 ms  (sub)
     hud:overlay     2.18 ms  (sub)
     hud:setup       0.21 ms  (sub)
     hud:ladder      0.31 ms  (sub)
     hud:warp        5.86 ms  (sub)
     hud:arc         0.16 ms  (sub)
     hud:blend       2.50 ms  (sub)
     hud:yaw         0.98 ms  (sub)
     hud:cross       0.13 ms  (sub)
     disp:record     0.01 ms  (sub)
     disp:imshow     0.81 ms  (sub)
     disp:waitkey    6.89 ms  (sub)
[PROF 09:12:54]  34 frames   55.41 ms/frame  ->  18.0 FPS
   capture          17.66 ms   31.9%
   track            11.87 ms   21.4%
   ctrl+mav          1.71 ms    3.1%
   hud              15.45 ms   27.9%
   display           8.72 ms   15.7%
     detect         10.92 ms  (sub)
     tracker         0.00 ms  (sub)
     hud:overlay     2.85 ms  (sub)
     hud:setup       0.25 ms  (sub)
     hud:ladder      0.40 ms  (sub)
     hud:warp        7.21 ms  (sub)
     hud:arc         0.17 ms  (sub)
     hud:blend       3.01 ms  (sub)
     hud:yaw         1.29 ms  (sub)
     hud:cross       0.16 ms  (sub)
     disp:record     0.01 ms  (sub)
     disp:imshow     1.06 ms  (sub)
     disp:waitkey    7.57 ms  (sub)
[PROF 09:12:56]  37 frames   53.59 ms/frame  ->  18.7 FPS
   capture          17.11 ms   31.9%
   track            11.93 ms   22.3%
   ctrl+mav          1.68 ms    3.1%
   hud              14.70 ms   27.4%
   display           8.17 ms   15.3%
     detect         10.87 ms  (sub)
     tracker         0.00 ms  (sub)
     hud:overlay     2.46 ms  (sub)
     hud:setup       0.26 ms  (sub)
     hud:ladder      0.36 ms  (sub)
     hud:warp        7.01 ms  (sub)
     hud:arc         0.17 ms  (sub)
     hud:blend       3.09 ms  (sub)
     hud:yaw         1.05 ms  (sub)
     hud:cross       0.15 ms  (sub)
     disp:record     0.01 ms  (sub)
     disp:imshow     0.93 ms  (sub)
     disp:waitkey    7.16 ms  (sub)
[PROF 09:12:58]  37 frames   54.25 ms/frame  ->  18.4 FPS
   capture          18.12 ms   33.4%
   track            11.64 ms   21.5%
   ctrl+mav          1.61 ms    3.0%
   hud              14.72 ms   27.1%
   display           8.17 ms   15.1%
     detect         10.51 ms  (sub)
     tracker         0.00 ms  (sub)
     hud:overlay     2.54 ms  (sub)
     hud:setup       0.27 ms  (sub)
     hud:ladder      0.35 ms  (sub)
     hud:warp        7.16 ms  (sub)
     hud:arc         0.21 ms  (sub)
     hud:blend       2.85 ms  (sub)
     hud:yaw         1.12 ms  (sub)
     hud:cross       0.13 ms  (sub)
     disp:record     0.01 ms  (sub)
     disp:imshow     0.93 ms  (sub)
     disp:waitkey    7.16 ms  (sub)
[PROF 09:13:00]  35 frames   56.70 ms/frame  ->  17.6 FPS
   capture          18.41 ms   32.5%
   track            12.80 ms   22.6%
   ctrl+mav          2.02 ms    3.6%
   hud              14.52 ms   25.6%
   display           8.94 ms   15.8%
     detect         11.75 ms  (sub)
     tracker         0.00 ms  (sub)
     hud:overlay     2.66 ms  (sub)
     hud:setup       0.26 ms  (sub)
     hud:ladder      0.35 ms  (sub)
     hud:warp        6.57 ms  (sub)
     hud:arc         0.15 ms  (sub)
     hud:blend       3.11 ms  (sub)
     hud:yaw         1.16 ms  (sub)
     hud:cross       0.15 ms  (sub)
     disp:record     0.01 ms  (sub)
     disp:imshow     1.12 ms  (sub)
     disp:waitkey    7.73 ms  (sub)
[PROF 09:13:02]  36 frames   55.65 ms/frame  ->  18.0 FPS
   capture          17.15 ms   30.8%
   track            12.88 ms   23.2%
   ctrl+mav          1.95 ms    3.5%
   hud              14.93 ms   26.8%
   display           8.73 ms   15.7%
     detect         11.70 ms  (sub)
     tracker         0.00 ms  (sub)
     hud:overlay     2.76 ms  (sub)
     hud:setup       0.23 ms  (sub)
     hud:ladder      0.37 ms  (sub)
     hud:warp        7.09 ms  (sub)
     hud:arc         0.16 ms  (sub)
     hud:blend       2.81 ms  (sub)
     hud:yaw         1.09 ms  (sub)
     hud:cross       0.14 ms  (sub)
     disp:record     0.01 ms  (sub)
     disp:imshow     1.03 ms  (sub)
     disp:waitkey    7.61 ms  (sub)
[PROF 09:13:04]  31 frames   61.72 ms/frame  ->  16.2 FPS
   capture          18.32 ms   29.7%
   track            13.68 ms   22.2%
   ctrl+mav          2.11 ms    3.4%
   hud              16.94 ms   27.4%
   display          10.66 ms   17.3%
     detect         12.54 ms  (sub)
     tracker         0.00 ms  (sub)
     hud:overlay     3.20 ms  (sub)
     hud:setup       0.27 ms  (sub)
     hud:ladder      0.46 ms  (sub)
     hud:warp        8.35 ms  (sub)
     hud:arc         0.20 ms  (sub)
     hud:blend       3.10 ms  (sub)
     hud:yaw         1.10 ms  (sub)
     hud:cross       0.14 ms  (sub)
     disp:record     0.01 ms  (sub)
     disp:imshow     0.95 ms  (sub)
     disp:waitkey    9.64 ms  (sub)
[PROF 09:13:06]  36 frames   51.96 ms/frame  ->  19.2 FPS
   capture          16.16 ms   31.1%
   track            12.54 ms   24.1%
   ctrl+mav          1.65 ms    3.2%
   hud              13.70 ms   26.4%
   display           7.91 ms   15.2%
     detect         11.47 ms  (sub)
     tracker         0.00 ms  (sub)
     hud:overlay     2.58 ms  (sub)
     hud:setup       0.21 ms  (sub)
     hud:ladder      0.32 ms  (sub)
     hud:warp        6.49 ms  (sub)
     hud:arc         0.14 ms  (sub)
     hud:blend       2.69 ms  (sub)
     hud:yaw         1.04 ms  (sub)
     hud:cross       0.13 ms  (sub)
     disp:record     0.01 ms  (sub)
     disp:imshow     0.80 ms  (sub)
     disp:waitkey    7.03 ms  (sub)
[PROF 09:13:08]  33 frames   59.57 ms/frame  ->  16.8 FPS
   capture          17.63 ms   29.6%
   track            13.41 ms   22.5%
   ctrl+mav          2.01 ms    3.4%
   hud              16.71 ms   28.0%
   display           9.82 ms   16.5%
     detect         12.29 ms  (sub)
     tracker         0.00 ms  (sub)
     hud:overlay     2.81 ms  (sub)
     hud:setup       0.28 ms  (sub)
     hud:ladder      0.42 ms  (sub)
     hud:warp        7.75 ms  (sub)
     hud:arc         0.26 ms  (sub)
     hud:blend       3.70 ms  (sub)
     hud:yaw         1.20 ms  (sub)
     hud:cross       0.17 ms  (sub)
     disp:record     0.01 ms  (sub)
     disp:imshow     1.21 ms  (sub)
     disp:waitkey    8.50 ms  (sub)
[PROF 09:13:10]  32 frames   62.24 ms/frame  ->  16.1 FPS
   capture          22.10 ms   35.5%
   track            13.25 ms   21.3%
   ctrl+mav          2.43 ms    3.9%
   hud              15.18 ms   24.4%
   display           9.28 ms   14.9%
     detect         12.07 ms  (sub)
     tracker         0.00 ms  (sub)
     hud:overlay     3.53 ms  (sub)
     hud:setup       0.37 ms  (sub)
     hud:ladder      0.46 ms  (sub)
     hud:warp        6.46 ms  (sub)
     hud:arc         0.16 ms  (sub)
     hud:blend       2.88 ms  (sub)
     hud:yaw         1.06 ms  (sub)
     hud:cross       0.15 ms  (sub)
     disp:record     0.01 ms  (sub)
     disp:imshow     1.01 ms  (sub)
     disp:waitkey    8.19 ms  (sub)
[PROF 09:13:12]  36 frames   56.03 ms/frame  ->  17.8 FPS
   capture          16.01 ms   28.6%
   track            12.37 ms   22.1%
   ctrl+mav          1.71 ms    3.1%
   hud              17.13 ms   30.6%
   display           8.80 ms   15.7%
     detect         11.30 ms  (sub)
     tracker         0.00 ms  (sub)
     hud:overlay     2.79 ms  (sub)
     hud:setup       0.29 ms  (sub)
     hud:ladder      0.46 ms  (sub)
     hud:warp        7.97 ms  (sub)
     hud:arc         0.20 ms  (sub)
     hud:blend       3.68 ms  (sub)
     hud:yaw         1.42 ms  (sub)
     hud:cross       0.22 ms  (sub)
     disp:record     0.01 ms  (sub)
     disp:imshow     1.06 ms  (sub)
     disp:waitkey    7.65 ms  (sub)
[PROF 09:13:14]  32 frames   63.27 ms/frame  ->  15.8 FPS
   capture          19.09 ms   30.2%
   track            13.92 ms   22.0%
   ctrl+mav          2.44 ms    3.9%
   hud              18.42 ms   29.1%
   display           9.40 ms   14.9%
     detect         12.71 ms  (sub)
     tracker         0.00 ms  (sub)
     hud:overlay     3.10 ms  (sub)
     hud:setup       0.37 ms  (sub)
     hud:ladder      0.45 ms  (sub)
     hud:warp        8.93 ms  (sub)
     hud:arc         0.22 ms  (sub)
     hud:blend       3.69 ms  (sub)
     hud:yaw         1.35 ms  (sub)
     hud:cross       0.18 ms  (sub)
     disp:record     0.01 ms  (sub)
     disp:imshow     1.11 ms  (sub)
     disp:waitkey    8.19 ms  (sub)
[PROF 09:13:17]  35 frames   53.69 ms/frame  ->  18.6 FPS
   capture          16.08 ms   29.9%
   track            11.88 ms   22.1%
   ctrl+mav          1.70 ms    3.2%
   hud              14.62 ms   27.2%
   display           9.41 ms   17.5%
     detect         10.75 ms  (sub)
     tracker         0.00 ms  (sub)
     hud:overlay     2.55 ms  (sub)
     hud:setup       0.25 ms  (sub)
     hud:ladder      0.35 ms  (sub)
     hud:warp        6.60 ms  (sub)
     hud:arc         0.19 ms  (sub)
     hud:blend       3.21 ms  (sub)
     hud:yaw         1.20 ms  (sub)
     hud:cross       0.16 ms  (sub)
     disp:record     0.01 ms  (sub)
     disp:imshow     1.11 ms  (sub)
     disp:waitkey    8.22 ms  (sub)
[PROF 09:13:19]  29 frames   69.03 ms/frame  ->  14.5 FPS
   capture          21.69 ms   31.4%
   track            16.20 ms   23.5%
   ctrl+mav          2.79 ms    4.0%
   hud              18.70 ms   27.1%
   display           9.65 ms   14.0%
     detect         14.78 ms  (sub)
     tracker         0.00 ms  (sub)
     hud:overlay     3.36 ms  (sub)
     hud:setup       0.28 ms  (sub)
     hud:ladder      0.44 ms  (sub)
     hud:warp        9.27 ms  (sub)
     hud:arc         0.21 ms  (sub)
     hud:blend       3.57 ms  (sub)
     hud:yaw         1.28 ms  (sub)
     hud:cross       0.18 ms  (sub)
     disp:record     0.01 ms  (sub)
     disp:imshow     1.00 ms  (sub)
     disp:waitkey    8.56 ms  (sub)
[PROF 09:13:21]  33 frames   59.76 ms/frame  ->  16.7 FPS
   capture          17.91 ms   30.0%
   track            12.99 ms   21.7%
   ctrl+mav          2.23 ms    3.7%
   hud              17.36 ms   29.1%
   display           9.27 ms   15.5%
     detect         11.77 ms  (sub)
     tracker         0.00 ms  (sub)
     hud:overlay     3.07 ms  (sub)
     hud:setup       0.26 ms  (sub)
     hud:ladder      0.41 ms  (sub)
     hud:warp        7.94 ms  (sub)
     hud:arc         0.19 ms  (sub)
     hud:blend       3.86 ms  (sub)
     hud:yaw         1.33 ms  (sub)
     hud:cross       0.18 ms  (sub)
     disp:record     0.01 ms  (sub)
     disp:imshow     0.92 ms  (sub)
     disp:waitkey    8.25 ms  (sub)
[PROF 09:13:23]  31 frames   65.36 ms/frame  ->  15.3 FPS
   capture          18.30 ms   28.0%
   track            13.72 ms   21.0%
   ctrl+mav          2.93 ms    4.5%
   hud              20.22 ms   30.9%
   display          10.20 ms   15.6%
     detect         12.54 ms  (sub)
     tracker         0.00 ms  (sub)
     hud:overlay     3.55 ms  (sub)
     hud:setup       0.35 ms  (sub)
     hud:ladder      0.48 ms  (sub)
     hud:warp        9.75 ms  (sub)
     hud:arc         0.25 ms  (sub)
     hud:blend       4.13 ms  (sub)
     hud:yaw         1.41 ms  (sub)
     hud:cross       0.18 ms  (sub)
     disp:record     0.01 ms  (sub)
     disp:imshow     1.12 ms  (sub)
     disp:waitkey    8.98 ms  (sub)
[PROF 09:13:25]  36 frames   54.39 ms/frame  ->  18.4 FPS
   capture          15.03 ms   27.6%
   track            11.61 ms   21.3%
   ctrl+mav          2.32 ms    4.3%
   hud              15.81 ms   29.1%
   display           9.62 ms   17.7%
     detect         10.57 ms  (sub)
     tracker         0.00 ms  (sub)
     hud:overlay     2.84 ms  (sub)
     hud:setup       0.26 ms  (sub)
     hud:ladder      0.46 ms  (sub)
     hud:warp        6.94 ms  (sub)
     hud:arc         0.20 ms  (sub)
     hud:blend       3.35 ms  (sub)
     hud:yaw         1.45 ms  (sub)
     hud:cross       0.21 ms  (sub)
     disp:record     0.01 ms  (sub)
     disp:imshow     1.06 ms  (sub)
     disp:waitkey    8.46 ms  (sub)
[PROF 09:13:27]  30 frames   65.96 ms/frame  ->  15.2 FPS
   capture          24.54 ms   37.2%
   track            14.49 ms   22.0%
   ctrl+mav          2.72 ms    4.1%
   hud              16.47 ms   25.0%
   display           7.74 ms   11.7%
     detect         13.16 ms  (sub)
     tracker         0.00 ms  (sub)
     hud:overlay     3.40 ms  (sub)
     hud:setup       0.32 ms  (sub)
     hud:ladder      0.42 ms  (sub)
     hud:warp        7.65 ms  (sub)
     hud:arc         0.20 ms  (sub)
     hud:blend       3.11 ms  (sub)
     hud:yaw         1.09 ms  (sub)
     hud:cross       0.14 ms  (sub)
     disp:record     0.01 ms  (sub)
     disp:imshow     0.85 ms  (sub)
     disp:waitkey    6.81 ms  (sub)
[PROF 09:13:29]  37 frames   54.02 ms/frame  ->  18.5 FPS
   capture          15.30 ms   28.3%
   track            12.18 ms   22.6%
   ctrl+mav          0.59 ms    1.1%
   hud              15.66 ms   29.0%
   display          10.28 ms   19.0%
     detect         11.10 ms  (sub)
     tracker         0.00 ms  (sub)
     hud:overlay     2.59 ms  (sub)
     hud:setup       0.25 ms  (sub)
     hud:ladder      0.40 ms  (sub)
     hud:warp        7.10 ms  (sub)
     hud:arc         0.25 ms  (sub)
     hud:blend       3.44 ms  (sub)
     hud:yaw         1.34 ms  (sub)
     hud:cross       0.18 ms  (sub)
     disp:record     0.01 ms  (sub)
     disp:imshow     1.12 ms  (sub)
     disp:waitkey    9.07 ms  (sub)
[PROF 09:13:31]  31 frames   64.43 ms/frame  ->  15.5 FPS
   capture          23.82 ms   37.0%
   track            14.52 ms   22.5%
   ctrl+mav          0.43 ms    0.7%
   hud              16.64 ms   25.8%
   display           9.03 ms   14.0%
     detect         13.24 ms  (sub)
     tracker         0.00 ms  (sub)
     hud:overlay     3.31 ms  (sub)
     hud:setup       0.29 ms  (sub)
     hud:ladder      0.42 ms  (sub)
     hud:warp        7.62 ms  (sub)
     hud:arc         0.25 ms  (sub)
     hud:blend       3.32 ms  (sub)
     hud:yaw         1.17 ms  (sub)
     hud:cross       0.16 ms  (sub)
     disp:record     0.01 ms  (sub)
     disp:imshow     0.97 ms  (sub)
     disp:waitkey    7.98 ms  (sub)
[PROF 09:13:33]  31 frames   58.05 ms/frame  ->  17.2 FPS
   capture          16.06 ms   27.7%
   track            12.63 ms   21.8%
   ctrl+mav          2.18 ms    3.8%
   hud              17.44 ms   30.0%
   display           9.75 ms   16.8%
     detect         11.56 ms  (sub)
     tracker         0.00 ms  (sub)
     hud:overlay     3.14 ms  (sub)
     hud:setup       0.25 ms  (sub)
     hud:ladder      0.41 ms  (sub)
     hud:warp        7.70 ms  (sub)
     hud:arc         0.32 ms  (sub)
     hud:blend       3.79 ms  (sub)
     hud:yaw         1.54 ms  (sub)
     hud:cross       0.16 ms  (sub)
     disp:record     0.01 ms  (sub)
     disp:imshow     1.08 ms  (sub)
     disp:waitkey    8.57 ms  (sub)
[PROF 09:13:35]  31 frames   61.46 ms/frame  ->  16.3 FPS
   capture          21.19 ms   34.5%
   track            13.20 ms   21.5%
   ctrl+mav          1.89 ms    3.1%
   hud              16.22 ms   26.4%
   display           8.96 ms   14.6%
     detect         11.88 ms  (sub)
     tracker         0.00 ms  (sub)
     hud:overlay     2.74 ms  (sub)
     hud:setup       0.35 ms  (sub)
     hud:ladder      0.42 ms  (sub)
     hud:warp        7.67 ms  (sub)
     hud:arc         0.19 ms  (sub)
     hud:blend       3.27 ms  (sub)
     hud:yaw         1.27 ms  (sub)
     hud:cross       0.16 ms  (sub)
     disp:record     0.01 ms  (sub)
     disp:imshow     1.03 ms  (sub)
     disp:waitkey    7.85 ms  (sub)
[PROF 09:13:37]  32 frames   63.42 ms/frame  ->  15.8 FPS
   capture          18.66 ms   29.4%
   track            13.64 ms   21.5%
   ctrl+mav          2.06 ms    3.2%
   hud              19.42 ms   30.6%
   display           9.63 ms   15.2%
     detect         12.46 ms  (sub)
     tracker         0.00 ms  (sub)
     hud:overlay     3.08 ms  (sub)
     hud:setup       0.35 ms  (sub)
     hud:ladder      0.48 ms  (sub)
     hud:warp        9.66 ms  (sub)
     hud:arc         0.22 ms  (sub)
     hud:blend       3.92 ms  (sub)
     hud:yaw         1.42 ms  (sub)
     hud:cross       0.20 ms  (sub)
     disp:record     0.01 ms  (sub)
     disp:imshow     1.51 ms  (sub)
     disp:waitkey    8.01 ms  (sub)
[PROF 09:13:39]  33 frames   59.37 ms/frame  ->  16.8 FPS
   capture          17.62 ms   29.7%
   track            12.37 ms   20.8%
   ctrl+mav          1.72 ms    2.9%
   hud              17.65 ms   29.7%
   display          10.00 ms   16.8%
     detect         11.35 ms  (sub)
     tracker         0.00 ms  (sub)
     hud:overlay     2.78 ms  (sub)
     hud:setup       0.24 ms  (sub)
     hud:ladder      0.36 ms  (sub)
     hud:warp        8.43 ms  (sub)
     hud:arc         0.22 ms  (sub)
     hud:blend       3.95 ms  (sub)
     hud:yaw         1.40 ms  (sub)
     hud:cross       0.18 ms  (sub)
     disp:record     0.02 ms  (sub)
     disp:imshow     1.06 ms  (sub)
     disp:waitkey    8.83 ms  (sub)
[PROF 09:13:41]  31 frames   63.83 ms/frame  ->  15.7 FPS
   capture          19.93 ms   31.2%
   track            16.32 ms   25.6%
   ctrl+mav          2.50 ms    3.9%
   hud              15.75 ms   24.7%
   display           9.32 ms   14.6%
     detect         10.73 ms  (sub)
     tracker         4.34 ms  (sub)
     hud:overlay     3.04 ms  (sub)
     hud:setup       0.26 ms  (sub)
     hud:ladder      0.37 ms  (sub)
     hud:warp        7.56 ms  (sub)
     hud:arc         0.19 ms  (sub)
     hud:blend       3.03 ms  (sub)
     hud:yaw         1.04 ms  (sub)
     hud:cross       0.15 ms  (sub)
     disp:record     0.01 ms  (sub)
     disp:imshow     1.11 ms  (sub)
     disp:waitkey    8.12 ms  (sub)
[PROF 09:13:43]  31 frames   65.19 ms/frame  ->  15.3 FPS
   capture          21.86 ms   33.5%
   track            14.22 ms   21.8%
   ctrl+mav          2.38 ms    3.7%
   hud              17.62 ms   27.0%
   display           9.10 ms   14.0%
     detect         11.49 ms  (sub)
     tracker         1.60 ms  (sub)
     hud:overlay     3.15 ms  (sub)
     hud:setup       0.26 ms  (sub)
     hud:ladder      0.46 ms  (sub)
     hud:warp        8.60 ms  (sub)
     hud:arc         0.19 ms  (sub)
     hud:blend       3.47 ms  (sub)
     hud:yaw         1.22 ms  (sub)
     hud:cross       0.16 ms  (sub)
     disp:record     0.01 ms  (sub)
     disp:imshow     1.06 ms  (sub)
     disp:waitkey    7.94 ms  (sub)
[PROF 09:13:45]  32 frames   60.31 ms/frame  ->  16.6 FPS
   capture          20.26 ms   33.6%
   track            12.03 ms   19.9%
   ctrl+mav          1.92 ms    3.2%
   hud              16.71 ms   27.7%
   display           9.39 ms   15.6%
     detect         11.06 ms  (sub)
     tracker         0.00 ms  (sub)
     hud:overlay     2.94 ms  (sub)
     hud:setup       0.24 ms  (sub)
     hud:ladder      0.40 ms  (sub)
     hud:warp        7.96 ms  (sub)
     hud:arc         0.19 ms  (sub)
     hud:blend       3.33 ms  (sub)
     hud:yaw         1.29 ms  (sub)
     hud:cross       0.24 ms  (sub)
     disp:record     0.01 ms  (sub)
     disp:imshow     1.40 ms  (sub)
     disp:waitkey    7.91 ms  (sub)
[PROF 09:13:47]  28 frames   73.58 ms/frame  ->  13.6 FPS
   capture          25.75 ms   35.0%
   track            15.45 ms   21.0%
   ctrl+mav          2.63 ms    3.6%
   hud              20.10 ms   27.3%
   display           9.65 ms   13.1%
     detect         14.03 ms  (sub)
     tracker         0.00 ms  (sub)
     hud:overlay     4.11 ms  (sub)
     hud:setup       0.35 ms  (sub)
     hud:ladder      0.54 ms  (sub)
     hud:warp        9.29 ms  (sub)
     hud:arc         0.21 ms  (sub)
     hud:blend       3.84 ms  (sub)
     hud:yaw         1.43 ms  (sub)
     hud:cross       0.18 ms  (sub)
     disp:record     0.01 ms  (sub)
     disp:imshow     1.25 ms  (sub)
     disp:waitkey    8.30 ms  (sub)
[PROF 09:13:49]  30 frames   68.94 ms/frame  ->  14.5 FPS
   capture          23.53 ms   34.1%
   track            13.77 ms   20.0%
   ctrl+mav          2.78 ms    4.0%
   hud              18.64 ms   27.0%
   display          10.21 ms   14.8%
     detect         12.51 ms  (sub)
     tracker         0.00 ms  (sub)
     hud:overlay     3.31 ms  (sub)
     hud:setup       0.30 ms  (sub)
     hud:ladder      0.50 ms  (sub)
     hud:warp        8.87 ms  (sub)
     hud:arc         0.20 ms  (sub)
     hud:blend       3.76 ms  (sub)
     hud:yaw         1.40 ms  (sub)
     hud:cross       0.18 ms  (sub)
     disp:record     0.01 ms  (sub)
     disp:imshow     1.28 ms  (sub)
     disp:waitkey    8.83 ms  (sub)
[PROF 09:13:51]  30 frames   63.62 ms/frame  ->  15.7 FPS
   capture          19.77 ms   31.1%
   track            14.12 ms   22.2%
   ctrl+mav          2.60 ms    4.1%
   hud              16.07 ms   25.3%
   display          11.06 ms   17.4%
     detect         12.97 ms  (sub)
     tracker         0.00 ms  (sub)
     hud:overlay     2.98 ms  (sub)
     hud:setup       0.26 ms  (sub)
     hud:ladder      0.40 ms  (sub)
     hud:warp        7.49 ms  (sub)
     hud:arc         0.18 ms  (sub)
     hud:blend       3.09 ms  (sub)
     hud:yaw         1.35 ms  (sub)
     hud:cross       0.20 ms  (sub)
     disp:record     0.01 ms  (sub)
     disp:imshow     1.08 ms  (sub)
     disp:waitkey    9.90 ms  (sub)
[PROF 09:13:53]  31 frames   64.78 ms/frame  ->  15.4 FPS
   capture          22.57 ms   34.8%
   track            14.61 ms   22.6%
   ctrl+mav          3.00 ms    4.6%
   hud              15.99 ms   24.7%
   display           8.60 ms   13.3%
     detect         13.45 ms  (sub)
     tracker         0.00 ms  (sub)
     hud:overlay     2.87 ms  (sub)
     hud:setup       0.28 ms  (sub)
     hud:ladder      0.38 ms  (sub)
     hud:warp        7.59 ms  (sub)
     hud:arc         0.19 ms  (sub)
     hud:blend       3.02 ms  (sub)
     hud:yaw         1.41 ms  (sub)
     hud:cross       0.15 ms  (sub)
     disp:record     0.01 ms  (sub)
     disp:imshow     1.01 ms  (sub)
     disp:waitkey    7.50 ms  (sub)
[PROF 09:13:55]  30 frames   62.18 ms/frame  ->  16.1 FPS
   capture          19.67 ms   31.6%
   track            13.13 ms   21.1%
   ctrl+mav          2.30 ms    3.7%
   hud              17.64 ms   28.4%
   display           9.45 ms   15.2%
     detect         11.97 ms  (sub)
     tracker         0.00 ms  (sub)
     hud:overlay     2.85 ms  (sub)
     hud:setup       0.34 ms  (sub)
     hud:ladder      0.46 ms  (sub)
     hud:warp        8.08 ms  (sub)
     hud:arc         0.23 ms  (sub)
     hud:blend       3.83 ms  (sub)
     hud:yaw         1.45 ms  (sub)
     hud:cross       0.23 ms  (sub)
     disp:record     0.01 ms  (sub)
     disp:imshow     1.17 ms  (sub)
     disp:waitkey    8.16 ms  (sub)
[PROF 09:13:57]  33 frames   60.19 ms/frame  ->  16.6 FPS
   capture          20.30 ms   33.7%
   track            12.30 ms   20.4%
   ctrl+mav          2.29 ms    3.8%
   hud              16.09 ms   26.7%
   display           9.22 ms   15.3%
     detect         11.29 ms  (sub)
     tracker         0.00 ms  (sub)
     hud:overlay     2.97 ms  (sub)
     hud:setup       0.28 ms  (sub)
     hud:ladder      0.45 ms  (sub)
     hud:warp        7.39 ms  (sub)
     hud:arc         0.17 ms  (sub)
     hud:blend       3.16 ms  (sub)
     hud:yaw         1.33 ms  (sub)
     hud:cross       0.24 ms  (sub)
     disp:record     0.01 ms  (sub)
     disp:imshow     0.97 ms  (sub)
     disp:waitkey    8.14 ms  (sub)
[PROF 09:13:59]  29 frames   69.79 ms/frame  ->  14.3 FPS
   capture          22.45 ms   32.2%
   track            14.06 ms   20.1%
   ctrl+mav          2.52 ms    3.6%
   hud              20.87 ms   29.9%
   display           9.89 ms   14.2%
     detect         12.89 ms  (sub)
     tracker         0.00 ms  (sub)
     hud:overlay     3.39 ms  (sub)
     hud:setup       0.33 ms  (sub)
     hud:ladder      0.48 ms  (sub)
     hud:warp        9.94 ms  (sub)
     hud:arc         0.25 ms  (sub)
     hud:blend       4.42 ms  (sub)
     hud:yaw         1.74 ms  (sub)
     hud:cross       0.19 ms  (sub)
     disp:record     0.01 ms  (sub)
     disp:imshow     1.24 ms  (sub)
     disp:waitkey    8.54 ms  (sub)
[PROF 09:14:01]  33 frames   57.03 ms/frame  ->  17.5 FPS
   capture          16.26 ms   28.5%
   track            12.24 ms   21.5%
   ctrl+mav          2.03 ms    3.6%
   hud              17.97 ms   31.5%
   display           8.53 ms   15.0%
     detect         11.15 ms  (sub)
     tracker         0.00 ms  (sub)
     hud:overlay     3.05 ms  (sub)
     hud:setup       0.24 ms  (sub)
     hud:ladder      0.44 ms  (sub)
     hud:warp        9.04 ms  (sub)
     hud:arc         0.22 ms  (sub)
     hud:blend       3.28 ms  (sub)
     hud:yaw         1.32 ms  (sub)
     hud:cross       0.26 ms  (sub)
     disp:record     0.01 ms  (sub)
     disp:imshow     1.04 ms  (sub)
     disp:waitkey    7.41 ms  (sub)
[PROF 09:14:03]  26 frames   66.00 ms/frame  ->  15.2 FPS
   capture          20.48 ms   31.0%
   track            14.62 ms   22.2%
   ctrl+mav          2.98 ms    4.5%
   hud              18.94 ms   28.7%
   display           8.97 ms   13.6%
     detect         13.50 ms  (sub)
     tracker         0.00 ms  (sub)
     hud:overlay     4.17 ms  (sub)
     hud:setup       0.34 ms  (sub)
     hud:ladder      0.58 ms  (sub)
     hud:warp        8.86 ms  (sub)
     hud:arc         0.21 ms  (sub)
     hud:blend       3.33 ms  (sub)
     hud:yaw         1.13 ms  (sub)
     hud:cross       0.15 ms  (sub)
     disp:record     0.01 ms  (sub)
     disp:imshow     0.93 ms  (sub)
     disp:waitkey    7.96 ms  (sub)
[PROF 09:14:06]  31 frames   64.37 ms/frame  ->  15.5 FPS
   capture          20.30 ms   31.5%
   track            14.89 ms   23.1%
   ctrl+mav          2.39 ms    3.7%
   hud              17.50 ms   27.2%
   display           9.29 ms   14.4%
     detect         13.72 ms  (sub)
     tracker         0.00 ms  (sub)
     hud:overlay     3.03 ms  (sub)
     hud:setup       0.28 ms  (sub)
     hud:ladder      0.43 ms  (sub)
     hud:warp        8.77 ms  (sub)
     hud:arc         0.19 ms  (sub)
     hud:blend       3.20 ms  (sub)
     hud:yaw         1.32 ms  (sub)
     hud:cross       0.16 ms  (sub)
     disp:record     0.01 ms  (sub)
     disp:imshow     1.12 ms  (sub)
     disp:waitkey    8.08 ms  (sub)
[PROF 09:14:08]  33 frames   62.31 ms/frame  ->  16.0 FPS
   capture          19.56 ms   31.4%
   track            13.44 ms   21.6%
   ctrl+mav          2.36 ms    3.8%
   hud              17.26 ms   27.7%
   display           9.69 ms   15.5%
     detect         12.17 ms  (sub)
     tracker         0.00 ms  (sub)
     hud:overlay     3.25 ms  (sub)
     hud:setup       0.26 ms  (sub)
     hud:ladder      0.44 ms  (sub)
     hud:warp        8.16 ms  (sub)
     hud:arc         0.19 ms  (sub)
     hud:blend       3.31 ms  (sub)
     hud:yaw         1.36 ms  (sub)
     hud:cross       0.17 ms  (sub)
     disp:record     0.01 ms  (sub)
     disp:imshow     1.22 ms  (sub)
     disp:waitkey    8.36 ms  (sub)
[PROF 09:14:10]  32 frames   61.39 ms/frame  ->  16.3 FPS
   capture          19.15 ms   31.2%
   track            13.94 ms   22.7%
   ctrl+mav          2.08 ms    3.4%
   hud              17.33 ms   28.2%
   display           8.89 ms   14.5%
     detect         12.72 ms  (sub)
     tracker         0.00 ms  (sub)
     hud:overlay     3.12 ms  (sub)
     hud:setup       0.25 ms  (sub)
     hud:ladder      0.43 ms  (sub)
     hud:warp        8.40 ms  (sub)
     hud:arc         0.20 ms  (sub)
     hud:blend       3.37 ms  (sub)
     hud:yaw         1.30 ms  (sub)
     hud:cross       0.16 ms  (sub)
     disp:record     0.01 ms  (sub)
     disp:imshow     0.97 ms  (sub)
     disp:waitkey    7.83 ms  (sub)
[PROF 09:14:12]  30 frames   69.41 ms/frame  ->  14.4 FPS
   capture          23.01 ms   33.2%
   track            13.79 ms   19.9%
   ctrl+mav          2.71 ms    3.9%
   hud              19.97 ms   28.8%
   display           9.94 ms   14.3%
     detect         12.60 ms  (sub)
     tracker         0.00 ms  (sub)
     hud:overlay     3.60 ms  (sub)
     hud:setup       0.31 ms  (sub)
     hud:ladder      0.51 ms  (sub)
     hud:warp        9.53 ms  (sub)
     hud:arc         0.21 ms  (sub)
     hud:blend       3.85 ms  (sub)
     hud:yaw         1.66 ms  (sub)
     hud:cross       0.19 ms  (sub)
     disp:record     0.01 ms  (sub)
     disp:imshow     1.20 ms  (sub)
     disp:waitkey    8.63 ms  (sub)
[PROF 09:14:14]  33 frames   61.22 ms/frame  ->  16.3 FPS
   capture          16.46 ms   26.9%
   track            13.02 ms   21.3%
   ctrl+mav          2.35 ms    3.8%
   hud              20.30 ms   33.2%
   display           9.09 ms   14.9%
     detect         12.02 ms  (sub)
     tracker         0.00 ms  (sub)
     hud:overlay     3.65 ms  (sub)
     hud:setup       0.29 ms  (sub)
     hud:ladder      0.56 ms  (sub)
     hud:warp       10.03 ms  (sub)
     hud:arc         0.20 ms  (sub)
     hud:blend       3.85 ms  (sub)
     hud:yaw         1.43 ms  (sub)
     hud:cross       0.17 ms  (sub)
     disp:record     0.01 ms  (sub)
     disp:imshow     1.03 ms  (sub)
     disp:waitkey    7.97 ms  (sub)
[PROF 09:14:16]  29 frames   65.69 ms/frame  ->  15.2 FPS
   capture          20.11 ms   30.6%
   track            12.93 ms   19.7%
   ctrl+mav          2.56 ms    3.9%
   hud              18.79 ms   28.6%
   display          11.30 ms   17.2%
     detect         11.82 ms  (sub)
     tracker         0.00 ms  (sub)
     hud:overlay     3.49 ms  (sub)
     hud:setup       0.34 ms  (sub)
     hud:ladder      0.54 ms  (sub)
     hud:warp        8.55 ms  (sub)
     hud:arc         0.23 ms  (sub)
     hud:blend       3.82 ms  (sub)
     hud:yaw         1.53 ms  (sub)
     hud:cross       0.18 ms  (sub)
     disp:record     0.01 ms  (sub)
     disp:imshow     1.12 ms  (sub)
     disp:waitkey   10.07 ms  (sub)
[PROF 09:14:18]  25 frames   67.03 ms/frame  ->  14.9 FPS
   capture          22.69 ms   33.8%
   track            13.56 ms   20.2%
   ctrl+mav          2.77 ms    4.1%
   hud              18.53 ms   27.6%
   display           9.48 ms   14.1%
     detect         12.33 ms  (sub)
     tracker         0.00 ms  (sub)
     hud:overlay     3.58 ms  (sub)
     hud:setup       0.35 ms  (sub)
     hud:ladder      0.45 ms  (sub)
     hud:warp        8.45 ms  (sub)
     hud:arc         0.28 ms  (sub)
     hud:blend       3.64 ms  (sub)
     hud:yaw         1.47 ms  (sub)
     hud:cross       0.19 ms  (sub)
     disp:record     0.01 ms  (sub)
     disp:imshow     1.07 ms  (sub)
     disp:waitkey    8.32 ms  (sub)
[PROF 09:14:20]  27 frames   72.69 ms/frame  ->  13.8 FPS
   capture          24.83 ms   34.2%
   track            13.29 ms   18.3%
   ctrl+mav          2.65 ms    3.6%
   hud              20.18 ms   27.8%
   display          11.73 ms   16.1%
     detect         12.15 ms  (sub)
     tracker         0.00 ms  (sub)
     hud:overlay     3.09 ms  (sub)
     hud:setup       0.30 ms  (sub)
     hud:ladder      0.40 ms  (sub)
     hud:warp        9.35 ms  (sub)
     hud:arc         0.26 ms  (sub)
     hud:blend       4.55 ms  (sub)
     hud:yaw         1.87 ms  (sub)
     hud:cross       0.23 ms  (sub)
     disp:record     0.01 ms  (sub)
     disp:imshow     1.35 ms  (sub)
     disp:waitkey   10.28 ms  (sub)
[PROF 09:14:22]  32 frames   61.79 ms/frame  ->  16.2 FPS
   capture          19.53 ms   31.6%
   track            12.52 ms   20.3%
   ctrl+mav          2.31 ms    3.7%
   hud              18.31 ms   29.6%
   display           9.12 ms   14.8%
     detect         11.37 ms  (sub)
     tracker         0.00 ms  (sub)
     hud:overlay     3.00 ms  (sub)
     hud:setup       0.30 ms  (sub)
     hud:ladder      0.43 ms  (sub)
     hud:warp        8.91 ms  (sub)
     hud:arc         0.20 ms  (sub)
     hud:blend       3.60 ms  (sub)
     hud:yaw         1.56 ms  (sub)
     hud:cross       0.20 ms  (sub)
     disp:record     0.01 ms  (sub)
     disp:imshow     1.00 ms  (sub)
     disp:waitkey    8.03 ms  (sub)
[PROF 09:14:24]  32 frames   61.73 ms/frame  ->  16.2 FPS
   capture          20.92 ms   33.9%
   track            12.73 ms   20.6%
   ctrl+mav          2.22 ms    3.6%
   hud              17.23 ms   27.9%
   display           8.63 ms   14.0%
     detect         11.52 ms  (sub)
     tracker         0.00 ms  (sub)
     hud:overlay     3.28 ms  (sub)
     hud:setup       0.25 ms  (sub)
     hud:ladder      0.39 ms  (sub)
     hud:warp        7.52 ms  (sub)
     hud:arc         0.24 ms  (sub)
     hud:blend       3.69 ms  (sub)
     hud:yaw         1.58 ms  (sub)
     hud:cross       0.18 ms  (sub)
     disp:record     0.01 ms  (sub)
     disp:imshow     1.02 ms  (sub)
     disp:waitkey    7.52 ms  (sub)
[PROF 09:14:26]  28 frames   71.47 ms/frame  ->  14.0 FPS
   capture          22.37 ms   31.3%
   track            14.11 ms   19.7%
   ctrl+mav          3.01 ms    4.2%
   hud              19.65 ms   27.5%
   display          12.32 ms   17.2%
     detect         13.07 ms  (sub)
     tracker         0.00 ms  (sub)
     hud:overlay     3.77 ms  (sub)
     hud:setup       0.37 ms  (sub)
     hud:ladder      0.60 ms  (sub)
     hud:warp        9.65 ms  (sub)
     hud:arc         0.20 ms  (sub)
     hud:blend       3.44 ms  (sub)
     hud:yaw         1.32 ms  (sub)
     hud:cross       0.17 ms  (sub)
     disp:record     0.02 ms  (sub)
     disp:imshow     1.09 ms  (sub)
     disp:waitkey   11.12 ms  (sub)
[PROF 09:14:28]  32 frames   60.71 ms/frame  ->  16.5 FPS
   capture          19.75 ms   32.5%
   track            11.98 ms   19.7%
   ctrl+mav          1.66 ms    2.7%
   hud              17.77 ms   29.3%
   display           9.56 ms   15.7%
     detect         10.96 ms  (sub)
     tracker         0.00 ms  (sub)
     hud:overlay     3.02 ms  (sub)
     hud:setup       0.26 ms  (sub)
     hud:ladder      0.49 ms  (sub)
     hud:warp        8.33 ms  (sub)
     hud:arc         0.19 ms  (sub)
     hud:blend       3.59 ms  (sub)
     hud:yaw         1.58 ms  (sub)
     hud:cross       0.19 ms  (sub)
     disp:record     0.01 ms  (sub)
     disp:imshow     1.05 ms  (sub)
     disp:waitkey    8.40 ms  (sub)
[PROF 09:14:30]  30 frames   68.92 ms/frame  ->  14.5 FPS
   capture          23.01 ms   33.4%
   track            14.35 ms   20.8%
   ctrl+mav          2.81 ms    4.1%
   hud              19.47 ms   28.3%
   display           9.26 ms   13.4%
     detect         13.09 ms  (sub)
     tracker         0.00 ms  (sub)
     hud:overlay     3.33 ms  (sub)
     hud:setup       0.38 ms  (sub)
     hud:ladder      0.49 ms  (sub)
     hud:warp        8.89 ms  (sub)
     hud:arc         0.34 ms  (sub)
     hud:blend       3.98 ms  (sub)
     hud:yaw         1.62 ms  (sub)
     hud:cross       0.31 ms  (sub)
     disp:record     0.01 ms  (sub)
     disp:imshow     1.07 ms  (sub)
     disp:waitkey    8.08 ms  (sub)
[PROF 09:14:32]  30 frames   66.45 ms/frame  ->  15.0 FPS
   capture          21.48 ms   32.3%
   track            14.35 ms   21.6%
   ctrl+mav          2.62 ms    3.9%
   hud              18.01 ms   27.1%
   display           9.99 ms   15.0%
     detect         13.01 ms  (sub)
     tracker         0.00 ms  (sub)
     hud:overlay     3.51 ms  (sub)
     hud:setup       0.28 ms  (sub)
     hud:ladder      0.44 ms  (sub)
     hud:warp        8.51 ms  (sub)
     hud:arc         0.22 ms  (sub)
     hud:blend       3.41 ms  (sub)
     hud:yaw         1.36 ms  (sub)
     hud:cross       0.17 ms  (sub)
     disp:record     0.01 ms  (sub)
     disp:imshow     1.25 ms  (sub)
     disp:waitkey    8.65 ms  (sub)
[PROF 09:14:34]  31 frames   60.13 ms/frame  ->  16.6 FPS
   capture          20.56 ms   34.2%
   track            12.19 ms   20.3%
   ctrl+mav          2.48 ms    4.1%
   hud              15.64 ms   26.0%
   display           9.26 ms   15.4%
     detect         11.24 ms  (sub)
     tracker         0.00 ms  (sub)
     hud:overlay     3.15 ms  (sub)
     hud:setup       0.26 ms  (sub)
     hud:ladder      0.42 ms  (sub)
     hud:warp        7.53 ms  (sub)
     hud:arc         0.18 ms  (sub)
     hud:blend       2.71 ms  (sub)
     hud:yaw         1.12 ms  (sub)
     hud:cross       0.16 ms  (sub)
     disp:record     0.01 ms  (sub)
     disp:imshow     0.94 ms  (sub)
     disp:waitkey    8.24 ms  (sub)
[PROF 09:14:36]  26 frames   75.91 ms/frame  ->  13.2 FPS
   capture          26.94 ms   35.5%
   track            14.92 ms   19.6%
   ctrl+mav          3.07 ms    4.0%
   hud              21.48 ms   28.3%
   display           9.51 ms   12.5%
     detect         13.62 ms  (sub)
     tracker         0.00 ms  (sub)
     hud:overlay     4.07 ms  (sub)
     hud:setup       0.36 ms  (sub)
     hud:ladder      0.62 ms  (sub)
     hud:warp       10.45 ms  (sub)
     hud:arc         0.30 ms  (sub)
     hud:blend       3.85 ms  (sub)
     hud:yaw         1.51 ms  (sub)
     hud:cross       0.18 ms  (sub)
     disp:record     0.01 ms  (sub)
     disp:imshow     1.14 ms  (sub)
     disp:waitkey    8.26 ms  (sub)
[PROF 09:14:38]  27 frames   74.90 ms/frame  ->  13.4 FPS
   capture          22.67 ms   30.3%
   track            17.00 ms   22.7%
   ctrl+mav          3.42 ms    4.6%
   hud              22.68 ms   30.3%
   display           9.14 ms   12.2%
     detect         15.66 ms  (sub)
     tracker         0.00 ms  (sub)
     hud:overlay     4.20 ms  (sub)
     hud:setup       0.39 ms  (sub)
     hud:ladder      0.66 ms  (sub)
     hud:warp       10.85 ms  (sub)
     hud:arc         0.27 ms  (sub)
     hud:blend       4.45 ms  (sub)
     hud:yaw         1.52 ms  (sub)
     hud:cross       0.20 ms  (sub)
     disp:record     0.01 ms  (sub)
     disp:imshow     1.24 ms  (sub)
     disp:waitkey    7.81 ms  (sub)
[PROF 09:14:40]  24 frames   66.21 ms/frame  ->  15.1 FPS
   capture          20.11 ms   30.4%
   track            14.98 ms   22.6%
   ctrl+mav          2.49 ms    3.8%
   hud              20.07 ms   30.3%
   display           8.56 ms   12.9%
     detect         13.75 ms  (sub)
     tracker         0.00 ms  (sub)
     hud:overlay     3.90 ms  (sub)
     hud:setup       0.31 ms  (sub)
     hud:ladder      0.55 ms  (sub)
     hud:warp        9.64 ms  (sub)
     hud:arc         0.23 ms  (sub)
     hud:blend       3.67 ms  (sub)
     hud:yaw         1.52 ms  (sub)
     hud:cross       0.14 ms  (sub)
     disp:record     0.01 ms  (sub)
     disp:imshow     1.00 ms  (sub)
     disp:waitkey    7.48 ms  (sub)
[PROF 09:14:42]  29 frames   69.93 ms/frame  ->  14.3 FPS
   capture          23.67 ms   33.9%
   track            14.54 ms   20.8%
   ctrl+mav          2.81 ms    4.0%
   hud              20.23 ms   28.9%
   display           8.69 ms   12.4%
     detect         13.34 ms  (sub)
     tracker         0.00 ms  (sub)
     hud:overlay     4.01 ms  (sub)
     hud:setup       0.28 ms  (sub)
     hud:ladder      0.57 ms  (sub)
     hud:warp        9.68 ms  (sub)
     hud:arc         0.23 ms  (sub)
     hud:blend       3.61 ms  (sub)
     hud:yaw         1.51 ms  (sub)
     hud:cross       0.23 ms  (sub)
     disp:record     0.01 ms  (sub)
     disp:imshow     0.96 ms  (sub)
     disp:waitkey    7.63 ms  (sub)
[PROF 09:14:44]  30 frames   67.66 ms/frame  ->  14.8 FPS
   capture          21.34 ms   31.5%
   track            14.40 ms   21.3%
   ctrl+mav          2.72 ms    4.0%
   hud              18.56 ms   27.4%
   display          10.64 ms   15.7%
     detect         13.21 ms  (sub)
     tracker         0.00 ms  (sub)
     hud:overlay     3.53 ms  (sub)
     hud:setup       0.27 ms  (sub)
     hud:ladder      0.48 ms  (sub)
     hud:warp        8.54 ms  (sub)
     hud:arc         0.21 ms  (sub)
     hud:blend       3.58 ms  (sub)
     hud:yaw         1.65 ms  (sub)
     hud:cross       0.18 ms  (sub)
     disp:record     0.01 ms  (sub)
     disp:imshow     1.09 ms  (sub)
     disp:waitkey    9.45 ms  (sub)
[PROF 09:14:46]  32 frames   59.48 ms/frame  ->  16.8 FPS
   capture          17.65 ms   29.7%
   track            13.32 ms   22.4%
   ctrl+mav          2.13 ms    3.6%
   hud              16.93 ms   28.5%
   display           9.45 ms   15.9%
     detect         12.38 ms  (sub)
     tracker         0.00 ms  (sub)
     hud:overlay     3.37 ms  (sub)
     hud:setup       0.32 ms  (sub)
     hud:ladder      0.60 ms  (sub)
     hud:warp        7.72 ms  (sub)
     hud:arc         0.19 ms  (sub)
     hud:blend       3.06 ms  (sub)
     hud:yaw         1.29 ms  (sub)
     hud:cross       0.26 ms  (sub)
     disp:record     0.01 ms  (sub)
     disp:imshow     1.13 ms  (sub)
     disp:waitkey    8.24 ms  (sub)
[PROF 09:14:48]  28 frames   72.60 ms/frame  ->  13.8 FPS
   capture          25.97 ms   35.8%
   track            14.16 ms   19.5%
   ctrl+mav          2.81 ms    3.9%
   hud              20.26 ms   27.9%
   display           9.40 ms   12.9%
     detect         12.87 ms  (sub)
     tracker         0.00 ms  (sub)
     hud:overlay     3.87 ms  (sub)
     hud:setup       0.32 ms  (sub)
     hud:ladder      0.58 ms  (sub)
     hud:warp        9.44 ms  (sub)
     hud:arc         0.23 ms  (sub)
     hud:blend       4.13 ms  (sub)
     hud:yaw         1.37 ms  (sub)
     hud:cross       0.20 ms  (sub)
     disp:record     0.01 ms  (sub)
     disp:imshow     1.00 ms  (sub)
     disp:waitkey    8.30 ms  (sub)
[PROF 09:14:50]  31 frames   65.44 ms/frame  ->  15.3 FPS
   capture          20.71 ms   31.6%
   track            14.32 ms   21.9%
   ctrl+mav          2.42 ms    3.7%
   hud              19.24 ms   29.4%
   display           8.75 ms   13.4%
     detect         13.09 ms  (sub)
     tracker         0.00 ms  (sub)
     hud:overlay     3.86 ms  (sub)
     hud:setup       0.32 ms  (sub)
     hud:ladder      0.56 ms  (sub)
     hud:warp        8.59 ms  (sub)
     hud:arc         0.19 ms  (sub)
     hud:blend       3.98 ms  (sub)
     hud:yaw         1.45 ms  (sub)
     hud:cross       0.18 ms  (sub)
     disp:record     0.01 ms  (sub)
     disp:imshow     0.99 ms  (sub)
     disp:waitkey    7.65 ms  (sub)
[PROF 09:14:52]  34 frames   56.98 ms/frame  ->  17.6 FPS
   capture          19.26 ms   33.8%
   track            11.23 ms   19.7%
   ctrl+mav          2.01 ms    3.5%
   hud              15.25 ms   26.8%
   display           9.23 ms   16.2%
     detect         10.34 ms  (sub)
     tracker         0.00 ms  (sub)
     hud:overlay     2.79 ms  (sub)
     hud:setup       0.26 ms  (sub)
     hud:ladder      0.41 ms  (sub)
     hud:warp        6.35 ms  (sub)
     hud:arc         0.16 ms  (sub)
     hud:blend       3.37 ms  (sub)
     hud:yaw         1.60 ms  (sub)
     hud:cross       0.17 ms  (sub)
     disp:record     0.01 ms  (sub)
     disp:imshow     1.01 ms  (sub)
     disp:waitkey    8.09 ms  (sub)
[PROF 09:14:55]  26 frames   78.89 ms/frame  ->  12.7 FPS
   capture          27.18 ms   34.5%
   track            15.50 ms   19.6%
   ctrl+mav          3.05 ms    3.9%
   hud              23.82 ms   30.2%
   display           9.34 ms   11.8%
     detect         14.23 ms  (sub)
     tracker         0.00 ms  (sub)
     hud:overlay     4.22 ms  (sub)
     hud:setup       0.33 ms  (sub)
     hud:ladder      0.61 ms  (sub)
     hud:warp       10.97 ms  (sub)
     hud:arc         0.28 ms  (sub)
     hud:blend       4.97 ms  (sub)
     hud:yaw         2.12 ms  (sub)
     hud:cross       0.19 ms  (sub)
     disp:record     0.01 ms  (sub)
     disp:imshow     1.14 ms  (sub)
     disp:waitkey    8.11 ms  (sub)
[PROF 09:14:57]  28 frames   71.69 ms/frame  ->  13.9 FPS
   capture          23.24 ms   32.4%
   track            14.12 ms   19.7%
   ctrl+mav          2.86 ms    4.0%
   hud              21.31 ms   29.7%
   display          10.17 ms   14.2%
     detect         13.06 ms  (sub)
     tracker         0.00 ms  (sub)
     hud:overlay     3.98 ms  (sub)
     hud:setup       0.30 ms  (sub)
     hud:ladder      0.57 ms  (sub)
     hud:warp        9.66 ms  (sub)
     hud:arc         0.22 ms  (sub)
     hud:blend       4.47 ms  (sub)
     hud:yaw         1.78 ms  (sub)
     hud:cross       0.21 ms  (sub)
     disp:record     0.01 ms  (sub)
     disp:imshow     1.24 ms  (sub)
     disp:waitkey    8.84 ms  (sub)
[PROF 09:14:59]  29 frames   65.97 ms/frame  ->  15.2 FPS
   capture          22.52 ms   34.1%
   track            13.78 ms   20.9%
   ctrl+mav          2.52 ms    3.8%
   hud              17.16 ms   26.0%
   display          10.00 ms   15.2%
     detect         12.58 ms  (sub)
     tracker         0.00 ms  (sub)
     hud:overlay     3.04 ms  (sub)
     hud:setup       0.26 ms  (sub)
     hud:ladder      0.41 ms  (sub)
     hud:warp        7.60 ms  (sub)
     hud:arc         0.20 ms  (sub)
     hud:blend       3.70 ms  (sub)
     hud:yaw         1.64 ms  (sub)
     hud:cross       0.18 ms  (sub)
     disp:record     0.01 ms  (sub)
     disp:imshow     1.22 ms  (sub)
     disp:waitkey    8.61 ms  (sub)
[PROF 09:15:01]  32 frames   61.54 ms/frame  ->  16.2 FPS
   capture          19.21 ms   31.2%
   track            11.83 ms   19.2%
   ctrl+mav          2.32 ms    3.8%
   hud              18.43 ms   29.9%
   display           9.76 ms   15.9%
     detect         10.77 ms  (sub)
     tracker         0.00 ms  (sub)
     hud:overlay     3.36 ms  (sub)
     hud:setup       0.28 ms  (sub)
     hud:ladder      0.46 ms  (sub)
     hud:warp        8.44 ms  (sub)
     hud:arc         0.29 ms  (sub)
     hud:blend       3.95 ms  (sub)
     hud:yaw         1.33 ms  (sub)
     hud:cross       0.18 ms  (sub)
     disp:record     0.01 ms  (sub)
     disp:imshow     1.09 ms  (sub)
     disp:waitkey    8.58 ms  (sub)
[PROF 09:15:03]  29 frames   69.15 ms/frame  ->  14.5 FPS
   capture          24.13 ms   34.9%
   track            14.06 ms   20.3%
   ctrl+mav          2.50 ms    3.6%
   hud              19.23 ms   27.8%
   display           9.23 ms   13.3%
     detect         12.91 ms  (sub)
     tracker         0.00 ms  (sub)
     hud:overlay     3.57 ms  (sub)
     hud:setup       0.30 ms  (sub)
     hud:ladder      0.51 ms  (sub)
     hud:warp        9.63 ms  (sub)
     hud:arc         0.22 ms  (sub)
     hud:blend       3.50 ms  (sub)
     hud:yaw         1.22 ms  (sub)
     hud:cross       0.16 ms  (sub)
     disp:record     0.01 ms  (sub)
     disp:imshow     1.00 ms  (sub)
     disp:waitkey    8.15 ms  (sub)
[PROF 09:15:05]  27 frames   63.36 ms/frame  ->  15.8 FPS
   capture          20.45 ms   32.3%
   track            12.03 ms   19.0%
   ctrl+mav          2.72 ms    4.3%
   hud              18.78 ms   29.6%
   display           9.38 ms   14.8%
     detect         10.99 ms  (sub)
     tracker         0.00 ms  (sub)
     hud:overlay     3.46 ms  (sub)
     hud:setup       0.29 ms  (sub)
     hud:ladder      0.53 ms  (sub)
     hud:warp        9.32 ms  (sub)
     hud:arc         0.20 ms  (sub)
     hud:blend       3.39 ms  (sub)
     hud:yaw         1.27 ms  (sub)
     hud:cross       0.16 ms  (sub)
     disp:record     0.01 ms  (sub)
     disp:imshow     0.97 ms  (sub)
     disp:waitkey    8.33 ms  (sub)
[PROF 09:15:07]  12 frames  146.48 ms/frame  ->   6.8 FPS
   capture          33.33 ms   22.8%
   track            22.07 ms   15.1%
   ctrl+mav          9.05 ms    6.2%
   hud              19.82 ms   13.5%
   display          62.21 ms   42.5%
     detect         12.86 ms  (sub)
     tracker         7.50 ms  (sub)
     hud:overlay     4.16 ms  (sub)
     hud:setup       0.28 ms  (sub)
     hud:ladder      0.86 ms  (sub)
     hud:warp        8.95 ms  (sub)
     hud:arc         0.28 ms  (sub)
     hud:blend       3.56 ms  (sub)
     hud:yaw         1.44 ms  (sub)
     hud:cross       0.16 ms  (sub)
     disp:record    48.51 ms  (sub)
     disp:imshow     1.74 ms  (sub)
     disp:waitkey   11.86 ms  (sub)
[PROF 09:15:09]  20 frames  102.40 ms/frame  ->   9.8 FPS
   capture          29.90 ms   29.2%
   track            19.56 ms   19.1%
   ctrl+mav          5.21 ms    5.1%
   hud              21.67 ms   21.2%
   display          26.06 ms   25.5%
     detect         14.02 ms  (sub)
     tracker         4.31 ms  (sub)
     hud:overlay     4.20 ms  (sub)
     hud:setup       0.32 ms  (sub)
     hud:ladder      0.57 ms  (sub)
     hud:warp       10.45 ms  (sub)
     hud:arc         0.22 ms  (sub)
     hud:blend       3.96 ms  (sub)
     hud:yaw         1.65 ms  (sub)
     hud:cross       0.18 ms  (sub)
     disp:record     7.00 ms  (sub)
     disp:imshow     2.58 ms  (sub)
     disp:waitkey   16.09 ms  (sub)
[PROF 09:15:11]  16 frames  112.19 ms/frame  ->   8.9 FPS
   capture          40.33 ms   35.9%
   track            20.38 ms   18.2%
   ctrl+mav          6.20 ms    5.5%
   hud              19.42 ms   17.3%
   display          25.87 ms   23.1%
     detect         19.05 ms  (sub)
     tracker         0.00 ms  (sub)
     hud:overlay     4.44 ms  (sub)
     hud:setup       0.41 ms  (sub)
     hud:ladder      0.47 ms  (sub)
     hud:warp        8.94 ms  (sub)
     hud:arc         0.19 ms  (sub)
     hud:blend       3.18 ms  (sub)
     hud:yaw         1.50 ms  (sub)
     hud:cross       0.16 ms  (sub)
     disp:record     9.02 ms  (sub)
     disp:imshow     2.75 ms  (sub)
     disp:waitkey   13.98 ms  (sub)
[PROF 09:15:13]  19 frames  112.89 ms/frame  ->   8.9 FPS
   capture          34.62 ms   30.7%
   track            16.98 ms   15.0%
   ctrl+mav         11.09 ms    9.8%
   hud              23.41 ms   20.7%
   display          26.79 ms   23.7%
     detect         14.81 ms  (sub)
     tracker         0.93 ms  (sub)
     hud:overlay     5.87 ms  (sub)
     hud:setup       0.36 ms  (sub)
     hud:ladder      0.62 ms  (sub)
     hud:warp       10.91 ms  (sub)
     hud:arc         0.26 ms  (sub)
     hud:blend       3.64 ms  (sub)
     hud:yaw         1.44 ms  (sub)
     hud:cross       0.17 ms  (sub)
     disp:record     9.55 ms  (sub)
     disp:imshow     2.27 ms  (sub)
     disp:waitkey   14.85 ms  (sub)
[PROF 09:15:15]  20 frames  101.92 ms/frame  ->   9.8 FPS
   capture          34.95 ms   34.3%
   track            17.15 ms   16.8%
   ctrl+mav          5.69 ms    5.6%
   hud              19.30 ms   18.9%
   display          24.83 ms   24.4%
     detect         15.79 ms  (sub)
     tracker         0.00 ms  (sub)
     hud:overlay     4.15 ms  (sub)
     hud:setup       0.31 ms  (sub)
     hud:ladder      0.49 ms  (sub)
     hud:warp        8.94 ms  (sub)
     hud:arc         0.19 ms  (sub)
     hud:blend       3.40 ms  (sub)
     hud:yaw         1.53 ms  (sub)
     hud:cross       0.17 ms  (sub)
     disp:record     9.18 ms  (sub)
     disp:imshow     2.18 ms  (sub)
     disp:waitkey   13.35 ms  (sub)
[PROF 09:15:17]  17 frames  112.34 ms/frame  ->   8.9 FPS
   capture          33.52 ms   29.8%
   track            20.83 ms   18.5%
   ctrl+mav          6.72 ms    6.0%
   hud              22.06 ms   19.6%
   display          29.21 ms   26.0%
     detect         14.28 ms  (sub)
     tracker         5.14 ms  (sub)
     hud:overlay     4.48 ms  (sub)
     hud:setup       0.41 ms  (sub)
     hud:ladder      0.65 ms  (sub)
     hud:warp        9.89 ms  (sub)
     hud:arc         0.28 ms  (sub)
     hud:blend       3.88 ms  (sub)
     hud:yaw         2.13 ms  (sub)
     hud:cross       0.20 ms  (sub)
     disp:record     8.99 ms  (sub)
     disp:imshow     2.45 ms  (sub)
     disp:waitkey   17.44 ms  (sub)
[PROF 09:15:19]  17 frames  117.67 ms/frame  ->   8.5 FPS
   capture          36.06 ms   30.6%
   track            27.58 ms   23.4%
   ctrl+mav          4.71 ms    4.0%
   hud              21.60 ms   18.4%
   display          27.71 ms   23.5%
     detect         10.38 ms  (sub)
     tracker        15.48 ms  (sub)
     hud:overlay     4.40 ms  (sub)
     hud:setup       0.28 ms  (sub)
     hud:ladder      0.47 ms  (sub)
     hud:warp        9.43 ms  (sub)
     hud:arc         0.31 ms  (sub)
     hud:blend       4.59 ms  (sub)
     hud:yaw         1.68 ms  (sub)
     hud:cross       0.32 ms  (sub)
     disp:record    10.88 ms  (sub)
     disp:imshow     2.42 ms  (sub)
     disp:waitkey   14.25 ms  (sub)
[PROF 09:15:21]  18 frames  114.37 ms/frame  ->   8.7 FPS
   capture          34.65 ms   30.3%
   track            25.78 ms   22.5%
   ctrl+mav          5.95 ms    5.2%
   hud              17.81 ms   15.6%
   display          30.19 ms   26.4%
     detect         12.34 ms  (sub)
     tracker        11.49 ms  (sub)
     hud:overlay     4.00 ms  (sub)
     hud:setup       0.28 ms  (sub)
     hud:ladder      0.45 ms  (sub)
     hud:warp        7.84 ms  (sub)
     hud:arc         0.18 ms  (sub)
     hud:blend       3.36 ms  (sub)
     hud:yaw         1.43 ms  (sub)
     hud:cross       0.16 ms  (sub)
     disp:record     8.99 ms  (sub)
     disp:imshow     2.26 ms  (sub)
     disp:waitkey   18.78 ms  (sub)
[PROF 09:15:23]  18 frames  112.65 ms/frame  ->   8.9 FPS
   capture          39.70 ms   35.2%
   track            23.89 ms   21.2%
   ctrl+mav          4.00 ms    3.6%
   hud              19.89 ms   17.7%
   display          25.17 ms   22.3%
     detect          6.46 ms  (sub)
     tracker        15.60 ms  (sub)
     hud:overlay     3.99 ms  (sub)
     hud:setup       0.28 ms  (sub)
     hud:ladder      0.51 ms  (sub)
     hud:warp        9.79 ms  (sub)
     hud:arc         0.20 ms  (sub)
     hud:blend       3.23 ms  (sub)
     hud:yaw         1.55 ms  (sub)
     hud:cross       0.22 ms  (sub)
     disp:record     9.00 ms  (sub)
     disp:imshow     2.16 ms  (sub)
     disp:waitkey   13.80 ms  (sub)
[PROF 09:15:25]  19 frames  118.05 ms/frame  ->   8.5 FPS
   capture          35.92 ms   30.4%
   track            21.00 ms   17.8%
   ctrl+mav         13.43 ms   11.4%
   hud              21.24 ms   18.0%
   display          26.47 ms   22.4%
     detect         14.40 ms  (sub)
     tracker         5.07 ms  (sub)
     hud:overlay     3.64 ms  (sub)
     hud:setup       0.29 ms  (sub)
     hud:ladder      0.55 ms  (sub)
     hud:warp       10.76 ms  (sub)
     hud:arc         0.23 ms  (sub)
     hud:blend       3.69 ms  (sub)
     hud:yaw         1.77 ms  (sub)
     hud:cross       0.20 ms  (sub)
     disp:record     8.47 ms  (sub)
     disp:imshow     2.96 ms  (sub)
     disp:waitkey   14.88 ms  (sub)
[PROF 09:15:27]  18 frames  107.06 ms/frame  ->   9.3 FPS
   capture          36.34 ms   33.9%
   track            25.80 ms   24.1%
   ctrl+mav          3.95 ms    3.7%
   hud              16.98 ms   15.9%
   display          23.98 ms   22.4%
     detect         12.33 ms  (sub)
     tracker        12.15 ms  (sub)
     hud:overlay     3.53 ms  (sub)
     hud:setup       0.25 ms  (sub)
     hud:ladder      0.40 ms  (sub)
     hud:warp        7.84 ms  (sub)
     hud:arc         0.17 ms  (sub)
     hud:blend       3.11 ms  (sub)
     hud:yaw         1.40 ms  (sub)
     hud:cross       0.17 ms  (sub)
     disp:record     8.45 ms  (sub)
     disp:imshow     1.87 ms  (sub)
     disp:waitkey   13.56 ms  (sub)
[PROF 09:15:30]  15 frames  135.55 ms/frame  ->   7.4 FPS
   capture          38.64 ms   28.5%
   track            37.65 ms   27.8%
   ctrl+mav          6.01 ms    4.4%
   hud              25.55 ms   18.8%
   display          27.69 ms   20.4%
     detect         11.38 ms  (sub)
     tracker        24.31 ms  (sub)
     hud:overlay     5.38 ms  (sub)
     hud:setup       0.34 ms  (sub)
     hud:ladder      0.58 ms  (sub)
     hud:warp       11.47 ms  (sub)
     hud:arc         0.28 ms  (sub)
     hud:blend       4.79 ms  (sub)
     hud:yaw         2.20 ms  (sub)
     hud:cross       0.37 ms  (sub)
     disp:record    10.08 ms  (sub)
     disp:imshow     2.27 ms  (sub)
     disp:waitkey   15.20 ms  (sub)
[PROF 09:15:32]  16 frames  134.45 ms/frame  ->   7.4 FPS
   capture          37.47 ms   27.9%
   track            50.57 ms   37.6%
   ctrl+mav          5.27 ms    3.9%
   hud              18.40 ms   13.7%
   display          22.73 ms   16.9%
     detect          4.58 ms  (sub)
     tracker        43.87 ms  (sub)
     hud:overlay     4.12 ms  (sub)
     hud:setup       0.29 ms  (sub)
     hud:ladder      0.53 ms  (sub)
     hud:warp        8.19 ms  (sub)
     hud:arc         0.21 ms  (sub)
     hud:blend       3.25 ms  (sub)
     hud:yaw         1.54 ms  (sub)
     hud:cross       0.15 ms  (sub)
     disp:record     7.32 ms  (sub)
     disp:imshow     2.49 ms  (sub)
     disp:waitkey   12.79 ms  (sub)
[PROF 09:15:34]  14 frames  147.20 ms/frame  ->   6.8 FPS
   capture          38.63 ms   26.2%
   track            48.94 ms   33.2%
   ctrl+mav          5.89 ms    4.0%
   hud              22.36 ms   15.2%
   display          31.38 ms   21.3%
     detect          4.57 ms  (sub)
     tracker        42.82 ms  (sub)
     hud:overlay     4.82 ms  (sub)
     hud:setup       0.35 ms  (sub)
     hud:ladder      0.49 ms  (sub)
     hud:warp       10.10 ms  (sub)
     hud:arc         0.24 ms  (sub)
     hud:blend       4.16 ms  (sub)
     hud:yaw         1.84 ms  (sub)
     hud:cross       0.23 ms  (sub)
     disp:record     9.87 ms  (sub)
     disp:imshow     2.88 ms  (sub)
     disp:waitkey   18.42 ms  (sub)
[PROF 09:15:36]  18 frames  111.24 ms/frame  ->   9.0 FPS
   capture          33.87 ms   30.4%
   track            26.36 ms   23.7%
   ctrl+mav          5.92 ms    5.3%
   hud              20.87 ms   18.8%
   display          24.23 ms   21.8%
     detect          9.85 ms  (sub)
     tracker        15.18 ms  (sub)
     hud:overlay     3.93 ms  (sub)
     hud:setup       0.31 ms  (sub)
     hud:ladder      0.46 ms  (sub)
     hud:warp       10.72 ms  (sub)
     hud:arc         0.25 ms  (sub)
     hud:blend       3.44 ms  (sub)
     hud:yaw         1.47 ms  (sub)
     hud:cross       0.17 ms  (sub)
     disp:record     8.81 ms  (sub)
     disp:imshow     2.31 ms  (sub)
     disp:waitkey   13.00 ms  (sub)
[PROF 09:15:38]  16 frames  115.15 ms/frame  ->   8.7 FPS
   capture          32.83 ms   28.5%
   track            19.08 ms   16.6%
   ctrl+mav          5.01 ms    4.4%
   hud              28.89 ms   25.1%
   display          29.34 ms   25.5%
     detect         17.47 ms  (sub)
     tracker         0.00 ms  (sub)
     hud:overlay     4.38 ms  (sub)
     hud:setup       0.40 ms  (sub)
     hud:ladder      0.79 ms  (sub)
     hud:warp       14.36 ms  (sub)
     hud:arc         0.26 ms  (sub)
     hud:blend       5.65 ms  (sub)
     hud:yaw         2.61 ms  (sub)
     hud:cross       0.28 ms  (sub)
     disp:record    11.85 ms  (sub)
     disp:imshow     3.33 ms  (sub)
     disp:waitkey   14.02 ms  (sub)
[PROF 09:15:40]  20 frames  104.43 ms/frame  ->   9.6 FPS
   capture          36.46 ms   34.9%
   track            15.69 ms   15.0%
   ctrl+mav          4.18 ms    4.0%
   hud              21.20 ms   20.3%
   display          26.90 ms   25.8%
     detect         14.55 ms  (sub)
     tracker         0.00 ms  (sub)
     hud:overlay     3.58 ms  (sub)
     hud:setup       0.34 ms  (sub)
     hud:ladder      0.44 ms  (sub)
     hud:warp       10.24 ms  (sub)
     hud:arc         0.32 ms  (sub)
     hud:blend       4.09 ms  (sub)
     hud:yaw         1.83 ms  (sub)
     hud:cross       0.23 ms  (sub)
     disp:record     9.61 ms  (sub)
     disp:imshow     2.48 ms  (sub)
     disp:waitkey   14.68 ms  (sub)
[PROF 09:15:42]  19 frames  106.54 ms/frame  ->   9.4 FPS
   capture          40.46 ms   38.0%
   track            17.07 ms   16.0%
   ctrl+mav          3.85 ms    3.6%
   hud              19.18 ms   18.0%
   display          25.98 ms   24.4%
     detect         15.86 ms  (sub)
     tracker         0.00 ms  (sub)
     hud:overlay     4.17 ms  (sub)
     hud:setup       0.29 ms  (sub)
     hud:ladder      0.44 ms  (sub)
     hud:warp        8.44 ms  (sub)
     hud:arc         0.20 ms  (sub)
     hud:blend       3.81 ms  (sub)
     hud:yaw         1.54 ms  (sub)
     hud:cross       0.17 ms  (sub)
     disp:record     9.38 ms  (sub)
     disp:imshow     1.84 ms  (sub)
     disp:waitkey   14.63 ms  (sub)
[PROF 09:15:44]  17 frames  102.37 ms/frame  ->   9.8 FPS
   capture          36.32 ms   35.5%
   track            16.46 ms   16.1%
   ctrl+mav          4.33 ms    4.2%
   hud              19.71 ms   19.3%
   display          25.55 ms   25.0%
     detect         15.04 ms  (sub)
     tracker         0.00 ms  (sub)
     hud:overlay     3.95 ms  (sub)
     hud:setup       0.32 ms  (sub)
     hud:ladder      0.54 ms  (sub)
     hud:warp        9.48 ms  (sub)
     hud:arc         0.32 ms  (sub)
     hud:blend       3.35 ms  (sub)
     hud:yaw         1.39 ms  (sub)
     hud:cross       0.16 ms  (sub)
     disp:record     8.73 ms  (sub)
     disp:imshow     3.09 ms  (sub)
     disp:waitkey   13.40 ms  (sub)
[PROF 09:15:46]  20 frames  106.72 ms/frame  ->   9.4 FPS
   capture          35.70 ms   33.5%
   track            19.80 ms   18.5%
   ctrl+mav          4.63 ms    4.3%
   hud              22.15 ms   20.8%
   display          24.44 ms   22.9%
     detect         18.24 ms  (sub)
     tracker         0.00 ms  (sub)
     hud:overlay     4.44 ms  (sub)
     hud:setup       0.35 ms  (sub)
     hud:ladder      0.57 ms  (sub)
     hud:warp       10.30 ms  (sub)
     hud:arc         0.28 ms  (sub)
     hud:blend       3.88 ms  (sub)
     hud:yaw         1.85 ms  (sub)
     hud:cross       0.34 ms  (sub)
     disp:record     8.62 ms  (sub)
     disp:imshow     2.29 ms  (sub)
     disp:waitkey   13.42 ms  (sub)
