timestamp_s,errorx,errory,aileron,elevator,rudder,roll_deg,pitch_deg,roll_rate_dps,pitch_rate_dps,pid_roll_desired,pid_roll_P,pid_roll_I,pid_roll_D,pid_pitch_desired,pid_pitch_P,pid_pitch_I,pid_pitch_D,alt_rel_m,groundspeed_ms,throttle_pct,nav_pitch_deg,target_locked,dist_m
800.301,+0.0000,+0.0000,0.1000,-0.0178,-0.4622,12.555,-2.992,-4.878,0.880,0.0000,0.0000,0.0000,0.0000,0.0000,0.0000,0.0000,0.0000,74.68,24.34,44,-0.250,0,741.6
800.329,+0.0000,+0.0000,0.1000,-0.0178,-0.4622,12.555,-2.992,-4.878,0.880,0.0000,0.0000,0.0000,0.0000,0.0000,0.0000,0.0000,0.0000,74.68,24.34,44,-0.250,0,741.6
800.362,+0.0000,+0.0000,0.1000,-0.0178,-0.4622,12.555,-2.992,-4.878,0.880,0.0000,0.0000,0.0000,0.0000,0.0000,0.0000,0.0000,0.0000,74.68,24.34,44,-0.250,0,741.6
800.389,+0.7833,-0.1037,0.1000,-0.0178,-0.4622,12.555,-2.992,-4.878,0.880,0.0000,0.0000,0.0000,0.0000,0.0000,0.0000,0.0000,0.0000,74.68,24.34,44,-0.250,1,741.6
800.434,+0.8029,-0.1386,0.1000,-0.0178,-0.4622,12.555,-2.992,-4.878,0.880,0.0000,0.0000,0.0000,0.0000,0.0000,0.0000,0.0000,0.0000,74.68,24.32,44,-0.250,1,741.6
800.463,+0.7854,-0.2118,0.0750,0.0044,-0.4778,10.607,-3.238,-19.816,-0.612,0.0000,0.0000,0.0000,0.0000,0.0000,0.0000,0.0000,0.0000,74.57,24.32,44,-0.570,1,735.8
800.494,+0.8137,-0.3160,0.0550,0.0133,-0.4444,9.620,-3.179,-19.206,4.406,0.0000,0.0000,0.0000,0.0000,0.0000,0.0000,0.0000,0.0000,74.57,24.32,44,-0.850,1,735.8
800.520,+0.8190,-0.4095,0.0400,0.0200,-0.4289,8.641,-2.863,-20.335,6.960,0.0000,0.0000,0.0000,0.0000,0.0000,0.0000,0.0000,0.0000,74.57,24.31,44,-0.980,1,735.8
800.550,+0.8190,-0.4095,0.0400,0.0200,-0.4289,8.641,-2.863,-20.335,6.960,0.0000,0.0000,0.0000,0.0000,0.0000,0.0000,0.0000,0.0000,74.57,24.31,44,-0.980,0,735.8
800.602,+0.8190,-0.4095,0.0400,0.0200,-0.4289,8.641,-2.863,-20.335,6.960,0.0000,0.0000,0.0000,0.0000,0.0000,0.0000,0.0000,0.0000,74.57,24.31,44,-0.980,0,735.8
800.640,+0.8190,-0.4095,0.0400,0.0200,-0.4289,8.641,-2.863,-20.335,6.960,0.0000,0.0000,0.0000,0.0000,0.0000,0.0000,0.0000,0.0000,74.57,24.31,44,-0.980,0,735.8
800.670,+0.8118,-0.8840,0.0400,0.0200,-0.4289,8.641,-2.863,-20.335,6.960,0.0000,0.0000,0.0000,0.0000,0.0000,0.0000,0.0000,0.0000,74.57,24.29,44,-0.980,1,735.8
800.707,+0.7958,-0.3967,0.0200,0.0356,-0.4222,6.251,-2.027,-24.509,6.667,0.0000,0.0000,0.0000,0.0000,0.0000,0.0000,0.0000,0.0000,74.47,24.28,44,-1.290,1,731.2
800.738,+0.7680,-0.4088,0.0050,0.0433,-0.4167,4.898,-1.746,-25.982,4.259,0.0000,0.0000,0.0000,0.0000,0.0000,0.0000,0.0000,0.0000,74.47,24.28,44,-1.680,1,731.2
800.763,+0.7600,-0.5430,-0.0050,0.0511,-0.4111,3.568,-1.581,-26.132,2.674,0.0000,0.0000,0.0000,0.0000,0.0000,0.0000,0.0000,0.0000,74.47,24.28,44,-2.140,1,731.2
800.799,+0.7674,-0.5035,-0.0200,0.0633,-0.4078,3.568,-1.581,-26.132,2.674,0.0000,0.0000,0.0000,0.0000,0.0000,0.0000,0.0000,0.0000,74.47,24.28,44,-2.140,1,731.2
800.827,+0.7302,-0.5434,-0.0200,0.0633,-0.4078,3.568,-1.581,-26.132,2.674,0.0000,0.0000,0.0000,0.0000,0.0000,0.0000,0.0000,0.0000,74.47,24.28,44,-2.140,1,731.2
800.862,+0.7358,-0.5727,-0.0200,0.0633,-0.4078,3.568,-1.581,-26.132,2.674,0.0000,0.0000,0.0000,0.0000,0.0000,0.0000,0.0000,0.0000,74.47,24.28,44,-2.140,1,731.2
800.889,+0.7178,-0.6366,-0.0200,0.0633,-0.4078,3.568,-1.581,-26.132,2.674,0.0000,0.0000,0.0000,0.0000,0.0000,0.0000,0.0000,0.0000,74.47,24.28,44,-2.140,1,731.2
800.928,+0.7095,-0.5461,-0.0200,0.0633,-0.4078,1.356,-1.337,-14.474,2.043,0.0000,0.0000,0.0000,0.0000,0.0000,0.0000,0.0000,0.0000,74.47,24.23,44,-2.140,1,731.2
800.956,+0.6810,-0.5436,-0.0550,0.0833,-0.3944,0.138,-1.211,-10.949,1.709,0.0000,0.0000,0.0000,0.0000,0.0000,0.0000,0.0000,0.0000,74.47,24.21,44,-2.690,1,725.5
800.990,+0.6895,-0.4444,-0.0800,0.0978,-0.3733,0.127,-1.209,-10.729,1.909,0.0000,0.0000,0.0000,0.0000,0.0000,0.0000,0.0000,0.0000,74.49,24.21,44,-3.550,1,724.3
801.113,+0.7071,-0.4596,-0.0950,0.1100,-0.3922,-0.480,-1.262,-12.088,-3.635,0.0000,0.0000,0.0000,0.0000,0.0000,0.0000,0.0000,0.0000,74.49,24.17,44,-4.270,1,724.3
801.145,+0.6916,-0.4481,-0.0950,0.1100,-0.3922,-0.480,-1.262,-12.088,-3.635,0.0000,0.0000,0.0000,0.0000,0.0000,0.0000,0.0000,0.0000,74.49,24.17,44,-4.270,1,724.3
801.181,+0.7658,-0.4481,-0.0950,0.1100,-0.3922,-1.539,-1.888,-9.093,-6.446,0.0000,0.0000,0.0000,0.0000,0.0000,0.0000,0.0000,0.0000,74.49,24.15,44,-4.940,1,724.3
801.208,+0.7747,-0.4481,-0.1150,0.1233,-0.3900,-1.539,-1.888,-9.093,-6.446,0.0000,0.0000,0.0000,0.0000,0.0000,0.0000,0.0000,0.0000,74.49,24.15,44,-4.940,1,724.3
801.253,+0.8045,-0.4134,-0.1250,0.1311,-0.3911,-2.147,-2.272,-1.972,-0.926,0.0000,0.0000,0.0000,0.0000,0.0000,0.0000,0.0000,0.0000,74.55,24.14,43,-5.230,1,719.7
801.286,+0.8826,-0.2589,-0.1200,0.1256,-0.3611,-2.147,-2.272,-1.972,-0.926,0.0000,0.0000,0.0000,0.0000,0.0000,0.0000,0.0000,0.0000,74.55,24.14,43,-5.630,1,719.7
801.313,+0.8916,-0.2001,-0.1200,0.1256,-0.3611,-2.147,-2.272,-1.972,-0.926,0.0000,0.0000,0.0000,0.0000,0.0000,0.0000,0.0000,0.0000,74.55,24.14,43,-5.630,1,719.7
801.347,+0.8714,-0.2361,-0.1200,0.1256,-0.3611,-2.147,-2.272,-1.972,-0.926,0.0000,0.0000,0.0000,0.0000,0.0000,0.0000,0.0000,0.0000,74.55,24.14,43,-5.630,1,719.7
801.408,+0.8394,-0.2661,-0.1200,0.1256,-0.3611,-2.147,-2.272,-1.972,-0.926,0.0000,0.0000,0.0000,0.0000,0.0000,0.0000,0.0000,0.0000,74.55,24.14,43,-5.630,1,719.7
801.438,+0.8445,-0.1787,-0.1200,0.1256,-0.3611,-1.429,-1.916,13.533,0.678,0.0000,0.0000,0.0000,0.0000,0.0000,0.0000,0.0000,0.0000,74.55,24.11,43,-5.630,1,719.7
801.467,+0.7917,-0.2091,-0.1250,0.1278,-0.3589,-0.157,-2.213,12.334,-4.454,0.0000,0.0000,0.0000,0.0000,0.0000,0.0000,0.0000,0.0000,74.56,24.11,43,-6.510,1,715.2
801.521,+0.7581,-0.1764,-0.1300,0.1322,-0.3611,0.921,-2.501,10.293,-0.086,0.0000,0.0000,0.0000,0.0000,0.0000,0.0000,0.0000,0.0000,74.56,24.09,43,-6.220,1,715.2
801.550,+0.7581,-0.1764,-0.1300,0.1278,-0.3389,0.921,-2.501,10.293,-0.086,0.0000,0.0000,0.0000,0.0000,0.0000,0.0000,0.0000,0.0000,74.56,24.09,43,-6.220,0,715.2
801.575,+0.7581,-0.1764,-0.1300,0.1278,-0.3389,0.921,-2.501,10.293,-0.086,0.0000,0.0000,0.0000,0.0000,0.0000,0.0000,0.0000,0.0000,74.56,24.09,43,-6.220,0,715.2
801.609,+0.7581,-0.1764,-0.1300,0.1278,-0.3389,0.921,-2.501,10.293,-0.086,0.0000,0.0000,0.0000,0.0000,0.0000,0.0000,0.0000,0.0000,74.56,24.09,43,-6.220,0,715.2
801.654,+0.5472,+0.2362,-0.1300,0.1278,-0.3389,0.921,-2.501,10.293,-0.086,0.0000,0.0000,0.0000,0.0000,0.0000,0.0000,0.0000,0.0000,74.56,24.09,43,-6.220,1,715.2
801.692,+0.7250,-0.1444,-0.1300,0.1278,-0.3389,0.921,-2.501,10.293,-0.086,0.0000,0.0000,0.0000,0.0000,0.0000,0.0000,0.0000,0.0000,74.56,24.08,42,-6.220,1,715.2
801.719,+0.7562,-0.0707,-0.1150,0.1211,-0.3744,2.678,-3.261,15.277,-7.775,0.0000,0.0000,0.0000,0.0000,0.0000,0.0000,0.0000,0.0000,74.54,24.07,42,-6.810,1,709.6
801.754,+0.7522,-0.0404,-0.0950,0.1100,-0.3789,3.581,-3.697,19.219,-7.346,0.0000,0.0000,0.0000,0.0000,0.0000,0.0000,0.0000,0.0000,74.54,24.07,42,-7.180,1,709.6
801.782,+0.7595,+0.1068,-0.0850,0.1022,-0.3711,4.567,-4.036,23.752,-5.604,0.0000,0.0000,0.0000,0.0000,0.0000,0.0000,0.0000,0.0000,74.54,24.07,42,-7.430,1,709.6
801.825,+0.7926,+0.0738,-0.0850,0.1022,-0.3711,4.567,-4.036,23.752,-5.604,0.0000,0.0000,0.0000,0.0000,0.0000,0.0000,0.0000,0.0000,74.54,24.07,42,-7.430,1,709.6
801.853,+0.8284,+0.2548,-0.0850,0.1022,-0.3711,4.567,-4.036,23.752,-5.604,0.0000,0.0000,0.0000,0.0000,0.0000,0.0000,0.0000,0.0000,74.54,24.07,42,-7.430,1,709.6
801.896,+0.8251,+0.2291,-0.0850,0.1022,-0.3711,4.567,-4.036,23.752,-5.604,0.0000,0.0000,0.0000,0.0000,0.0000,0.0000,0.0000,0.0000,74.54,24.07,42,-7.430,1,709.6
801.927,+0.8370,+0.2892,-0.0850,0.1022,-0.3711,4.567,-4.036,23.752,-5.604,0.0000,0.0000,0.0000,0.0000,0.0000,0.0000,0.0000,0.0000,74.54,24.08,42,-7.430,1,709.6
801.953,+0.8557,+0.3668,-0.0600,0.0867,-0.3956,7.075,-4.483,24.609,-3.924,0.0000,0.0000,0.0000,0.0000,0.0000,0.0000,0.0000,0.0000,74.54,24.09,42,-6.990,1,709.6
802.029,+0.8020,+0.2105,-0.0450,0.0800,-0.4156,10.327,-5.126,18.240,-3.928,0.0000,0.0000,0.0000,0.0000,0.0000,0.0000,0.0000,0.0000,74.34,24.10,42,-4.540,1,701.8
802.056,+0.7073,+0.4210,-0.0450,0.0800,-0.4156,10.327,-5.126,18.240,-3.928,0.0000,0.0000,0.0000,0.0000,0.0000,0.0000,0.0000,0.0000,74.34,24.10,42,-4.540,1,701.8
802.081,+0.7002,+0.4653,-0.0450,0.0800,-0.4156,10.327,-5.126,18.240,-3.928,0.0000,0.0000,0.0000,0.0000,0.0000,0.0000,0.0000,0.0000,74.34,24.10,42,-4.540,1,701.8
802.131,+0.6914,+0.2991,-0.0450,0.0800,-0.4156,10.327,-5.126,18.240,-3.928,0.0000,0.0000,0.0000,0.0000,0.0000,0.0000,0.0000,0.0000,74.34,24.10,42,-4.540,1,701.8
802.162,+0.5873,+0.3509,-0.0450,0.0800,-0.4156,10.327,-5.126,18.240,-3.928,0.0000,0.0000,0.0000,0.0000,0.0000,0.0000,0.0000,0.0000,74.34,24.10,42,-4.540,1,701.8
802.201,+0.6068,+0.3619,-0.0300,0.0744,-0.4589,11.911,-5.387,15.323,-2.377,0.0000,0.0000,0.0000,0.0000,0.0000,0.0000,0.0000,0.0000,74.34,24.13,43,-3.250,1,701.8
802.231,+0.5579,+0.3474,-0.0300,0.0744,-0.4589,12.603,-5.563,15.732,-2.678,0.0000,0.0000,0.0000,0.0000,0.0000,0.0000,0.0000,0.0000,74.16,24.14,43,-3.250,1,698.4
802.257,+0.5236,+0.3308,-0.0250,0.0689,-0.4600,13.444,-5.835,15.902,-3.704,0.0000,0.0000,0.0000,0.0000,0.0000,0.0000,0.0000,0.0000,74.16,24.14,43,-1.940,1,698.4
802.326,+0.5950,+0.2916,-0.0100,0.0644,-0.5111,13.989,-6.226,9.178,-4.810,0.0000,0.0000,0.0000,0.0000,0.0000,0.0000,0.0000,0.0000,74.16,24.14,43,-1.830,1,698.4
802.356,+0.5471,+0.0890,-0.0100,0.0644,-0.5111,13.989,-6.226,9.178,-4.810,0.0000,0.0000,0.0000,0.0000,0.0000,0.0000,0.0000,0.0000,74.16,24.14,43,-1.830,1,698.4
802.383,+0.6450,+0.0106,-0.0100,0.0644,-0.5111,13.989,-6.226,9.178,-4.810,0.0000,0.0000,0.0000,0.0000,0.0000,0.0000,0.0000,0.0000,74.16,24.14,43,-1.830,1,698.4
802.419,+0.6275,+0.0437,-0.0100,0.0644,-0.5111,13.989,-6.226,9.178,-4.810,0.0000,0.0000,0.0000,0.0000,0.0000,0.0000,0.0000,0.0000,74.16,24.14,43,-1.830,1,698.4
802.447,+0.6708,-0.0564,-0.0100,0.0644,-0.5111,13.989,-6.226,9.178,-4.810,0.0000,0.0000,0.0000,0.0000,0.0000,0.0000,0.0000,0.0000,74.16,24.21,43,-1.830,1,698.4
802.493,+0.6902,-0.0280,0.0300,0.0333,-0.4822,14.971,-6.879,9.319,5.012,0.0000,0.0000,0.0000,0.0000,0.0000,0.0000,0.0000,0.0000,73.70,24.21,43,-2.300,1,691.7
802.519,+0.7048,-0.0441,0.0300,0.0322,-0.4944,15.407,-6.520,1.961,1.091,0.0000,0.0000,0.0000,0.0000,0.0000,0.0000,0.0000,0.0000,73.70,0.00,43,-2.520,1,691.7
802.548,+0.7043,-0.0936,0.0300,0.0344,-0.4944,15.789,-5.974,0.111,0.108,0.0000,0.0000,0.0000,0.0000,0.0000,0.0000,0.0000,0.0000,73.70,0.00,43,-5.020,1,691.7
802.585,+0.6532,-0.0275,0.0300,0.0344,-0.4944,15.789,-5.974,0.111,0.108,0.0000,0.0000,0.0000,0.0000,0.0000,0.0000,0.0000,0.0000,73.70,0.00,43,-5.020,1,691.7
802.611,+0.6432,-0.1370,0.0300,0.0344,-0.4944,15.789,-5.974,0.111,0.108,0.0000,0.0000,0.0000,0.0000,0.0000,0.0000,0.0000,0.0000,73.70,0.00,43,-5.020,1,691.7
802.646,+0.5730,-0.0592,0.0300,0.0344,-0.4944,15.789,-5.974,0.111,0.108,0.0000,0.0000,0.0000,0.0000,0.0000,0.0000,0.0000,0.0000,73.70,0.00,43,-5.020,1,691.7
802.678,+0.5577,-0.1270,0.0300,0.0344,-0.4944,15.789,-5.974,0.111,0.108,0.0000,0.0000,0.0000,0.0000,0.0000,0.0000,0.0000,0.0000,73.70,0.00,43,-5.020,1,691.7
802.706,+0.5029,-0.1699,0.0300,0.0344,-0.4944,16.016,-4.910,0.097,0.099,0.0000,0.0000,0.0000,0.0000,0.0000,0.0000,0.0000,0.0000,73.70,0.00,42,-5.020,1,691.7
802.738,+0.5125,-0.1562,0.0300,0.0300,-0.4567,15.568,-4.947,0.098,0.098,0.0000,0.0000,0.0000,0.0000,0.0000,0.0000,0.0000,0.0000,75.25,0.00,42,-5.380,1,685.9
802.773,+0.5107,-0.2032,0.0250,0.0311,-0.4444,15.568,-4.947,0.101,0.098,0.0000,0.0000,0.0000,0.0000,0.0000,0.0000,0.0000,0.0000,75.10,0.00,42,-5.440,1,683.5
802.809,+0.5300,-0.1688,0.0250,0.0311,-0.4444,15.568,-4.947,0.101,0.098,0.0000,0.0000,0.0000,0.0000,0.0000,0.0000,0.0000,0.0000,75.10,0.00,42,-5.440,1,683.5
802.845,+0.5196,-0.2306,0.0250,0.0311,-0.4444,15.568,-4.947,0.101,0.098,0.0000,0.0000,0.0000,0.0000,0.0000,0.0000,0.0000,0.0000,75.10,0.00,42,-5.440,1,683.5
802.880,+0.5340,-0.2977,0.0250,0.0311,-0.4444,15.568,-4.947,0.101,0.098,0.0000,0.0000,0.0000,0.0000,0.0000,0.0000,0.0000,0.0000,75.10,0.00,42,-5.440,1,683.5
802.933,+0.5516,-0.2349,0.0250,0.0311,-0.4444,13.733,-4.866,0.101,0.099,0.0000,0.0000,0.0000,0.0000,0.0000,0.0000,0.0000,0.0000,75.10,0.00,42,-5.440,1,683.5
802.965,+0.5683,-0.3226,0.0200,0.0333,-0.4133,12.892,-4.340,0.095,0.102,0.0000,0.0000,0.0000,0.0000,0.0000,0.0000,0.0000,0.0000,75.10,0.00,42,-7.320,1,683.5
803.003,+0.6167,-0.2594,0.0150,0.0356,-0.4067,12.492,-4.055,-6.950,5.133,0.0000,0.0000,0.0000,0.0000,0.0000,0.0000,0.0000,0.0000,74.83,0.00,41,-7.090,1,678.7
803.027,+0.5958,-0.3556,0.0000,0.0422,-0.3622,12.492,-4.055,-6.950,5.133,0.0000,0.0000,0.0000,0.0000,0.0000,0.0000,0.0000,0.0000,74.83,0.00,41,-7.760,1,678.7
803.054,+0.5958,-0.3478,0.0000,0.0422,-0.3622,12.492,-4.055,-6.950,5.133,0.0000,0.0000,0.0000,0.0000,0.0000,0.0000,0.0000,0.0000,74.83,0.00,41,-7.760,1,678.7
803.091,+0.5958,-0.3531,0.0000,0.0422,-0.3622,12.492,-4.055,-6.950,5.133,0.0000,0.0000,0.0000,0.0000,0.0000,0.0000,0.0000,0.0000,74.83,0.00,41,-7.760,1,678.7
803.125,+0.5958,-0.2919,0.0000,0.0422,-0.3622,12.492,-4.055,-6.950,5.133,0.0000,0.0000,0.0000,0.0000,0.0000,0.0000,0.0000,0.0000,74.83,0.00,41,-7.760,1,678.7
803.166,+0.6176,-0.2477,0.0000,0.0422,-0.3622,12.492,-4.055,-6.950,5.133,0.0000,0.0000,0.0000,0.0000,0.0000,0.0000,0.0000,0.0000,74.83,0.00,41,-7.760,1,678.7
803.192,+0.5979,-0.2354,0.0000,0.0422,-0.3622,11.970,-3.742,-10.184,5.786,0.0000,0.0000,0.0000,0.0000,0.0000,0.0000,0.0000,0.0000,74.83,24.44,40,-8.490,1,678.7
803.247,+0.5650,-0.2108,-0.0150,0.0511,-0.3244,10.900,-3.232,-10.092,3.492,0.0000,0.0000,0.0000,0.0000,0.0000,0.0000,0.0000,0.0000,74.68,24.45,40,-9.520,1,675.1
803.291,+0.5343,-0.1147,-0.0250,0.0567,-0.3211,10.406,-3.179,-10.368,0.049,0.0000,0.0000,0.0000,0.0000,0.0000,0.0000,0.0000,0.0000,74.68,24.45,40,-9.840,1,675.1
803.321,+0.4166,+0.0248,-0.0250,0.0567,-0.3211,10.406,-3.179,-10.368,0.049,0.0000,0.0000,0.0000,0.0000,0.0000,0.0000,0.0000,0.0000,74.68,24.45,40,-9.840,1,675.1
803.351,+0.4296,+0.0439,-0.0250,0.0567,-0.3211,10.406,-3.179,-10.368,0.049,0.0000,0.0000,0.0000,0.0000,0.0000,0.0000,0.0000,0.0000,74.68,24.45,40,-9.840,1,675.1
803.397,+0.4319,-0.0470,-0.0250,0.0567,-0.3211,10.406,-3.179,-10.368,0.049,0.0000,0.0000,0.0000,0.0000,0.0000,0.0000,0.0000,0.0000,74.68,24.45,40,-9.840,1,675.1
803.462,+0.4641,-0.0607,-0.0250,0.0567,-0.3211,8.550,-4.204,-11.438,-9.106,0.0000,0.0000,0.0000,0.0000,0.0000,0.0000,0.0000,0.0000,74.68,24.45,40,-8.960,1,675.1
803.493,+0.4550,-0.0281,-0.0400,0.0733,-0.3800,8.053,-4.680,-8.814,-7.387,0.0000,0.0000,0.0000,0.0000,0.0000,0.0000,0.0000,0.0000,74.51,24.45,40,-6.910,1,669.2
803.523,+0.4743,-0.0679,-0.0400,0.0744,-0.3856,7.639,-5.067,-6.591,-5.008,0.0000,0.0000,0.0000,0.0000,0.0000,0.0000,0.0000,0.0000,74.51,24.45,41,-6.720,1,669.2
803.556,+0.5005,-0.0202,-0.0400,0.0744,-0.3856,7.639,-5.067,-6.591,-5.008,0.0000,0.0000,0.0000,0.0000,0.0000,0.0000,0.0000,0.0000,74.51,24.45,41,-6.720,1,669.2
803.611,+0.5087,-0.0785,-0.0400,0.0744,-0.3856,7.639,-5.067,-6.591,-5.008,0.0000,0.0000,0.0000,0.0000,0.0000,0.0000,0.0000,0.0000,74.51,24.45,41,-6.720,1,669.2
803.638,+0.5858,+0.0082,-0.0400,0.0744,-0.3856,7.639,-5.067,-6.591,-5.008,0.0000,0.0000,0.0000,0.0000,0.0000,0.0000,0.0000,0.0000,74.51,24.45,41,-6.720,1,669.2
803.666,+0.5576,-0.0420,-0.0400,0.0744,-0.3856,7.639,-5.067,-6.591,-5.008,0.0000,0.0000,0.0000,0.0000,0.0000,0.0000,0.0000,0.0000,74.51,24.45,41,-6.720,1,669.2
803.691,+0.5625,+0.0258,-0.0450,0.0744,-0.3767,7.241,-5.419,0.423,0.366,0.0000,0.0000,0.0000,0.0000,0.0000,0.0000,0.0000,0.0000,74.51,24.46,41,-7.710,1,669.2
803.756,+0.5455,-0.0091,-0.0450,0.0789,-0.3967,7.858,-5.680,2.383,-2.803,0.0000,0.0000,0.0000,0.0000,0.0000,0.0000,0.0000,0.0000,74.32,24.46,40,-7.400,1,664.4
803.786,+0.5333,+0.0298,-0.0500,0.0789,-0.3856,7.858,-5.680,2.383,-2.803,0.0000,0.0000,0.0000,0.0000,0.0000,0.0000,0.0000,0.0000,74.32,24.46,40,-10.320,1,664.4
803.813,+0.5026,+0.0427,-0.0500,0.0789,-0.3856,7.858,-5.680,2.383,-2.803,0.0000,0.0000,0.0000,0.0000,0.0000,0.0000,0.0000,0.0000,74.32,24.46,40,-10.320,1,664.4
803.875,+0.5016,-0.0065,-0.0500,0.0789,-0.3856,7.858,-5.680,2.383,-2.803,0.0000,0.0000,0.0000,0.0000,0.0000,0.0000,0.0000,0.0000,74.32,24.46,40,-10.320,1,664.4
803.902,+0.4636,+0.0609,-0.0500,0.0789,-0.3856,7.858,-5.680,2.383,-2.803,0.0000,0.0000,0.0000,0.0000,0.0000,0.0000,0.0000,0.0000,74.32,24.46,40,-10.320,1,664.4
803.936,+0.4727,+0.0449,-0.0500,0.0789,-0.3856,7.943,-5.838,1.428,-2.752,0.0000,0.0000,0.0000,0.0000,0.0000,0.0000,0.0000,0.0000,74.32,24.50,41,-7.090,1,664.4
803.965,+0.4592,+0.0159,-0.0500,0.0811,-0.4033,8.004,-5.997,1.504,-2.580,0.0000,0.0000,0.0000,0.0000,0.0000,0.0000,0.0000,0.0000,73.89,24.51,41,-7.090,1,657.2
803.994,+0.4259,+0.0718,-0.0450,0.0778,-0.4133,8.082,-6.162,2.367,-2.408,0.0000,0.0000,0.0000,0.0000,0.0000,0.0000,0.0000,0.0000,73.89,24.51,41,-6.900,1,657.2
804.021,+0.4467,+0.0289,-0.0400,0.0744,-0.4011,8.228,-6.328,4.042,-2.140,0.0000,0.0000,0.0000,0.0000,0.0000,0.0000,0.0000,0.0000,73.81,24.53,41,-10.360,1,655.9
804.057,+0.4312,+0.0210,-0.0400,0.0744,-0.4011,8.228,-6.328,4.042,-2.140,0.0000,0.0000,0.0000,0.0000,0.0000,0.0000,0.0000,0.0000,73.81,24.53,41,-10.360,1,655.9
804.096,+0.4535,+0.0210,-0.0400,0.0744,-0.4011,8.228,-6.328,4.042,-2.140,0.0000,0.0000,0.0000,0.0000,0.0000,0.0000,0.0000,0.0000,73.81,24.53,41,-10.360,1,655.9
804.124,+0.4322,+0.0399,-0.0400,0.0744,-0.4011,8.228,-6.328,4.042,-2.140,0.0000,0.0000,0.0000,0.0000,0.0000,0.0000,0.0000,0.0000,73.81,24.53,41,-10.360,1,655.9
804.153,+0.4609,-0.0111,-0.0400,0.0744,-0.4011,8.228,-6.328,4.042,-2.140,0.0000,0.0000,0.0000,0.0000,0.0000,0.0000,0.0000,0.0000,73.81,24.53,41,-10.360,1,655.9
804.183,+0.4590,+0.0396,-0.0400,0.0744,-0.4011,8.228,-6.328,4.042,-2.140,0.0000,0.0000,0.0000,0.0000,0.0000,0.0000,0.0000,0.0000,73.81,24.58,41,-10.360,1,655.9
804.213,+0.4566,+0.0438,-0.0250,0.0656,-0.4078,8.978,-6.657,6.083,0.365,0.0000,0.0000,0.0000,0.0000,0.0000,0.0000,0.0000,0.0000,73.36,24.58,41,-6.650,1,649.9
804.288,+0.4580,+0.0188,-0.0150,0.0600,-0.4178,9.860,-6.666,5.708,-0.093,0.0000,0.0000,0.0000,0.0000,0.0000,0.0000,0.0000,0.0000,73.36,24.60,41,-6.900,1,649.9
804.320,+0.4524,+0.0475,-0.0150,0.0600,-0.4178,9.860,-6.666,5.708,-0.093,0.0000,0.0000,0.0000,0.0000,0.0000,0.0000,0.0000,0.0000,73.36,24.60,41,-6.900,1,649.9
804.350,+0.4482,+0.0037,-0.0150,0.0600,-0.4178,9.860,-6.666,5.708,-0.093,0.0000,0.0000,0.0000,0.0000,0.0000,0.0000,0.0000,0.0000,73.36,24.60,41,-6.900,1,649.9
804.404,+0.4417,+0.0333,-0.0150,0.0600,-0.4178,9.860,-6.666,5.708,-0.093,0.0000,0.0000,0.0000,0.0000,0.0000,0.0000,0.0000,0.0000,73.36,24.60,41,-6.900,1,649.9
804.429,+0.4045,+0.0074,-0.0150,0.0600,-0.4178,9.860,-6.666,5.708,-0.093,0.0000,0.0000,0.0000,0.0000,0.0000,0.0000,0.0000,0.0000,73.36,24.60,41,-6.900,1,649.9
804.480,+0.4491,+0.0074,-0.0150,0.0600,-0.4289,10.301,-6.787,2.435,-1.388,0.0000,0.0000,0.0000,0.0000,0.0000,0.0000,0.0000,0.0000,72.97,24.67,41,-7.020,1,645.0
804.511,+0.4090,-0.0420,-0.0100,0.0567,-0.4278,10.275,-6.899,-0.743,0.255,0.0000,0.0000,0.0000,0.0000,0.0000,0.0000,0.0000,0.0000,72.97,24.71,40,-10.330,1,645.0
804.572,+0.4150,-0.0232,-0.0100,0.0544,-0.3878,10.274,-6.899,-0.837,0.437,0.0000,0.0000,0.0000,0.0000,0.0000,0.0000,0.0000,0.0000,72.97,24.71,40,-10.410,1,645.0
804.611,+0.4319,-0.0397,-0.0100,0.0544,-0.3878,10.274,-6.899,-0.837,0.437,0.0000,0.0000,0.0000,0.0000,0.0000,0.0000,0.0000,0.0000,72.97,24.71,40,-10.410,1,645.0
804.641,+0.4238,-0.1043,-0.0100,0.0544,-0.3878,10.274,-6.899,-0.837,0.437,0.0000,0.0000,0.0000,0.0000,0.0000,0.0000,0.0000,0.0000,72.97,24.71,40,-10.410,1,645.0
804.690,+0.4132,-0.0438,-0.0100,0.0544,-0.3878,10.274,-6.899,-0.837,0.437,0.0000,0.0000,0.0000,0.0000,0.0000,0.0000,0.0000,0.0000,72.97,24.75,39,-10.410,1,645.0
804.755,+0.4176,-0.0651,-0.0100,0.0522,-0.3833,10.156,-6.722,-0.567,1.799,0.0000,0.0000,0.0000,0.0000,0.0000,0.0000,0.0000,0.0000,72.55,24.77,40,-7.970,1,640.0
804.787,+0.3874,-0.0704,-0.0100,0.0522,-0.3856,10.109,-6.673,-0.839,1.509,0.0000,0.0000,0.0000,0.0000,0.0000,0.0000,0.0000,0.0000,72.25,24.77,40,-8.120,1,636.4
804.814,+0.4056,-0.0826,-0.0100,0.0522,-0.3856,10.109,-6.673,-0.839,1.509,0.0000,0.0000,0.0000,0.0000,0.0000,0.0000,0.0000,0.0000,72.25,24.77,40,-8.120,1,636.4
804.855,+0.4142,-0.0674,-0.0100,0.0522,-0.3856,10.109,-6.673,-0.839,1.509,0.0000,0.0000,0.0000,0.0000,0.0000,0.0000,0.0000,0.0000,72.25,24.77,40,-8.120,1,636.4
804.903,+0.3962,-0.0333,-0.0100,0.0522,-0.3856,10.109,-6.673,-0.839,1.509,0.0000,0.0000,0.0000,0.0000,0.0000,0.0000,0.0000,0.0000,72.25,24.77,40,-8.120,1,636.4
804.933,+0.4004,-0.0333,-0.0100,0.0522,-0.3856,10.109,-6.673,-0.839,1.509,0.0000,0.0000,0.0000,0.0000,0.0000,0.0000,0.0000,0.0000,72.25,24.77,40,-8.120,1,636.4
804.959,+0.3628,+0.0238,-0.0100,0.0533,-0.3844,9.927,-6.628,-2.185,0.657,0.0000,0.0000,0.0000,0.0000,0.0000,0.0000,0.0000,0.0000,72.25,24.85,40,-8.460,1,636.4
804.986,+0.3918,+0.0257,-0.0100,0.0544,-0.3789,9.748,-6.610,-3.493,1.416,0.0000,0.0000,0.0000,0.0000,0.0000,0.0000,0.0000,0.0000,71.86,24.85,40,-8.540,1,631.5
805.037,+0.3679,+0.0055,-0.0150,0.0589,-0.3989,9.393,-6.744,-3.199,-2.967,0.0000,0.0000,0.0000,0.0000,0.0000,0.0000,0.0000,0.0000,71.86,24.89,40,-8.290,1,631.5
805.071,+0.3893,-0.0222,-0.0150,0.0589,-0.3989,9.393,-6.744,-3.199,-2.967,0.0000,0.0000,0.0000,0.0000,0.0000,0.0000,0.0000,0.0000,71.86,24.89,40,-8.290,1,631.5
805.107,+0.3881,+0.0211,-0.0150,0.0589,-0.3989,9.393,-6.744,-3.199,-2.967,0.0000,0.0000,0.0000,0.0000,0.0000,0.0000,0.0000,0.0000,71.86,24.89,40,-8.290,1,631.5
805.130,+0.3741,+0.0460,-0.0150,0.0589,-0.3989,9.393,-6.744,-3.199,-2.967,0.0000,0.0000,0.0000,0.0000,0.0000,0.0000,0.0000,0.0000,71.86,24.89,40,-8.290,1,631.5
805.232,+0.3788,+0.0027,-0.0200,0.0611,-0.4033,8.705,-7.308,-3.201,-1.252,0.0000,0.0000,0.0000,0.0000,0.0000,0.0000,0.0000,0.0000,71.46,24.97,39,-7.750,1,626.6
805.270,+0.3336,-0.0111,-0.0200,0.0622,-0.3911,8.546,-7.370,-2.521,-0.620,0.0000,0.0000,0.0000,0.0000,0.0000,0.0000,0.0000,0.0000,71.46,24.97,39,-7.950,1,626.6
805.366,+0.3544,-0.0295,-0.0200,0.0622,-0.3956,8.546,-7.370,-2.521,-0.620,0.0000,0.0000,0.0000,0.0000,0.0000,0.0000,0.0000,0.0000,71.46,24.97,39,-7.720,1,626.6
805.393,+0.3266,-0.0690,-0.0200,0.0622,-0.3956,8.546,-7.370,-2.521,-0.620,0.0000,0.0000,0.0000,0.0000,0.0000,0.0000,0.0000,0.0000,71.46,24.97,39,-7.720,1,626.6
805.425,+0.3563,-0.0185,-0.0200,0.0622,-0.3956,8.546,-7.370,-2.521,-0.620,0.0000,0.0000,0.0000,0.0000,0.0000,0.0000,0.0000,0.0000,71.46,24.97,39,-7.720,1,626.6
805.451,+0.3152,-0.0772,-0.0200,0.0622,-0.3956,8.422,-7.429,-2.207,-0.284,0.0000,0.0000,0.0000,0.0000,0.0000,0.0000,0.0000,0.0000,71.46,25.01,39,-11.150,1,626.6
805.542,+0.3448,-0.0414,-0.0250,0.0622,-0.3889,8.133,-7.407,-0.998,1.043,0.0000,0.0000,0.0000,0.0000,0.0000,0.0000,0.0000,0.0000,71.13,25.04,40,-8.530,1,622.9
805.576,+0.3708,-0.0259,-0.0250,0.0622,-0.3889,8.133,-7.407,-0.998,1.043,0.0000,0.0000,0.0000,0.0000,0.0000,0.0000,0.0000,0.0000,71.13,25.04,40,-8.530,1,622.9
805.607,+0.3708,-0.0259,-0.0250,0.0622,-0.3889,8.133,-7.407,-0.998,1.043,0.0000,0.0000,0.0000,0.0000,0.0000,0.0000,0.0000,0.0000,71.13,25.04,40,-8.530,1,622.9
805.635,+0.3407,-0.0794,-0.0250,0.0622,-0.3889,8.133,-7.407,-0.998,1.043,0.0000,0.0000,0.0000,0.0000,0.0000,0.0000,0.0000,0.0000,71.13,25.04,40,-8.530,1,622.9
805.658,+0.3327,-0.0296,-0.0250,0.0622,-0.3889,8.133,-7.407,-0.998,1.043,0.0000,0.0000,0.0000,0.0000,0.0000,0.0000,0.0000,0.0000,71.13,25.04,40,-8.530,1,622.9
805.760,+0.3470,-0.0296,-0.0250,0.0656,-0.3856,7.791,-7.369,-1.366,0.617,0.0000,0.0000,0.0000,0.0000,0.0000,0.0000,0.0000,0.0000,70.47,25.13,39,-8.630,1,615.6
805.788,+0.3625,-0.0296,-0.0300,0.0667,-0.3844,7.791,-7.369,-1.366,0.617,0.0000,0.0000,0.0000,0.0000,0.0000,0.0000,0.0000,0.0000,70.26,25.13,39,-8.630,1,613.3
805.845,+0.3465,-0.0296,-0.0300,0.0667,-0.3844,7.791,-7.369,-1.366,0.617,0.0000,0.0000,0.0000,0.0000,0.0000,0.0000,0.0000,0.0000,70.26,25.13,39,-8.630,1,613.3
805.873,+0.3295,-0.0296,-0.0300,0.0667,-0.3844,7.791,-7.369,-1.366,0.617,0.0000,0.0000,0.0000,0.0000,0.0000,0.0000,0.0000,0.0000,70.26,25.13,39,-8.630,1,613.3
805.905,+0.3059,+0.0170,-0.0300,0.0667,-0.3844,7.791,-7.369,-1.366,0.617,0.0000,0.0000,0.0000,0.0000,0.0000,0.0000,0.0000,0.0000,70.26,25.13,39,-8.630,1,613.3
805.941,+0.3061,+0.0168,-0.0300,0.0667,-0.3844,7.708,-7.370,-0.165,-0.029,0.0000,0.0000,0.0000,0.0000,0.0000,0.0000,0.0000,0.0000,70.26,25.20,39,-8.720,1,613.3
805.970,+0.2906,-0.0222,-0.0300,0.0667,-0.3889,7.683,-7.401,-0.455,-0.601,0.0000,0.0000,0.0000,0.0000,0.0000,0.0000,0.0000,0.0000,70.26,25.20,39,-8.740,1,613.3
806.010,+0.3024,+0.0164,-0.0300,0.0678,-0.3922,7.599,-7.560,-0.332,-1.334,0.0000,0.0000,0.0000,0.0000,0.0000,0.0000,0.0000,0.0000,69.82,25.24,39,-8.750,1,608.4
806.037,+0.2773,-0.0185,-0.0300,0.0678,-0.3922,7.599,-7.560,-0.332,-1.334,0.0000,0.0000,0.0000,0.0000,0.0000,0.0000,0.0000,0.0000,69.82,25.24,39,-8.770,1,608.4
806.066,+0.3083,+0.0334,-0.0300,0.0678,-0.3922,7.599,-7.560,-0.332,-1.334,0.0000,0.0000,0.0000,0.0000,0.0000,0.0000,0.0000,0.0000,69.82,25.24,39,-8.770,1,608.4
806.101,+0.2862,-0.0148,-0.0300,0.0678,-0.3922,7.599,-7.560,-0.332,-1.334,0.0000,0.0000,0.0000,0.0000,0.0000,0.0000,0.0000,0.0000,69.82,25.24,39,-8.770,1,608.4
806.173,+0.3182,-0.0148,-0.0300,0.0678,-0.3922,7.599,-7.560,-0.332,-1.334,0.0000,0.0000,0.0000,0.0000,0.0000,0.0000,0.0000,0.0000,69.82,25.24,39,-8.770,1,608.4
806.204,+0.3018,-0.0148,-0.0250,0.0644,-0.3933,7.587,-7.769,0.731,-0.376,0.0000,0.0000,0.0000,0.0000,0.0000,0.0000,0.0000,0.0000,69.82,25.31,39,-8.700,1,608.4
806.231,+0.3271,-0.0148,-0.0250,0.0644,-0.3933,7.587,-7.769,0.731,-0.376,0.0000,0.0000,0.0000,0.0000,0.0000,0.0000,0.0000,0.0000,69.24,25.33,39,-8.700,1,602.2
806.274,+0.3066,-0.0148,-0.0250,0.0633,-0.3944,7.786,-7.796,1.816,0.681,0.0000,0.0000,0.0000,0.0000,0.0000,0.0000,0.0000,0.0000,69.24,25.33,39,-8.180,1,602.2
806.298,+0.2888,-0.0791,-0.0250,0.0622,-0.3911,7.786,-7.796,1.816,0.681,0.0000,0.0000,0.0000,0.0000,0.0000,0.0000,0.0000,0.0000,69.24,25.33,39,-8.620,1,602.2
806.331,+0.2969,-0.0185,-0.0250,0.0622,-0.3911,7.786,-7.796,1.816,0.681,0.0000,0.0000,0.0000,0.0000,0.0000,0.0000,0.0000,0.0000,69.24,25.33,39,-8.620,1,602.2
806.358,+0.2896,-0.0185,-0.0250,0.0622,-0.3911,7.786,-7.796,1.816,0.681,0.0000,0.0000,0.0000,0.0000,0.0000,0.0000,0.0000,0.0000,69.24,25.33,39,-8.620,1,602.2
806.385,+0.2875,-0.0185,-0.0250,0.0622,-0.3911,7.786,-7.796,1.816,0.681,0.0000,0.0000,0.0000,0.0000,0.0000,0.0000,0.0000,0.0000,69.24,25.33,39,-8.620,1,602.2
806.462,+0.2920,-0.0185,-0.0250,0.0622,-0.3911,7.987,-7.746,1.394,0.447,0.0000,0.0000,0.0000,0.0000,0.0000,0.0000,0.0000,0.0000,69.24,25.41,39,-8.620,1,602.2
806.487,+0.2458,-0.0185,-0.0200,0.0622,-0.3911,8.036,-7.748,1.269,0.504,0.0000,0.0000,0.0000,0.0000,0.0000,0.0000,0.0000,0.0000,68.64,25.41,39,-9.270,1,595.8
806.520,+0.2822,-0.0649,-0.0200,0.0600,-0.3844,8.087,-7.744,1.429,0.628,0.0000,0.0000,0.0000,0.0000,0.0000,0.0000,0.0000,0.0000,68.64,25.48,39,-8.730,1,595.8
806.546,+0.2413,-0.0222,-0.0200,0.0589,-0.3856,8.087,-7.744,1.429,0.628,0.0000,0.0000,0.0000,0.0000,0.0000,0.0000,0.0000,0.0000,68.64,25.48,39,-8.730,1,595.8
806.576,+0.2729,-0.0222,-0.0200,0.0589,-0.3856,8.087,-7.744,1.429,0.628,0.0000,0.0000,0.0000,0.0000,0.0000,0.0000,0.0000,0.0000,68.64,25.48,39,-8.730,1,595.8
806.614,+0.2549,-0.0623,-0.0200,0.0589,-0.3856,8.087,-7.744,1.429,0.628,0.0000,0.0000,0.0000,0.0000,0.0000,0.0000,0.0000,0.0000,68.64,25.48,39,-8.730,1,595.8
806.641,+0.2636,-0.0259,-0.0200,0.0589,-0.3856,8.087,-7.744,1.429,0.628,0.0000,0.0000,0.0000,0.0000,0.0000,0.0000,0.0000,0.0000,68.64,25.48,39,-8.730,1,595.8
806.677,+0.2700,-0.0681,-0.0200,0.0589,-0.3856,8.087,-7.744,1.429,0.628,0.0000,0.0000,0.0000,0.0000,0.0000,0.0000,0.0000,0.0000,68.64,25.48,39,-8.730,1,595.8
806.761,+0.2686,-0.0296,-0.0150,0.0556,-0.3800,8.287,-7.667,0.527,1.099,0.0000,0.0000,0.0000,0.0000,0.0000,0.0000,0.0000,0.0000,68.14,25.56,39,-8.830,1,590.7
806.788,+0.2875,-0.0296,-0.0150,0.0556,-0.3778,8.287,-7.667,0.527,1.099,0.0000,0.0000,0.0000,0.0000,0.0000,0.0000,0.0000,0.0000,68.14,25.56,39,-8.890,1,590.7
806.817,+0.2582,-0.0296,-0.0150,0.0556,-0.3778,8.287,-7.667,0.527,1.099,0.0000,0.0000,0.0000,0.0000,0.0000,0.0000,0.0000,0.0000,68.14,25.56,39,-8.890,1,590.7
806.866,+0.2494,-0.0296,-0.0150,0.0556,-0.3778,8.287,-7.667,0.527,1.099,0.0000,0.0000,0.0000,0.0000,0.0000,0.0000,0.0000,0.0000,68.14,25.56,39,-8.890,1,590.7
806.896,+0.2812,-0.0296,-0.0150,0.0556,-0.3778,8.287,-7.667,0.527,1.099,0.0000,0.0000,0.0000,0.0000,0.0000,0.0000,0.0000,0.0000,68.14,25.56,39,-8.890,1,590.7
806.925,+0.2515,-0.0296,-0.0150,0.0556,-0.3778,8.287,-7.667,0.527,1.099,0.0000,0.0000,0.0000,0.0000,0.0000,0.0000,0.0000,0.0000,68.14,25.56,39,-8.890,1,590.7
806.955,+0.2504,-0.0296,-0.0150,0.0556,-0.3778,8.303,-7.661,0.120,-0.166,0.0000,0.0000,0.0000,0.0000,0.0000,0.0000,0.0000,0.0000,68.14,25.62,38,-9.340,1,590.7
806.985,+0.2493,-0.0296,-0.0150,0.0567,-0.3789,8.288,-7.688,-0.205,-0.150,0.0000,0.0000,0.0000,0.0000,0.0000,0.0000,0.0000,0.0000,67.52,25.62,38,-9.010,1,584.0
807.015,+0.2181,-0.0296,-0.0150,0.0556,-0.3778,8.225,-7.723,-0.351,0.169,0.0000,0.0000,0.0000,0.0000,0.0000,0.0000,0.0000,0.0000,67.29,25.65,38,-9.030,1,581.6
807.071,+0.2383,-0.0296,-0.0150,0.0556,-0.3778,8.225,-7.723,-0.351,0.169,0.0000,0.0000,0.0000,0.0000,0.0000,0.0000,0.0000,0.0000,67.29,25.65,38,-9.040,1,581.6
807.102,+0.2390,-0.0296,-0.0150,0.0556,-0.3778,8.225,-7.723,-0.351,0.169,0.0000,0.0000,0.0000,0.0000,0.0000,0.0000,0.0000,0.0000,67.29,25.65,38,-9.040,1,581.6
807.132,+0.2356,-0.0296,-0.0150,0.0556,-0.3778,8.225,-7.723,-0.351,0.169,0.0000,0.0000,0.0000,0.0000,0.0000,0.0000,0.0000,0.0000,67.29,25.65,38,-9.040,1,581.6
807.159,+0.2007,-0.0296,-0.0150,0.0556,-0.3778,8.225,-7.723,-0.351,0.169,0.0000,0.0000,0.0000,0.0000,0.0000,0.0000,0.0000,0.0000,67.29,25.65,38,-9.040,1,581.6
807.230,+0.2317,-0.0296,-0.0150,0.0544,-0.3767,8.169,-7.740,-0.257,0.340,0.0000,0.0000,0.0000,0.0000,0.0000,0.0000,0.0000,0.0000,66.79,25.73,38,-9.090,1,576.2
807.265,+0.2542,-0.0296,-0.0150,0.0544,-0.3767,8.059,-7.789,-0.904,0.077,0.0000,0.0000,0.0000,0.0000,0.0000,0.0000,0.0000,0.0000,66.79,25.73,38,-9.110,1,576.2
807.295,+0.2253,-0.0296,-0.0150,0.0556,-0.3778,7.997,-7.813,-0.799,-0.136,0.0000,0.0000,0.0000,0.0000,0.0000,0.0000,0.0000,0.0000,66.79,25.73,38,-9.130,1,576.2
807.322,+0.2208,-0.0296,-0.0150,0.0556,-0.3778,7.997,-7.813,-0.799,-0.136,0.0000,0.0000,0.0000,0.0000,0.0000,0.0000,0.0000,0.0000,66.79,25.73,38,-9.130,1,576.2
807.349,+0.2500,+0.0252,-0.0150,0.0556,-0.3778,7.997,-7.813,-0.799,-0.136,0.0000,0.0000,0.0000,0.0000,0.0000,0.0000,0.0000,0.0000,66.79,25.73,38,-9.130,1,576.2
807.377,+0.2191,-0.0259,-0.0150,0.0556,-0.3778,7.997,-7.813,-0.799,-0.136,0.0000,0.0000,0.0000,0.0000,0.0000,0.0000,0.0000,0.0000,66.79,25.73,38,-9.130,1,576.2
807.414,+0.2245,-0.0259,-0.0150,0.0556,-0.3778,7.997,-7.813,-0.799,-0.136,0.0000,0.0000,0.0000,0.0000,0.0000,0.0000,0.0000,0.0000,66.79,25.73,38,-9.130,1,576.2
807.445,+0.2180,-0.0259,-0.0150,0.0556,-0.3778,7.997,-7.813,-0.799,-0.136,0.0000,0.0000,0.0000,0.0000,0.0000,0.0000,0.0000,0.0000,66.79,25.79,38,-9.130,1,576.2
807.474,+0.2151,-0.0259,-0.0150,0.0556,-0.3800,7.788,-7.959,-1.532,-0.654,0.0000,0.0000,0.0000,0.0000,0.0000,0.0000,0.0000,0.0000,66.30,25.79,38,-9.180,1,571.1
807.510,+0.1933,-0.0259,-0.0150,0.0578,-0.3800,7.685,-8.005,-1.790,-0.416,0.0000,0.0000,0.0000,0.0000,0.0000,0.0000,0.0000,0.0000,66.30,25.79,38,-8.700,1,571.1
807.545,+0.2128,-0.0259,-0.0200,0.0589,-0.3811,7.587,-8.040,-1.818,-0.303,0.0000,0.0000,0.0000,0.0000,0.0000,0.0000,0.0000,0.0000,66.30,25.84,38,-9.160,1,571.1
807.579,+0.1846,-0.0259,-0.0200,0.0589,-0.3811,7.587,-8.040,-1.818,-0.303,0.0000,0.0000,0.0000,0.0000,0.0000,0.0000,0.0000,0.0000,66.30,25.84,38,-9.160,1,571.1
807.615,+0.2067,-0.0259,-0.0200,0.0589,-0.3811,7.587,-8.040,-1.818,-0.303,0.0000,0.0000,0.0000,0.0000,0.0000,0.0000,0.0000,0.0000,66.30,25.84,38,-9.160,1,571.1
807.652,+0.2061,-0.0259,-0.0200,0.0589,-0.3811,7.587,-8.040,-1.818,-0.303,0.0000,0.0000,0.0000,0.0000,0.0000,0.0000,0.0000,0.0000,66.30,25.84,38,-9.160,1,571.1
807.685,+0.1745,-0.0259,-0.0200,0.0589,-0.3811,7.587,-8.040,-1.818,-0.303,0.0000,0.0000,0.0000,0.0000,0.0000,0.0000,0.0000,0.0000,66.30,25.87,38,-9.160,1,571.1
807.722,+0.1993,+0.0161,-0.0200,0.0589,-0.3811,7.126,-8.219,-1.674,-0.202,0.0000,0.0000,0.0000,0.0000,0.0000,0.0000,0.0000,0.0000,65.56,25.91,38,-9.220,1,563.4
807.756,+0.2208,-0.0222,-0.0200,0.0600,-0.3800,7.122,-8.220,-1.628,-0.153,0.0000,0.0000,0.0000,0.0000,0.0000,0.0000,0.0000,0.0000,65.56,25.91,38,-9.230,1,563.4
807.783,+0.1901,-0.0222,-0.0200,0.0600,-0.3800,7.028,-8.245,-1.451,-0.016,0.0000,0.0000,0.0000,0.0000,0.0000,0.0000,0.0000,0.0000,65.56,25.91,38,-9.240,1,563.4
807.824,+0.1974,-0.0222,-0.0200,0.0600,-0.3800,7.028,-8.245,-1.451,-0.016,0.0000,0.0000,0.0000,0.0000,0.0000,0.0000,0.0000,0.0000,65.56,25.91,38,-9.240,1,563.4
807.866,+0.1958,-0.0222,-0.0200,0.0600,-0.3800,7.028,-8.245,-1.451,-0.016,0.0000,0.0000,0.0000,0.0000,0.0000,0.0000,0.0000,0.0000,65.56,25.91,38,-9.240,1,563.4
807.892,+0.1815,-0.0222,-0.0200,0.0600,-0.3800,7.028,-8.245,-1.451,-0.016,0.0000,0.0000,0.0000,0.0000,0.0000,0.0000,0.0000,0.0000,65.56,25.91,38,-9.240,1,563.4
807.922,+0.2125,-0.0222,-0.0200,0.0600,-0.3800,7.028,-8.245,-1.451,-0.016,0.0000,0.0000,0.0000,0.0000,0.0000,0.0000,0.0000,0.0000,65.56,25.91,38,-9.240,1,563.4
807.950,+0.2125,-0.0222,-0.0200,0.0611,-0.3811,6.854,-8.279,-1.484,0.026,0.0000,0.0000,0.0000,0.0000,0.0000,0.0000,0.0000,0.0000,65.56,25.96,38,-8.870,1,563.4
807.990,+0.1906,-0.0612,-0.0250,0.0622,-0.3800,6.658,-8.307,-1.770,0.030,0.0000,0.0000,0.0000,0.0000,0.0000,0.0000,0.0000,0.0000,64.90,25.96,38,-9.250,1,556.8
808.012,+0.1727,-0.0259,-0.0250,0.0622,-0.3800,6.558,-8.318,-1.715,0.105,0.0000,0.0000,0.0000,0.0000,0.0000,0.0000,0.0000,0.0000,64.76,26.00,38,-9.250,1,555.5
808.045,+0.1821,-0.0259,-0.0250,0.0633,-0.3789,6.558,-8.318,-1.715,0.105,0.0000,0.0000,0.0000,0.0000,0.0000,0.0000,0.0000,0.0000,64.76,26.00,38,-9.260,1,555.5
808.081,+0.1826,-0.0259,-0.0250,0.0633,-0.3789,6.558,-8.318,-1.715,0.105,0.0000,0.0000,0.0000,0.0000,0.0000,0.0000,0.0000,0.0000,64.76,26.00,38,-9.260,1,555.5
808.110,+0.1742,-0.0792,-0.0250,0.0633,-0.3789,6.558,-8.318,-1.715,0.105,0.0000,0.0000,0.0000,0.0000,0.0000,0.0000,0.0000,0.0000,64.76,26.00,38,-9.260,1,555.5
808.146,+0.1780,-0.0296,-0.0250,0.0633,-0.3789,6.558,-8.318,-1.715,0.105,0.0000,0.0000,0.0000,0.0000,0.0000,0.0000,0.0000,0.0000,64.76,26.00,38,-9.260,1,555.5
808.197,+0.1826,-0.0296,-0.0250,0.0644,-0.3733,6.445,-8.306,-0.416,0.491,0.0000,0.0000,0.0000,0.0000,0.0000,0.0000,0.0000,0.0000,64.76,26.06,38,-9.660,1,555.5
808.224,+0.1354,-0.0296,-0.0250,0.0644,-0.3733,6.445,-8.306,-0.416,0.491,0.0000,0.0000,0.0000,0.0000,0.0000,0.0000,0.0000,0.0000,64.22,26.07,38,-9.660,1,550.2
808.261,+0.1702,-0.0296,-0.0250,0.0633,-0.3722,6.372,-8.289,-0.324,0.433,0.0000,0.0000,0.0000,0.0000,0.0000,0.0000,0.0000,0.0000,64.22,26.07,38,-9.370,1,550.2
808.293,+0.1649,-0.0296,-0.0250,0.0633,-0.3700,6.370,-8.289,-0.314,0.386,0.0000,0.0000,0.0000,0.0000,0.0000,0.0000,0.0000,0.0000,64.22,26.07,38,-9.880,1,550.2
808.335,+0.1684,-0.0296,-0.0250,0.0633,-0.3700,6.370,-8.289,-0.314,0.386,0.0000,0.0000,0.0000,0.0000,0.0000,0.0000,0.0000,0.0000,64.22,26.07,38,-9.880,1,550.2
808.366,+0.1598,-0.0788,-0.0250,0.0633,-0.3700,6.370,-8.289,-0.314,0.386,0.0000,0.0000,0.0000,0.0000,0.0000,0.0000,0.0000,0.0000,64.22,26.07,38,-9.880,1,550.2
808.393,+0.1854,-0.0333,-0.0250,0.0633,-0.3700,6.370,-8.289,-0.314,0.386,0.0000,0.0000,0.0000,0.0000,0.0000,0.0000,0.0000,0.0000,64.22,26.07,38,-9.880,1,550.2
808.465,+0.1723,-0.0333,-0.0250,0.0622,-0.3711,6.329,-8.311,0.285,0.307,0.0000,0.0000,0.0000,0.0000,0.0000,0.0000,0.0000,0.0000,63.69,26.14,37,-9.490,1,545.0
808.496,+0.1556,-0.0826,-0.0250,0.0622,-0.3689,6.335,-8.305,0.531,0.532,0.0000,0.0000,0.0000,0.0000,0.0000,0.0000,0.0000,0.0000,63.69,26.18,37,-9.500,1,545.0
808.519,+0.1461,-0.0370,-0.0250,0.0622,-0.3667,6.388,-8.251,1.007,0.523,0.0000,0.0000,0.0000,0.0000,0.0000,0.0000,0.0000,0.0000,63.69,26.18,37,-9.520,1,545.0
808.556,+0.1556,+0.0048,-0.0250,0.0611,-0.3656,6.388,-8.251,1.007,0.523,0.0000,0.0000,0.0000,0.0000,0.0000,0.0000,0.0000,0.0000,63.69,26.18,37,-9.600,1,545.0
808.584,+0.1771,-0.0333,-0.0250,0.0611,-0.3656,6.388,-8.251,1.007,0.523,0.0000,0.0000,0.0000,0.0000,0.0000,0.0000,0.0000,0.0000,63.69,26.18,37,-9.600,1,545.0
808.620,+0.1529,-0.0333,-0.0250,0.0611,-0.3656,6.388,-8.251,1.007,0.523,0.0000,0.0000,0.0000,0.0000,0.0000,0.0000,0.0000,0.0000,63.69,26.18,37,-9.600,1,545.0
808.649,+0.1450,+0.0200,-0.0250,0.0611,-0.3656,6.388,-8.251,1.007,0.523,0.0000,0.0000,0.0000,0.0000,0.0000,0.0000,0.0000,0.0000,63.69,26.18,37,-9.600,1,545.0
808.687,+0.1501,-0.0296,-0.0250,0.0611,-0.3656,6.388,-8.251,1.007,0.523,0.0000,0.0000,0.0000,0.0000,0.0000,0.0000,0.0000,0.0000,63.69,26.18,37,-9.600,1,545.0
808.714,+0.1400,-0.0296,-0.0250,0.0611,-0.3678,6.429,-8.258,0.906,-0.225,0.0000,0.0000,0.0000,0.0000,0.0000,0.0000,0.0000,0.0000,63.03,26.21,37,-10.090,1,538.4
808.746,+0.1418,+0.0183,-0.0250,0.0600,-0.3578,6.489,-8.406,0.665,-0.659,0.0000,0.0000,0.0000,0.0000,0.0000,0.0000,0.0000,0.0000,63.03,26.23,37,-12.440,1,538.4
808.781,+0.1419,-0.0259,-0.0250,0.0600,-0.3533,6.489,-8.406,0.665,-0.659,0.0000,0.0000,0.0000,0.0000,0.0000,0.0000,0.0000,0.0000,62.64,26.23,37,-9.830,1,534.5
808.823,+0.1435,-0.0259,-0.0250,0.0600,-0.3533,6.489,-8.406,0.665,-0.659,0.0000,0.0000,0.0000,0.0000,0.0000,0.0000,0.0000,0.0000,62.64,26.23,37,-9.830,1,534.5
808.859,+0.1387,-0.0259,-0.0250,0.0600,-0.3533,6.489,-8.406,0.665,-0.659,0.0000,0.0000,0.0000,0.0000,0.0000,0.0000,0.0000,0.0000,62.64,26.23,37,-9.830,1,534.5
808.889,+0.1320,-0.0259,-0.0250,0.0600,-0.3533,6.489,-8.406,0.665,-0.659,0.0000,0.0000,0.0000,0.0000,0.0000,0.0000,0.0000,0.0000,62.64,26.23,37,-9.830,1,534.5
808.934,+0.1385,+0.0094,-0.0250,0.0600,-0.3533,6.540,-8.476,1.049,-0.145,0.0000,0.0000,0.0000,0.0000,0.0000,0.0000,0.0000,0.0000,62.64,26.29,37,-9.830,1,534.5
808.973,+0.1341,-0.0222,-0.0200,0.0578,-0.3644,6.630,-8.513,1.301,0.049,0.0000,0.0000,0.0000,0.0000,0.0000,0.0000,0.0000,0.0000,62.10,26.32,37,-9.800,1,529.4
809.006,+0.1542,+0.0250,-0.0200,0.0578,-0.3644,6.735,-8.563,1.284,-0.604,0.0000,0.0000,0.0000,0.0000,0.0000,0.0000,0.0000,0.0000,62.10,26.33,37,-9.810,1,529.4
809.036,+0.1258,-0.0185,-0.0200,0.0578,-0.3689,6.735,-8.563,1.284,-0.604,0.0000,0.0000,0.0000,0.0000,0.0000,0.0000,0.0000,0.0000,62.10,26.33,37,-9.830,1,529.4
809.064,+0.1521,+0.0350,-0.0200,0.0578,-0.3689,6.735,-8.563,1.284,-0.604,0.0000,0.0000,0.0000,0.0000,0.0000,0.0000,0.0000,0.0000,62.10,26.33,37,-9.830,1,529.4
809.093,+0.1521,-0.0148,-0.0200,0.0578,-0.3689,6.735,-8.563,1.284,-0.604,0.0000,0.0000,0.0000,0.0000,0.0000,0.0000,0.0000,0.0000,62.10,26.33,37,-9.830,1,529.4
809.135,+0.1310,+0.0226,-0.0200,0.0578,-0.3689,6.735,-8.563,1.284,-0.604,0.0000,0.0000,0.0000,0.0000,0.0000,0.0000,0.0000,0.0000,62.10,26.33,37,-9.830,1,529.4
809.160,+0.1164,+0.0485,-0.0200,0.0578,-0.3689,6.735,-8.563,1.284,-0.604,0.0000,0.0000,0.0000,0.0000,0.0000,0.0000,0.0000,0.0000,62.10,26.33,37,-9.830,1,529.4
809.186,+0.1157,-0.0074,-0.0200,0.0578,-0.3689,6.807,-8.699,0.812,-1.229,0.0000,0.0000,0.0000,0.0000,0.0000,0.0000,0.0000,0.0000,62.10,26.38,37,-9.830,1,529.4
809.217,+0.1181,+0.0419,-0.0200,0.0578,-0.3733,6.807,-8.699,0.812,-1.229,0.0000,0.0000,0.0000,0.0000,0.0000,0.0000,0.0000,0.0000,62.10,26.38,37,-9.810,1,529.4
809.258,+0.1010,-0.0037,-0.0200,0.0578,-0.3756,6.837,-8.834,0.582,-0.924,0.0000,0.0000,0.0000,0.0000,0.0000,0.0000,0.0000,0.0000,61.68,26.39,37,-9.270,1,525.4
809.332,+0.1141,+0.0189,-0.0200,0.0578,-0.3756,6.837,-8.836,0.593,-0.875,0.0000,0.0000,0.0000,0.0000,0.0000,0.0000,0.0000,0.0000,61.68,26.39,37,-9.720,1,525.4
809.369,+0.0883,+0.0000,-0.0200,0.0578,-0.3756,6.837,-8.836,0.593,-0.875,0.0000,0.0000,0.0000,0.0000,0.0000,0.0000,0.0000,0.0000,61.68,26.39,37,-9.720,1,525.4
809.394,+0.0967,+0.0000,-0.0200,0.0578,-0.3756,6.837,-8.836,0.593,-0.875,0.0000,0.0000,0.0000,0.0000,0.0000,0.0000,0.0000,0.0000,61.68,26.39,37,-9.720,1,525.4
809.423,+0.0998,+0.0000,-0.0200,0.0578,-0.3756,6.837,-8.836,0.593,-0.875,0.0000,0.0000,0.0000,0.0000,0.0000,0.0000,0.0000,0.0000,61.68,26.39,37,-9.720,1,525.4
809.472,+0.1089,+0.0000,-0.0150,0.0533,-0.3489,6.907,-9.065,0.254,-0.478,0.0000,0.0000,0.0000,0.0000,0.0000,0.0000,0.0000,0.0000,60.83,26.45,37,-12.800,1,517.6
809.509,+0.1019,+0.0000,-0.0150,0.0511,-0.3378,6.898,-9.084,0.195,0.093,0.0000,0.0000,0.0000,0.0000,0.0000,0.0000,0.0000,0.0000,60.83,26.47,37,-13.120,1,517.6
809.538,+0.0931,+0.0000,-0.0150,0.0511,-0.3378,6.898,-9.084,0.195,0.093,0.0000,0.0000,0.0000,0.0000,0.0000,0.0000,0.0000,0.0000,60.83,26.47,37,-13.120,1,517.6
809.565,+0.0898,-0.0552,-0.0150,0.0511,-0.3378,6.898,-9.084,0.195,0.093,0.0000,0.0000,0.0000,0.0000,0.0000,0.0000,0.0000,0.0000,60.83,26.47,37,-13.120,1,517.6
809.627,+0.1038,-0.0037,-0.0150,0.0511,-0.3378,6.898,-9.084,0.195,0.093,0.0000,0.0000,0.0000,0.0000,0.0000,0.0000,0.0000,0.0000,60.83,26.47,37,-13.120,1,517.6
809.652,+0.1167,-0.0037,-0.0150,0.0511,-0.3378,6.898,-9.084,0.195,0.093,0.0000,0.0000,0.0000,0.0000,0.0000,0.0000,0.0000,0.0000,60.83,26.47,37,-13.120,1,517.6
809.687,+0.0915,-0.0485,-0.0150,0.0511,-0.3378,6.894,-9.032,0.297,1.046,0.0000,0.0000,0.0000,0.0000,0.0000,0.0000,0.0000,0.0000,60.83,26.52,35,-13.680,1,517.6
809.728,+0.0934,-0.0074,-0.0100,0.0478,-0.3056,6.883,-8.985,0.088,0.606,0.0000,0.0000,0.0000,0.0000,0.0000,0.0000,0.0000,0.0000,60.21,26.56,35,-13.840,1,512.0
809.763,+0.0878,-0.0074,-0.0100,0.0478,-0.3144,6.882,-8.984,0.070,0.562,0.0000,0.0000,0.0000,0.0000,0.0000,0.0000,0.0000,0.0000,60.21,26.56,35,-13.960,1,512.0
809.793,+0.1104,+0.0431,-0.0100,0.0478,-0.3144,6.882,-8.984,0.070,0.562,0.0000,0.0000,0.0000,0.0000,0.0000,0.0000,0.0000,0.0000,60.06,26.56,35,-13.960,1,510.7
809.821,+0.1104,+0.1028,-0.0100,0.0478,-0.3144,6.882,-8.984,0.070,0.562,0.0000,0.0000,0.0000,0.0000,0.0000,0.0000,0.0000,0.0000,60.06,26.56,35,-13.960,1,510.7
809.887,+0.1104,+0.0789,-0.0100,0.0478,-0.3144,6.882,-8.984,0.070,0.562,0.0000,0.0000,0.0000,0.0000,0.0000,0.0000,0.0000,0.0000,60.06,26.56,35,-13.960,1,510.7
809.911,+0.1455,+0.3271,-0.0100,0.0478,-0.3144,6.882,-8.984,0.070,0.562,0.0000,0.0000,0.0000,0.0000,0.0000,0.0000,0.0000,0.0000,60.06,26.56,35,-13.960,1,510.7
809.965,+0.1125,+0.2117,-0.0150,0.0500,-0.3211,6.754,-9.165,-0.453,-5.095,0.0000,0.0000,0.0000,0.0000,0.0000,0.0000,0.0000,0.0000,60.06,26.61,35,-14.460,1,510.7
810.006,+0.0909,+0.2475,-0.0150,0.0544,-0.3522,6.560,-9.877,-3.655,-9.018,0.0000,0.0000,0.0000,0.0000,0.0000,0.0000,0.0000,0.0000,59.31,26.65,36,-10.450,1,504.0
810.031,+0.0764,+0.3161,-0.0200,0.0578,-0.3756,6.560,-9.877,-3.655,-9.018,0.0000,0.0000,0.0000,0.0000,0.0000,0.0000,0.0000,0.0000,59.31,26.65,36,-10.450,1,504.0
810.092,+0.0784,+0.2485,-0.0200,0.0578,-0.3756,6.560,-9.877,-3.655,-9.018,0.0000,0.0000,0.0000,0.0000,0.0000,0.0000,0.0000,0.0000,59.31,26.65,36,-10.450,1,504.0
810.127,+0.0305,+0.2857,-0.0200,0.0578,-0.3756,6.560,-9.877,-3.655,-9.018,0.0000,0.0000,0.0000,0.0000,0.0000,0.0000,0.0000,0.0000,59.31,26.65,36,-10.450,1,504.0
810.155,+0.0673,+0.3433,-0.0200,0.0578,-0.3756,6.560,-9.877,-3.655,-9.018,0.0000,0.0000,0.0000,0.0000,0.0000,0.0000,0.0000,0.0000,59.31,26.65,36,-10.450,1,504.0
810.188,+0.0433,+0.2809,-0.0200,0.0633,-0.4144,6.176,-10.709,-3.662,-7.770,0.0000,0.0000,0.0000,0.0000,0.0000,0.0000,0.0000,0.0000,59.31,26.65,37,-9.170,1,504.0
810.222,+0.0157,+0.2418,-0.0200,0.0644,-0.4222,5.993,-11.077,-2.713,-6.536,0.0000,0.0000,0.0000,0.0000,0.0000,0.0000,0.0000,0.0000,58.67,26.65,37,-8.730,1,498.8
810.287,+0.0425,+0.1593,-0.0200,0.0656,-0.4433,5.859,-11.423,-1.432,-5.943,0.0000,0.0000,0.0000,0.0000,0.0000,0.0000,0.0000,0.0000,58.67,26.66,37,-8.440,1,498.8
810.318,+0.0425,+0.1593,-0.0200,0.0656,-0.4433,5.859,-11.423,-1.432,-5.943,0.0000,0.0000,0.0000,0.0000,0.0000,0.0000,0.0000,0.0000,58.67,26.66,37,-8.440,0,498.8
810.341,+0.0425,+0.1593,-0.0200,0.0656,-0.4433,5.859,-11.423,-1.432,-5.943,0.0000,0.0000,0.0000,0.0000,0.0000,0.0000,0.0000,0.0000,58.67,26.66,37,-8.440,0,498.8
810.374,+0.0425,+0.1593,-0.0200,0.0656,-0.4433,5.859,-11.423,-1.432,-5.943,0.0000,0.0000,0.0000,0.0000,0.0000,0.0000,0.0000,0.0000,58.67,26.66,37,-8.440,0,498.8
810.412,+0.0624,-0.2891,-0.0200,0.0656,-0.4433,5.859,-11.423,-1.432,-5.943,0.0000,0.0000,0.0000,0.0000,0.0000,0.0000,0.0000,0.0000,58.67,26.66,37,-8.440,1,498.8
810.457,+0.0750,+0.0481,-0.0150,0.0611,-0.4122,5.750,-11.425,1.464,11.804,0.0000,0.0000,0.0000,0.0000,0.0000,0.0000,0.0000,0.0000,57.89,26.70,37,-8.080,1,493.6
810.485,+0.0750,-0.0059,-0.0150,0.0589,-0.3944,5.802,-10.853,1.373,9.916,0.0000,0.0000,0.0000,0.0000,0.0000,0.0000,0.0000,0.0000,57.89,26.70,37,-8.570,1,493.6
810.520,+0.0750,+0.0444,-0.0200,0.0600,-0.4067,5.845,-10.447,0.883,7.260,0.0000,0.0000,0.0000,0.0000,0.0000,0.0000,0.0000,0.0000,57.89,26.84,37,-8.500,1,493.6
810.558,+0.0750,-0.0362,-0.0200,0.0600,-0.4067,5.845,-10.447,0.883,7.260,0.0000,0.0000,0.0000,0.0000,0.0000,0.0000,0.0000,0.0000,57.89,26.84,37,-8.500,1,493.6
810.582,+0.0750,-0.0260,-0.0200,0.0600,-0.4067,5.845,-10.447,0.883,7.260,0.0000,0.0000,0.0000,0.0000,0.0000,0.0000,0.0000,0.0000,57.89,26.84,37,-8.500,1,493.6
810.627,+0.0554,-0.0365,-0.0200,0.0600,-0.4067,5.845,-10.447,0.883,7.260,0.0000,0.0000,0.0000,0.0000,0.0000,0.0000,0.0000,0.0000,57.89,26.84,37,-8.500,1,493.6
810.652,+0.0398,-0.1504,-0.0200,0.0600,-0.4067,5.845,-10.447,0.883,7.260,0.0000,0.0000,0.0000,0.0000,0.0000,0.0000,0.0000,0.0000,57.89,26.84,37,-8.500,1,493.6
810.690,+0.0479,-0.0667,-0.0200,0.0589,-0.3633,5.747,-9.814,-1.348,3.850,0.0000,0.0000,0.0000,0.0000,0.0000,0.0000,0.0000,0.0000,56.65,26.96,35,-13.060,1,485.2
810.729,+0.0459,-0.1144,-0.0200,0.0600,-0.3578,5.654,-9.603,-1.394,4.409,0.0000,0.0000,0.0000,0.0000,0.0000,0.0000,0.0000,0.0000,56.65,26.96,36,-10.450,1,485.2
810.754,-0.0009,-0.1238,-0.0250,0.0600,-0.3533,5.570,-9.382,-1.071,4.665,0.0000,0.0000,0.0000,0.0000,0.0000,0.0000,0.0000,0.0000,56.65,26.96,36,-10.370,1,485.2
810.784,+0.0067,-0.1104,-0.0250,0.0600,-0.3533,5.570,-9.382,-1.071,4.665,0.0000,0.0000,0.0000,0.0000,0.0000,0.0000,0.0000,0.0000,56.30,26.96,36,-10.370,1,482.4
810.814,+0.0296,-0.1206,-0.0250,0.0600,-0.3533,5.570,-9.382,-1.071,4.665,0.0000,0.0000,0.0000,0.0000,0.0000,0.0000,0.0000,0.0000,56.30,26.96,36,-10.370,1,482.4
810.849,+0.0065,-0.1586,-0.0250,0.0600,-0.3533,5.570,-9.382,-1.071,4.665,0.0000,0.0000,0.0000,0.0000,0.0000,0.0000,0.0000,0.0000,56.30,26.96,36,-10.370,1,482.4
810.904,+0.0193,-0.0953,-0.0250,0.0600,-0.3533,5.570,-9.382,-1.071,4.665,0.0000,0.0000,0.0000,0.0000,0.0000,0.0000,0.0000,0.0000,56.30,26.96,36,-10.370,1,482.4
810.931,+0.0479,-0.1566,-0.0200,0.0567,-0.3367,5.457,-9.039,-0.005,3.145,0.0000,0.0000,0.0000,0.0000,0.0000,0.0000,0.0000,0.0000,56.30,27.07,35,-11.300,1,482.4
810.959,+0.0176,-0.1598,0.0050,0.0356,-0.3289,5.467,-8.760,0.804,3.427,0.0000,0.0000,0.0000,0.0000,0.0000,0.0000,0.0000,0.0000,56.30,27.09,35,-11.350,1,482.4
810.996,+0.0458,-0.1419,0.0150,0.0267,-0.3222,5.507,-8.567,1.179,4.060,0.0000,0.0000,0.0000,0.0000,0.0000,0.0000,0.0000,0.0000,55.51,27.13,35,-11.900,1,475.6
811.024,+0.0458,-0.1740,0.0250,0.0211,-0.3144,5.507,-8.567,1.179,4.060,0.0000,0.0000,0.0000,0.0000,0.0000,0.0000,0.0000,0.0000,55.51,27.13,35,-11.900,1,475.6
811.059,+0.0705,-0.0741,0.0250,0.0211,-0.3144,5.507,-8.567,1.179,4.060,0.0000,0.0000,0.0000,0.0000,0.0000,0.0000,0.0000,0.0000,55.51,27.13,35,-11.900,1,475.6
811.091,+0.0749,-0.0741,0.0250,0.0211,-0.3144,5.507,-8.567,1.179,4.060,0.0000,0.0000,0.0000,0.0000,0.0000,0.0000,0.0000,0.0000,55.51,27.13,35,-11.900,1,475.6
811.126,+0.0998,-0.0298,0.0250,0.0211,-0.3144,5.507,-8.567,1.179,4.060,0.0000,0.0000,0.0000,0.0000,0.0000,0.0000,0.0000,0.0000,55.51,27.13,35,-11.900,1,475.6
811.152,+0.1200,+0.0467,0.0250,0.0211,-0.3144,5.507,-8.567,1.179,4.060,0.0000,0.0000,0.0000,0.0000,0.0000,0.0000,0.0000,0.0000,55.51,27.13,35,-11.900,1,475.6
811.175,+0.1303,+0.1289,0.0250,0.0211,-0.3144,5.578,-8.135,0.949,3.442,0.0000,0.0000,0.0000,0.0000,0.0000,0.0000,0.0000,0.0000,55.51,27.16,35,-12.110,1,475.6
811.212,+0.0860,+0.0737,0.0300,0.0178,-0.3022,5.669,-8.150,1.373,-3.185,0.0000,0.0000,0.0000,0.0000,0.0000,0.0000,0.0000,0.0000,55.51,27.16,35,-12.110,1,475.6
811.252,+0.0864,+0.0758,0.0250,0.0222,-0.3289,5.623,-8.562,-2.920,-5.376,0.0000,0.0000,0.0000,0.0000,0.0000,0.0000,0.0000,0.0000,55.08,27.18,34,-11.480,1,471.3
811.282,+0.0378,+0.1241,0.0200,0.0256,-0.3344,5.623,-8.562,-2.920,-5.376,0.0000,0.0000,0.0000,0.0000,0.0000,0.0000,0.0000,0.0000,55.08,27.18,34,-11.510,1,471.3
811.314,+0.0112,+0.1237,0.0200,0.0256,-0.3344,5.623,-8.562,-2.920,-5.376,0.0000,0.0000,0.0000,0.0000,0.0000,0.0000,0.0000,0.0000,55.08,27.18,34,-11.510,1,471.3
811.340,-0.0354,+0.2197,0.0200,0.0256,-0.3344,5.623,-8.562,-2.920,-5.376,0.0000,0.0000,0.0000,0.0000,0.0000,0.0000,0.0000,0.0000,55.08,27.18,34,-11.510,1,471.3
811.383,-0.0082,+0.1182,0.0200,0.0256,-0.3344,5.623,-8.562,-2.920,-5.376,0.0000,0.0000,0.0000,0.0000,0.0000,0.0000,0.0000,0.0000,55.08,27.18,34,-11.510,1,471.3
811.424,-0.0164,+0.1710,0.0200,0.0256,-0.3344,5.623,-8.562,-2.920,-5.376,0.0000,0.0000,0.0000,0.0000,0.0000,0.0000,0.0000,0.0000,55.08,27.18,34,-11.510,1,471.3
811.455,-0.0133,+0.1800,0.0150,0.0322,-0.3656,5.192,-9.161,-4.021,-5.741,0.0000,0.0000,0.0000,0.0000,0.0000,0.0000,0.0000,0.0000,55.08,27.18,35,-10.090,1,471.3
811.480,-0.0299,+0.1643,0.0150,0.0322,-0.3767,4.853,-9.736,-3.015,-5.478,0.0000,0.0000,0.0000,0.0000,0.0000,0.0000,0.0000,0.0000,54.40,27.18,35,-9.560,1,464.6
811.513,+0.0074,+0.0979,0.0150,0.0344,-0.3878,4.307,-10.289,-5.824,-4.686,0.0000,0.0000,0.0000,0.0000,0.0000,0.0000,0.0000,0.0000,54.40,27.19,36,-9.420,1,464.6
811.543,+0.0312,+0.0556,0.0100,0.0356,-0.3933,4.307,-10.289,-5.824,-4.686,0.0000,0.0000,0.0000,0.0000,0.0000,0.0000,0.0000,0.0000,54.40,27.19,36,-9.420,1,464.6
811.583,+0.0532,+0.0556,0.0100,0.0356,-0.3933,4.307,-10.289,-5.824,-4.686,0.0000,0.0000,0.0000,0.0000,0.0000,0.0000,0.0000,0.0000,54.40,27.19,36,-9.420,1,464.6
811.613,+0.0618,-0.0455,0.0100,0.0356,-0.3933,4.307,-10.289,-5.824,-4.686,0.0000,0.0000,0.0000,0.0000,0.0000,0.0000,0.0000,0.0000,54.40,27.19,36,-9.420,1,464.6
811.706,+0.0460,+0.0294,0.0150,0.0344,-0.3767,3.988,-10.457,-6.474,-1.467,0.0000,0.0000,0.0000,0.0000,0.0000,0.0000,0.0000,0.0000,53.59,27.19,36,-8.800,1,458.0
811.742,+0.0863,-0.0424,0.0100,0.0378,-0.3756,2.831,-9.948,-9.652,2.980,0.0000,0.0000,0.0000,0.0000,0.0000,0.0000,0.0000,0.0000,53.59,27.20,35,-9.700,1,458.0
811.774,+0.0681,-0.0100,0.0000,0.0444,-0.3667,2.822,-9.945,-9.593,3.030,0.0000,0.0000,0.0000,0.0000,0.0000,0.0000,0.0000,0.0000,53.59,27.20,35,-10.620,1,458.0
811.849,+0.0437,+0.0107,0.0000,0.0444,-0.3667,2.822,-9.945,-9.593,3.030,0.0000,0.0000,0.0000,0.0000,0.0000,0.0000,0.0000,0.0000,53.21,27.20,35,-10.620,1,455.1
811.878,+0.0437,-0.0228,0.0000,0.0444,-0.3667,2.822,-9.945,-9.593,3.030,0.0000,0.0000,0.0000,0.0000,0.0000,0.0000,0.0000,0.0000,53.21,27.20,35,-10.620,1,455.1
811.910,+0.0173,-0.0211,0.0000,0.0444,-0.3667,2.822,-9.945,-9.593,3.030,0.0000,0.0000,0.0000,0.0000,0.0000,0.0000,0.0000,0.0000,53.21,27.20,35,-10.620,1,455.1
811.971,+0.0265,-0.0047,-0.0100,0.0522,-0.3656,1.218,-9.825,-9.950,-0.014,0.0000,0.0000,0.0000,0.0000,0.0000,0.0000,0.0000,0.0000,53.21,27.27,35,-10.350,1,455.1
812.010,+0.0396,-0.0212,-0.0200,0.0567,-0.3633,1.197,-9.826,-9.849,-0.038,0.0000,0.0000,0.0000,0.0000,0.0000,0.0000,0.0000,0.0000,52.68,27.33,35,-10.160,1,450.8
812.049,+0.0171,-0.0252,-0.0200,0.0578,-0.3622,0.702,-9.827,-8.918,0.297,0.0000,0.0000,0.0000,0.0000,0.0000,0.0000,0.0000,0.0000,52.68,27.33,35,-10.460,1,450.8
812.074,+0.0375,-0.0484,-0.0200,0.0578,-0.3622,0.702,-9.827,-8.918,0.297,0.0000,0.0000,0.0000,0.0000,0.0000,0.0000,0.0000,0.0000,52.68,27.33,35,-10.460,1,450.8
812.104,+0.0661,-0.0434,-0.0200,0.0578,-0.3622,0.702,-9.827,-8.918,0.297,0.0000,0.0000,0.0000,0.0000,0.0000,0.0000,0.0000,0.0000,52.68,27.33,35,-10.460,1,450.8
812.131,+0.0396,-0.0515,-0.0200,0.0578,-0.3622,0.702,-9.827,-8.918,0.297,0.0000,0.0000,0.0000,0.0000,0.0000,0.0000,0.0000,0.0000,52.68,27.33,35,-10.460,1,450.8
812.162,+0.0396,-0.0485,-0.0200,0.0578,-0.3622,0.702,-9.827,-8.918,0.297,0.0000,0.0000,0.0000,0.0000,0.0000,0.0000,0.0000,0.0000,52.68,27.33,35,-10.460,1,450.8
812.224,+0.0396,-0.0302,-0.0300,0.0622,-0.3400,-0.290,-9.607,-3.840,2.668,0.0000,0.0000,0.0000,0.0000,0.0000,0.0000,0.0000,0.0000,51.80,27.38,34,-10.550,1,443.7
812.257,+0.0134,-0.0074,-0.0350,0.0656,-0.3411,-0.497,-9.459,-4.145,2.803,0.0000,0.0000,0.0000,0.0000,0.0000,0.0000,0.0000,0.0000,51.80,27.40,35,-10.610,1,443.7
812.280,+0.0375,-0.0074,-0.0350,0.0678,-0.3478,-0.944,-9.388,-4.135,-0.375,0.0000,0.0000,0.0000,0.0000,0.0000,0.0000,0.0000,0.0000,51.80,27.40,35,-10.830,1,443.7
812.318,+0.0375,-0.0074,-0.0400,0.0700,-0.3522,-0.944,-9.388,-4.135,-0.375,0.0000,0.0000,0.0000,0.0000,0.0000,0.0000,0.0000,0.0000,51.80,27.40,35,-10.800,1,443.7
812.363,+0.0573,-0.0074,-0.0400,0.0700,-0.3522,-0.944,-9.388,-4.135,-0.375,0.0000,0.0000,0.0000,0.0000,0.0000,0.0000,0.0000,0.0000,51.80,27.40,35,-10.800,1,443.7
812.385,+0.0396,-0.0731,-0.0400,0.0700,-0.3522,-0.944,-9.388,-4.135,-0.375,0.0000,0.0000,0.0000,0.0000,0.0000,0.0000,0.0000,0.0000,51.80,27.40,35,-10.800,1,443.7
812.420,+0.0648,-0.0559,-0.0400,0.0700,-0.3522,-0.944,-9.388,-4.135,-0.375,0.0000,0.0000,0.0000,0.0000,0.0000,0.0000,0.0000,0.0000,51.80,27.40,35,-10.800,1,443.7
812.453,+0.0672,-0.0602,-0.0400,0.0700,-0.3522,-0.944,-9.388,-4.135,-0.375,0.0000,0.0000,0.0000,0.0000,0.0000,0.0000,0.0000,0.0000,51.80,27.45,34,-10.800,1,443.7
812.521,+0.0575,-0.0675,-0.0450,0.0700,-0.3011,-1.551,-9.181,0.908,3.969,0.0000,0.0000,0.0000,0.0000,0.0000,0.0000,0.0000,0.0000,51.01,27.47,33,-13.880,1,436.9
812.558,+0.0694,+0.0160,-0.0450,0.0711,-0.3000,-1.551,-9.181,0.908,3.969,0.0000,0.0000,0.0000,0.0000,0.0000,0.0000,0.0000,0.0000,51.01,27.47,33,-11.650,1,436.9
812.583,+0.0479,+0.0961,-0.0450,0.0711,-0.3000,-1.551,-9.181,0.908,3.969,0.0000,0.0000,0.0000,0.0000,0.0000,0.0000,0.0000,0.0000,51.01,27.47,33,-11.650,1,436.9
812.614,+0.0479,+0.0831,-0.0450,0.0711,-0.3000,-1.551,-9.181,0.908,3.969,0.0000,0.0000,0.0000,0.0000,0.0000,0.0000,0.0000,0.0000,51.01,27.47,33,-11.650,1,436.9
812.655,+0.0479,+0.1067,-0.0450,0.0711,-0.3000,-1.551,-9.181,0.908,3.969,0.0000,0.0000,0.0000,0.0000,0.0000,0.0000,0.0000,0.0000,51.01,27.47,33,-11.650,1,436.9
812.681,+0.0150,+0.1791,-0.0450,0.0711,-0.3000,-1.551,-9.181,0.908,3.969,0.0000,0.0000,0.0000,0.0000,0.0000,0.0000,0.0000,0.0000,51.01,27.51,34,-11.650,1,436.9
812.723,+0.0250,+0.0889,-0.0450,0.0733,-0.3422,-1.171,-9.029,4.026,-2.046,0.0000,0.0000,0.0000,0.0000,0.0000,0.0000,0.0000,0.0000,50.24,27.51,34,-11.680,1,430.0
812.750,+0.0123,+0.1899,-0.0450,0.0733,-0.3511,-0.800,-9.581,4.558,-6.522,0.0000,0.0000,0.0000,0.0000,0.0000,0.0000,0.0000,0.0000,50.24,27.52,34,-10.950,1,430.0
812.805,+0.0252,+0.0920,-0.0450,0.0722,-0.3611,-0.791,-9.594,4.728,-6.584,0.0000,0.0000,0.0000,0.0000,0.0000,0.0000,0.0000,0.0000,49.93,27.52,34,-10.180,1,427.3
812.853,+0.0396,+0.1393,-0.0450,0.0722,-0.3611,-0.791,-9.594,4.728,-6.584,0.0000,0.0000,0.0000,0.0000,0.0000,0.0000,0.0000,0.0000,49.93,27.52,34,-10.180,1,427.3
812.877,+0.0396,+0.1150,-0.0450,0.0722,-0.3611,-0.791,-9.594,4.728,-6.584,0.0000,0.0000,0.0000,0.0000,0.0000,0.0000,0.0000,0.0000,49.93,27.52,34,-10.180,1,427.3
812.912,+0.0644,+0.0997,-0.0450,0.0722,-0.3611,-0.791,-9.594,4.728,-6.584,0.0000,0.0000,0.0000,0.0000,0.0000,0.0000,0.0000,0.0000,49.93,27.52,34,-10.180,1,427.3
812.935,+0.0417,+0.1236,-0.0450,0.0722,-0.3611,0.077,-10.244,7.255,-2.492,0.0000,0.0000,0.0000,0.0000,0.0000,0.0000,0.0000,0.0000,49.93,27.52,34,-10.180,1,427.3
813.015,+0.0537,+0.1058,-0.0300,0.0656,-0.3789,0.816,-10.469,7.215,-2.124,0.0000,0.0000,0.0000,0.0000,0.0000,0.0000,0.0000,0.0000,49.43,27.53,35,-9.590,1,423.2
813.044,+0.0724,+0.0704,-0.0250,0.0644,-0.3822,0.816,-10.469,7.215,-2.124,0.0000,0.0000,0.0000,0.0000,0.0000,0.0000,0.0000,0.0000,49.43,27.53,35,-9.590,1,423.2
813.073,+0.0458,+0.0178,-0.0250,0.0644,-0.3822,0.816,-10.469,7.215,-2.124,0.0000,0.0000,0.0000,0.0000,0.0000,0.0000,0.0000,0.0000,49.43,27.53,35,-9.590,1,423.2
813.112,+0.0458,+0.0265,-0.0250,0.0644,-0.3822,0.816,-10.469,7.215,-2.124,0.0000,0.0000,0.0000,0.0000,0.0000,0.0000,0.0000,0.0000,49.43,27.53,35,-9.590,1,423.2
813.143,+0.0458,-0.0838,-0.0250,0.0644,-0.3822,0.816,-10.469,7.215,-2.124,0.0000,0.0000,0.0000,0.0000,0.0000,0.0000,0.0000,0.0000,49.43,27.53,35,-9.590,1,423.2
813.232,+0.0568,-0.0068,-0.0200,0.0611,-0.3833,1.683,-10.577,6.127,3.181,0.0000,0.0000,0.0000,0.0000,0.0000,0.0000,0.0000,0.0000,48.71,27.55,35,-9.340,1,417.7
813.259,+0.0790,-0.1250,-0.0200,0.0578,-0.3667,1.973,-10.355,6.235,5.289,0.0000,0.0000,0.0000,0.0000,0.0000,0.0000,0.0000,0.0000,48.71,27.56,34,-9.780,1,417.7
813.291,+0.0765,-0.1116,-0.0150,0.0544,-0.3500,2.260,-10.072,5.897,5.917,0.0000,0.0000,0.0000,0.0000,0.0000,0.0000,0.0000,0.0000,48.71,27.56,34,-10.140,1,417.7
813.322,+0.0521,-0.0805,-0.0150,0.0544,-0.3500,2.260,-10.072,5.897,5.917,0.0000,0.0000,0.0000,0.0000,0.0000,0.0000,0.0000,0.0000,48.71,27.56,34,-10.140,1,417.7
813.347,+0.0521,-0.0489,-0.0150,0.0544,-0.3500,2.260,-10.072,5.897,5.917,0.0000,0.0000,0.0000,0.0000,0.0000,0.0000,0.0000,0.0000,48.71,27.56,34,-10.140,1,417.7
813.375,+0.0211,-0.1027,-0.0150,0.0544,-0.3500,2.260,-10.072,5.897,5.917,0.0000,0.0000,0.0000,0.0000,0.0000,0.0000,0.0000,0.0000,48.71,27.56,34,-10.140,1,417.7
813.399,+0.0500,-0.0603,-0.0150,0.0544,-0.3500,2.260,-10.072,5.897,5.917,0.0000,0.0000,0.0000,0.0000,0.0000,0.0000,0.0000,0.0000,48.71,27.56,34,-10.140,1,417.7
813.432,+0.0500,-0.0510,-0.0150,0.0544,-0.3500,2.260,-10.072,5.897,5.917,0.0000,0.0000,0.0000,0.0000,0.0000,0.0000,0.0000,0.0000,48.71,27.65,33,-10.140,1,417.7
813.468,+0.0500,-0.0495,-0.0100,0.0489,-0.3289,2.805,-9.651,4.846,3.149,0.0000,0.0000,0.0000,0.0000,0.0000,0.0000,0.0000,0.0000,47.99,27.65,33,-13.560,1,412.2
813.495,+0.0185,+0.0449,-0.0100,0.0478,-0.3256,3.140,-9.443,2.097,1.813,0.0000,0.0000,0.0000,0.0000,0.0000,0.0000,0.0000,0.0000,47.99,27.65,34,-11.650,1,412.2
813.523,+0.0479,-0.0074,-0.0100,0.0489,-0.3289,3.140,-9.355,0.505,1.540,0.0000,0.0000,0.0000,0.0000,0.0000,0.0000,0.0000,0.0000,47.99,27.68,34,-11.120,1,412.2
813.548,+0.0479,+0.0519,-0.0100,0.0467,-0.3267,3.140,-9.355,0.505,1.540,0.0000,0.0000,0.0000,0.0000,0.0000,0.0000,0.0000,0.0000,47.99,27.68,34,-11.640,1,412.2
813.583,+0.0479,+0.0402,-0.0100,0.0467,-0.3267,3.140,-9.355,0.505,1.540,0.0000,0.0000,0.0000,0.0000,0.0000,0.0000,0.0000,0.0000,47.99,27.68,34,-11.640,1,412.2
813.616,+0.0479,+0.0471,-0.0100,0.0467,-0.3267,3.140,-9.355,0.505,1.540,0.0000,0.0000,0.0000,0.0000,0.0000,0.0000,0.0000,0.0000,47.99,27.68,34,-11.640,1,412.2
813.660,+0.0279,+0.0037,-0.0100,0.0467,-0.3267,3.140,-9.355,0.505,1.540,0.0000,0.0000,0.0000,0.0000,0.0000,0.0000,0.0000,0.0000,47.99,27.68,34,-11.640,1,412.2
813.684,+0.0115,+0.0647,-0.0100,0.0467,-0.3267,3.140,-9.355,0.505,1.540,0.0000,0.0000,0.0000,0.0000,0.0000,0.0000,0.0000,0.0000,47.99,27.72,33,-11.640,1,412.2
813.722,+0.0437,+0.0483,-0.0100,0.0478,-0.3411,3.060,-9.553,-0.807,-1.621,0.0000,0.0000,0.0000,0.0000,0.0000,0.0000,0.0000,0.0000,47.01,27.72,33,-10.360,1,404.0
813.753,+0.0164,+0.0598,-0.0100,0.0489,-0.3400,2.976,-9.674,-0.277,-0.518,0.0000,0.0000,0.0000,0.0000,0.0000,0.0000,0.0000,0.0000,47.01,27.73,34,-10.440,1,404.0
813.785,+0.0149,+0.0623,-0.0100,0.0489,-0.3422,2.976,-9.674,-0.277,-0.518,0.0000,0.0000,0.0000,0.0000,0.0000,0.0000,0.0000,0.0000,47.01,27.73,34,-10.360,1,404.0
813.829,+0.0396,+0.0185,-0.0100,0.0489,-0.3422,2.976,-9.674,-0.277,-0.518,0.0000,0.0000,0.0000,0.0000,0.0000,0.0000,0.0000,0.0000,47.01,27.73,34,-10.360,1,404.0
813.898,+0.0396,+0.0667,-0.0100,0.0489,-0.3422,2.976,-9.674,-0.277,-0.518,0.0000,0.0000,0.0000,0.0000,0.0000,0.0000,0.0000,0.0000,47.01,27.73,34,-10.360,1,404.0
813.932,+0.0396,+0.0259,-0.0100,0.0489,-0.3422,2.976,-9.674,-0.277,-0.518,0.0000,0.0000,0.0000,0.0000,0.0000,0.0000,0.0000,0.0000,47.01,27.76,34,-10.360,1,404.0
813.965,+0.0396,+0.0718,-0.0100,0.0500,-0.3456,2.784,-9.839,-1.341,-1.113,0.0000,0.0000,0.0000,0.0000,0.0000,0.0000,0.0000,0.0000,46.16,27.76,34,-10.370,1,396.7
813.995,+0.0676,+0.0296,-0.0100,0.0511,-0.3511,2.713,-9.899,-1.453,-1.030,0.0000,0.0000,0.0000,0.0000,0.0000,0.0000,0.0000,0.0000,46.16,27.76,34,-10.590,1,396.7
814.030,+0.0417,+0.0738,-0.0150,0.0522,-0.3500,2.710,-9.901,-1.483,-1.018,0.0000,0.0000,0.0000,0.0000,0.0000,0.0000,0.0000,0.0000,45.82,27.77,33,-10.580,1,393.9
814.058,+0.0417,+0.0333,-0.0150,0.0522,-0.3500,2.710,-9.901,-1.483,-1.018,0.0000,0.0000,0.0000,0.0000,0.0000,0.0000,0.0000,0.0000,45.82,27.77,33,-10.580,1,393.9
814.097,+0.0639,+0.0728,-0.0150,0.0522,-0.3500,2.710,-9.901,-1.483,-1.018,0.0000,0.0000,0.0000,0.0000,0.0000,0.0000,0.0000,0.0000,45.82,27.77,33,-10.580,1,393.9
814.126,+0.0143,+0.0370,-0.0150,0.0522,-0.3500,2.710,-9.901,-1.483,-1.018,0.0000,0.0000,0.0000,0.0000,0.0000,0.0000,0.0000,0.0000,45.82,27.77,33,-10.580,1,393.9
814.164,+0.0417,+0.0778,-0.0150,0.0522,-0.3500,2.710,-9.901,-1.483,-1.018,0.0000,0.0000,0.0000,0.0000,0.0000,0.0000,0.0000,0.0000,45.82,27.77,33,-10.580,1,393.9
814.193,+0.0417,+0.0928,-0.0150,0.0522,-0.3500,2.506,-9.993,-2.492,-0.741,0.0000,0.0000,0.0000,0.0000,0.0000,0.0000,0.0000,0.0000,45.82,27.79,34,-10.410,1,393.9
814.228,+0.0417,+0.0444,-0.0200,0.0567,-0.3544,2.506,-9.993,-2.492,-0.741,0.0000,0.0000,0.0000,0.0000,0.0000,0.0000,0.0000,0.0000,45.28,27.79,34,-10.410,1,389.5
814.262,+0.0166,+0.0890,-0.0200,0.0567,-0.3567,2.074,-10.138,-2.516,-0.911,0.0000,0.0000,0.0000,0.0000,0.0000,0.0000,0.0000,0.0000,45.28,27.81,33,-10.340,1,389.5
814.287,+0.0396,+0.0481,-0.0250,0.0600,-0.3600,1.943,-10.194,-2.284,-0.917,0.0000,0.0000,0.0000,0.0000,0.0000,0.0000,0.0000,0.0000,45.28,27.81,33,-9.950,1,389.5
814.322,+0.0145,+0.0481,-0.0250,0.0600,-0.3600,1.943,-10.194,-2.284,-0.917,0.0000,0.0000,0.0000,0.0000,0.0000,0.0000,0.0000,0.0000,45.28,27.81,33,-9.950,1,389.5
814.352,+0.0375,+0.0983,-0.0250,0.0600,-0.3600,1.943,-10.194,-2.284,-0.917,0.0000,0.0000,0.0000,0.0000,0.0000,0.0000,0.0000,0.0000,45.28,27.81,33,-9.950,1,389.5
814.409,+0.0214,+0.0233,-0.0250,0.0600,-0.3600,1.943,-10.194,-2.284,-0.917,0.0000,0.0000,0.0000,0.0000,0.0000,0.0000,0.0000,0.0000,45.28,27.81,33,-9.950,1,389.5
814.432,+0.0354,+0.0481,-0.0250,0.0600,-0.3600,1.943,-10.194,-2.284,-0.917,0.0000,0.0000,0.0000,0.0000,0.0000,0.0000,0.0000,0.0000,45.28,27.81,33,-9.950,1,389.5
814.470,+0.0121,+0.0066,-0.0250,0.0600,-0.3667,1.805,-10.314,-0.359,0.676,0.0000,0.0000,0.0000,0.0000,0.0000,0.0000,0.0000,0.0000,44.37,27.85,34,-9.690,1,382.3
814.506,+0.0333,+0.0444,-0.0250,0.0600,-0.3556,1.785,-10.254,0.023,1.738,0.0000,0.0000,0.0000,0.0000,0.0000,0.0000,0.0000,0.0000,44.37,27.85,34,-10.000,1,382.3
814.534,+0.0333,-0.0096,-0.0250,0.0600,-0.3600,1.784,-10.251,0.008,1.695,0.0000,0.0000,0.0000,0.0000,0.0000,0.0000,0.0000,0.0000,44.37,27.86,34,-9.500,1,382.3
814.565,+0.0333,-0.0085,-0.0250,0.0600,-0.3600,1.784,-10.251,0.008,1.695,0.0000,0.0000,0.0000,0.0000,0.0000,0.0000,0.0000,0.0000,44.37,27.86,34,-9.500,1,382.3
814.591,+0.0333,-0.0214,-0.0250,0.0600,-0.3600,1.784,-10.251,0.008,1.695,0.0000,0.0000,0.0000,0.0000,0.0000,0.0000,0.0000,0.0000,44.37,27.86,34,-9.500,1,382.3
814.624,+0.0333,+0.0333,-0.0250,0.0600,-0.3600,1.784,-10.251,0.008,1.695,0.0000,0.0000,0.0000,0.0000,0.0000,0.0000,0.0000,0.0000,44.37,27.86,34,-9.500,1,382.3
814.658,+0.0333,-0.0113,-0.0250,0.0600,-0.3600,1.784,-10.251,0.008,1.695,0.0000,0.0000,0.0000,0.0000,0.0000,0.0000,0.0000,0.0000,44.37,27.86,34,-9.500,1,382.3
814.685,+0.0333,-0.0269,-0.0250,0.0600,-0.3600,1.784,-10.251,0.008,1.695,0.0000,0.0000,0.0000,0.0000,0.0000,0.0000,0.0000,0.0000,44.37,27.86,34,-9.500,1,382.3
814.717,+0.0333,+0.0259,-0.0250,0.0600,-0.3467,1.786,-10.093,0.261,1.439,0.0000,0.0000,0.0000,0.0000,0.0000,0.0000,0.0000,0.0000,43.46,27.88,33,-10.020,1,375.3
814.844,+0.0333,-0.0036,-0.0250,0.0600,-0.3444,1.836,-9.928,0.882,1.594,0.0000,0.0000,0.0000,0.0000,0.0000,0.0000,0.0000,0.0000,43.09,27.91,33,-10.110,1,372.3
814.886,+0.0333,+0.0185,-0.0250,0.0600,-0.3444,1.836,-9.928,0.882,1.594,0.0000,0.0000,0.0000,0.0000,0.0000,0.0000,0.0000,0.0000,43.09,27.91,33,-10.110,1,372.3
814.927,+0.0333,+0.0185,-0.0250,0.0600,-0.3444,1.836,-9.928,0.882,1.594,0.0000,0.0000,0.0000,0.0000,0.0000,0.0000,0.0000,0.0000,43.09,27.91,33,-10.110,1,372.3
814.953,+0.0001,+0.0185,-0.0250,0.0600,-0.3444,1.939,-9.798,0.109,0.105,0.0000,0.0000,0.0000,0.0000,0.0000,0.0000,0.0000,0.0000,43.09,0.00,33,-10.110,1,372.3
814.986,+0.0312,+0.0185,-0.0250,0.0600,-0.3489,1.939,-9.798,0.111,0.103,0.0000,0.0000,0.0000,0.0000,0.0000,0.0000,0.0000,0.0000,43.09,0.00,33,-10.160,1,372.3
815.043,+0.0312,+0.0185,-0.0250,0.0578,-0.3222,1.992,-9.801,0.107,0.112,0.0000,0.0000,0.0000,0.0000,0.0000,0.0000,0.0000,0.0000,44.75,0.00,32,-13.620,1,369.7
815.074,+0.0312,+0.0691,-0.0250,0.0578,-0.3222,1.992,-9.801,0.107,0.112,0.0000,0.0000,0.0000,0.0000,0.0000,0.0000,0.0000,0.0000,44.75,0.00,32,-13.620,1,369.7
815.112,+0.0312,+0.0222,-0.0250,0.0578,-0.3222,1.992,-9.801,0.107,0.112,0.0000,0.0000,0.0000,0.0000,0.0000,0.0000,0.0000,0.0000,44.75,0.00,32,-13.620,1,369.7
815.213,+0.0312,+0.0222,-0.0100,0.0489,-0.3400,2.197,-9.863,0.110,0.106,0.0000,0.0000,0.0000,0.0000,0.0000,0.0000,0.0000,0.0000,44.75,0.00,33,-10.430,1,369.7
815.244,+0.0312,+0.0222,-0.0050,0.0456,-0.3411,2.286,-9.849,0.110,0.107,0.0000,0.0000,0.0000,0.0000,0.0000,0.0000,0.0000,0.0000,43.87,0.00,33,-10.420,1,362.5
815.279,+0.0312,+0.0222,0.0000,0.0444,-0.3444,2.461,-9.812,0.109,0.109,0.0000,0.0000,0.0000,0.0000,0.0000,0.0000,0.0000,0.0000,43.87,0.00,33,-10.350,1,362.5
815.307,+0.0312,+0.0222,0.0000,0.0444,-0.3444,2.461,-9.812,0.109,0.109,0.0000,0.0000,0.0000,0.0000,0.0000,0.0000,0.0000,0.0000,43.87,0.00,33,-10.350,1,362.5
815.370,+0.0312,+0.0222,0.0000,0.0444,-0.3444,2.461,-9.812,0.109,0.109,0.0000,0.0000,0.0000,0.0000,0.0000,0.0000,0.0000,0.0000,43.87,0.00,33,-10.350,1,362.5
815.403,+0.0312,+0.0222,0.0000,0.0444,-0.3444,2.461,-9.812,0.109,0.109,0.0000,0.0000,0.0000,0.0000,0.0000,0.0000,0.0000,0.0000,43.87,0.00,33,-10.350,1,362.5
815.426,+0.0312,+0.0222,0.0000,0.0444,-0.3444,2.461,-9.812,0.109,0.109,0.0000,0.0000,0.0000,0.0000,0.0000,0.0000,0.0000,0.0000,43.87,0.00,33,-10.350,1,362.5
815.526,+0.0413,+0.0400,0.0000,0.0422,-0.3467,2.858,-9.885,1.155,-0.434,0.0000,0.0000,0.0000,0.0000,0.0000,0.0000,0.0000,0.0000,43.16,28.03,33,-10.280,1,356.7
815.560,+0.0333,+0.0712,0.0000,0.0422,-0.3467,2.858,-9.885,1.155,-0.434,0.0000,0.0000,0.0000,0.0000,0.0000,0.0000,0.0000,0.0000,43.16,28.03,33,-10.280,1,356.7
815.589,+0.0041,+0.0816,0.0000,0.0422,-0.3467,2.858,-9.885,1.155,-0.434,0.0000,0.0000,0.0000,0.0000,0.0000,0.0000,0.0000,0.0000,43.16,28.03,33,-10.280,1,356.7
815.656,+0.0174,+0.0579,0.0000,0.0422,-0.3467,2.858,-9.885,1.155,-0.434,0.0000,0.0000,0.0000,0.0000,0.0000,0.0000,0.0000,0.0000,43.16,28.03,33,-10.280,1,356.7
815.680,+0.0292,+0.0370,0.0000,0.0422,-0.3467,2.858,-9.885,1.155,-0.434,0.0000,0.0000,0.0000,0.0000,0.0000,0.0000,0.0000,0.0000,43.16,28.04,33,-10.280,1,356.7
815.712,+0.0020,+0.0370,0.0000,0.0411,-0.3456,2.940,-9.919,0.698,-0.137,0.0000,0.0000,0.0000,0.0000,0.0000,0.0000,0.0000,0.0000,42.28,28.04,33,-10.250,1,349.5
815.769,+0.0271,+0.0370,0.0000,0.0444,-0.3578,2.653,-10.115,-4.028,-0.699,0.0000,0.0000,0.0000,0.0000,0.0000,0.0000,0.0000,0.0000,42.28,28.04,33,-9.600,1,349.5
815.798,+0.0271,+0.0370,0.0000,0.0444,-0.3578,2.653,-10.115,-4.028,-0.699,0.0000,0.0000,0.0000,0.0000,0.0000,0.0000,0.0000,0.0000,42.28,28.04,33,-9.600,1,349.5
815.830,+0.0271,+0.0370,0.0000,0.0444,-0.3578,2.653,-10.115,-4.028,-0.699,0.0000,0.0000,0.0000,0.0000,0.0000,0.0000,0.0000,0.0000,42.28,28.04,33,-9.600,1,349.5
815.862,+0.0271,+0.0370,0.0000,0.0444,-0.3578,2.653,-10.115,-4.028,-0.699,0.0000,0.0000,0.0000,0.0000,0.0000,0.0000,0.0000,0.0000,42.28,28.04,33,-9.600,1,349.5
815.889,+0.0581,-0.0180,0.0000,0.0444,-0.3578,2.653,-10.115,-4.028,-0.699,0.0000,0.0000,0.0000,0.0000,0.0000,0.0000,0.0000,0.0000,42.28,28.04,33,-9.600,1,349.5
815.922,+0.0292,+0.0333,0.0000,0.0444,-0.3578,2.275,-10.092,-3.768,1.104,0.0000,0.0000,0.0000,0.0000,0.0000,0.0000,0.0000,0.0000,42.28,28.06,33,-9.600,1,349.5
816.008,+0.0292,+0.0333,-0.0050,0.0489,-0.3533,1.386,-9.988,-4.784,0.139,0.0000,0.0000,0.0000,0.0000,0.0000,0.0000,0.0000,0.0000,40.90,28.09,33,-9.910,1,338.4
816.042,+0.0292,+0.0333,-0.0100,0.0500,-0.3544,1.386,-9.988,-4.784,0.139,0.0000,0.0000,0.0000,0.0000,0.0000,0.0000,0.0000,0.0000,40.90,28.09,33,-9.890,1,338.4
816.074,+0.0292,+0.0333,-0.0100,0.0500,-0.3544,1.386,-9.988,-4.784,0.139,0.0000,0.0000,0.0000,0.0000,0.0000,0.0000,0.0000,0.0000,40.90,28.09,33,-9.890,1,338.4
816.187,+0.0292,+0.0333,-0.0150,0.0522,-0.3522,1.117,-9.988,-4.820,0.128,0.0000,0.0000,0.0000,0.0000,0.0000,0.0000,0.0000,0.0000,40.90,28.10,32,-9.900,1,338.4
816.220,+0.0292,+0.0333,-0.0150,0.0544,-0.3522,0.900,-9.985,-4.718,0.188,0.0000,0.0000,0.0000,0.0000,0.0000,0.0000,0.0000,0.0000,40.90,28.10,32,-9.890,1,338.4
816.253,+0.0292,+0.0333,-0.0150,0.0544,-0.3522,0.670,-9.971,-4.104,0.484,0.0000,0.0000,0.0000,0.0000,0.0000,0.0000,0.0000,0.0000,40.38,28.11,32,-9.870,1,334.3
816.351,+0.0292,+0.0152,-0.0200,0.0567,-0.3522,0.500,-9.952,-3.286,0.422,0.0000,0.0000,0.0000,0.0000,0.0000,0.0000,0.0000,0.0000,40.38,28.11,32,-9.860,1,334.3
816.378,+0.0292,+0.0296,-0.0200,0.0567,-0.3522,0.500,-9.952,-3.286,0.422,0.0000,0.0000,0.0000,0.0000,0.0000,0.0000,0.0000,0.0000,40.38,28.11,32,-9.860,1,334.3
816.434,+0.0292,+0.0007,-0.0200,0.0567,-0.3522,0.094,-9.929,-2.767,0.999,0.0000,0.0000,0.0000,0.0000,0.0000,0.0000,0.0000,0.0000,40.38,28.13,32,-9.860,1,334.3
816.460,+0.0292,+0.0259,-0.0250,0.0600,-0.3489,-0.063,-9.865,-2.799,1.240,0.0000,0.0000,0.0000,0.0000,0.0000,0.0000,0.0000,0.0000,39.51,28.14,32,-9.780,1,327.2
816.495,+0.0292,-0.0171,-0.0250,0.0611,-0.3500,-0.069,-9.863,-2.798,1.230,0.0000,0.0000,0.0000,0.0000,0.0000,0.0000,0.0000,0.0000,39.51,28.14,32,-9.770,1,327.2
816.522,+0.0292,+0.0222,-0.0300,0.0622,-0.3511,-0.210,-9.817,-2.379,0.836,0.0000,0.0000,0.0000,0.0000,0.0000,0.0000,0.0000,0.0000,39.51,28.15,32,-9.920,1,327.2
816.590,+0.0292,-0.0021,-0.0300,0.0622,-0.3511,-0.210,-9.817,-2.379,0.836,0.0000,0.0000,0.0000,0.0000,0.0000,0.0000,0.0000,0.0000,39.51,28.15,32,-9.920,1,327.2
816.618,+0.0595,-0.0355,-0.0300,0.0622,-0.3511,-0.210,-9.817,-2.379,0.836,0.0000,0.0000,0.0000,0.0000,0.0000,0.0000,0.0000,0.0000,39.51,28.15,32,-9.920,1,327.2
816.648,+0.0595,-0.0353,-0.0300,0.0622,-0.3511,-0.210,-9.817,-2.379,0.836,0.0000,0.0000,0.0000,0.0000,0.0000,0.0000,0.0000,0.0000,39.51,28.15,32,-9.920,1,327.2
816.722,+0.0333,-0.0116,-0.0300,0.0633,-0.3411,-0.600,-9.691,-0.461,1.449,0.0000,0.0000,0.0000,0.0000,0.0000,0.0000,0.0000,0.0000,38.62,28.17,32,-9.890,1,319.9
816.747,+0.0673,+0.0074,-0.0350,0.0622,-0.3178,-0.589,-9.587,0.147,2.374,0.0000,0.0000,0.0000,0.0000,0.0000,0.0000,0.0000,0.0000,38.62,28.17,32,-13.250,1,319.9
816.780,+0.0617,-0.0393,-0.0350,0.0633,-0.3189,-0.588,-9.585,0.351,2.669,0.0000,0.0000,0.0000,0.0000,0.0000,0.0000,0.0000,0.0000,38.27,28.17,32,-10.580,1,317.0
816.810,+0.0375,+0.0037,-0.0350,0.0633,-0.3189,-0.588,-9.585,0.351,2.669,0.0000,0.0000,0.0000,0.0000,0.0000,0.0000,0.0000,0.0000,38.27,28.17,32,-10.580,1,317.0
816.850,+0.0375,+0.0037,-0.0350,0.0633,-0.3189,-0.588,-9.585,0.351,2.669,0.0000,0.0000,0.0000,0.0000,0.0000,0.0000,0.0000,0.0000,38.27,28.17,32,-10.580,1,317.0
816.932,+0.0257,+0.0037,-0.0350,0.0633,-0.3189,-0.312,-9.391,2.204,0.314,0.0000,0.0000,0.0000,0.0000,0.0000,0.0000,0.0000,0.0000,38.27,28.20,31,-10.580,1,317.0
816.961,+0.0354,+0.1092,-0.0350,0.0633,-0.3211,-0.215,-9.445,2.153,-1.316,0.0000,0.0000,0.0000,0.0000,0.0000,0.0000,0.0000,0.0000,38.27,28.20,31,-10.810,1,317.0
816.989,+0.0053,+0.0111,-0.0350,0.0622,-0.3111,-0.211,-9.449,2.152,-1.679,0.0000,0.0000,0.0000,0.0000,0.0000,0.0000,0.0000,0.0000,38.27,28.20,31,-13.620,1,317.0
817.018,+0.0333,+0.0633,-0.0300,0.0600,-0.3044,-0.097,-9.552,2.913,-1.972,0.0000,0.0000,0.0000,0.0000,0.0000,0.0000,0.0000,0.0000,37.61,28.20,31,-13.780,1,311.3
817.051,+0.0070,+0.0148,-0.0300,0.0600,-0.3044,-0.097,-9.552,2.913,-1.972,0.0000,0.0000,0.0000,0.0000,0.0000,0.0000,0.0000,0.0000,37.61,28.20,31,-13.780,1,311.3
817.082,+0.0589,+0.0640,-0.0300,0.0600,-0.3044,-0.097,-9.552,2.913,-1.972,0.0000,0.0000,0.0000,0.0000,0.0000,0.0000,0.0000,0.0000,37.61,28.20,31,-13.780,1,311.3
817.115,+0.0333,+0.0185,-0.0300,0.0600,-0.3044,-0.097,-9.552,2.913,-1.972,0.0000,0.0000,0.0000,0.0000,0.0000,0.0000,0.0000,0.0000,37.61,28.20,31,-13.780,1,311.3
817.141,+0.0333,+0.0754,-0.0300,0.0600,-0.3044,-0.097,-9.552,2.913,-1.972,0.0000,0.0000,0.0000,0.0000,0.0000,0.0000,0.0000,0.0000,37.61,28.20,31,-13.780,1,311.3
817.171,+0.0622,+0.0222,-0.0300,0.0600,-0.3044,-0.097,-9.552,2.913,-1.972,0.0000,0.0000,0.0000,0.0000,0.0000,0.0000,0.0000,0.0000,37.61,28.20,31,-13.780,1,311.3
817.209,+0.0354,+0.0635,-0.0250,0.0556,-0.3067,0.439,-9.734,4.090,-0.461,0.0000,0.0000,0.0000,0.0000,0.0000,0.0000,0.0000,0.0000,37.61,28.20,31,-10.970,1,311.3
817.258,+0.0535,+0.0259,-0.0150,0.0522,-0.3211,0.820,-9.776,3.445,-0.351,0.0000,0.0000,0.0000,0.0000,0.0000,0.0000,0.0000,0.0000,36.95,28.20,31,-10.900,1,305.6
817.286,+0.0678,+0.0797,-0.0200,0.0533,-0.3267,0.820,-9.776,3.445,-0.351,0.0000,0.0000,0.0000,0.0000,0.0000,0.0000,0.0000,0.0000,36.95,28.20,31,-10.430,1,305.6
817.311,+0.0396,+0.0896,-0.0200,0.0533,-0.3267,0.820,-9.776,3.445,-0.351,0.0000,0.0000,0.0000,0.0000,0.0000,0.0000,0.0000,0.0000,36.95,28.20,31,-10.430,1,305.6
817.380,+0.0532,+0.0816,-0.0200,0.0533,-0.3267,0.820,-9.776,3.445,-0.351,0.0000,0.0000,0.0000,0.0000,0.0000,0.0000,0.0000,0.0000,36.95,28.20,31,-10.430,1,305.6
817.418,+0.0645,+0.0814,-0.0200,0.0533,-0.3267,0.820,-9.776,3.445,-0.351,0.0000,0.0000,0.0000,0.0000,0.0000,0.0000,0.0000,0.0000,36.95,28.20,31,-10.430,1,305.6
817.450,+0.0705,+0.0919,-0.0150,0.0522,-0.3411,1.080,-9.818,1.780,-0.330,0.0000,0.0000,0.0000,0.0000,0.0000,0.0000,0.0000,0.0000,36.95,28.20,31,-10.350,1,305.6
817.490,+0.0458,+0.1268,-0.0150,0.0533,-0.3467,1.259,-10.033,1.658,-2.823,0.0000,0.0000,0.0000,0.0000,0.0000,0.0000,0.0000,0.0000,36.12,28.20,31,-10.160,1,298.6
817.534,+0.0458,+0.0909,-0.0150,0.0533,-0.3511,1.386,-10.297,0.999,-2.135,0.0000,0.0000,0.0000,0.0000,0.0000,0.0000,0.0000,0.0000,36.12,28.20,31,-10.040,1,298.6
817.566,+0.0458,+0.1074,-0.0150,0.0533,-0.3511,1.386,-10.297,0.999,-2.135,0.0000,0.0000,0.0000,0.0000,0.0000,0.0000,0.0000,0.0000,36.12,28.20,31,-10.040,1,298.6
817.590,+0.0458,+0.1848,-0.0150,0.0533,-0.3511,1.386,-10.297,0.999,-2.135,0.0000,0.0000,0.0000,0.0000,0.0000,0.0000,0.0000,0.0000,36.12,28.20,31,-10.040,1,298.6
817.623,+0.0458,+0.0704,-0.0150,0.0533,-0.3511,1.386,-10.297,0.999,-2.135,0.0000,0.0000,0.0000,0.0000,0.0000,0.0000,0.0000,0.0000,36.12,28.20,31,-10.040,1,298.6
817.702,+0.0337,+0.1134,-0.0150,0.0544,-0.3589,1.470,-10.481,1.106,-1.693,0.0000,0.0000,0.0000,0.0000,0.0000,0.0000,0.0000,0.0000,36.12,28.20,32,-9.510,1,298.6
817.732,+0.0437,+0.1789,-0.0150,0.0533,-0.3622,1.524,-10.571,1.277,-1.717,0.0000,0.0000,0.0000,0.0000,0.0000,0.0000,0.0000,0.0000,35.25,28.20,32,-9.780,1,291.7
817.758,+0.0437,+0.1423,-0.0150,0.0533,-0.3644,1.527,-10.575,1.474,-1.760,0.0000,0.0000,0.0000,0.0000,0.0000,0.0000,0.0000,0.0000,35.25,28.20,32,-9.580,1,291.7
817.784,+0.0111,+0.1470,-0.0150,0.0544,-0.3678,1.595,-10.668,1.782,-1.838,0.0000,0.0000,0.0000,0.0000,0.0000,0.0000,0.0000,0.0000,34.89,28.20,32,-9.850,1,288.9
817.888,+0.0320,+0.1098,-0.0150,0.0544,-0.3678,1.595,-10.668,1.782,-1.838,0.0000,0.0000,0.0000,0.0000,0.0000,0.0000,0.0000,0.0000,34.89,28.20,32,-9.850,1,288.9
817.922,+0.0655,-0.0880,-0.0150,0.0544,-0.3678,1.595,-10.668,1.782,-1.838,0.0000,0.0000,0.0000,0.0000,0.0000,0.0000,0.0000,0.0000,34.89,28.20,32,-9.850,1,288.9
817.946,+0.0417,-0.0389,-0.0150,0.0544,-0.3678,1.619,-10.914,-0.229,-2.676,0.0000,0.0000,0.0000,0.0000,0.0000,0.0000,0.0000,0.0000,34.89,28.20,32,-9.850,1,288.9
817.981,+0.0417,-0.0596,-0.0150,0.0544,-0.3722,1.551,-10.889,-0.311,3.254,0.0000,0.0000,0.0000,0.0000,0.0000,0.0000,0.0000,0.0000,34.89,28.21,32,-8.910,1,288.9
818.014,+0.0417,-0.0293,-0.0100,0.0522,-0.3611,1.540,-10.627,-0.111,5.206,0.0000,0.0000,0.0000,0.0000,0.0000,0.0000,0.0000,0.0000,34.14,28.21,32,-8.840,1,283.4
818.066,+0.0588,-0.0055,-0.0150,0.0522,-0.3567,1.540,-10.627,-0.111,5.206,0.0000,0.0000,0.0000,0.0000,0.0000,0.0000,0.0000,0.0000,34.14,28.21,32,-9.080,1,283.4
818.094,+0.0437,-0.0076,-0.0150,0.0522,-0.3567,1.540,-10.627,-0.111,5.206,0.0000,0.0000,0.0000,0.0000,0.0000,0.0000,0.0000,0.0000,34.14,28.21,32,-9.080,1,283.4
818.131,+0.0437,-0.0372,-0.0150,0.0522,-0.3567,1.540,-10.627,-0.111,5.206,0.0000,0.0000,0.0000,0.0000,0.0000,0.0000,0.0000,0.0000,34.14,28.21,32,-9.080,1,283.4
818.161,+0.0437,-0.0144,-0.0150,0.0522,-0.3567,1.540,-10.627,-0.111,5.206,0.0000,0.0000,0.0000,0.0000,0.0000,0.0000,0.0000,0.0000,34.14,28.21,32,-9.080,1,283.4
818.187,+0.0437,-0.0240,-0.0150,0.0522,-0.3567,1.503,-10.210,-0.607,3.015,0.0000,0.0000,0.0000,0.0000,0.0000,0.0000,0.0000,0.0000,34.14,28.26,31,-9.080,1,283.4
818.224,+0.0437,-0.0125,-0.0150,0.0533,-0.3444,1.503,-10.210,-0.607,3.015,0.0000,0.0000,0.0000,0.0000,0.0000,0.0000,0.0000,0.0000,33.37,28.26,31,-10.680,1,277.7
818.259,+0.0437,-0.0182,-0.0150,0.0533,-0.3422,1.408,-9.984,-1.080,2.010,0.0000,0.0000,0.0000,0.0000,0.0000,0.0000,0.0000,0.0000,33.37,28.29,30,-10.420,1,277.7
818.287,+0.0437,-0.0319,-0.0200,0.0522,-0.3078,1.331,-9.883,-1.592,2.013,0.0000,0.0000,0.0000,0.0000,0.0000,0.0000,0.0000,0.0000,33.37,28.29,30,-13.490,1,277.7
818.351,+0.0437,-0.0072,-0.0200,0.0522,-0.3078,1.331,-9.883,-1.592,2.013,0.0000,0.0000,0.0000,0.0000,0.0000,0.0000,0.0000,0.0000,33.37,28.29,30,-13.490,1,277.7
818.382,+0.0437,+0.0630,-0.0200,0.0522,-0.3078,1.331,-9.883,-1.592,2.013,0.0000,0.0000,0.0000,0.0000,0.0000,0.0000,0.0000,0.0000,33.37,28.29,30,-13.490,1,277.7
818.457,+0.0437,+0.0185,-0.0200,0.0522,-0.3078,1.331,-9.883,-1.592,2.013,0.0000,0.0000,0.0000,0.0000,0.0000,0.0000,0.0000,0.0000,33.37,28.32,31,-13.490,1,277.7
818.484,+0.0437,+0.0741,-0.0200,0.0567,-0.3322,1.101,-9.657,-1.431,-0.258,0.0000,0.0000,0.0000,0.0000,0.0000,0.0000,0.0000,0.0000,32.29,28.32,31,-10.680,1,269.0
818.518,+0.0437,+0.0222,-0.0200,0.0578,-0.3311,0.960,-9.755,-1.264,-0.974,0.0000,0.0000,0.0000,0.0000,0.0000,0.0000,0.0000,0.0000,32.29,28.33,30,-13.690,1,269.0
818.546,+0.0437,+0.0222,-0.0250,0.0556,-0.3133,0.960,-9.755,-1.264,-0.974,0.0000,0.0000,0.0000,0.0000,0.0000,0.0000,0.0000,0.0000,32.29,28.33,30,-13.690,1,269.0
818.587,+0.0437,+0.0222,-0.0250,0.0556,-0.3133,0.960,-9.755,-1.264,-0.974,0.0000,0.0000,0.0000,0.0000,0.0000,0.0000,0.0000,0.0000,32.29,28.33,30,-13.690,1,269.0
818.626,+0.0437,+0.0620,-0.0250,0.0556,-0.3133,0.960,-9.755,-1.264,-0.974,0.0000,0.0000,0.0000,0.0000,0.0000,0.0000,0.0000,0.0000,32.29,28.33,30,-13.690,1,269.0
818.650,+0.0793,+0.0892,-0.0250,0.0556,-0.3133,0.960,-9.755,-1.264,-0.974,0.0000,0.0000,0.0000,0.0000,0.0000,0.0000,0.0000,0.0000,32.29,28.33,30,-13.690,1,269.0
818.691,+0.0458,+0.0296,-0.0250,0.0556,-0.3133,0.844,-9.802,-0.632,0.222,0.0000,0.0000,0.0000,0.0000,0.0000,0.0000,0.0000,0.0000,32.29,28.33,31,-13.690,1,269.0
818.726,+0.0701,+0.1159,-0.0250,0.0589,-0.3322,0.871,-9.735,1.056,0.566,0.0000,0.0000,0.0000,0.0000,0.0000,0.0000,0.0000,0.0000,31.80,28.33,31,-10.380,1,264.9
818.754,+0.0780,+0.0904,-0.0250,0.0589,-0.3322,0.953,-9.773,1.466,-1.439,0.0000,0.0000,0.0000,0.0000,0.0000,0.0000,0.0000,0.0000,31.80,28.33,31,-9.990,1,264.9
818.791,+0.0500,+0.1256,-0.0250,0.0589,-0.3411,0.953,-9.773,1.466,-1.439,0.0000,0.0000,0.0000,0.0000,0.0000,0.0000,0.0000,0.0000,31.28,28.33,31,-9.990,1,260.6
818.819,+0.0500,+0.1019,-0.0250,0.0589,-0.3411,0.953,-9.773,1.466,-1.439,0.0000,0.0000,0.0000,0.0000,0.0000,0.0000,0.0000,0.0000,31.28,28.33,31,-9.990,1,260.6
818.856,+0.0500,+0.0931,-0.0250,0.0589,-0.3411,0.953,-9.773,1.466,-1.439,0.0000,0.0000,0.0000,0.0000,0.0000,0.0000,0.0000,0.0000,31.28,28.33,31,-9.990,1,260.6
818.909,+0.0329,+0.1469,-0.0250,0.0589,-0.3411,0.953,-9.773,1.466,-1.439,0.0000,0.0000,0.0000,0.0000,0.0000,0.0000,0.0000,0.0000,31.28,28.33,31,-9.990,1,260.6
818.946,+0.0479,+0.1082,-0.0300,0.0622,-0.3578,1.048,-10.180,0.265,-2.801,0.0000,0.0000,0.0000,0.0000,0.0000,0.0000,0.0000,0.0000,31.28,28.32,31,-9.400,1,260.6
818.984,+0.0479,+0.1115,-0.0250,0.0622,-0.3600,1.060,-10.320,0.580,-2.258,0.0000,0.0000,0.0000,0.0000,0.0000,0.0000,0.0000,0.0000,30.58,28.32,31,-9.230,1,254.8
819.014,+0.0195,+0.1246,-0.0250,0.0622,-0.3622,1.061,-10.325,0.566,-2.280,0.0000,0.0000,0.0000,0.0000,0.0000,0.0000,0.0000,0.0000,30.58,28.32,31,-9.400,1,254.8
819.051,+0.0223,+0.0360,-0.0250,0.0633,-0.3633,1.087,-10.422,1.146,-1.895,0.0000,0.0000,0.0000,0.0000,0.0000,0.0000,0.0000,0.0000,30.58,28.32,31,-9.430,1,254.8
819.081,+0.0437,+0.0235,-0.0250,0.0633,-0.3633,1.087,-10.422,1.146,-1.895,0.0000,0.0000,0.0000,0.0000,0.0000,0.0000,0.0000,0.0000,30.58,28.32,31,-9.430,1,254.8
819.109,+0.0134,+0.0164,-0.0250,0.0633,-0.3633,1.087,-10.422,1.146,-1.895,0.0000,0.0000,0.0000,0.0000,0.0000,0.0000,0.0000,0.0000,30.58,28.32,31,-9.430,1,254.8
819.151,+0.0417,-0.0080,-0.0250,0.0633,-0.3633,1.087,-10.422,1.146,-1.895,0.0000,0.0000,0.0000,0.0000,0.0000,0.0000,0.0000,0.0000,30.58,28.32,31,-9.430,1,254.8
819.188,+0.0417,-0.0243,-0.0250,0.0633,-0.3633,1.087,-10.422,1.146,-1.895,0.0000,0.0000,0.0000,0.0000,0.0000,0.0000,0.0000,0.0000,30.58,28.32,31,-9.430,1,254.8
819.221,+0.0417,-0.0396,-0.0250,0.0600,-0.3556,1.323,-10.534,1.993,2.545,0.0000,0.0000,0.0000,0.0000,0.0000,0.0000,0.0000,0.0000,29.84,28.32,31,-9.080,1,249.2
819.251,+0.0417,-0.0571,-0.0250,0.0589,-0.3544,1.434,-10.345,2.238,3.238,0.0000,0.0000,0.0000,0.0000,0.0000,0.0000,0.0000,0.0000,29.84,28.32,31,-8.900,1,249.2
819.279,+0.0726,-0.0179,-0.0200,0.0578,-0.3444,1.570,-10.106,2.711,4.403,0.0000,0.0000,0.0000,0.0000,0.0000,0.0000,0.0000,0.0000,29.84,28.32,31,-9.790,1,249.2
819.313,+0.0437,-0.0567,-0.0200,0.0578,-0.3422,1.570,-10.106,2.711,4.403,0.0000,0.0000,0.0000,0.0000,0.0000,0.0000,0.0000,0.0000,29.84,28.32,31,-9.850,1,249.2
819.361,+0.0437,-0.0068,-0.0200,0.0578,-0.3422,1.570,-10.106,2.711,4.403,0.0000,0.0000,0.0000,0.0000,0.0000,0.0000,0.0000,0.0000,29.84,28.32,31,-9.850,1,249.2
819.394,+0.0699,-0.0243,-0.0200,0.0578,-0.3422,1.570,-10.106,2.711,4.403,0.0000,0.0000,0.0000,0.0000,0.0000,0.0000,0.0000,0.0000,29.84,28.32,31,-9.850,1,249.2
819.422,+0.0458,-0.0349,-0.0200,0.0578,-0.3422,1.570,-10.106,2.711,4.403,0.0000,0.0000,0.0000,0.0000,0.0000,0.0000,0.0000,0.0000,29.84,28.32,31,-9.850,1,249.2
819.455,+0.0458,-0.0315,-0.0200,0.0544,-0.3256,1.894,-9.678,1.596,2.088,0.0000,0.0000,0.0000,0.0000,0.0000,0.0000,0.0000,0.0000,29.84,28.37,30,-10.720,1,249.2
819.487,+0.0189,-0.0367,-0.0200,0.0544,-0.3256,1.954,-9.583,0.961,1.982,0.0000,0.0000,0.0000,0.0000,0.0000,0.0000,0.0000,0.0000,28.92,28.37,30,-10.370,1,241.9
819.516,+0.0437,+0.0600,-0.0200,0.0556,-0.3222,1.987,-9.496,0.770,1.957,0.0000,0.0000,0.0000,0.0000,0.0000,0.0000,0.0000,0.0000,28.92,28.38,29,-10.750,1,241.9
819.547,+0.0437,+0.0111,-0.0200,0.0533,-0.3022,2.004,-9.395,0.552,2.257,0.0000,0.0000,0.0000,0.0000,0.0000,0.0000,0.0000,0.0000,28.92,28.38,29,-13.400,1,241.9
819.586,+0.0437,+0.0510,-0.0200,0.0533,-0.3022,2.004,-9.395,0.552,2.257,0.0000,0.0000,0.0000,0.0000,0.0000,0.0000,0.0000,0.0000,28.92,28.38,29,-13.400,1,241.9
819.638,+0.0437,+0.1080,-0.0200,0.0533,-0.3022,2.004,-9.395,0.552,2.257,0.0000,0.0000,0.0000,0.0000,0.0000,0.0000,0.0000,0.0000,28.92,28.38,29,-13.400,1,241.9
819.677,+0.0437,+0.1049,-0.0200,0.0533,-0.3022,2.004,-9.395,0.552,2.257,0.0000,0.0000,0.0000,0.0000,0.0000,0.0000,0.0000,0.0000,28.92,28.38,29,-13.400,1,241.9
819.737,+0.0437,+0.0876,-0.0200,0.0544,-0.3367,2.115,-9.749,0.694,-3.422,0.0000,0.0000,0.0000,0.0000,0.0000,0.0000,0.0000,0.0000,28.08,28.38,30,-10.780,1,234.8
819.761,+0.0437,+0.1022,-0.0200,0.0567,-0.3411,2.143,-9.898,0.577,-2.198,0.0000,0.0000,0.0000,0.0000,0.0000,0.0000,0.0000,0.0000,28.08,28.38,30,-9.930,1,234.8
819.791,+0.0437,+0.0961,-0.0200,0.0567,-0.3411,2.143,-9.898,0.577,-2.198,0.0000,0.0000,0.0000,0.0000,0.0000,0.0000,0.0000,0.0000,27.74,28.38,30,-9.930,1,231.8
819.817,+0.0437,+0.1064,-0.0200,0.0567,-0.3411,2.143,-9.898,0.577,-2.198,0.0000,0.0000,0.0000,0.0000,0.0000,0.0000,0.0000,0.0000,27.74,28.38,30,-9.930,1,231.8
819.852,+0.0191,+0.0956,-0.0200,0.0567,-0.3411,2.143,-9.898,0.577,-2.198,0.0000,0.0000,0.0000,0.0000,0.0000,0.0000,0.0000,0.0000,27.74,28.38,30,-9.930,1,231.8
819.889,+0.0417,+0.0975,-0.0200,0.0567,-0.3411,2.143,-9.898,0.577,-2.198,0.0000,0.0000,0.0000,0.0000,0.0000,0.0000,0.0000,0.0000,27.74,28.38,30,-9.930,1,231.8
819.916,+0.0417,+0.0593,-0.0200,0.0567,-0.3411,2.143,-9.898,0.577,-2.198,0.0000,0.0000,0.0000,0.0000,0.0000,0.0000,0.0000,0.0000,27.74,28.38,30,-9.930,1,231.8
819.962,+0.0226,+0.0593,-0.0200,0.0567,-0.3544,2.229,-10.194,0.684,-1.425,0.0000,0.0000,0.0000,0.0000,0.0000,0.0000,0.0000,0.0000,27.74,28.36,30,-9.450,1,231.8
819.988,+0.0396,+0.0004,-0.0200,0.0578,-0.3578,2.247,-10.229,0.770,0.114,0.0000,0.0000,0.0000,0.0000,0.0000,0.0000,0.0000,0.0000,27.04,28.36,30,-9.300,1,226.1
820.018,+0.0396,+0.0556,-0.0200,0.0578,-0.3533,2.282,-10.169,0.894,1.171,0.0000,0.0000,0.0000,0.0000,0.0000,0.0000,0.0000,0.0000,27.04,28.35,30,-9.190,1,226.1
820.087,+0.0396,+0.0314,-0.0200,0.0567,-0.3522,2.282,-10.169,0.894,1.171,0.0000,0.0000,0.0000,0.0000,0.0000,0.0000,0.0000,0.0000,27.04,28.35,30,-9.190,1,226.1
820.117,+0.0396,+0.0003,-0.0200,0.0567,-0.3522,2.282,-10.169,0.894,1.171,0.0000,0.0000,0.0000,0.0000,0.0000,0.0000,0.0000,0.0000,27.04,28.35,30,-9.190,1,226.1
820.145,+0.0396,-0.0057,-0.0200,0.0567,-0.3522,2.282,-10.169,0.894,1.171,0.0000,0.0000,0.0000,0.0000,0.0000,0.0000,0.0000,0.0000,27.04,28.35,30,-9.190,1,226.1
820.204,+0.0396,+0.0444,-0.0200,0.0556,-0.3356,2.329,-10.059,1.068,2.163,0.0000,0.0000,0.0000,0.0000,0.0000,0.0000,0.0000,0.0000,26.32,28.36,30,-9.460,1,220.4
820.231,+0.0396,-0.0107,-0.0200,0.0556,-0.3356,2.415,-9.913,0.804,1.053,0.0000,0.0000,0.0000,0.0000,0.0000,0.0000,0.0000,0.0000,26.32,28.36,30,-9.460,1,220.4
820.269,+0.0396,+0.0005,-0.0200,0.0556,-0.3422,2.416,-9.911,0.762,0.931,0.0000,0.0000,0.0000,0.0000,0.0000,0.0000,0.0000,0.0000,26.32,28.37,30,-9.750,1,220.4
820.297,+0.0396,+0.0370,-0.0200,0.0556,-0.3311,2.443,-9.880,0.567,0.668,0.0000,0.0000,0.0000,0.0000,0.0000,0.0000,0.0000,0.0000,26.32,28.37,30,-13.110,1,220.4
820.323,+0.0396,+0.0370,-0.0200,0.0556,-0.3311,2.443,-9.880,0.567,0.668,0.0000,0.0000,0.0000,0.0000,0.0000,0.0000,0.0000,0.0000,26.32,28.37,30,-13.110,1,220.4
820.400,+0.0396,+0.0370,-0.0200,0.0556,-0.3311,2.443,-9.880,0.567,0.668,0.0000,0.0000,0.0000,0.0000,0.0000,0.0000,0.0000,0.0000,26.32,28.37,30,-13.110,1,220.4
820.435,+0.0396,+0.0370,-0.0200,0.0556,-0.3311,2.443,-9.880,0.567,0.668,0.0000,0.0000,0.0000,0.0000,0.0000,0.0000,0.0000,0.0000,26.32,28.37,30,-13.110,1,220.4
820.473,+0.0167,+0.0370,-0.0200,0.0544,-0.3167,2.479,-9.830,0.556,0.387,0.0000,0.0000,0.0000,0.0000,0.0000,0.0000,0.0000,0.0000,25.47,28.38,29,-10.420,1,213.5
820.503,+0.0375,+0.0873,-0.0200,0.0533,-0.3178,2.528,-9.857,0.439,-0.208,0.0000,0.0000,0.0000,0.0000,0.0000,0.0000,0.0000,0.0000,25.47,28.38,29,-10.140,1,213.5
820.532,+0.0375,+0.0407,-0.0200,0.0544,-0.3300,2.529,-9.858,0.446,-0.201,0.0000,0.0000,0.0000,0.0000,0.0000,0.0000,0.0000,0.0000,25.47,28.38,30,-10.100,1,213.5
820.559,+0.0060,+0.0407,-0.0200,0.0544,-0.3300,2.529,-9.858,0.446,-0.201,0.0000,0.0000,0.0000,0.0000,0.0000,0.0000,0.0000,0.0000,25.47,28.38,30,-10.100,1,213.5
820.589,+0.0354,+0.0407,-0.0200,0.0544,-0.3300,2.529,-9.858,0.446,-0.201,0.0000,0.0000,0.0000,0.0000,0.0000,0.0000,0.0000,0.0000,25.47,28.38,30,-10.100,1,213.5
820.625,+0.0354,+0.0407,-0.0200,0.0544,-0.3300,2.529,-9.858,0.446,-0.201,0.0000,0.0000,0.0000,0.0000,0.0000,0.0000,0.0000,0.0000,25.47,28.38,30,-10.100,1,213.5
820.656,+0.0354,+0.0407,-0.0200,0.0544,-0.3300,2.529,-9.858,0.446,-0.201,0.0000,0.0000,0.0000,0.0000,0.0000,0.0000,0.0000,0.0000,25.47,28.38,30,-10.100,1,213.5
820.685,+0.0354,+0.0407,-0.0200,0.0544,-0.3300,2.529,-9.858,0.446,-0.201,0.0000,0.0000,0.0000,0.0000,0.0000,0.0000,0.0000,0.0000,25.47,28.38,30,-10.100,1,213.5
820.737,+0.0354,+0.0407,-0.0200,0.0556,-0.3378,2.652,-9.871,0.820,0.102,0.0000,0.0000,0.0000,0.0000,0.0000,0.0000,0.0000,0.0000,24.62,28.38,30,-9.970,1,206.5
820.770,+0.0354,+0.0407,0.0000,0.0444,-0.3378,2.653,-9.871,0.836,0.073,0.0000,0.0000,0.0000,0.0000,0.0000,0.0000,0.0000,0.0000,24.62,28.38,30,-9.930,1,206.5
820.800,+0.0073,+0.0908,0.0000,0.0444,-0.3378,2.653,-9.871,0.836,0.073,0.0000,0.0000,0.0000,0.0000,0.0000,0.0000,0.0000,0.0000,24.27,28.38,30,-9.930,1,203.6
820.830,+0.0333,+0.0444,0.0000,0.0444,-0.3378,2.653,-9.871,0.836,0.073,0.0000,0.0000,0.0000,0.0000,0.0000,0.0000,0.0000,0.0000,24.27,28.38,30,-9.930,1,203.6
820.857,+0.0333,+0.1002,0.0000,0.0444,-0.3378,2.653,-9.871,0.836,0.073,0.0000,0.0000,0.0000,0.0000,0.0000,0.0000,0.0000,0.0000,24.27,28.38,30,-9.930,1,203.6
820.886,+0.0333,+0.0481,0.0000,0.0444,-0.3378,2.653,-9.871,0.836,0.073,0.0000,0.0000,0.0000,0.0000,0.0000,0.0000,0.0000,0.0000,24.27,28.38,30,-9.930,1,203.6
820.927,+0.0118,+0.0865,0.0000,0.0444,-0.3378,2.653,-9.871,0.836,0.073,0.0000,0.0000,0.0000,0.0000,0.0000,0.0000,0.0000,0.0000,24.27,28.38,30,-9.930,1,203.6
820.959,+0.0312,+0.0519,0.0000,0.0422,-0.3422,2.729,-9.957,0.458,-0.795,0.0000,0.0000,0.0000,0.0000,0.0000,0.0000,0.0000,0.0000,24.27,28.37,30,-9.880,1,203.6
820.986,+0.0312,+0.1086,0.0000,0.0400,-0.3444,2.745,-10.005,0.514,-0.743,0.0000,0.0000,0.0000,0.0000,0.0000,0.0000,0.0000,0.0000,24.27,28.37,30,-9.380,1,203.6
821.027,+0.0098,+0.0937,0.0000,0.0400,-0.3444,2.732,-10.103,-1.241,-1.563,0.0000,0.0000,0.0000,0.0000,0.0000,0.0000,0.0000,0.0000,23.56,28.37,30,-9.700,1,197.8
821.050,+0.0292,+0.1244,0.0000,0.0422,-0.3511,2.732,-10.103,-1.241,-1.563,0.0000,0.0000,0.0000,0.0000,0.0000,0.0000,0.0000,0.0000,23.56,28.37,30,-9.700,1,197.8
821.101,+0.0292,+0.0941,0.0000,0.0422,-0.3511,2.732,-10.103,-1.241,-1.563,0.0000,0.0000,0.0000,0.0000,0.0000,0.0000,0.0000,0.0000,23.56,28.37,30,-9.700,1,197.8
821.126,+0.0292,+0.0667,0.0000,0.0422,-0.3511,2.732,-10.103,-1.241,-1.563,0.0000,0.0000,0.0000,0.0000,0.0000,0.0000,0.0000,0.0000,23.56,28.37,30,-9.700,1,197.8
821.155,+0.0292,+0.0667,0.0000,0.0422,-0.3511,2.732,-10.103,-1.241,-1.563,0.0000,0.0000,0.0000,0.0000,0.0000,0.0000,0.0000,0.0000,23.56,28.37,30,-9.700,1,197.8
821.204,+0.0475,+0.0667,0.0000,0.0433,-0.3544,2.640,-10.196,-2.687,-1.545,0.0000,0.0000,0.0000,0.0000,0.0000,0.0000,0.0000,0.0000,23.56,28.36,30,-9.050,1,197.8
821.234,+0.0312,+0.0160,0.0000,0.0433,-0.3544,2.279,-10.290,-3.485,-0.345,0.0000,0.0000,0.0000,0.0000,0.0000,0.0000,0.0000,0.0000,22.86,28.36,30,-9.140,1,192.2
821.269,+0.0556,+0.0197,0.0000,0.0456,-0.3589,2.272,-10.290,-3.482,-0.239,0.0000,0.0000,0.0000,0.0000,0.0000,0.0000,0.0000,0.0000,22.86,28.36,30,-8.800,1,192.2
821.343,+0.0461,+0.0366,0.0000,0.0456,-0.3522,2.102,-10.251,-3.478,1.598,0.0000,0.0000,0.0000,0.0000,0.0000,0.0000,0.0000,0.0000,22.86,28.36,30,-9.030,1,192.2
821.373,+0.0647,+0.0556,0.0000,0.0456,-0.3522,2.102,-10.251,-3.478,1.598,0.0000,0.0000,0.0000,0.0000,0.0000,0.0000,0.0000,0.0000,22.86,28.36,30,-9.030,1,192.2
821.397,+0.0375,+0.0556,0.0000,0.0456,-0.3522,2.102,-10.251,-3.478,1.598,0.0000,0.0000,0.0000,0.0000,0.0000,0.0000,0.0000,0.0000,22.86,28.36,30,-9.030,1,192.2
821.430,+0.0375,+0.0091,0.0000,0.0456,-0.3522,2.102,-10.251,-3.478,1.598,0.0000,0.0000,0.0000,0.0000,0.0000,0.0000,0.0000,0.0000,22.86,28.36,30,-9.030,1,192.2
821.515,+0.0375,+0.0519,-0.0150,0.0533,-0.3489,1.171,-9.990,-5.216,0.490,0.0000,0.0000,0.0000,0.0000,0.0000,0.0000,0.0000,0.0000,21.95,28.38,29,-9.430,1,185.0
821.546,+0.0098,+0.0026,-0.0200,0.0544,-0.3500,0.907,-9.975,-4.900,0.383,0.0000,0.0000,0.0000,0.0000,0.0000,0.0000,0.0000,0.0000,21.95,28.38,29,-9.240,1,185.0
821.573,+0.0354,+0.0481,-0.0200,0.0544,-0.3500,0.907,-9.975,-4.900,0.383,0.0000,0.0000,0.0000,0.0000,0.0000,0.0000,0.0000,0.0000,21.95,28.38,29,-9.240,1,185.0
821.610,+0.0114,+0.0055,-0.0200,0.0544,-0.3500,0.907,-9.975,-4.900,0.383,0.0000,0.0000,0.0000,0.0000,0.0000,0.0000,0.0000,0.0000,21.95,28.38,29,-9.240,1,185.0
821.647,+0.0333,+0.0444,-0.0200,0.0544,-0.3500,0.907,-9.975,-4.900,0.383,0.0000,0.0000,0.0000,0.0000,0.0000,0.0000,0.0000,0.0000,21.95,28.38,29,-9.240,1,185.0
821.683,+0.0091,+0.0444,-0.0200,0.0544,-0.3500,0.907,-9.975,-4.900,0.383,0.0000,0.0000,0.0000,0.0000,0.0000,0.0000,0.0000,0.0000,21.95,28.38,29,-9.240,1,185.0
821.709,+0.0312,+0.0444,-0.0200,0.0544,-0.3500,0.676,-9.969,-3.980,0.194,0.0000,0.0000,0.0000,0.0000,0.0000,0.0000,0.0000,0.0000,21.95,28.38,29,-9.240,1,185.0
821.750,+0.0529,+0.0060,-0.0200,0.0578,-0.3467,0.305,-9.872,-3.371,1.491,0.0000,0.0000,0.0000,0.0000,0.0000,0.0000,0.0000,0.0000,21.23,28.38,28,-9.400,1,179.3
821.793,+0.0333,+0.0407,-0.0250,0.0567,-0.3167,0.125,-9.815,-3.083,0.993,0.0000,0.0000,0.0000,0.0000,0.0000,0.0000,0.0000,0.0000,20.88,28.38,28,-13.000,1,176.4
821.821,+0.0633,+0.0407,-0.0250,0.0567,-0.3167,0.125,-9.815,-3.083,0.993,0.0000,0.0000,0.0000,0.0000,0.0000,0.0000,0.0000,0.0000,20.88,28.38,28,-13.000,1,176.4
821.853,+0.0619,+0.0407,-0.0250,0.0567,-0.3167,0.125,-9.815,-3.083,0.993,0.0000,0.0000,0.0000,0.0000,0.0000,0.0000,0.0000,0.0000,20.88,28.38,28,-13.000,1,176.4
821.879,+0.0375,+0.0407,-0.0250,0.0567,-0.3167,0.125,-9.815,-3.083,0.993,0.0000,0.0000,0.0000,0.0000,0.0000,0.0000,0.0000,0.0000,20.88,28.38,28,-13.000,1,176.4
821.918,+0.0598,+0.0010,-0.0250,0.0567,-0.3167,0.125,-9.815,-3.083,0.993,0.0000,0.0000,0.0000,0.0000,0.0000,0.0000,0.0000,0.0000,20.88,28.38,28,-13.000,1,176.4
821.949,+0.0396,+0.0370,-0.0250,0.0567,-0.3167,-0.294,-9.758,-2.962,0.539,0.0000,0.0000,0.0000,0.0000,0.0000,0.0000,0.0000,0.0000,20.88,28.38,28,-13.100,1,176.4
821.986,+0.0629,-0.0045,-0.0350,0.0622,-0.3133,-0.626,-9.698,-3.635,0.791,0.0000,0.0000,0.0000,0.0000,0.0000,0.0000,0.0000,0.0000,20.05,28.38,28,-9.880,1,169.5
822.022,+0.0417,+0.0333,-0.0350,0.0644,-0.3222,-0.822,-9.663,-3.780,0.761,0.0000,0.0000,0.0000,0.0000,0.0000,0.0000,0.0000,0.0000,20.05,28.38,29,-9.840,1,169.5
822.058,+0.0417,-0.0096,-0.0400,0.0667,-0.3267,-0.822,-9.663,-3.780,0.761,0.0000,0.0000,0.0000,0.0000,0.0000,0.0000,0.0000,0.0000,20.05,28.38,29,-9.840,1,169.5
822.086,+0.0723,+0.0296,-0.0400,0.0667,-0.3267,-0.822,-9.663,-3.780,0.761,0.0000,0.0000,0.0000,0.0000,0.0000,0.0000,0.0000,0.0000,20.05,28.38,29,-9.840,1,169.5
822.117,+0.0437,+0.0296,-0.0400,0.0667,-0.3267,-0.822,-9.663,-3.780,0.761,0.0000,0.0000,0.0000,0.0000,0.0000,0.0000,0.0000,0.0000,20.05,28.38,29,-9.840,1,169.5
822.154,+0.0437,+0.0296,-0.0400,0.0667,-0.3267,-0.822,-9.663,-3.780,0.761,0.0000,0.0000,0.0000,0.0000,0.0000,0.0000,0.0000,0.0000,20.05,28.38,29,-9.840,1,169.5
822.181,+0.0437,+0.0840,-0.0400,0.0667,-0.3267,-0.822,-9.663,-3.780,0.761,0.0000,0.0000,0.0000,0.0000,0.0000,0.0000,0.0000,0.0000,20.05,28.38,29,-9.840,1,169.5
822.228,+0.0437,+0.0675,-0.0400,0.0667,-0.3133,-1.056,-9.491,0.980,1.412,0.0000,0.0000,0.0000,0.0000,0.0000,0.0000,0.0000,0.0000,19.40,28.38,29,-13.340,1,164.0
822.257,+0.0147,+0.1402,-0.0400,0.0678,-0.3211,-0.975,-9.462,1.771,0.566,0.0000,0.0000,0.0000,0.0000,0.0000,0.0000,0.0000,0.0000,19.40,28.38,29,-10.030,1,164.0
822.288,+0.0417,+0.1424,-0.0400,0.0711,-0.3422,-0.850,-9.668,1.383,-3.589,0.0000,0.0000,0.0000,0.0000,0.0000,0.0000,0.0000,0.0000,19.40,28.38,29,-10.040,1,164.0
822.325,+0.0417,+0.1362,-0.0400,0.0711,-0.3422,-0.850,-9.668,1.383,-3.589,0.0000,0.0000,0.0000,0.0000,0.0000,0.0000,0.0000,0.0000,19.40,28.38,29,-10.040,1,164.0
822.359,+0.0162,+0.1046,-0.0400,0.0711,-0.3422,-0.850,-9.668,1.383,-3.589,0.0000,0.0000,0.0000,0.0000,0.0000,0.0000,0.0000,0.0000,19.40,28.38,29,-10.040,1,164.0
822.386,+0.0703,+0.1176,-0.0400,0.0711,-0.3422,-0.850,-9.668,1.383,-3.589,0.0000,0.0000,0.0000,0.0000,0.0000,0.0000,0.0000,0.0000,19.40,28.38,29,-10.040,1,164.0
822.429,+0.0417,+0.1397,-0.0400,0.0711,-0.3422,-0.850,-9.668,1.383,-3.589,0.0000,0.0000,0.0000,0.0000,0.0000,0.0000,0.0000,0.0000,19.40,28.38,29,-10.040,1,164.0
822.464,+0.0417,+0.0741,-0.0350,0.0678,-0.3500,-0.669,-10.026,2.802,-2.883,0.0000,0.0000,0.0000,0.0000,0.0000,0.0000,0.0000,0.0000,19.40,28.34,29,-9.610,1,164.0
822.488,+0.0417,+0.0741,-0.0350,0.0689,-0.3533,-0.476,-10.138,4.627,-1.217,0.0000,0.0000,0.0000,0.0000,0.0000,0.0000,0.0000,0.0000,18.43,28.34,29,-8.840,1,155.7
822.519,+0.0696,+0.0741,-0.0350,0.0678,-0.3567,-0.242,-10.182,5.637,-0.997,0.0000,0.0000,0.0000,0.0000,0.0000,0.0000,0.0000,0.0000,18.43,28.33,29,-8.830,1,155.7
822.557,+0.0666,+0.0741,-0.0350,0.0678,-0.3589,0.054,-10.237,5.816,-0.712,0.0000,0.0000,0.0000,0.0000,0.0000,0.0000,0.0000,0.0000,18.43,28.33,29,-8.910,1,155.7
822.587,+0.0458,+0.0230,-0.0350,0.0678,-0.3589,0.054,-10.237,5.816,-0.712,0.0000,0.0000,0.0000,0.0000,0.0000,0.0000,0.0000,0.0000,18.43,28.33,29,-8.910,1,155.7
822.614,+0.0773,+0.0145,-0.0350,0.0678,-0.3589,0.054,-10.237,5.816,-0.712,0.0000,0.0000,0.0000,0.0000,0.0000,0.0000,0.0000,0.0000,18.43,28.33,29,-8.910,1,155.7
822.671,+0.0639,+0.0667,-0.0350,0.0678,-0.3589,0.054,-10.237,5.816,-0.712,0.0000,0.0000,0.0000,0.0000,0.0000,0.0000,0.0000,0.0000,18.43,28.33,29,-8.910,1,155.7
822.702,+0.0500,+0.0183,-0.0350,0.0678,-0.3589,0.648,-10.112,5.548,2.433,0.0000,0.0000,0.0000,0.0000,0.0000,0.0000,0.0000,0.0000,18.43,28.33,29,-9.180,1,155.7
822.726,+0.0500,+0.0630,-0.0300,0.0622,-0.3489,0.900,-10.011,5.159,2.021,0.0000,0.0000,0.0000,0.0000,0.0000,0.0000,0.0000,0.0000,17.57,28.33,29,-9.150,1,148.8
822.779,+0.0500,+0.0326,-0.0250,0.0589,-0.3456,1.175,-9.932,4.966,1.157,0.0000,0.0000,0.0000,0.0000,0.0000,0.0000,0.0000,0.0000,17.57,28.34,29,-9.650,1,148.8
822.812,+0.0238,+0.0593,-0.0250,0.0589,-0.3456,1.175,-9.932,4.966,1.157,0.0000,0.0000,0.0000,0.0000,0.0000,0.0000,0.0000,0.0000,17.37,28.34,29,-9.650,1,147.2
822.843,+0.0479,+0.0593,-0.0250,0.0589,-0.3456,1.175,-9.932,4.966,1.157,0.0000,0.0000,0.0000,0.0000,0.0000,0.0000,0.0000,0.0000,17.37,28.34,29,-9.650,1,147.2
822.879,+0.0479,+0.0593,-0.0250,0.0589,-0.3456,1.175,-9.932,4.966,1.157,0.0000,0.0000,0.0000,0.0000,0.0000,0.0000,0.0000,0.0000,17.37,28.34,29,-9.650,1,147.2
822.913,+0.0227,+0.0593,-0.0250,0.0589,-0.3456,1.175,-9.932,4.966,1.157,0.0000,0.0000,0.0000,0.0000,0.0000,0.0000,0.0000,0.0000,17.37,28.34,29,-9.650,1,147.2
822.946,+0.0458,+0.0593,-0.0250,0.0589,-0.3456,1.175,-9.932,4.966,1.157,0.0000,0.0000,0.0000,0.0000,0.0000,0.0000,0.0000,0.0000,17.37,28.34,29,-9.650,1,147.2
822.978,+0.0458,+0.0109,-0.0200,0.0556,-0.3489,2.166,-9.861,4.717,0.168,0.0000,0.0000,0.0000,0.0000,0.0000,0.0000,0.0000,0.0000,17.37,28.34,29,-9.160,1,147.2
823.012,+0.0458,+0.0556,-0.0150,0.0533,-0.3489,2.175,-9.861,4.728,0.100,0.0000,0.0000,0.0000,0.0000,0.0000,0.0000,0.0000,0.0000,16.65,28.34,29,-9.130,1,141.3
823.052,+0.0674,+0.0172,-0.0150,0.0522,-0.3478,2.537,-9.816,3.248,0.859,0.0000,0.0000,0.0000,0.0000,0.0000,0.0000,0.0000,0.0000,16.65,28.34,29,-9.090,1,141.3
823.090,+0.0479,+0.0108,-0.0150,0.0522,-0.3478,2.537,-9.816,3.248,0.859,0.0000,0.0000,0.0000,0.0000,0.0000,0.0000,0.0000,0.0000,16.65,28.34,29,-9.090,1,141.3
823.121,+0.0756,+0.0481,-0.0150,0.0522,-0.3478,2.537,-9.816,3.248,0.859,0.0000,0.0000,0.0000,0.0000,0.0000,0.0000,0.0000,0.0000,16.65,28.34,29,-9.090,1,141.3
823.169,+0.0500,+0.0149,-0.0150,0.0522,-0.3478,2.537,-9.816,3.248,0.859,0.0000,0.0000,0.0000,0.0000,0.0000,0.0000,0.0000,0.0000,16.65,28.34,29,-9.090,1,141.3
823.195,+0.0500,+0.0444,-0.0150,0.0522,-0.3478,2.702,-9.762,3.004,1.421,0.0000,0.0000,0.0000,0.0000,0.0000,0.0000,0.0000,0.0000,16.65,28.34,29,-9.480,1,141.3
823.226,+0.0500,-0.0050,-0.0100,0.0500,-0.3411,2.702,-9.762,3.004,1.421,0.0000,0.0000,0.0000,0.0000,0.0000,0.0000,0.0000,0.0000,15.94,28.34,29,-9.480,1,135.5
823.260,+0.0247,+0.0407,-0.0100,0.0500,-0.3411,2.954,-9.589,2.062,1.733,0.0000,0.0000,0.0000,0.0000,0.0000,0.0000,0.0000,0.0000,15.94,28.34,28,-9.390,1,135.5
823.285,+0.0479,+0.0407,-0.0100,0.0489,-0.3400,3.035,-9.520,1.753,1.480,0.0000,0.0000,0.0000,0.0000,0.0000,0.0000,0.0000,0.0000,15.94,28.34,28,-9.440,1,135.5
823.318,+0.0217,+0.0407,-0.0100,0.0489,-0.3400,3.035,-9.520,1.753,1.480,0.0000,0.0000,0.0000,0.0000,0.0000,0.0000,0.0000,0.0000,15.94,28.34,28,-9.440,1,135.5
823.358,+0.0458,+0.0407,-0.0100,0.0489,-0.3400,3.035,-9.520,1.753,1.480,0.0000,0.0000,0.0000,0.0000,0.0000,0.0000,0.0000,0.0000,15.94,28.34,28,-9.440,1,135.5
823.390,+0.0188,+0.0407,-0.0100,0.0489,-0.3400,3.035,-9.520,1.753,1.480,0.0000,0.0000,0.0000,0.0000,0.0000,0.0000,0.0000,0.0000,15.94,28.34,28,-9.440,1,135.5
823.419,+0.0437,+0.0927,-0.0100,0.0489,-0.3400,3.035,-9.520,1.753,1.480,0.0000,0.0000,0.0000,0.0000,0.0000,0.0000,0.0000,0.0000,15.94,28.34,28,-9.440,1,135.5
823.454,+0.0437,+0.0444,-0.0100,0.0489,-0.3267,3.017,-9.494,-1.079,0.157,0.0000,0.0000,0.0000,0.0000,0.0000,0.0000,0.0000,0.0000,15.94,28.34,28,-12.660,1,135.5
823.486,+0.0437,+0.0444,-0.0100,0.0489,-0.3356,2.948,-9.497,-0.908,-0.026,0.0000,0.0000,0.0000,0.0000,0.0000,0.0000,0.0000,0.0000,15.12,28.34,28,-9.260,1,128.5
823.521,+0.0437,+0.0444,-0.0100,0.0500,-0.3411,2.839,-9.512,-1.279,-0.013,0.0000,0.0000,0.0000,0.0000,0.0000,0.0000,0.0000,0.0000,15.12,28.33,28,-9.210,1,128.5
823.566,+0.0634,+0.0444,-0.0100,0.0500,-0.3411,2.839,-9.512,-1.279,-0.013,0.0000,0.0000,0.0000,0.0000,0.0000,0.0000,0.0000,0.0000,15.12,28.33,28,-9.210,1,128.5
823.590,+0.0458,+0.0444,-0.0100,0.0500,-0.3411,2.839,-9.512,-1.279,-0.013,0.0000,0.0000,0.0000,0.0000,0.0000,0.0000,0.0000,0.0000,15.12,28.33,28,-9.210,1,128.5
823.665,+0.0458,+0.0444,-0.0100,0.0500,-0.3411,2.839,-9.512,-1.279,-0.013,0.0000,0.0000,0.0000,0.0000,0.0000,0.0000,0.0000,0.0000,15.12,28.33,28,-9.210,1,128.5
823.700,+0.0213,+0.0880,-0.0100,0.0500,-0.3411,2.760,-9.513,-1.763,0.094,0.0000,0.0000,0.0000,0.0000,0.0000,0.0000,0.0000,0.0000,15.12,28.32,28,-9.110,1,128.5
823.723,+0.0437,+0.0481,-0.0150,0.0522,-0.3456,2.404,-9.518,-2.209,-0.001,0.0000,0.0000,0.0000,0.0000,0.0000,0.0000,0.0000,0.0000,14.31,28.31,28,-9.110,1,121.5
823.765,+0.0437,+0.0481,-0.0200,0.0556,-0.3467,2.399,-9.519,-2.194,-0.012,0.0000,0.0000,0.0000,0.0000,0.0000,0.0000,0.0000,0.0000,13.96,28.31,28,-9.040,1,118.5
823.791,+0.0112,+0.0481,-0.0200,0.0556,-0.3467,2.399,-9.519,-2.194,-0.012,0.0000,0.0000,0.0000,0.0000,0.0000,0.0000,0.0000,0.0000,13.96,28.31,28,-9.040,1,118.5
823.821,+0.0417,+0.0481,-0.0200,0.0556,-0.3467,2.399,-9.519,-2.194,-0.012,0.0000,0.0000,0.0000,0.0000,0.0000,0.0000,0.0000,0.0000,13.96,28.31,28,-9.040,1,118.5
823.848,+0.0103,+0.0481,-0.0200,0.0556,-0.3467,2.399,-9.519,-2.194,-0.012,0.0000,0.0000,0.0000,0.0000,0.0000,0.0000,0.0000,0.0000,13.96,28.31,28,-9.040,1,118.5
823.889,+0.0396,+0.0102,-0.0200,0.0556,-0.3467,2.399,-9.519,-2.194,-0.012,0.0000,0.0000,0.0000,0.0000,0.0000,0.0000,0.0000,0.0000,13.96,28.31,28,-9.040,1,118.5
823.922,+0.0396,+0.0444,-0.0200,0.0556,-0.3467,2.399,-9.519,-2.194,-0.012,0.0000,0.0000,0.0000,0.0000,0.0000,0.0000,0.0000,0.0000,13.96,28.30,28,-9.040,1,118.5
823.950,+0.0396,+0.0444,-0.0200,0.0556,-0.3467,2.180,-9.508,-1.743,0.501,0.0000,0.0000,0.0000,0.0000,0.0000,0.0000,0.0000,0.0000,13.96,28.30,28,-8.930,1,118.5
823.983,+0.0396,+0.0444,-0.0200,0.0578,-0.3467,2.027,-9.449,-1.077,0.760,0.0000,0.0000,0.0000,0.0000,0.0000,0.0000,0.0000,0.0000,13.96,28.30,28,-8.890,1,118.5
824.011,+0.0396,+0.0444,-0.0200,0.0578,-0.3467,1.970,-9.421,-1.131,0.700,0.0000,0.0000,0.0000,0.0000,0.0000,0.0000,0.0000,0.0000,13.31,28.29,28,-8.860,1,112.8
824.046,+0.0396,+0.0444,-0.0200,0.0578,-0.3467,1.970,-9.421,-1.131,0.700,0.0000,0.0000,0.0000,0.0000,0.0000,0.0000,0.0000,0.0000,13.31,28.29,28,-8.860,1,112.8
824.082,+0.0396,+0.0444,-0.0200,0.0578,-0.3467,1.970,-9.421,-1.131,0.700,0.0000,0.0000,0.0000,0.0000,0.0000,0.0000,0.0000,0.0000,13.31,28.29,28,-8.860,1,112.8
824.110,+0.0702,+0.0444,-0.0200,0.0578,-0.3467,1.970,-9.421,-1.131,0.700,0.0000,0.0000,0.0000,0.0000,0.0000,0.0000,0.0000,0.0000,13.31,28.29,28,-8.860,1,112.8
824.160,+0.0417,+0.0444,-0.0200,0.0578,-0.3467,1.970,-9.421,-1.131,0.700,0.0000,0.0000,0.0000,0.0000,0.0000,0.0000,0.0000,0.0000,13.31,28.29,28,-8.860,1,112.8
824.189,+0.0417,-0.0075,-0.0200,0.0578,-0.3467,1.815,-9.366,-1.695,0.576,0.0000,0.0000,0.0000,0.0000,0.0000,0.0000,0.0000,0.0000,13.31,28.28,28,-8.840,1,112.8
824.215,+0.0417,+0.0407,-0.0250,0.0600,-0.3467,1.815,-9.366,-1.695,0.576,0.0000,0.0000,0.0000,0.0000,0.0000,0.0000,0.0000,0.0000,12.65,28.28,28,-8.840,1,107.0
824.258,+0.0417,+0.0407,-0.0300,0.0622,-0.3467,1.608,-9.320,-2.048,0.517,0.0000,0.0000,0.0000,0.0000,0.0000,0.0000,0.0000,0.0000,12.65,28.27,28,-8.790,1,107.0
824.294,+0.0178,-0.0017,-0.0300,0.0622,-0.3444,1.535,-9.281,-0.893,1.126,0.0000,0.0000,0.0000,0.0000,0.0000,0.0000,0.0000,0.0000,12.65,28.27,28,-8.760,1,107.0
824.322,+0.0396,+0.0370,-0.0300,0.0622,-0.3444,1.535,-9.281,-0.893,1.126,0.0000,0.0000,0.0000,0.0000,0.0000,0.0000,0.0000,0.0000,12.65,28.27,28,-8.760,1,107.0
824.355,+0.0396,+0.0370,-0.0300,0.0622,-0.3444,1.535,-9.281,-0.893,1.126,0.0000,0.0000,0.0000,0.0000,0.0000,0.0000,0.0000,0.0000,12.65,28.27,28,-8.760,1,107.0
824.381,+0.0074,+0.0370,-0.0300,0.0622,-0.3444,1.535,-9.281,-0.893,1.126,0.0000,0.0000,0.0000,0.0000,0.0000,0.0000,0.0000,0.0000,12.65,28.27,28,-8.760,1,107.0
824.419,+0.0375,+0.0370,-0.0300,0.0622,-0.3444,1.535,-9.281,-0.893,1.126,0.0000,0.0000,0.0000,0.0000,0.0000,0.0000,0.0000,0.0000,12.65,28.27,28,-8.760,1,107.0
824.446,+0.0375,+0.0370,-0.0300,0.0611,-0.3344,1.554,-9.224,1.089,0.205,0.0000,0.0000,0.0000,0.0000,0.0000,0.0000,0.0000,0.0000,12.65,28.26,28,-8.920,1,107.0
824.477,+0.0099,+0.0370,-0.0300,0.0622,-0.3378,1.598,-9.217,1.083,0.231,0.0000,0.0000,0.0000,0.0000,0.0000,0.0000,0.0000,0.0000,11.99,28.26,28,-8.900,1,101.1
824.525,+0.0354,+0.0370,-0.0300,0.0611,-0.3344,1.727,-9.202,1.819,0.410,0.0000,0.0000,0.0000,0.0000,0.0000,0.0000,0.0000,0.0000,11.99,28.24,28,-8.990,1,101.1
824.548,+0.0354,+0.0370,-0.0300,0.0611,-0.3344,1.727,-9.202,1.819,0.410,0.0000,0.0000,0.0000,0.0000,0.0000,0.0000,0.0000,0.0000,11.99,28.24,28,-8.990,1,101.1
824.583,+0.0354,+0.0370,-0.0300,0.0611,-0.3344,1.727,-9.202,1.819,0.410,0.0000,0.0000,0.0000,0.0000,0.0000,0.0000,0.0000,0.0000,11.99,28.24,28,-8.990,1,101.1
824.616,+0.0354,-0.0089,-0.0300,0.0611,-0.3344,1.727,-9.202,1.819,0.410,0.0000,0.0000,0.0000,0.0000,0.0000,0.0000,0.0000,0.0000,11.99,28.24,28,-8.990,1,101.1
824.649,+0.0354,+0.0333,-0.0300,0.0611,-0.3344,1.727,-9.202,1.819,0.410,0.0000,0.0000,0.0000,0.0000,0.0000,0.0000,0.0000,0.0000,11.99,28.24,28,-8.990,1,101.1
824.676,+0.0678,+0.0333,-0.0300,0.0611,-0.3344,1.727,-9.202,1.819,0.410,0.0000,0.0000,0.0000,0.0000,0.0000,0.0000,0.0000,0.0000,11.99,28.24,28,-8.990,1,101.1
824.714,+0.0375,-0.0073,-0.0050,0.0456,-0.3389,2.005,-9.134,2.338,0.866,0.0000,0.0000,0.0000,0.0000,0.0000,0.0000,0.0000,0.0000,11.18,28.23,28,-8.910,1,93.9
824.770,+0.0375,+0.0008,-0.0050,0.0444,-0.3333,2.197,-9.014,1.467,1.607,0.0000,0.0000,0.0000,0.0000,0.0000,0.0000,0.0000,0.0000,11.18,28.22,28,-9.300,1,93.9
824.795,+0.0375,+0.0259,-0.0050,0.0444,-0.3333,2.197,-9.014,1.467,1.607,0.0000,0.0000,0.0000,0.0000,0.0000,0.0000,0.0000,0.0000,10.73,28.22,28,-9.300,1,89.7
824.824,+0.0375,+0.0259,-0.0050,0.0444,-0.3333,2.197,-9.014,1.467,1.607,0.0000,0.0000,0.0000,0.0000,0.0000,0.0000,0.0000,0.0000,10.73,28.22,28,-9.300,1,89.7
824.854,+0.0375,+0.0259,-0.0050,0.0444,-0.3333,2.197,-9.014,1.467,1.607,0.0000,0.0000,0.0000,0.0000,0.0000,0.0000,0.0000,0.0000,10.73,28.22,28,-9.300,1,89.7
824.880,+0.0703,+0.0259,-0.0050,0.0444,-0.3333,2.197,-9.014,1.467,1.607,0.0000,0.0000,0.0000,0.0000,0.0000,0.0000,0.0000,0.0000,10.73,28.22,28,-9.300,1,89.7
824.911,+0.0396,+0.0259,-0.0050,0.0444,-0.3333,2.197,-9.014,1.467,1.607,0.0000,0.0000,0.0000,0.0000,0.0000,0.0000,0.0000,0.0000,10.73,28.22,28,-9.300,1,89.7
824.941,+0.0396,+0.0259,-0.0050,0.0444,-0.3333,2.304,-8.878,1.572,0.420,0.0000,0.0000,0.0000,0.0000,0.0000,0.0000,0.0000,0.0000,10.73,28.21,27,-12.350,1,89.7
824.986,+0.0594,+0.0259,0.0000,0.0400,-0.3044,2.385,-8.890,1.646,-0.290,0.0000,0.0000,0.0000,0.0000,0.0000,0.0000,0.0000,0.0000,10.73,28.21,27,-9.260,1,89.7
825.021,+0.0417,+0.0259,0.0000,0.0422,-0.3200,2.502,-8.899,0.810,0.245,0.0000,0.0000,0.0000,0.0000,0.0000,0.0000,0.0000,0.0000,10.27,28.18,27,-9.250,1,85.4
825.079,+0.0417,+0.0259,0.0000,0.0422,-0.3200,2.502,-8.899,0.810,0.245,0.0000,0.0000,0.0000,0.0000,0.0000,0.0000,0.0000,0.0000,10.27,28.18,27,-9.250,1,85.4
825.111,+0.0417,+0.0259,0.0000,0.0422,-0.3200,2.502,-8.899,0.810,0.245,0.0000,0.0000,0.0000,0.0000,0.0000,0.0000,0.0000,0.0000,10.27,28.18,27,-9.250,1,85.4
825.182,+0.0283,+0.0259,0.0000,0.0422,-0.3200,2.502,-8.899,0.810,0.245,0.0000,0.0000,0.0000,0.0000,0.0000,0.0000,0.0000,0.0000,10.27,28.17,27,-9.250,1,85.4
825.209,+0.0396,+0.0808,0.0000,0.0422,-0.3267,2.530,-8.857,0.189,0.534,0.0000,0.0000,0.0000,0.0000,0.0000,0.0000,0.0000,0.0000,9.54,28.17,27,-9.210,1,78.5
825.235,+0.0071,+0.0873,0.0000,0.0422,-0.3267,2.534,-8.841,0.348,0.407,0.0000,0.0000,0.0000,0.0000,0.0000,0.0000,0.0000,0.0000,9.54,28.17,27,-9.190,1,78.5
825.262,+0.0375,+0.0333,0.0000,0.0422,-0.3289,2.454,-8.881,-2.233,-0.926,0.0000,0.0000,0.0000,0.0000,0.0000,0.0000,0.0000,0.0000,9.54,28.16,27,-9.170,1,78.5
825.294,+0.0375,+0.0821,-0.0050,0.0456,-0.3344,2.454,-8.881,-2.233,-0.926,0.0000,0.0000,0.0000,0.0000,0.0000,0.0000,0.0000,0.0000,9.54,28.16,27,-9.170,1,78.5
825.332,+0.0375,+0.1185,-0.0050,0.0456,-0.3344,2.454,-8.881,-2.233,-0.926,0.0000,0.0000,0.0000,0.0000,0.0000,0.0000,0.0000,0.0000,9.54,28.16,27,-9.170,1,78.5
825.360,+0.0672,+0.0972,-0.0050,0.0456,-0.3344,2.454,-8.881,-2.233,-0.926,0.0000,0.0000,0.0000,0.0000,0.0000,0.0000,0.0000,0.0000,9.54,28.16,27,-9.170,1,78.5
825.397,+0.0396,+0.1328,-0.0050,0.0456,-0.3344,2.454,-8.881,-2.233,-0.926,0.0000,0.0000,0.0000,0.0000,0.0000,0.0000,0.0000,0.0000,9.54,28.16,27,-9.170,1,78.5
825.447,+0.0396,+0.1191,-0.0050,0.0456,-0.3344,2.107,-9.080,-3.611,-2.150,0.0000,0.0000,0.0000,0.0000,0.0000,0.0000,0.0000,0.0000,9.54,28.12,27,-8.540,1,78.5
825.482,+0.0396,+0.1067,-0.0050,0.0467,-0.3444,1.913,-9.197,-4.138,-2.337,0.0000,0.0000,0.0000,0.0000,0.0000,0.0000,0.0000,0.0000,8.94,28.12,27,-8.540,1,72.8
825.506,+0.0742,+0.1896,-0.0050,0.0478,-0.3522,1.691,-9.317,-4.467,-2.127,0.0000,0.0000,0.0000,0.0000,0.0000,0.0000,0.0000,0.0000,8.94,28.12,27,-8.170,1,72.8
825.573,+0.0417,+0.1239,-0.0100,0.0500,-0.3544,1.471,-9.418,-4.626,-1.926,0.0000,0.0000,0.0000,0.0000,0.0000,0.0000,0.0000,0.0000,8.94,28.09,28,-8.320,1,72.8
825.609,+0.0417,+0.1240,-0.0100,0.0500,-0.3544,1.471,-9.418,-4.626,-1.926,0.0000,0.0000,0.0000,0.0000,0.0000,0.0000,0.0000,0.0000,8.94,28.09,28,-8.320,1,72.8
825.655,+0.0417,+0.1541,-0.0100,0.0500,-0.3544,1.471,-9.418,-4.626,-1.926,0.0000,0.0000,0.0000,0.0000,0.0000,0.0000,0.0000,0.0000,8.94,28.09,28,-8.320,1,72.8
825.685,+0.0417,+0.1431,-0.0100,0.0500,-0.3544,1.471,-9.418,-4.626,-1.926,0.0000,0.0000,0.0000,0.0000,0.0000,0.0000,0.0000,0.0000,8.94,28.08,28,-8.320,1,72.8
825.715,+0.0417,+0.1474,-0.0150,0.0544,-0.3678,0.773,-9.717,-4.057,-1.816,0.0000,0.0000,0.0000,0.0000,0.0000,0.0000,0.0000,0.0000,8.18,28.08,28,-7.290,1,65.8
825.743,+0.0119,+0.1529,-0.0200,0.0578,-0.3733,0.597,-9.800,-3.545,-1.618,0.0000,0.0000,0.0000,0.0000,0.0000,0.0000,0.0000,0.0000,8.18,28.06,28,-7.200,1,65.8
825.808,+0.0396,+0.1037,-0.0200,0.0600,-0.3800,0.438,-9.893,-2.608,-1.850,0.0000,0.0000,0.0000,0.0000,0.0000,0.0000,0.0000,0.0000,7.68,28.06,28,-7.650,1,61.6
825.843,+0.0146,+0.0593,-0.0200,0.0600,-0.3800,0.438,-9.893,-2.608,-1.850,0.0000,0.0000,0.0000,0.0000,0.0000,0.0000,0.0000,0.0000,7.68,28.06,28,-7.650,1,61.6
825.876,+0.0375,+0.0093,-0.0200,0.0600,-0.3800,0.438,-9.893,-2.608,-1.850,0.0000,0.0000,0.0000,0.0000,0.0000,0.0000,0.0000,0.0000,7.68,28.06,28,-7.650,1,61.6
825.931,+0.0375,+0.0338,-0.0200,0.0600,-0.3800,0.438,-9.893,-2.608,-1.850,0.0000,0.0000,0.0000,0.0000,0.0000,0.0000,0.0000,0.0000,7.68,28.06,28,-7.650,1,61.6
825.958,+0.0695,-0.0286,-0.0250,0.0611,-0.3678,0.133,-9.825,-1.738,3.454,0.0000,0.0000,0.0000,0.0000,0.0000,0.0000,0.0000,0.0000,7.68,28.04,28,-7.190,1,61.6
825.985,+0.0396,+0.0235,-0.0250,0.0611,-0.3611,0.052,-9.600,-1.027,4.926,0.0000,0.0000,0.0000,0.0000,0.0000,0.0000,0.0000,0.0000,7.68,28.04,28,-7.530,1,61.6
826.028,+0.0605,+0.0370,-0.0300,0.0633,-0.3567,-0.142,-9.054,-1.916,2.847,0.0000,0.0000,0.0000,0.0000,0.0000,0.0000,0.0000,0.0000,6.99,28.05,27,-8.320,1,55.9
826.057,+0.0708,+0.0186,-0.0300,0.0633,-0.3567,-0.142,-9.054,-1.916,2.847,0.0000,0.0000,0.0000,0.0000,0.0000,0.0000,0.0000,0.0000,6.99,28.05,27,-8.320,1,55.9
826.084,+0.0753,-0.0453,-0.0300,0.0633,-0.3567,-0.142,-9.054,-1.916,2.847,0.0000,0.0000,0.0000,0.0000,0.0000,0.0000,0.0000,0.0000,6.99,28.05,27,-8.320,1,55.9
826.126,+0.0668,-0.0153,-0.0300,0.0633,-0.3567,-0.142,-9.054,-1.916,2.847,0.0000,0.0000,0.0000,0.0000,0.0000,0.0000,0.0000,0.0000,6.99,28.05,27,-8.320,1,55.9
826.150,+0.0828,-0.0102,-0.0300,0.0633,-0.3567,-0.142,-9.054,-1.916,2.847,0.0000,0.0000,0.0000,0.0000,0.0000,0.0000,0.0000,0.0000,6.99,28.05,27,-8.320,1,55.9
826.227,+0.0500,+0.0043,-0.0300,0.0644,-0.3467,-0.289,-8.760,0.055,3.458,0.0000,0.0000,0.0000,0.0000,0.0000,0.0000,0.0000,0.0000,6.35,28.06,27,-8.180,1,50.2
826.259,+0.0232,+0.0407,-0.0300,0.0633,-0.3433,-0.267,-8.598,0.257,3.317,0.0000,0.0000,0.0000,0.0000,0.0000,0.0000,0.0000,0.0000,6.35,28.06,27,-8.790,1,50.2
826.291,+0.0479,-0.0069,-0.0350,0.0644,-0.3356,-0.266,-8.592,0.717,3.125,0.0000,0.0000,0.0000,0.0000,0.0000,0.0000,0.0000,0.0000,6.35,28.06,27,-8.540,1,50.2
826.329,+0.0252,+0.0370,-0.0350,0.0644,-0.3356,-0.266,-8.592,0.717,3.125,0.0000,0.0000,0.0000,0.0000,0.0000,0.0000,0.0000,0.0000,6.35,28.06,27,-8.540,1,50.2
826.357,+0.0458,+0.0370,-0.0350,0.0644,-0.3356,-0.266,-8.592,0.717,3.125,0.0000,0.0000,0.0000,0.0000,0.0000,0.0000,0.0000,0.0000,6.35,28.06,27,-8.540,1,50.2
826.384,+0.0458,+0.0370,-0.0350,0.0644,-0.3356,-0.266,-8.592,0.717,3.125,0.0000,0.0000,0.0000,0.0000,0.0000,0.0000,0.0000,0.0000,6.35,28.06,27,-8.540,1,50.2
826.447,+0.0458,+0.0370,-0.0350,0.0644,-0.3356,-0.266,-8.592,0.717,3.125,0.0000,0.0000,0.0000,0.0000,0.0000,0.0000,0.0000,0.0000,6.35,28.05,26,-8.540,1,50.2
826.476,+0.0458,-0.0157,-0.0350,0.0633,-0.3344,-0.195,-8.426,1.489,0.295,0.0000,0.0000,0.0000,0.0000,0.0000,0.0000,0.0000,0.0000,5.77,28.05,27,-8.110,1,44.5
826.515,+0.0679,+0.0333,-0.0300,0.0611,-0.3233,0.015,-8.394,3.074,0.911,0.0000,0.0000,0.0000,0.0000,0.0000,0.0000,0.0000,0.0000,5.77,28.05,27,-8.290,1,44.5
826.546,+0.0759,+0.0333,-0.0300,0.0611,-0.3278,0.332,-8.259,2.978,1.686,0.0000,0.0000,0.0000,0.0000,0.0000,0.0000,0.0000,0.0000,5.77,28.02,27,-8.260,1,44.5
826.575,+0.0795,+0.0333,-0.0300,0.0611,-0.3278,0.332,-8.259,2.978,1.686,0.0000,0.0000,0.0000,0.0000,0.0000,0.0000,0.0000,0.0000,5.77,28.02,27,-8.260,1,44.5
826.615,+0.0737,+0.0333,-0.0300,0.0611,-0.3278,0.332,-8.259,2.978,1.686,0.0000,0.0000,0.0000,0.0000,0.0000,0.0000,0.0000,0.0000,5.77,28.02,27,-8.260,1,44.5
826.644,+0.0837,+0.1382,-0.0300,0.0611,-0.3278,0.332,-8.259,2.978,1.686,0.0000,0.0000,0.0000,0.0000,0.0000,0.0000,0.0000,0.0000,5.77,28.02,27,-8.260,1,44.5
826.687,+0.0766,+0.0769,-0.0300,0.0611,-0.3278,0.332,-8.259,2.978,1.686,0.0000,0.0000,0.0000,0.0000,0.0000,0.0000,0.0000,0.0000,5.77,28.00,27,-8.260,1,44.5
826.750,+0.0732,+0.1235,-0.0250,0.0611,-0.3367,0.982,-8.102,2.700,-2.514,0.0000,0.0000,0.0000,0.0000,0.0000,0.0000,0.0000,0.0000,5.08,27.98,27,-8.260,1,37.3
826.780,+0.0604,+0.1554,-0.0250,0.0611,-0.3456,0.987,-8.108,2.539,-2.937,0.0000,0.0000,0.0000,0.0000,0.0000,0.0000,0.0000,0.0000,4.81,27.98,27,-8.230,1,34.4
826.808,+0.0604,+0.1716,-0.0250,0.0611,-0.3456,0.987,-8.108,2.539,-2.937,0.0000,0.0000,0.0000,0.0000,0.0000,0.0000,0.0000,0.0000,4.81,27.98,27,-8.230,1,34.4
826.835,+0.0604,+0.1828,-0.0250,0.0611,-0.3456,0.987,-8.108,2.539,-2.937,0.0000,0.0000,0.0000,0.0000,0.0000,0.0000,0.0000,0.0000,4.81,27.98,27,-8.230,1,34.4
826.882,+0.0604,+0.1772,-0.0250,0.0611,-0.3456,0.987,-8.108,2.539,-2.937,0.0000,0.0000,0.0000,0.0000,0.0000,0.0000,0.0000,0.0000,4.81,27.98,27,-8.230,1,34.4
826.910,+0.0604,+0.1975,-0.0250,0.0611,-0.3456,0.987,-8.108,2.539,-2.937,0.0000,0.0000,0.0000,0.0000,0.0000,0.0000,0.0000,0.0000,4.81,27.98,27,-8.230,1,34.4
826.953,+0.0604,+0.2427,-0.0250,0.0611,-0.3611,1.205,-8.498,2.495,-3.686,0.0000,0.0000,0.0000,0.0000,0.0000,0.0000,0.0000,0.0000,4.81,27.93,27,-7.270,1,34.4
826.987,+0.0604,+0.2026,-0.0250,0.0600,-0.3667,1.504,-8.795,3.675,-2.104,0.0000,0.0000,0.0000,0.0000,0.0000,0.0000,0.0000,0.0000,4.81,27.91,27,-6.730,1,34.4
827.017,+0.0604,+0.2681,-0.0200,0.0589,-0.3722,1.707,-8.898,4.192,-1.737,0.0000,0.0000,0.0000,0.0000,0.0000,0.0000,0.0000,0.0000,4.28,27.88,27,-6.540,1,28.8
827.063,+0.0795,+0.2656,-0.0200,0.0600,-0.3778,1.927,-8.995,4.129,-1.832,0.0000,0.0000,0.0000,0.0000,0.0000,0.0000,0.0000,0.0000,4.28,27.88,27,-6.510,1,28.8
827.090,+0.0625,+0.2566,-0.0200,0.0600,-0.3778,1.927,-8.995,4.129,-1.832,0.0000,0.0000,0.0000,0.0000,0.0000,0.0000,0.0000,0.0000,4.28,27.88,27,-6.510,1,28.8
827.119,+0.0925,+0.2052,-0.0200,0.0600,-0.3778,1.927,-8.995,4.129,-1.832,0.0000,0.0000,0.0000,0.0000,0.0000,0.0000,0.0000,0.0000,4.28,27.88,27,-6.510,1,28.8
827.169,+0.0824,+0.2188,-0.0200,0.0600,-0.3778,1.927,-8.995,4.129,-1.832,0.0000,0.0000,0.0000,0.0000,0.0000,0.0000,0.0000,0.0000,4.28,27.88,27,-6.510,1,28.8
827.200,+0.0667,+0.1630,-0.0200,0.0600,-0.3956,2.210,-9.236,2.057,-2.203,0.0000,0.0000,0.0000,0.0000,0.0000,0.0000,0.0000,0.0000,4.28,27.86,27,-5.980,1,28.8
827.227,+0.0982,+0.1630,-0.0200,0.0600,-0.3956,2.210,-9.236,2.057,-2.203,0.0000,0.0000,0.0000,0.0000,0.0000,0.0000,0.0000,0.0000,3.69,27.86,27,-5.980,1,23.1
827.284,+0.0847,+0.2196,-0.0200,0.0578,-0.3800,2.377,-9.014,1.818,5.338,0.0000,0.0000,0.0000,0.0000,0.0000,0.0000,0.0000,0.0000,3.69,27.83,28,-5.590,1,23.1
827.313,+0.0708,+0.2241,-0.0200,0.0578,-0.3800,2.377,-9.014,1.818,5.338,0.0000,0.0000,0.0000,0.0000,0.0000,0.0000,0.0000,0.0000,3.69,27.83,28,-5.590,1,23.1
827.342,+0.0996,+0.2765,-0.0200,0.0578,-0.3800,2.377,-9.014,1.818,5.338,0.0000,0.0000,0.0000,0.0000,0.0000,0.0000,0.0000,0.0000,3.69,27.83,28,-5.590,1,23.1
827.382,+0.0950,+0.2994,-0.0200,0.0578,-0.3800,2.377,-9.014,1.818,5.338,0.0000,0.0000,0.0000,0.0000,0.0000,0.0000,0.0000,0.0000,3.69,27.83,28,-5.590,1,23.1
827.410,+0.1050,+0.3527,-0.0200,0.0578,-0.3800,2.377,-9.014,1.818,5.338,0.0000,0.0000,0.0000,0.0000,0.0000,0.0000,0.0000,0.0000,3.69,27.83,28,-5.590,1,23.1
827.448,+0.1050,+0.3527,-0.0200,0.0578,-0.3800,2.377,-9.014,1.818,5.338,0.0000,0.0000,0.0000,0.0000,0.0000,0.0000,0.0000,0.0000,3.69,27.83,27,-5.590,0,23.1
827.482,+0.1050,+0.3527,-0.0200,0.0589,-0.3856,2.692,-8.315,1.806,1.981,0.0000,0.0000,0.0000,0.0000,0.0000,0.0000,0.0000,0.0000,2.92,27.83,28,-5.050,0,16.1
827.518,+0.1050,+0.3527,-0.0200,0.0589,-0.3922,2.760,-8.229,1.297,1.816,0.0000,0.0000,0.0000,0.0000,0.0000,0.0000,0.0000,0.0000,2.92,27.82,28,-4.410,0,16.1
827.545,+0.1050,+0.3527,-0.0200,0.0611,-0.3967,2.762,-8.226,1.091,1.779,0.0000,0.0000,0.0000,0.0000,0.0000,0.0000,0.0000,0.0000,2.92,27.82,28,-4.070,0,16.1
827.588,-0.1649,-1.0000,-0.0200,0.0633,-0.4056,2.906,-7.250,0.731,4.392,0.0000,0.0000,0.0000,0.0000,0.0000,0.0000,0.0000,0.0000,2.02,27.79,28,-2.580,1,6.8
827.938,-0.1649,-1.0000,-1.0000,0.3111,0.9111,-21.529,23.249,-236.732,267.535,0.0000,0.0000,0.0000,0.0000,0.0000,0.0000,0.0000,0.0000,2.02,6.63,20,-1.570,0,3.2
828.204,-0.1649,-1.0000,-1.0000,0.3111,0.9111,-63.717,61.904,-280.429,148.523,0.0000,0.0000,0.0000,0.0000,0.0000,0.0000,0.0000,0.0000,2.02,6.56,18,-10.910,0,3.2
828.236,-0.1649,-1.0000,-1.0000,0.3111,0.9111,-89.212,71.132,-285.379,94.419,0.0000,0.0000,0.0000,0.0000,0.0000,0.0000,0.0000,0.0000,3.14,6.56,18,-0.340,0,3.6
828.266,-0.1649,-1.0000,-1.0000,0.4833,0.7389,-126.822,76.747,-284.102,66.550,0.0000,0.0000,0.0000,0.0000,0.0000,0.0000,0.0000,0.0000,3.14,6.50,18,-14.980,0,3.6
828.293,-0.1649,-1.0000,-1.0000,0.3611,-0.8611,174.650,77.823,-281.070,41.785,0.0000,0.0000,0.0000,0.0000,0.0000,0.0000,0.0000,0.0000,3.14,6.50,18,-16.240,0,3.6
828.319,-0.1649,-1.0000,-1.0000,0.3611,-0.8611,174.650,77.823,-281.070,41.785,0.0000,0.0000,0.0000,0.0000,0.0000,0.0000,0.0000,0.0000,3.14,6.50,18,-16.240,0,3.6
828.350,-0.1649,-1.0000,-1.0000,0.3611,-0.8611,174.650,77.823,-281.070,41.785,0.0000,0.0000,0.0000,0.0000,0.0000,0.0000,0.0000,0.0000,3.14,6.50,18,-16.240,0,3.6
828.383,-0.1649,-1.0000,-1.0000,0.3611,-0.8611,174.650,77.823,-281.070,41.785,0.0000,0.0000,0.0000,0.0000,0.0000,0.0000,0.0000,0.0000,3.14,6.50,18,-16.240,0,3.6
828.413,-0.1649,-1.0000,-1.0000,0.3611,-0.8611,174.650,77.823,-281.070,41.785,0.0000,0.0000,0.0000,0.0000,0.0000,0.0000,0.0000,0.0000,3.14,6.50,18,-16.240,0,3.6
