timestamp_s,errorx,errory,aileron,elevator,rudder,roll_deg,pitch_deg,roll_rate_dps,pitch_rate_dps,pid_roll_desired,pid_roll_P,pid_roll_I,pid_roll_D,pid_pitch_desired,pid_pitch_P,pid_pitch_I,pid_pitch_D,alt_rel_m,groundspeed_ms,throttle_pct,nav_pitch_deg,target_locked,dist_m
196.547,-0.9833,-0.0037,-0.1450,0.1511,-0.4867,-9.739,-3.778,-0.337,-4.302,0.0000,0.0000,0.0000,0.0000,0.0000,0.0000,0.0000,0.0000,50.59,24.21,45,-0.510,1,683.2
196.578,-0.9291,-0.0037,-0.1450,0.1511,-0.4867,-9.739,-3.778,-0.337,-4.302,0.0000,0.0000,0.0000,0.0000,0.0000,0.0000,0.0000,0.0000,50.59,24.21,45,-0.510,1,683.2
196.617,-0.8899,-0.0037,-0.1450,0.1511,-0.4867,-9.739,-3.778,-0.337,-4.302,0.0000,0.0000,0.0000,0.0000,0.0000,0.0000,0.0000,0.0000,50.59,24.21,45,-0.510,1,683.2
196.692,-0.9071,+0.0190,-0.1500,0.1533,-0.4778,-9.836,-4.330,-0.671,-0.369,0.0000,0.0000,0.0000,0.0000,0.0000,0.0000,0.0000,0.0000,50.53,24.19,45,-0.880,1,678.0
196.716,-0.5825,+0.3665,-0.1400,0.1500,-0.4833,-10.037,-4.381,-3.582,0.779,0.0000,0.0000,0.0000,0.0000,0.0000,0.0000,0.0000,0.0000,50.53,24.19,45,-1.170,1,678.0
196.761,-0.7787,+0.1986,-0.1350,0.1467,-0.4889,-10.249,-4.458,-4.470,-0.255,0.0000,0.0000,0.0000,0.0000,0.0000,0.0000,0.0000,0.0000,50.44,24.19,45,-1.330,1,674.8
196.782,-0.6503,+0.2469,-0.1350,0.1467,-0.4889,-10.249,-4.458,-4.470,-0.255,0.0000,0.0000,0.0000,0.0000,0.0000,0.0000,0.0000,0.0000,50.44,24.19,45,-1.330,1,674.8
196.810,-0.7545,+0.1598,-0.1350,0.1467,-0.4889,-10.249,-4.458,-4.470,-0.255,0.0000,0.0000,0.0000,0.0000,0.0000,0.0000,0.0000,0.0000,50.44,24.19,45,-1.330,1,674.8
196.874,-0.8089,+0.0850,-0.1350,0.1467,-0.4889,-10.249,-4.458,-4.470,-0.255,0.0000,0.0000,0.0000,0.0000,0.0000,0.0000,0.0000,0.0000,50.44,24.19,45,-1.330,1,674.8
196.900,-0.8169,-0.0551,-0.1350,0.1467,-0.4889,-10.249,-4.458,-4.470,-0.255,0.0000,0.0000,0.0000,0.0000,0.0000,0.0000,0.0000,0.0000,50.44,24.19,45,-1.330,1,674.8
196.928,-0.8188,-0.1055,-0.1350,0.1467,-0.4889,-10.508,-4.582,-5.188,-1.614,0.0000,0.0000,0.0000,0.0000,0.0000,0.0000,0.0000,0.0000,50.44,24.19,45,-1.330,1,674.8
196.977,-0.8387,-0.0523,-0.1150,0.1322,-0.4900,-10.614,-4.681,5.919,3.632,0.0000,0.0000,0.0000,0.0000,0.0000,0.0000,0.0000,0.0000,50.33,24.19,45,-0.290,1,671.5
197.001,-0.8708,-0.3414,-0.1150,0.1322,-0.4900,-10.282,-4.476,7.473,5.332,0.0000,0.0000,0.0000,0.0000,0.0000,0.0000,0.0000,0.0000,50.33,24.20,45,-0.280,1,671.5
197.035,-0.8959,-0.3008,-0.1100,0.1289,-0.4844,-10.282,-4.476,7.473,5.332,0.0000,0.0000,0.0000,0.0000,0.0000,0.0000,0.0000,0.0000,50.33,24.20,45,-0.280,1,671.5
197.070,-0.9229,-0.4589,-0.1100,0.1289,-0.4844,-10.282,-4.476,7.473,5.332,0.0000,0.0000,0.0000,0.0000,0.0000,0.0000,0.0000,0.0000,50.33,24.20,45,-0.280,1,671.5
197.101,-0.9590,-0.5376,-0.1100,0.1289,-0.4844,-10.282,-4.476,7.473,5.332,0.0000,0.0000,0.0000,0.0000,0.0000,0.0000,0.0000,0.0000,50.33,24.20,45,-0.280,1,671.5
197.126,-0.9874,-0.7057,-0.1100,0.1289,-0.4844,-10.282,-4.476,7.473,5.332,0.0000,0.0000,0.0000,0.0000,0.0000,0.0000,0.0000,0.0000,50.33,24.20,45,-0.280,1,671.5
197.161,-0.9390,-0.7404,-0.1100,0.1289,-0.4844,-7.844,-3.911,19.022,8.302,0.0000,0.0000,0.0000,0.0000,0.0000,0.0000,0.0000,0.0000,50.33,24.22,44,-0.280,1,671.5
197.191,-0.9792,-0.7856,-0.0700,0.0978,-0.4444,-7.806,-3.891,19.521,10.111,0.0000,0.0000,0.0000,0.0000,0.0000,0.0000,0.0000,0.0000,50.17,24.22,44,-2.440,1,667.1
197.218,-0.9306,-0.8757,-0.0450,0.0767,-0.3989,-6.784,-3.295,21.943,12.550,0.0000,0.0000,0.0000,0.0000,0.0000,0.0000,0.0000,0.0000,50.17,24.22,44,-2.440,1,667.1
197.271,-0.9021,-0.7211,-0.0250,0.0622,-0.3822,-5.603,-2.655,24.067,11.618,0.0000,0.0000,0.0000,0.0000,0.0000,0.0000,0.0000,0.0000,50.17,24.22,44,-3.680,1,667.1
197.300,-0.8724,-0.8507,-0.0250,0.0622,-0.3822,-5.603,-2.655,24.067,11.618,0.0000,0.0000,0.0000,0.0000,0.0000,0.0000,0.0000,0.0000,50.17,24.22,44,-3.680,1,667.1
197.327,-0.8381,-0.8548,-0.0250,0.0622,-0.3822,-5.603,-2.655,24.067,11.618,0.0000,0.0000,0.0000,0.0000,0.0000,0.0000,0.0000,0.0000,50.17,24.22,44,-3.680,1,667.1
197.355,-0.8338,-0.7787,-0.0250,0.0622,-0.3822,-5.603,-2.655,24.067,11.618,0.0000,0.0000,0.0000,0.0000,0.0000,0.0000,0.0000,0.0000,50.17,24.22,44,-3.680,1,667.1
197.438,-0.8453,-0.7071,0.0200,0.0256,-0.3233,-3.038,-1.680,25.098,7.921,0.0000,0.0000,0.0000,0.0000,0.0000,0.0000,0.0000,0.0000,50.10,24.20,43,-5.690,1,661.6
197.467,-0.7949,-0.4180,0.0250,0.0189,-0.3144,-0.976,-1.102,16.714,4.103,0.0000,0.0000,0.0000,0.0000,0.0000,0.0000,0.0000,0.0000,50.10,24.20,43,-6.250,1,661.6
197.494,-0.7529,-0.3563,0.0300,0.0167,-0.2967,-0.447,-1.011,6.913,2.994,0.0000,0.0000,0.0000,0.0000,0.0000,0.0000,0.0000,0.0000,50.10,24.16,43,-7.440,1,661.6
197.559,-0.7683,-0.4593,0.0450,0.0056,-0.2789,-0.438,-1.005,4.754,3.078,0.0000,0.0000,0.0000,0.0000,0.0000,0.0000,0.0000,0.0000,50.10,24.16,43,-7.490,1,661.6
197.596,-0.7683,-0.4593,0.0450,0.0056,-0.2789,-0.438,-1.005,4.754,3.078,0.0000,0.0000,0.0000,0.0000,0.0000,0.0000,0.0000,0.0000,50.10,24.16,43,-7.490,0,661.6
197.621,-0.7683,-0.4593,0.0450,0.0056,-0.2789,-0.438,-1.005,4.754,3.078,0.0000,0.0000,0.0000,0.0000,0.0000,0.0000,0.0000,0.0000,50.10,24.16,43,-7.490,0,661.6
197.694,-0.7683,-0.4593,0.0550,-0.0011,-0.2989,-0.347,-1.497,-2.693,-11.817,0.0000,0.0000,0.0000,0.0000,0.0000,0.0000,0.0000,0.0000,50.17,24.14,42,-6.730,0,658.2
197.720,-0.7683,-0.4593,0.0550,0.0044,-0.3444,-0.347,-1.497,-2.693,-11.817,0.0000,0.0000,0.0000,0.0000,0.0000,0.0000,0.0000,0.0000,50.17,24.12,43,-6.680,0,658.2
197.792,-0.7683,-0.4593,0.0550,0.0056,-0.3567,-0.977,-2.955,-7.900,-14.050,0.0000,0.0000,0.0000,0.0000,0.0000,0.0000,0.0000,0.0000,50.25,24.12,43,-8.030,0,655.0
197.827,-0.8139,+0.2754,0.0550,0.0056,-0.3567,-0.977,-2.955,-7.900,-14.050,0.0000,0.0000,0.0000,0.0000,0.0000,0.0000,0.0000,0.0000,50.25,24.12,43,-8.030,1,655.0
197.856,-0.8139,+0.2754,0.0550,0.0056,-0.3567,-0.977,-2.955,-7.900,-14.050,0.0000,0.0000,0.0000,0.0000,0.0000,0.0000,0.0000,0.0000,50.25,24.12,43,-8.030,0,655.0
197.884,-0.8139,+0.2754,0.0550,0.0056,-0.3567,-0.977,-2.955,-7.900,-14.050,0.0000,0.0000,0.0000,0.0000,0.0000,0.0000,0.0000,0.0000,50.25,24.12,43,-8.030,0,655.0
197.986,-0.8139,+0.2754,0.0600,-0.0011,-0.3411,-2.244,-5.031,-2.017,-8.455,0.0000,0.0000,0.0000,0.0000,0.0000,0.0000,0.0000,0.0000,50.21,24.11,42,-10.280,0,650.7
198.029,-0.8854,+0.2063,0.0650,-0.0000,-0.3844,-2.313,-5.456,-0.501,-8.456,0.0000,0.0000,0.0000,0.0000,0.0000,0.0000,0.0000,0.0000,50.21,24.12,42,-4.720,1,650.7
198.074,-0.8854,+0.2063,0.0650,-0.0000,-0.3844,-2.313,-5.456,-0.501,-8.456,0.0000,0.0000,0.0000,0.0000,0.0000,0.0000,0.0000,0.0000,50.21,24.12,42,-4.720,0,650.7
198.270,-0.8854,+0.2063,0.0550,0.0156,-0.4911,-4.842,-7.949,-16.362,-9.494,0.0000,0.0000,0.0000,0.0000,0.0000,0.0000,0.0000,0.0000,50.01,24.17,43,-5.270,0,646.3
198.306,-0.8854,+0.2063,0.0550,0.0156,-0.4911,-4.842,-7.949,-16.362,-9.494,0.0000,0.0000,0.0000,0.0000,0.0000,0.0000,0.0000,0.0000,50.01,24.17,43,-5.270,0,646.3
198.332,-0.8854,+0.2063,0.0550,0.0156,-0.4911,-4.842,-7.949,-16.362,-9.494,0.0000,0.0000,0.0000,0.0000,0.0000,0.0000,0.0000,0.0000,50.01,24.17,43,-5.270,0,646.3
198.359,-0.6748,+0.4966,0.0550,0.0156,-0.4911,-4.842,-7.949,-16.362,-9.494,0.0000,0.0000,0.0000,0.0000,0.0000,0.0000,0.0000,0.0000,50.01,24.17,43,-5.270,1,646.3
198.404,-0.6748,+0.4966,0.0550,0.0156,-0.4911,-4.842,-7.949,-16.362,-9.494,0.0000,0.0000,0.0000,0.0000,0.0000,0.0000,0.0000,0.0000,50.01,24.17,43,-5.270,0,646.3
198.426,-0.6748,+0.4966,0.0500,0.0233,-0.5033,-5.732,-8.438,-16.953,-6.444,0.0000,0.0000,0.0000,0.0000,0.0000,0.0000,0.0000,0.0000,50.01,24.22,44,-5.080,0,646.3
198.464,-0.6748,+0.4966,0.0500,0.0233,-0.5033,-6.549,-8.714,-17.818,-4.770,0.0000,0.0000,0.0000,0.0000,0.0000,0.0000,0.0000,0.0000,49.74,24.22,44,-5.080,0,643.0
198.573,-0.6748,+0.4966,0.0250,0.0400,-0.5200,-8.486,-9.189,-19.466,-3.968,0.0000,0.0000,0.0000,0.0000,0.0000,0.0000,0.0000,0.0000,49.74,24.27,44,-4.740,0,643.0
198.612,-0.6748,+0.4966,0.0250,0.0400,-0.5200,-8.486,-9.189,-19.466,-3.968,0.0000,0.0000,0.0000,0.0000,0.0000,0.0000,0.0000,0.0000,49.74,24.27,44,-4.740,0,643.0
198.643,-0.6748,+0.4966,0.0250,0.0400,-0.5200,-8.486,-9.189,-19.466,-3.968,0.0000,0.0000,0.0000,0.0000,0.0000,0.0000,0.0000,0.0000,49.74,24.27,44,-4.740,0,643.0
198.669,-0.6748,+0.4966,0.0250,0.0400,-0.5200,-8.486,-9.189,-19.466,-3.968,0.0000,0.0000,0.0000,0.0000,0.0000,0.0000,0.0000,0.0000,49.74,24.27,44,-4.740,0,643.0
198.695,-0.6748,+0.4966,-0.0250,0.0833,-0.6144,-10.482,-9.820,-18.575,-6.463,0.0000,0.0000,0.0000,0.0000,0.0000,0.0000,0.0000,0.0000,49.74,24.36,45,-1.410,0,643.0
198.816,-0.6748,+0.4966,-0.0400,0.0989,-0.6478,-12.267,-10.515,-16.006,-6.034,0.0000,0.0000,0.0000,0.0000,0.0000,0.0000,0.0000,0.0000,48.70,24.40,45,-0.810,0,634.2
198.856,-0.5943,+0.4763,-0.0400,0.0989,-0.6478,-12.267,-10.515,-16.006,-6.034,0.0000,0.0000,0.0000,0.0000,0.0000,0.0000,0.0000,0.0000,48.70,24.40,45,-0.810,1,634.2
198.887,-0.6708,+0.3146,-0.0400,0.0989,-0.6478,-12.267,-10.515,-16.006,-6.034,0.0000,0.0000,0.0000,0.0000,0.0000,0.0000,0.0000,0.0000,48.70,24.40,45,-0.810,1,634.2
198.973,-0.6482,+0.3190,-0.0850,0.1222,-0.5711,-16.840,-8.377,-15.168,17.553,0.0000,0.0000,0.0000,0.0000,0.0000,0.0000,0.0000,0.0000,48.03,24.58,46,0.370,1,629.7
199.015,-0.6035,+0.2396,-0.1000,0.1333,-0.5889,-16.854,-8.363,-14.778,15.727,0.0000,0.0000,0.0000,0.0000,0.0000,0.0000,0.0000,0.0000,48.03,24.72,46,0.660,1,629.7
199.227,-0.6023,+0.2373,-0.1050,0.1333,-0.5556,-17.904,-6.370,8.093,12.751,0.0000,0.0000,0.0000,0.0000,0.0000,0.0000,0.0000,0.0000,47.38,24.92,45,-0.760,1,623.9
199.251,-0.6023,+0.2373,-0.1150,0.1378,-0.5422,-17.886,-6.354,8.098,12.748,0.0000,0.0000,0.0000,0.0000,0.0000,0.0000,0.0000,0.0000,47.38,24.92,45,-0.640,0,623.9
199.277,-0.6023,+0.2373,-0.1150,0.1378,-0.5422,-17.886,-6.354,8.098,12.748,0.0000,0.0000,0.0000,0.0000,0.0000,0.0000,0.0000,0.0000,47.38,24.92,45,-0.640,0,623.9
199.309,-0.6023,+0.2373,-0.1150,0.1378,-0.5422,-17.886,-6.354,8.098,12.748,0.0000,0.0000,0.0000,0.0000,0.0000,0.0000,0.0000,0.0000,47.38,24.92,45,-0.640,0,623.9
199.471,-0.5012,-0.2926,-0.1150,0.1367,-0.5256,-17.242,-5.153,5.201,19.383,0.0000,0.0000,0.0000,0.0000,0.0000,0.0000,0.0000,0.0000,47.29,24.93,45,-0.150,1,622.7
199.495,-0.5012,-0.2926,-0.1150,0.1322,-0.4922,-16.968,-4.211,6.116,21.684,0.0000,0.0000,0.0000,0.0000,0.0000,0.0000,0.0000,0.0000,47.29,24.93,45,-0.030,0,622.7
199.540,-0.5012,-0.2926,-0.1000,0.1211,-0.4678,-16.558,-3.132,8.912,21.341,0.0000,0.0000,0.0000,0.0000,0.0000,0.0000,0.0000,0.0000,47.29,25.00,45,0.070,0,622.7
199.573,-0.5012,-0.2926,-0.1000,0.1211,-0.4678,-16.558,-3.132,8.912,21.341,0.0000,0.0000,0.0000,0.0000,0.0000,0.0000,0.0000,0.0000,47.29,25.00,45,0.070,0,622.7
199.600,-0.4123,-1.0000,-0.1000,0.1211,-0.4678,-16.558,-3.132,8.912,21.341,0.0000,0.0000,0.0000,0.0000,0.0000,0.0000,0.0000,0.0000,47.29,25.00,45,0.070,1,622.7
199.640,-0.5200,-0.3941,-0.1000,0.1211,-0.4678,-16.558,-3.132,8.912,21.341,0.0000,0.0000,0.0000,0.0000,0.0000,0.0000,0.0000,0.0000,47.29,25.00,45,0.070,1,622.7
199.677,-0.5200,-0.3941,-0.1000,0.1211,-0.4678,-16.558,-3.132,8.912,21.341,0.0000,0.0000,0.0000,0.0000,0.0000,0.0000,0.0000,0.0000,47.29,25.00,45,0.070,0,622.7
199.714,-0.5200,-0.3941,-0.1000,0.1144,-0.4056,-15.339,-1.237,13.605,18.259,0.0000,0.0000,0.0000,0.0000,0.0000,0.0000,0.0000,0.0000,47.05,25.00,43,-4.540,0,618.0
199.759,-0.5200,-0.3941,-0.0900,0.1044,-0.3489,-14.690,-0.496,14.303,17.581,0.0000,0.0000,0.0000,0.0000,0.0000,0.0000,0.0000,0.0000,47.04,25.00,43,-4.820,0,615.7
199.787,-0.4348,-1.0000,-0.0900,0.1044,-0.3489,-14.690,-0.496,14.303,17.581,0.0000,0.0000,0.0000,0.0000,0.0000,0.0000,0.0000,0.0000,47.04,25.00,43,-4.820,1,615.7
199.880,-0.4348,-1.0000,-0.0900,0.1044,-0.3489,-14.690,-0.496,14.303,17.581,0.0000,0.0000,0.0000,0.0000,0.0000,0.0000,0.0000,0.0000,47.04,25.00,43,-4.820,0,615.7
199.907,-0.4348,-1.0000,-0.0900,0.1044,-0.3489,-14.690,-0.496,14.303,17.581,0.0000,0.0000,0.0000,0.0000,0.0000,0.0000,0.0000,0.0000,47.04,25.00,43,-4.820,0,615.7
199.995,-0.4348,-1.0000,-0.0650,0.0667,-0.1444,-11.723,3.576,9.195,15.597,0.0000,0.0000,0.0000,0.0000,0.0000,0.0000,0.0000,0.0000,47.31,24.62,38,-12.940,0,609.7
200.036,-0.2686,-0.6314,-0.0600,0.0611,-0.0967,-11.305,4.270,9.748,15.383,0.0000,0.0000,0.0000,0.0000,0.0000,0.0000,0.0000,0.0000,47.31,24.62,38,-13.410,1,609.7
200.074,-0.4146,-0.5548,-0.0600,0.0611,-0.0967,-11.305,4.270,9.748,15.383,0.0000,0.0000,0.0000,0.0000,0.0000,0.0000,0.0000,0.0000,47.31,24.62,38,-13.410,1,609.7
200.098,-0.3801,-0.4458,-0.0600,0.0611,-0.0967,-11.305,4.270,9.748,15.383,0.0000,0.0000,0.0000,0.0000,0.0000,0.0000,0.0000,0.0000,47.31,24.62,38,-13.410,1,609.7
200.181,-0.4125,-0.4538,-0.0350,0.0356,0.0000,-9.434,6.456,16.861,12.326,0.0000,0.0000,0.0000,0.0000,0.0000,0.0000,0.0000,0.0000,47.31,24.34,37,-14.840,1,609.7
200.214,-0.4125,-0.4538,-0.0300,0.0300,0.0211,-9.399,6.472,18.971,9.158,0.0000,0.0000,0.0000,0.0000,0.0000,0.0000,0.0000,0.0000,47.93,24.22,36,-15.340,0,603.8
200.251,-0.4125,-0.4538,-0.0350,0.0456,-0.1256,-7.956,5.770,10.148,-17.759,0.0000,0.0000,0.0000,0.0000,0.0000,0.0000,0.0000,0.0000,47.93,24.22,36,-10.880,0,603.8
200.435,-0.4125,-0.4538,-0.0350,0.0456,-0.1256,-6.999,1.690,8.415,-22.995,0.0000,0.0000,0.0000,0.0000,0.0000,0.0000,0.0000,0.0000,47.93,23.96,38,-11.710,0,603.8
200.470,-0.4898,+0.0208,0.0000,0.0233,-0.1700,-5.786,0.040,14.622,-15.478,0.0000,0.0000,0.0000,0.0000,0.0000,0.0000,0.0000,0.0000,48.89,23.96,38,-11.930,1,596.9
200.571,-0.4898,+0.0208,0.0150,0.0189,-0.2056,-4.106,-1.363,15.383,-15.951,0.0000,0.0000,0.0000,0.0000,0.0000,0.0000,0.0000,0.0000,48.89,23.97,38,-12.370,0,596.9
200.677,-0.4898,+0.0208,0.0150,0.0189,-0.2056,-4.106,-1.363,15.383,-15.951,0.0000,0.0000,0.0000,0.0000,0.0000,0.0000,0.0000,0.0000,48.89,23.96,39,-12.370,0,596.9
200.702,-0.4898,+0.0208,0.0350,0.0122,-0.2944,-3.546,-2.252,8.586,-16.009,0.0000,0.0000,0.0000,0.0000,0.0000,0.0000,0.0000,0.0000,49.21,23.96,39,-8.630,0,590.9
200.756,-0.2033,+0.8297,0.0350,0.0189,-0.3767,-2.746,-6.026,-0.252,-26.491,0.0000,0.0000,0.0000,0.0000,0.0000,0.0000,0.0000,0.0000,49.21,23.96,39,-8.610,1,588.5
200.786,-0.2033,+0.8297,0.0350,0.0189,-0.3767,-2.746,-6.026,-0.252,-26.491,0.0000,0.0000,0.0000,0.0000,0.0000,0.0000,0.0000,0.0000,49.21,23.96,39,-8.610,0,588.5
200.899,-0.2033,+0.8297,0.0350,0.0189,-0.3767,-2.746,-6.026,-0.252,-26.491,0.0000,0.0000,0.0000,0.0000,0.0000,0.0000,0.0000,0.0000,49.21,23.96,39,-8.610,0,588.5
200.945,-0.2033,+0.8297,0.0400,0.0244,-0.4756,-3.675,-11.244,-2.699,-24.556,0.0000,0.0000,0.0000,0.0000,0.0000,0.0000,0.0000,0.0000,49.21,23.95,41,-8.570,0,588.5
200.977,-0.2033,+0.8297,0.0250,0.0433,-0.5611,-3.912,-12.516,-3.624,-26.128,0.0000,0.0000,0.0000,0.0000,0.0000,0.0000,0.0000,0.0000,48.89,23.95,41,-0.480,0,583.8
201.001,-0.2033,+0.8297,0.0100,0.0600,-0.6378,-4.171,-13.838,-2.751,-27.695,0.0000,0.0000,0.0000,0.0000,0.0000,0.0000,0.0000,0.0000,48.89,23.91,44,-0.090,0,583.8
201.067,-0.2033,+0.8297,0.0050,0.0678,-0.7011,-4.171,-13.838,-2.751,-27.695,0.0000,0.0000,0.0000,0.0000,0.0000,0.0000,0.0000,0.0000,48.89,23.91,44,-0.090,0,583.8
201.098,-0.2033,+0.8297,0.0050,0.0678,-0.7011,-4.171,-13.838,-2.751,-27.695,0.0000,0.0000,0.0000,0.0000,0.0000,0.0000,0.0000,0.0000,48.89,23.91,44,-0.090,0,583.8
201.132,-0.2033,+0.8297,0.0050,0.0678,-0.7011,-4.171,-13.838,-2.751,-27.695,0.0000,0.0000,0.0000,0.0000,0.0000,0.0000,0.0000,0.0000,48.89,23.91,44,-0.090,0,583.8
201.160,-0.2033,+0.8297,0.0050,0.0678,-0.7011,-4.171,-13.838,-2.751,-27.695,0.0000,0.0000,0.0000,0.0000,0.0000,0.0000,0.0000,0.0000,48.89,23.85,45,-0.090,0,583.8
201.651,-0.2033,+0.8297,-0.1650,0.1644,-0.4867,-9.648,-12.333,-10.022,19.005,0.0000,0.0000,0.0000,0.0000,0.0000,0.0000,0.0000,0.0000,46.40,24.50,36,-6.250,0,571.1
201.677,-0.2033,+0.8297,-0.1650,0.1644,-0.4867,-9.648,-12.333,-10.022,19.005,0.0000,0.0000,0.0000,0.0000,0.0000,0.0000,0.0000,0.0000,46.40,24.50,36,-6.250,0,571.1
201.703,-0.2033,+0.8297,-0.1650,0.1644,-0.4867,-9.840,-7.259,5.037,32.419,0.0000,0.0000,0.0000,0.0000,0.0000,0.0000,0.0000,0.0000,46.40,24.89,45,-6.250,0,571.1
201.743,-0.2229,-0.3778,-0.1400,0.1478,-0.4522,-9.840,-7.259,5.037,32.419,0.0000,0.0000,0.0000,0.0000,0.0000,0.0000,0.0000,0.0000,45.22,24.97,45,-0.160,1,564.0
201.774,-0.2229,-0.3778,-0.1350,0.1411,-0.4344,-9.570,-5.878,5.089,26.862,0.0000,0.0000,0.0000,0.0000,0.0000,0.0000,0.0000,0.0000,45.22,24.97,45,-0.290,0,564.0
201.810,-0.2229,-0.3778,-0.1350,0.1422,-0.4378,-9.355,-4.789,2.925,23.234,0.0000,0.0000,0.0000,0.0000,0.0000,0.0000,0.0000,0.0000,45.10,24.97,45,-0.400,0,562.8
201.887,-0.2229,-0.3778,-0.1350,0.1422,-0.4378,-9.355,-4.789,2.925,23.234,0.0000,0.0000,0.0000,0.0000,0.0000,0.0000,0.0000,0.0000,45.10,24.97,45,-0.400,0,562.8
201.916,-0.2163,-0.6379,-0.1350,0.1422,-0.4378,-9.355,-4.789,2.925,23.234,0.0000,0.0000,0.0000,0.0000,0.0000,0.0000,0.0000,0.0000,45.10,24.97,45,-0.400,1,562.8
201.983,-0.2208,-0.4593,-0.1050,0.1122,-0.3522,-5.690,0.861,16.099,-1.636,0.0000,0.0000,0.0000,0.0000,0.0000,0.0000,0.0000,0.0000,44.95,24.99,44,-0.550,1,556.3
202.013,-0.2769,-0.4593,-0.0950,0.1189,-0.4589,-5.658,0.860,16.226,-0.799,0.0000,0.0000,0.0000,0.0000,0.0000,0.0000,0.0000,0.0000,44.95,24.92,44,-0.710,1,556.3
202.064,-0.2782,-0.4908,-0.0900,0.1089,-0.4111,-5.658,0.860,16.226,-0.799,0.0000,0.0000,0.0000,0.0000,0.0000,0.0000,0.0000,0.0000,44.95,24.92,44,-0.820,1,556.3
202.097,-0.3352,-0.6016,-0.0900,0.1089,-0.4111,-5.658,0.860,16.226,-0.799,0.0000,0.0000,0.0000,0.0000,0.0000,0.0000,0.0000,0.0000,44.95,24.92,44,-0.820,1,556.3
202.125,-0.3297,-0.6878,-0.0900,0.1089,-0.4111,-5.658,0.860,16.226,-0.799,0.0000,0.0000,0.0000,0.0000,0.0000,0.0000,0.0000,0.0000,44.95,24.92,44,-0.820,1,556.3
202.151,-0.2787,-0.7228,-0.0900,0.1089,-0.4111,-5.658,0.860,16.226,-0.799,0.0000,0.0000,0.0000,0.0000,0.0000,0.0000,0.0000,0.0000,44.95,24.92,44,-0.820,1,556.3
202.219,-0.2479,-0.6493,-0.0400,0.0733,-0.3756,-0.259,0.168,34.205,4.328,0.0000,0.0000,0.0000,0.0000,0.0000,0.0000,0.0000,0.0000,45.11,24.80,44,-1.710,1,552.5
202.247,-0.2479,-0.6493,-0.0250,0.0589,-0.3500,1.616,0.524,36.223,7.235,0.0000,0.0000,0.0000,0.0000,0.0000,0.0000,0.0000,0.0000,45.11,24.70,44,-1.990,0,552.5
202.274,-0.2479,-0.6493,-0.0050,0.0444,-0.3333,1.616,0.524,36.223,7.235,0.0000,0.0000,0.0000,0.0000,0.0000,0.0000,0.0000,0.0000,45.11,24.70,44,-1.990,0,552.5
202.342,-0.2479,-0.6493,-0.0050,0.0444,-0.3333,1.616,0.524,36.223,7.235,0.0000,0.0000,0.0000,0.0000,0.0000,0.0000,0.0000,0.0000,45.11,24.70,44,-1.990,0,552.5
202.374,+0.0259,-0.5003,-0.0050,0.0444,-0.3333,1.616,0.524,36.223,7.235,0.0000,0.0000,0.0000,0.0000,0.0000,0.0000,0.0000,0.0000,45.11,24.70,44,-1.990,1,552.5
202.410,-0.1688,-0.4759,-0.0050,0.0444,-0.3333,3.228,0.776,27.066,2.358,0.0000,0.0000,0.0000,0.0000,0.0000,0.0000,0.0000,0.0000,45.11,24.59,44,-1.990,1,552.5
202.445,-0.1688,-0.5148,0.0200,0.0244,-0.3289,4.744,0.759,11.542,-5.447,0.0000,0.0000,0.0000,0.0000,0.0000,0.0000,0.0000,0.0000,45.35,24.50,44,-3.890,1,547.7
202.491,-0.1880,-0.4463,0.0500,0.0078,-0.3456,5.297,0.174,2.313,-6.686,0.0000,0.0000,0.0000,0.0000,0.0000,0.0000,0.0000,0.0000,45.35,24.43,43,-4.550,1,547.7
202.524,-0.2511,-0.4598,0.0500,0.0078,-0.3456,5.297,0.174,2.313,-6.686,0.0000,0.0000,0.0000,0.0000,0.0000,0.0000,0.0000,0.0000,45.35,24.43,43,-4.550,1,547.7
202.561,-0.2461,-0.4219,0.0500,0.0078,-0.3456,5.297,0.174,2.313,-6.686,0.0000,0.0000,0.0000,0.0000,0.0000,0.0000,0.0000,0.0000,45.35,24.43,43,-4.550,1,547.7
202.587,-0.3509,-0.3771,0.0500,0.0078,-0.3456,5.297,0.174,2.313,-6.686,0.0000,0.0000,0.0000,0.0000,0.0000,0.0000,0.0000,0.0000,45.35,24.43,43,-4.550,1,547.7
202.614,-0.3485,-0.3238,0.0500,0.0078,-0.3456,5.297,0.174,2.313,-6.686,0.0000,0.0000,0.0000,0.0000,0.0000,0.0000,0.0000,0.0000,45.35,24.43,43,-4.550,1,547.7
202.650,-0.3485,-0.3067,0.0500,0.0078,-0.3456,5.297,0.174,2.313,-6.686,0.0000,0.0000,0.0000,0.0000,0.0000,0.0000,0.0000,0.0000,45.35,24.36,43,-4.550,1,547.7
202.683,-0.3456,-0.2337,0.0600,-0.0011,-0.3411,5.509,-0.719,3.142,-4.764,0.0000,0.0000,0.0000,0.0000,0.0000,0.0000,0.0000,0.0000,45.72,24.36,43,-4.740,1,540.2
202.732,-0.3367,-0.2172,0.0700,-0.0078,-0.3433,6.049,-1.463,3.040,-8.033,0.0000,0.0000,0.0000,0.0000,0.0000,0.0000,0.0000,0.0000,45.72,24.32,43,-4.950,1,540.2
202.758,-0.3388,-0.1246,0.0650,-0.0022,-0.3667,6.051,-1.484,1.303,-9.384,0.0000,0.0000,0.0000,0.0000,0.0000,0.0000,0.0000,0.0000,45.72,24.32,43,-5.090,1,540.2
202.789,-0.2731,-0.1574,0.0800,-0.0089,-0.3711,6.051,-1.484,1.303,-9.384,0.0000,0.0000,0.0000,0.0000,0.0000,0.0000,0.0000,0.0000,45.81,24.32,43,-5.090,1,537.7
202.816,-0.2166,-0.0479,0.0800,-0.0089,-0.3711,6.051,-1.484,1.303,-9.384,0.0000,0.0000,0.0000,0.0000,0.0000,0.0000,0.0000,0.0000,45.81,24.32,43,-5.090,1,537.7
202.847,-0.1623,-0.1614,0.0800,-0.0089,-0.3711,6.051,-1.484,1.303,-9.384,0.0000,0.0000,0.0000,0.0000,0.0000,0.0000,0.0000,0.0000,45.81,24.32,43,-5.090,1,537.7
202.900,-0.1537,-0.1307,0.0800,-0.0089,-0.3711,6.051,-1.484,1.303,-9.384,0.0000,0.0000,0.0000,0.0000,0.0000,0.0000,0.0000,0.0000,45.81,24.32,43,-5.090,1,537.7
202.927,-0.0400,-0.1503,0.0800,-0.0089,-0.3711,6.051,-1.484,1.303,-9.384,0.0000,0.0000,0.0000,0.0000,0.0000,0.0000,0.0000,0.0000,45.81,24.30,43,-5.090,1,537.7
202.952,-0.0146,-0.1278,0.0850,-0.0133,-0.4000,5.582,-3.066,-7.682,-8.805,0.0000,0.0000,0.0000,0.0000,0.0000,0.0000,0.0000,0.0000,45.81,24.29,43,-5.070,1,537.7
202.998,-0.1086,-0.1264,0.0700,-0.0044,-0.3800,4.343,-3.620,-14.729,-3.609,0.0000,0.0000,0.0000,0.0000,0.0000,0.0000,0.0000,0.0000,45.87,24.29,43,-5.210,1,532.9
203.032,-0.1173,-0.1419,0.0700,-0.0044,-0.3800,4.343,-3.620,-14.729,-3.609,0.0000,0.0000,0.0000,0.0000,0.0000,0.0000,0.0000,0.0000,45.87,24.29,43,-5.210,1,532.9
203.064,-0.1345,-0.0781,0.0700,-0.0044,-0.3800,4.343,-3.620,-14.729,-3.609,0.0000,0.0000,0.0000,0.0000,0.0000,0.0000,0.0000,0.0000,45.87,24.29,43,-5.210,1,532.9
203.088,-0.1833,+0.0032,0.0700,-0.0044,-0.3800,4.343,-3.620,-14.729,-3.609,0.0000,0.0000,0.0000,0.0000,0.0000,0.0000,0.0000,0.0000,45.87,24.29,43,-5.210,1,532.9
203.138,-0.2192,-0.0457,0.0700,-0.0044,-0.3800,4.343,-3.620,-14.729,-3.609,0.0000,0.0000,0.0000,0.0000,0.0000,0.0000,0.0000,0.0000,45.87,24.29,43,-5.210,1,532.9
203.164,-0.3146,+0.1242,0.0700,-0.0044,-0.3800,2.145,-3.867,-24.033,-4.469,0.0000,0.0000,0.0000,0.0000,0.0000,0.0000,0.0000,0.0000,45.87,24.29,43,-5.680,1,532.9
203.205,-0.3146,+0.1242,0.0300,0.0267,-0.4067,0.884,-4.169,-24.344,-6.830,0.0000,0.0000,0.0000,0.0000,0.0000,0.0000,0.0000,0.0000,45.79,24.29,43,-5.880,0,527.9
203.289,-0.3146,+0.1242,0.0150,0.0356,-0.4178,-1.354,-4.992,-21.218,-9.348,0.0000,0.0000,0.0000,0.0000,0.0000,0.0000,0.0000,0.0000,45.79,24.30,43,-8.350,0,527.9
203.332,-0.3146,+0.1242,0.0150,0.0356,-0.4178,-1.354,-4.992,-21.218,-9.348,0.0000,0.0000,0.0000,0.0000,0.0000,0.0000,0.0000,0.0000,45.79,24.30,43,-8.350,0,527.9
203.357,-0.3198,+0.0719,0.0150,0.0356,-0.4178,-1.354,-4.992,-21.218,-9.348,0.0000,0.0000,0.0000,0.0000,0.0000,0.0000,0.0000,0.0000,45.79,24.30,43,-8.350,1,527.9
203.472,-0.2375,-0.1037,0.0050,0.0467,-0.4422,-4.016,-6.253,-14.089,-2.073,0.0000,0.0000,0.0000,0.0000,0.0000,0.0000,0.0000,0.0000,45.62,24.33,43,-4.920,1,523.0
203.502,-0.2375,-0.0522,0.0000,0.0456,-0.4233,-4.691,-6.244,-13.156,1.571,0.0000,0.0000,0.0000,0.0000,0.0000,0.0000,0.0000,0.0000,45.62,24.34,43,-5.420,1,523.0
203.536,-0.1878,-0.1000,0.0000,0.0456,-0.4233,-4.691,-6.244,-13.156,1.571,0.0000,0.0000,0.0000,0.0000,0.0000,0.0000,0.0000,0.0000,45.62,24.34,43,-5.420,1,523.0
203.568,-0.1510,-0.0025,0.0000,0.0456,-0.4233,-4.691,-6.244,-13.156,1.571,0.0000,0.0000,0.0000,0.0000,0.0000,0.0000,0.0000,0.0000,45.62,24.34,43,-5.420,1,523.0
203.601,-0.1492,-0.0003,0.0000,0.0456,-0.4233,-4.691,-6.244,-13.156,1.571,0.0000,0.0000,0.0000,0.0000,0.0000,0.0000,0.0000,0.0000,45.62,24.34,43,-5.420,1,523.0
203.628,-0.0941,+0.0274,0.0000,0.0456,-0.4233,-4.691,-6.244,-13.156,1.571,0.0000,0.0000,0.0000,0.0000,0.0000,0.0000,0.0000,0.0000,45.62,24.34,43,-5.420,1,523.0
203.653,-0.0795,+0.0996,0.0000,0.0456,-0.4233,-4.691,-6.244,-13.156,1.571,0.0000,0.0000,0.0000,0.0000,0.0000,0.0000,0.0000,0.0000,45.62,24.36,42,-5.420,1,523.0
203.699,-0.1272,+0.0360,-0.0100,0.0544,-0.4233,-5.389,-6.164,-13.087,1.842,0.0000,0.0000,0.0000,0.0000,0.0000,0.0000,0.0000,0.0000,45.34,24.36,42,-5.560,1,518.1
203.723,-0.0880,+0.0722,-0.0150,0.0600,-0.4200,-6.793,-6.236,-15.322,-1.505,0.0000,0.0000,0.0000,0.0000,0.0000,0.0000,0.0000,0.0000,45.34,24.40,42,-6.730,1,518.1
203.775,-0.1212,+0.0127,-0.0400,0.0733,-0.4022,-7.527,-6.374,-16.621,-2.058,0.0000,0.0000,0.0000,0.0000,0.0000,0.0000,0.0000,0.0000,45.19,24.40,42,-10.100,1,515.7
203.936,-0.1461,-0.0033,-0.0700,0.1000,-0.4333,-10.183,-6.800,-13.443,0.569,0.0000,0.0000,0.0000,0.0000,0.0000,0.0000,0.0000,0.0000,45.19,24.47,42,-5.740,1,515.7
204.003,-0.1570,-0.0296,-0.0850,0.1078,-0.4411,-11.038,-6.775,-5.570,0.431,0.0000,0.0000,0.0000,0.0000,0.0000,0.0000,0.0000,0.0000,44.77,24.52,42,-6.250,1,509.6
204.027,-0.2041,-0.0296,-0.0850,0.1100,-0.4411,-11.038,-6.775,-5.570,0.431,0.0000,0.0000,0.0000,0.0000,0.0000,0.0000,0.0000,0.0000,44.77,24.52,42,-6.250,1,509.6
204.064,-0.1477,-0.0708,-0.0850,0.1100,-0.4411,-11.038,-6.775,-5.570,0.431,0.0000,0.0000,0.0000,0.0000,0.0000,0.0000,0.0000,0.0000,44.77,24.52,42,-6.250,1,509.6
204.093,-0.1688,-0.0858,-0.0850,0.1100,-0.4411,-11.038,-6.775,-5.570,0.431,0.0000,0.0000,0.0000,0.0000,0.0000,0.0000,0.0000,0.0000,44.77,24.52,42,-6.250,1,509.6
204.196,-0.1492,-0.0197,-0.0900,0.1067,-0.4000,-11.469,-6.684,-3.223,1.707,0.0000,0.0000,0.0000,0.0000,0.0000,0.0000,0.0000,0.0000,44.67,24.54,41,-10.230,1,508.3
204.225,-0.1062,-0.0333,-0.0850,0.1067,-0.4156,-11.475,-6.682,-3.017,1.780,0.0000,0.0000,0.0000,0.0000,0.0000,0.0000,0.0000,0.0000,44.67,24.56,42,-6.930,1,508.3
204.259,-0.0317,+0.0124,-0.0900,0.1089,-0.4267,-11.615,-6.679,-2.720,-0.427,0.0000,0.0000,0.0000,0.0000,0.0000,0.0000,0.0000,0.0000,44.67,24.56,42,-7.470,1,508.3
204.296,-0.0332,-0.0296,-0.0900,0.1089,-0.4267,-11.615,-6.679,-2.720,-0.427,0.0000,0.0000,0.0000,0.0000,0.0000,0.0000,0.0000,0.0000,44.67,24.56,42,-7.470,1,508.3
204.327,-0.0302,+0.0190,-0.0900,0.1089,-0.4267,-11.615,-6.679,-2.720,-0.427,0.0000,0.0000,0.0000,0.0000,0.0000,0.0000,0.0000,0.0000,44.67,24.56,42,-7.470,1,508.3
204.356,+0.0162,-0.0259,-0.0900,0.1089,-0.4267,-11.615,-6.679,-2.720,-0.427,0.0000,0.0000,0.0000,0.0000,0.0000,0.0000,0.0000,0.0000,44.67,24.56,42,-7.470,1,508.3
204.398,-0.0144,-0.0638,-0.0900,0.1089,-0.4267,-11.615,-6.679,-2.720,-0.427,0.0000,0.0000,0.0000,0.0000,0.0000,0.0000,0.0000,0.0000,44.67,24.64,42,-7.470,1,508.3
204.424,-0.0147,-0.0864,-0.0950,0.1144,-0.4278,-11.894,-6.972,-1.694,-0.466,0.0000,0.0000,0.0000,0.0000,0.0000,0.0000,0.0000,0.0000,44.23,24.66,42,-6.960,1,502.2
204.455,+0.0075,-0.1326,-0.1100,0.1244,-0.4378,-12.109,-7.102,-3.262,0.313,0.0000,0.0000,0.0000,0.0000,0.0000,0.0000,0.0000,0.0000,44.23,24.66,42,-6.620,1,502.2
204.494,-0.0513,-0.1199,-0.1150,0.1278,-0.4411,-12.269,-7.177,-3.884,0.115,0.0000,0.0000,0.0000,0.0000,0.0000,0.0000,0.0000,0.0000,44.23,24.71,42,-7.030,1,502.2
204.563,-0.0509,-0.1207,-0.1150,0.1278,-0.4411,-12.269,-7.177,-3.884,0.115,0.0000,0.0000,0.0000,0.0000,0.0000,0.0000,0.0000,0.0000,44.23,24.71,42,-7.030,1,502.2
204.587,-0.0854,-0.2435,-0.1150,0.1278,-0.4411,-12.269,-7.177,-3.884,0.115,0.0000,0.0000,0.0000,0.0000,0.0000,0.0000,0.0000,0.0000,44.23,24.71,42,-7.030,1,502.2
204.614,-0.1168,-0.1820,-0.1150,0.1278,-0.4411,-12.269,-7.177,-3.884,0.115,0.0000,0.0000,0.0000,0.0000,0.0000,0.0000,0.0000,0.0000,44.23,24.71,42,-7.030,1,502.2
204.649,-0.0875,-0.1669,-0.1150,0.1278,-0.4411,-12.329,-7.164,3.846,4.628,0.0000,0.0000,0.0000,0.0000,0.0000,0.0000,0.0000,0.0000,44.23,24.71,42,-7.030,1,502.2
204.684,-0.0875,-0.2166,-0.1150,0.1278,-0.4211,-12.329,-7.164,3.846,4.628,0.0000,0.0000,0.0000,0.0000,0.0000,0.0000,0.0000,0.0000,43.64,24.78,41,-8.090,1,494.8
204.767,-0.0527,-0.1581,-0.1350,0.1378,-0.3933,-10.156,-6.673,13.683,2.864,0.0000,0.0000,0.0000,0.0000,0.0000,0.0000,0.0000,0.0000,43.36,24.82,41,-9.350,1,491.2
204.801,-0.0558,-0.2433,-0.1350,0.1378,-0.3933,-10.156,-6.673,13.683,2.864,0.0000,0.0000,0.0000,0.0000,0.0000,0.0000,0.0000,0.0000,43.36,24.82,41,-9.350,1,491.2
204.823,+0.0335,-0.2520,-0.1350,0.1378,-0.3933,-10.156,-6.673,13.683,2.864,0.0000,0.0000,0.0000,0.0000,0.0000,0.0000,0.0000,0.0000,43.36,24.82,41,-9.350,1,491.2
204.854,+0.0090,-0.2230,-0.1350,0.1378,-0.3933,-10.156,-6.673,13.683,2.864,0.0000,0.0000,0.0000,0.0000,0.0000,0.0000,0.0000,0.0000,43.36,24.82,41,-9.350,1,491.2
204.923,-0.0122,-0.2059,-0.1350,0.1378,-0.3933,-7.823,-6.334,17.246,2.762,0.0000,0.0000,0.0000,0.0000,0.0000,0.0000,0.0000,0.0000,43.36,24.90,41,-9.350,1,491.2
204.955,-0.0052,-0.1444,-0.0950,0.1078,-0.3611,-6.862,-6.210,22.213,3.121,0.0000,0.0000,0.0000,0.0000,0.0000,0.0000,0.0000,0.0000,43.36,24.92,41,-8.990,1,491.2
204.982,-0.0542,-0.0874,-0.0900,0.1033,-0.3567,-5.699,-6.124,23.114,2.052,0.0000,0.0000,0.0000,0.0000,0.0000,0.0000,0.0000,0.0000,42.91,24.92,41,-9.960,1,485.0
205.010,-0.0239,-0.0869,-0.0800,0.0978,-0.3533,-4.485,-6.077,22.105,1.125,0.0000,0.0000,0.0000,0.0000,0.0000,0.0000,0.0000,0.0000,42.91,24.96,40,-9.810,1,485.0
205.052,-0.0728,-0.1370,-0.0800,0.0978,-0.3533,-4.485,-6.077,22.105,1.125,0.0000,0.0000,0.0000,0.0000,0.0000,0.0000,0.0000,0.0000,42.91,24.96,40,-9.810,1,485.0
205.085,-0.0802,-0.0907,-0.0800,0.0978,-0.3533,-4.485,-6.077,22.105,1.125,0.0000,0.0000,0.0000,0.0000,0.0000,0.0000,0.0000,0.0000,42.91,24.96,40,-9.810,1,485.0
205.114,-0.1166,-0.1333,-0.0800,0.0978,-0.3533,-4.485,-6.077,22.105,1.125,0.0000,0.0000,0.0000,0.0000,0.0000,0.0000,0.0000,0.0000,42.91,24.96,40,-9.810,1,485.0
205.147,-0.0863,-0.1333,-0.0800,0.0978,-0.3533,-4.485,-6.077,22.105,1.125,0.0000,0.0000,0.0000,0.0000,0.0000,0.0000,0.0000,0.0000,42.91,24.96,40,-9.810,1,485.0
205.188,-0.1049,-0.1333,-0.0400,0.0711,-0.3644,-1.328,-6.458,21.126,-2.482,0.0000,0.0000,0.0000,0.0000,0.0000,0.0000,0.0000,0.0000,42.91,24.99,40,-8.850,1,485.0
205.231,-0.0872,-0.1333,-0.0150,0.0567,-0.3611,1.045,-6.612,24.191,-0.511,0.0000,0.0000,0.0000,0.0000,0.0000,0.0000,0.0000,0.0000,42.58,25.03,40,-9.390,1,479.8
205.262,-0.0960,-0.1333,-0.0050,0.0489,-0.3622,1.045,-6.612,24.191,-0.511,0.0000,0.0000,0.0000,0.0000,0.0000,0.0000,0.0000,0.0000,42.58,25.03,40,-9.020,1,479.8
205.291,-0.1005,-0.1333,-0.0050,0.0489,-0.3622,1.045,-6.612,24.191,-0.511,0.0000,0.0000,0.0000,0.0000,0.0000,0.0000,0.0000,0.0000,42.58,25.03,40,-9.020,1,479.8
205.331,-0.0729,-0.0941,-0.0050,0.0489,-0.3622,1.045,-6.612,24.191,-0.511,0.0000,0.0000,0.0000,0.0000,0.0000,0.0000,0.0000,0.0000,42.58,25.03,40,-9.020,1,479.8
205.357,-0.0729,-0.0716,-0.0050,0.0489,-0.3622,1.045,-6.612,24.191,-0.511,0.0000,0.0000,0.0000,0.0000,0.0000,0.0000,0.0000,0.0000,42.58,25.03,40,-9.020,1,479.8
205.388,-0.0453,+0.0213,-0.0050,0.0489,-0.3622,1.045,-6.612,24.191,-0.511,0.0000,0.0000,0.0000,0.0000,0.0000,0.0000,0.0000,0.0000,42.58,25.03,40,-9.020,1,479.8
205.419,-0.0161,-0.0176,-0.0050,0.0489,-0.3622,4.808,-6.734,20.298,-2.488,0.0000,0.0000,0.0000,0.0000,0.0000,0.0000,0.0000,0.0000,42.58,25.08,40,-9.020,1,479.8
205.490,-0.0272,-0.0606,0.0450,0.0122,-0.3656,5.612,-6.941,8.822,-2.912,0.0000,0.0000,0.0000,0.0000,0.0000,0.0000,0.0000,0.0000,42.13,25.11,40,-9.760,1,473.3
205.521,+0.0515,-0.0005,0.0450,0.0133,-0.3867,5.934,-7.149,5.359,-5.878,0.0000,0.0000,0.0000,0.0000,0.0000,0.0000,0.0000,0.0000,42.13,25.11,40,-9.240,1,473.3
205.549,+0.0677,+0.0139,0.0450,0.0133,-0.3867,5.934,-7.149,5.359,-5.878,0.0000,0.0000,0.0000,0.0000,0.0000,0.0000,0.0000,0.0000,42.13,25.11,40,-9.240,1,473.3
205.604,+0.0057,-0.0266,0.0450,0.0133,-0.3867,5.934,-7.149,5.359,-5.878,0.0000,0.0000,0.0000,0.0000,0.0000,0.0000,0.0000,0.0000,42.13,25.11,40,-9.240,1,473.3
205.633,-0.0074,-0.0778,0.0450,0.0133,-0.3867,5.934,-7.149,5.359,-5.878,0.0000,0.0000,0.0000,0.0000,0.0000,0.0000,0.0000,0.0000,42.13,25.11,40,-9.240,1,473.3
205.663,-0.0354,+0.0216,0.0450,0.0133,-0.3867,6.327,-7.566,1.437,-2.190,0.0000,0.0000,0.0000,0.0000,0.0000,0.0000,0.0000,0.0000,42.13,25.13,40,-9.240,1,473.3
205.692,-0.0943,-0.0180,0.0500,0.0111,-0.3844,6.327,-7.566,1.437,-2.190,0.0000,0.0000,0.0000,0.0000,0.0000,0.0000,0.0000,0.0000,41.74,25.13,40,-8.780,1,468.2
205.720,-0.1003,-0.0127,0.0450,0.0133,-0.3622,6.335,-7.591,-1.569,-0.398,0.0000,0.0000,0.0000,0.0000,0.0000,0.0000,0.0000,0.0000,41.74,25.13,40,-12.340,1,468.2
205.807,-0.0884,-0.0034,0.0400,0.0189,-0.3856,6.018,-7.667,-3.351,-1.364,0.0000,0.0000,0.0000,0.0000,0.0000,0.0000,0.0000,0.0000,41.41,25.17,40,-8.610,1,464.4
205.847,-0.1840,+0.1045,0.0400,0.0189,-0.3856,6.018,-7.667,-3.351,-1.364,0.0000,0.0000,0.0000,0.0000,0.0000,0.0000,0.0000,0.0000,41.41,25.17,40,-8.610,1,464.4
205.882,-0.1886,+0.0952,0.0400,0.0189,-0.3856,6.018,-7.667,-3.351,-1.364,0.0000,0.0000,0.0000,0.0000,0.0000,0.0000,0.0000,0.0000,41.41,25.17,40,-8.610,1,464.4
205.911,-0.1347,+0.0802,0.0400,0.0189,-0.3856,6.018,-7.667,-3.351,-1.364,0.0000,0.0000,0.0000,0.0000,0.0000,0.0000,0.0000,0.0000,41.41,25.17,40,-8.610,1,464.4
205.948,-0.1257,+0.0228,0.0350,0.0222,-0.4156,5.579,-8.278,-4.682,-5.141,0.0000,0.0000,0.0000,0.0000,0.0000,0.0000,0.0000,0.0000,41.41,25.25,40,-8.870,1,464.4
205.978,-0.0547,+0.0361,0.0400,0.0200,-0.4156,5.056,-8.579,-9.161,-4.497,0.0000,0.0000,0.0000,0.0000,0.0000,0.0000,0.0000,0.0000,41.04,25.25,40,-8.870,1,460.4
206.007,-0.0524,-0.0111,0.0350,0.0211,-0.3967,4.537,-8.760,-10.285,-3.345,0.0000,0.0000,0.0000,0.0000,0.0000,0.0000,0.0000,0.0000,41.04,25.29,41,-7.880,1,460.4
206.047,-0.0138,-0.0111,0.0400,0.0200,-0.4089,4.537,-8.760,-10.285,-3.345,0.0000,0.0000,0.0000,0.0000,0.0000,0.0000,0.0000,0.0000,41.04,25.29,41,-7.880,1,460.4
206.080,-0.0202,-0.0111,0.0400,0.0200,-0.4089,4.537,-8.760,-10.285,-3.345,0.0000,0.0000,0.0000,0.0000,0.0000,0.0000,0.0000,0.0000,41.04,25.29,41,-7.880,1,460.4
206.112,+0.0119,-0.0589,0.0400,0.0200,-0.4089,4.537,-8.760,-10.285,-3.345,0.0000,0.0000,0.0000,0.0000,0.0000,0.0000,0.0000,0.0000,41.04,25.29,41,-7.880,1,460.4
206.145,-0.0102,-0.0148,0.0400,0.0200,-0.4089,4.537,-8.760,-10.285,-3.345,0.0000,0.0000,0.0000,0.0000,0.0000,0.0000,0.0000,0.0000,41.04,25.29,41,-7.880,1,460.4
206.186,-0.0369,+0.0233,0.0400,0.0200,-0.4089,3.474,-8.687,-12.102,2.991,0.0000,0.0000,0.0000,0.0000,0.0000,0.0000,0.0000,0.0000,41.04,25.34,41,-8.410,1,460.4
206.220,-0.0563,-0.0111,0.0050,0.0411,-0.4011,2.024,-8.449,-15.979,1.229,0.0000,0.0000,0.0000,0.0000,0.0000,0.0000,0.0000,0.0000,40.39,25.34,41,-8.840,1,454.1
206.250,-0.0563,+0.0386,0.0000,0.0478,-0.4056,1.133,-8.451,-17.268,-0.185,0.0000,0.0000,0.0000,0.0000,0.0000,0.0000,0.0000,0.0000,40.39,25.40,40,-8.850,1,454.1
206.287,-0.0800,-0.0074,0.0000,0.0478,-0.4056,1.133,-8.451,-17.268,-0.185,0.0000,0.0000,0.0000,0.0000,0.0000,0.0000,0.0000,0.0000,40.39,25.40,40,-8.850,1,454.1
206.317,-0.0863,+0.0423,0.0000,0.0478,-0.4056,1.133,-8.451,-17.268,-0.185,0.0000,0.0000,0.0000,0.0000,0.0000,0.0000,0.0000,0.0000,40.39,25.40,40,-8.850,1,454.1
206.370,-0.0777,-0.0037,0.0000,0.0478,-0.4056,1.133,-8.451,-17.268,-0.185,0.0000,0.0000,0.0000,0.0000,0.0000,0.0000,0.0000,0.0000,40.39,25.40,40,-8.850,1,454.1
206.400,-0.0903,-0.0037,0.0000,0.0478,-0.4056,1.133,-8.451,-17.268,-0.185,0.0000,0.0000,0.0000,0.0000,0.0000,0.0000,0.0000,0.0000,40.39,25.48,40,-8.850,1,454.1
206.425,-0.0983,-0.0037,-0.0250,0.0644,-0.4067,-0.613,-8.564,-16.306,-0.977,0.0000,0.0000,0.0000,0.0000,0.0000,0.0000,0.0000,0.0000,40.39,25.48,40,-8.550,1,454.1
206.452,-0.0667,-0.0037,-0.0250,0.0644,-0.4067,-0.613,-8.564,-16.306,-0.977,0.0000,0.0000,0.0000,0.0000,0.0000,0.0000,0.0000,0.0000,39.73,25.48,40,-8.550,1,447.8
206.487,-0.0914,-0.0476,-0.0300,0.0656,-0.3878,-2.020,-8.574,-6.155,-0.123,0.0000,0.0000,0.0000,0.0000,0.0000,0.0000,0.0000,0.0000,39.73,25.51,40,-8.540,1,447.8
206.521,-0.0942,-0.0526,-0.0300,0.0678,-0.3967,-2.032,-8.574,-5.617,-0.163,0.0000,0.0000,0.0000,0.0000,0.0000,0.0000,0.0000,0.0000,39.73,25.56,40,-8.520,1,447.8
206.550,-0.1000,-0.0111,-0.0300,0.0678,-0.3967,-2.032,-8.574,-5.617,-0.163,0.0000,0.0000,0.0000,0.0000,0.0000,0.0000,0.0000,0.0000,39.73,25.56,40,-8.520,1,447.8
206.588,-0.0729,-0.0516,-0.0300,0.0678,-0.3967,-2.032,-8.574,-5.617,-0.163,0.0000,0.0000,0.0000,0.0000,0.0000,0.0000,0.0000,0.0000,39.73,25.56,40,-8.520,1,447.8
206.613,-0.0729,-0.0148,-0.0300,0.0678,-0.3967,-2.032,-8.574,-5.617,-0.163,0.0000,0.0000,0.0000,0.0000,0.0000,0.0000,0.0000,0.0000,39.73,25.56,40,-8.520,1,447.8
206.650,-0.0729,-0.0148,-0.0300,0.0678,-0.3967,-2.032,-8.574,-5.617,-0.163,0.0000,0.0000,0.0000,0.0000,0.0000,0.0000,0.0000,0.0000,39.73,25.56,40,-8.520,1,447.8
206.683,-0.0466,-0.0616,-0.0400,0.0689,-0.3356,-2.994,-8.279,-6.027,1.759,0.0000,0.0000,0.0000,0.0000,0.0000,0.0000,0.0000,0.0000,39.73,25.61,39,-13.080,1,447.8
206.714,-0.0440,-0.0185,-0.0400,0.0689,-0.3356,-2.994,-8.279,-6.027,1.759,0.0000,0.0000,0.0000,0.0000,0.0000,0.0000,0.0000,0.0000,39.07,25.61,39,-13.080,1,441.4
206.764,-0.0328,-0.0504,-0.0400,0.0722,-0.3633,-3.514,-8.221,-4.929,0.948,0.0000,0.0000,0.0000,0.0000,0.0000,0.0000,0.0000,0.0000,39.07,25.67,40,-9.610,1,441.4
206.810,-0.0260,-0.0908,-0.0450,0.0744,-0.3633,-3.514,-8.221,-4.929,0.948,0.0000,0.0000,0.0000,0.0000,0.0000,0.0000,0.0000,0.0000,38.81,25.67,40,-10.000,1,438.8
206.840,-0.0029,-0.0808,-0.0450,0.0744,-0.3633,-3.514,-8.221,-4.929,0.948,0.0000,0.0000,0.0000,0.0000,0.0000,0.0000,0.0000,0.0000,38.81,25.67,40,-10.000,1,438.8
206.883,-0.0148,-0.1070,-0.0450,0.0744,-0.3633,-3.514,-8.221,-4.929,0.948,0.0000,0.0000,0.0000,0.0000,0.0000,0.0000,0.0000,0.0000,38.81,25.67,40,-10.000,1,438.8
206.910,+0.0087,-0.0407,-0.0450,0.0744,-0.3633,-3.514,-8.221,-4.929,0.948,0.0000,0.0000,0.0000,0.0000,0.0000,0.0000,0.0000,0.0000,38.81,25.67,40,-10.000,1,438.8
206.944,-0.0219,-0.0870,-0.0450,0.0744,-0.3633,-3.514,-8.221,-4.929,0.948,0.0000,0.0000,0.0000,0.0000,0.0000,0.0000,0.0000,0.0000,38.81,25.74,39,-10.000,1,438.8
206.981,+0.0012,-0.0027,-0.0500,0.0767,-0.3522,-4.058,-7.954,2.096,3.431,0.0000,0.0000,0.0000,0.0000,0.0000,0.0000,0.0000,0.0000,38.81,25.74,39,-10.070,1,438.8
207.015,-0.0417,+0.0036,-0.0550,0.0811,-0.3522,-3.920,-7.841,3.301,2.378,0.0000,0.0000,0.0000,0.0000,0.0000,0.0000,0.0000,0.0000,38.43,25.81,39,-10.390,1,434.9
207.047,-0.0417,+0.0116,-0.0550,0.0811,-0.3522,-3.920,-7.841,3.301,2.378,0.0000,0.0000,0.0000,0.0000,0.0000,0.0000,0.0000,0.0000,38.43,25.81,39,-10.390,1,434.9
207.086,-0.0638,+0.0455,-0.0550,0.0811,-0.3522,-3.920,-7.841,3.301,2.378,0.0000,0.0000,0.0000,0.0000,0.0000,0.0000,0.0000,0.0000,38.43,25.81,39,-10.390,1,434.9
207.117,-0.0437,+0.0713,-0.0550,0.0811,-0.3522,-3.920,-7.841,3.301,2.378,0.0000,0.0000,0.0000,0.0000,0.0000,0.0000,0.0000,0.0000,38.43,25.81,39,-10.390,1,434.9
207.155,-0.0668,+0.0636,-0.0550,0.0811,-0.3522,-3.920,-7.841,3.301,2.378,0.0000,0.0000,0.0000,0.0000,0.0000,0.0000,0.0000,0.0000,38.43,25.81,39,-10.390,1,434.9
207.211,-0.0619,+0.0462,-0.0600,0.0822,-0.3533,-3.131,-8.351,3.945,-4.223,0.0000,0.0000,0.0000,0.0000,0.0000,0.0000,0.0000,0.0000,37.85,25.88,39,-9.970,1,428.5
207.247,-0.0722,+0.0826,-0.0550,0.0822,-0.3667,-3.123,-8.359,4.330,-4.130,0.0000,0.0000,0.0000,0.0000,0.0000,0.0000,0.0000,0.0000,37.85,25.88,39,-9.650,1,428.5
207.284,-0.0266,+0.0453,-0.0550,0.0822,-0.3667,-3.123,-8.359,4.330,-4.130,0.0000,0.0000,0.0000,0.0000,0.0000,0.0000,0.0000,0.0000,37.85,25.88,39,-9.650,1,428.5
207.345,-0.0327,+0.0344,-0.0550,0.0822,-0.3667,-3.123,-8.359,4.330,-4.130,0.0000,0.0000,0.0000,0.0000,0.0000,0.0000,0.0000,0.0000,37.85,25.88,39,-9.650,1,428.5
207.376,-0.0458,+0.0111,-0.0550,0.0822,-0.3667,-3.123,-8.359,4.330,-4.130,0.0000,0.0000,0.0000,0.0000,0.0000,0.0000,0.0000,0.0000,37.85,25.88,39,-9.650,1,428.5
207.401,+0.0205,+0.0111,-0.0550,0.0822,-0.3667,-2.574,-8.679,7.066,-1.893,0.0000,0.0000,0.0000,0.0000,0.0000,0.0000,0.0000,0.0000,37.85,25.90,39,-9.650,1,428.5
207.431,-0.0131,+0.0111,-0.0450,0.0744,-0.3744,-2.574,-8.679,7.066,-1.893,0.0000,0.0000,0.0000,0.0000,0.0000,0.0000,0.0000,0.0000,37.33,25.94,39,-9.400,1,423.2
207.460,-0.0099,+0.0111,-0.0350,0.0711,-0.3800,-1.162,-8.782,9.514,-0.075,0.0000,0.0000,0.0000,0.0000,0.0000,0.0000,0.0000,0.0000,37.33,25.94,39,-9.500,1,423.2
207.496,+0.0102,+0.0111,-0.0300,0.0667,-0.3778,-0.675,-8.786,8.866,0.191,0.0000,0.0000,0.0000,0.0000,0.0000,0.0000,0.0000,0.0000,37.33,25.98,39,-9.560,1,423.2
207.522,-0.0333,+0.0111,-0.0300,0.0667,-0.3778,-0.675,-8.786,8.866,0.191,0.0000,0.0000,0.0000,0.0000,0.0000,0.0000,0.0000,0.0000,37.33,25.98,39,-9.560,1,423.2
207.554,-0.0333,-0.0369,-0.0300,0.0667,-0.3778,-0.675,-8.786,8.866,0.191,0.0000,0.0000,0.0000,0.0000,0.0000,0.0000,0.0000,0.0000,37.33,25.98,39,-9.560,1,423.2
207.629,-0.0207,+0.0298,-0.0300,0.0667,-0.3778,-0.675,-8.786,8.866,0.191,0.0000,0.0000,0.0000,0.0000,0.0000,0.0000,0.0000,0.0000,37.33,25.98,39,-9.560,1,423.2
207.658,-0.0906,+0.0111,-0.0250,0.0611,-0.3767,0.128,-8.796,7.738,-0.074,0.0000,0.0000,0.0000,0.0000,0.0000,0.0000,0.0000,0.0000,37.33,25.98,39,-9.760,1,423.2
207.682,-0.0697,+0.0111,-0.0250,0.0611,-0.3767,0.128,-8.796,7.738,-0.074,0.0000,0.0000,0.0000,0.0000,0.0000,0.0000,0.0000,0.0000,36.63,26.03,39,-9.760,1,416.6
207.714,-0.0648,+0.0596,-0.0150,0.0567,-0.3767,0.525,-8.823,7.764,-0.436,0.0000,0.0000,0.0000,0.0000,0.0000,0.0000,0.0000,0.0000,36.63,26.03,39,-9.750,1,416.6
207.748,-0.0651,+0.0148,-0.0100,0.0511,-0.3711,0.947,-8.859,8.299,-0.455,0.0000,0.0000,0.0000,0.0000,0.0000,0.0000,0.0000,0.0000,36.63,26.07,39,-10.210,1,416.6
207.782,-0.0665,+0.0148,-0.0100,0.0511,-0.3711,0.947,-8.859,8.299,-0.455,0.0000,0.0000,0.0000,0.0000,0.0000,0.0000,0.0000,0.0000,36.34,26.07,39,-10.210,1,413.8
207.816,-0.0437,+0.0599,-0.0100,0.0511,-0.3711,0.947,-8.859,8.299,-0.455,0.0000,0.0000,0.0000,0.0000,0.0000,0.0000,0.0000,0.0000,36.34,26.07,39,-10.210,1,413.8
207.845,-0.0143,+0.0185,-0.0100,0.0511,-0.3711,0.947,-8.859,8.299,-0.455,0.0000,0.0000,0.0000,0.0000,0.0000,0.0000,0.0000,0.0000,36.34,26.07,39,-10.210,1,413.8
207.932,-0.0417,+0.0185,-0.0100,0.0511,-0.3711,1.813,-9.049,3.084,-1.139,0.0000,0.0000,0.0000,0.0000,0.0000,0.0000,0.0000,0.0000,36.34,26.13,39,-9.320,1,413.8
207.963,-0.0145,-0.0297,0.0000,0.0433,-0.3789,1.929,-9.098,2.219,-0.611,0.0000,0.0000,0.0000,0.0000,0.0000,0.0000,0.0000,0.0000,35.63,26.16,39,-9.700,1,407.3
207.996,-0.0134,-0.0317,0.0000,0.0422,-0.3778,2.115,-9.071,1.557,1.439,0.0000,0.0000,0.0000,0.0000,0.0000,0.0000,0.0000,0.0000,35.63,26.20,39,-9.280,1,407.3
208.023,-0.0056,+0.0111,0.0000,0.0422,-0.3711,2.115,-9.071,1.557,1.439,0.0000,0.0000,0.0000,0.0000,0.0000,0.0000,0.0000,0.0000,35.63,26.20,39,-9.640,1,407.3
208.062,-0.0354,-0.0284,0.0000,0.0422,-0.3711,2.115,-9.071,1.557,1.439,0.0000,0.0000,0.0000,0.0000,0.0000,0.0000,0.0000,0.0000,35.63,26.20,39,-9.640,1,407.3
208.130,-0.0216,+0.0074,0.0000,0.0422,-0.3711,2.115,-9.071,1.557,1.439,0.0000,0.0000,0.0000,0.0000,0.0000,0.0000,0.0000,0.0000,35.63,26.20,39,-9.640,1,407.3
208.158,-0.0637,+0.0074,0.0000,0.0422,-0.3711,2.115,-9.071,1.557,1.439,0.0000,0.0000,0.0000,0.0000,0.0000,0.0000,0.0000,0.0000,35.63,26.22,39,-9.640,1,407.3
208.188,-0.0636,-0.0427,0.0000,0.0422,-0.3667,2.164,-8.975,0.416,2.132,0.0000,0.0000,0.0000,0.0000,0.0000,0.0000,0.0000,0.0000,35.19,26.22,39,-10.070,1,403.4
208.216,-0.0375,+0.0037,0.0000,0.0433,-0.3678,2.087,-8.786,-0.555,0.849,0.0000,0.0000,0.0000,0.0000,0.0000,0.0000,0.0000,0.0000,35.19,26.30,38,-9.710,1,403.4
208.249,-0.0634,+0.0037,0.0000,0.0444,-0.3644,2.085,-8.785,-0.487,0.697,0.0000,0.0000,0.0000,0.0000,0.0000,0.0000,0.0000,0.0000,35.19,26.30,38,-10.080,1,403.4
208.326,-0.0520,+0.0037,0.0000,0.0444,-0.3644,2.085,-8.785,-0.487,0.697,0.0000,0.0000,0.0000,0.0000,0.0000,0.0000,0.0000,0.0000,35.19,26.30,38,-10.080,1,403.4
208.359,-0.0676,+0.0037,0.0000,0.0444,-0.3644,2.085,-8.785,-0.487,0.697,0.0000,0.0000,0.0000,0.0000,0.0000,0.0000,0.0000,0.0000,35.19,26.30,38,-10.080,1,403.4
208.394,-0.0437,+0.0470,0.0000,0.0444,-0.3644,2.085,-8.785,-0.487,0.697,0.0000,0.0000,0.0000,0.0000,0.0000,0.0000,0.0000,0.0000,35.19,26.30,38,-10.080,1,403.4
208.420,-0.0437,+0.0074,0.0000,0.0444,-0.3644,1.970,-8.774,-1.956,-0.287,0.0000,0.0000,0.0000,0.0000,0.0000,0.0000,0.0000,0.0000,35.19,26.34,38,-13.740,1,403.4
208.455,-0.0437,+0.0074,0.0000,0.0433,-0.3389,1.789,-8.788,-3.382,0.350,0.0000,0.0000,0.0000,0.0000,0.0000,0.0000,0.0000,0.0000,34.49,26.38,37,-14.020,1,396.9
208.480,-0.0093,+0.0686,0.0000,0.0389,-0.3056,1.782,-8.788,-3.342,0.316,0.0000,0.0000,0.0000,0.0000,0.0000,0.0000,0.0000,0.0000,34.49,26.38,37,-14.220,1,396.9
208.516,-0.0176,+0.0539,0.0000,0.0389,-0.2989,1.625,-8.776,-3.158,0.125,0.0000,0.0000,0.0000,0.0000,0.0000,0.0000,0.0000,0.0000,34.49,26.40,37,-14.410,1,396.9
208.549,-0.0137,+0.0608,0.0000,0.0389,-0.2989,1.625,-8.776,-3.158,0.125,0.0000,0.0000,0.0000,0.0000,0.0000,0.0000,0.0000,0.0000,34.49,26.40,37,-14.410,1,396.9
208.578,-0.0080,+0.0710,0.0000,0.0389,-0.2989,1.625,-8.776,-3.158,0.125,0.0000,0.0000,0.0000,0.0000,0.0000,0.0000,0.0000,0.0000,34.49,26.40,37,-14.410,1,396.9
208.650,-0.0354,+0.0689,0.0000,0.0389,-0.2989,1.625,-8.776,-3.158,0.125,0.0000,0.0000,0.0000,0.0000,0.0000,0.0000,0.0000,0.0000,34.49,26.40,37,-14.410,1,396.9
208.677,-0.0670,+0.1420,-0.0100,0.0456,-0.3167,1.241,-8.867,-4.758,-1.663,0.0000,0.0000,0.0000,0.0000,0.0000,0.0000,0.0000,0.0000,34.49,26.44,37,-10.550,1,396.9
208.708,-0.0651,+0.0861,-0.0100,0.0456,-0.3167,0.722,-9.079,-5.671,-2.068,0.0000,0.0000,0.0000,0.0000,0.0000,0.0000,0.0000,0.0000,33.79,26.44,37,-10.550,1,390.3
208.766,-0.0396,+0.0687,-0.0250,0.0600,-0.3489,0.124,-9.276,-5.032,-1.389,0.0000,0.0000,0.0000,0.0000,0.0000,0.0000,0.0000,0.0000,33.79,26.49,38,-10.440,1,390.3
208.791,-0.0731,+0.1041,-0.0250,0.0600,-0.3489,0.124,-9.276,-5.032,-1.389,0.0000,0.0000,0.0000,0.0000,0.0000,0.0000,0.0000,0.0000,33.35,26.49,38,-10.440,1,386.3
208.827,-0.0417,+0.0910,-0.0250,0.0600,-0.3489,0.124,-9.276,-5.032,-1.389,0.0000,0.0000,0.0000,0.0000,0.0000,0.0000,0.0000,0.0000,33.35,26.49,38,-10.440,1,386.3
208.853,-0.0417,+0.0519,-0.0250,0.0600,-0.3489,0.124,-9.276,-5.032,-1.389,0.0000,0.0000,0.0000,0.0000,0.0000,0.0000,0.0000,0.0000,33.35,26.49,38,-10.440,1,386.3
208.968,-0.0417,+0.0836,-0.0200,0.0600,-0.3667,-0.424,-9.453,-1.100,-0.941,0.0000,0.0000,0.0000,0.0000,0.0000,0.0000,0.0000,0.0000,33.35,26.54,38,-9.920,1,386.3
209.007,+0.0034,+0.0993,-0.0250,0.0611,-0.3700,-0.480,-9.514,-1.063,-1.175,0.0000,0.0000,0.0000,0.0000,0.0000,0.0000,0.0000,0.0000,32.90,26.60,38,-10.000,1,382.3
209.047,-0.0155,+0.1021,-0.0250,0.0611,-0.3700,-0.480,-9.514,-1.063,-1.175,0.0000,0.0000,0.0000,0.0000,0.0000,0.0000,0.0000,0.0000,32.90,26.60,38,-10.000,1,382.3
209.086,-0.0354,+0.1450,-0.0250,0.0611,-0.3700,-0.480,-9.514,-1.063,-1.175,0.0000,0.0000,0.0000,0.0000,0.0000,0.0000,0.0000,0.0000,32.90,26.60,38,-10.000,1,382.3
209.111,-0.0006,+0.0741,-0.0250,0.0611,-0.3700,-0.480,-9.514,-1.063,-1.175,0.0000,0.0000,0.0000,0.0000,0.0000,0.0000,0.0000,0.0000,32.90,26.60,38,-10.000,1,382.3
209.145,-0.0333,+0.1190,-0.0250,0.0611,-0.3700,-0.480,-9.514,-1.063,-1.175,0.0000,0.0000,0.0000,0.0000,0.0000,0.0000,0.0000,0.0000,32.90,26.60,38,-10.000,1,382.3
209.183,-0.0333,+0.1184,-0.0250,0.0633,-0.3700,-0.625,-9.642,-1.754,-1.116,0.0000,0.0000,0.0000,0.0000,0.0000,0.0000,0.0000,0.0000,32.90,26.60,38,-9.970,1,382.3
209.244,-0.0333,+0.1081,-0.0300,0.0678,-0.3767,-0.949,-9.832,-1.973,-0.957,0.0000,0.0000,0.0000,0.0000,0.0000,0.0000,0.0000,0.0000,32.44,26.65,38,-9.250,1,378.4
209.268,-0.0333,+0.0852,-0.0300,0.0678,-0.3811,-0.949,-9.832,-1.973,-0.957,0.0000,0.0000,0.0000,0.0000,0.0000,0.0000,0.0000,0.0000,32.44,26.65,38,-9.250,1,378.4
209.297,-0.0038,+0.0852,-0.0300,0.0678,-0.3811,-0.949,-9.832,-1.973,-0.957,0.0000,0.0000,0.0000,0.0000,0.0000,0.0000,0.0000,0.0000,32.44,26.65,38,-9.250,1,378.4
209.327,-0.0312,+0.0852,-0.0300,0.0678,-0.3811,-0.949,-9.832,-1.973,-0.957,0.0000,0.0000,0.0000,0.0000,0.0000,0.0000,0.0000,0.0000,32.44,26.65,38,-9.250,1,378.4
209.360,-0.0312,+0.0852,-0.0300,0.0678,-0.3811,-0.949,-9.832,-1.973,-0.957,0.0000,0.0000,0.0000,0.0000,0.0000,0.0000,0.0000,0.0000,32.44,26.65,38,-9.250,1,378.4
209.387,-0.0312,+0.0852,-0.0300,0.0678,-0.3811,-0.949,-9.832,-1.973,-0.957,0.0000,0.0000,0.0000,0.0000,0.0000,0.0000,0.0000,0.0000,32.44,26.65,38,-9.250,1,378.4
209.423,-0.0312,+0.0852,-0.0300,0.0678,-0.3811,-1.139,-9.941,-1.534,-0.865,0.0000,0.0000,0.0000,0.0000,0.0000,0.0000,0.0000,0.0000,32.44,26.71,38,-9.330,1,378.4
209.469,-0.0312,+0.0168,-0.0300,0.0678,-0.3856,-0.970,-10.015,1.924,0.325,0.0000,0.0000,0.0000,0.0000,0.0000,0.0000,0.0000,0.0000,31.47,26.75,38,-9.510,1,370.4
209.510,-0.0312,+0.0399,-0.0300,0.0656,-0.3722,-0.887,-9.942,1.936,2.759,0.0000,0.0000,0.0000,0.0000,0.0000,0.0000,0.0000,0.0000,31.47,26.79,38,-9.470,1,370.4
209.549,-0.0312,-0.0452,-0.0300,0.0656,-0.3722,-0.887,-9.942,1.936,2.759,0.0000,0.0000,0.0000,0.0000,0.0000,0.0000,0.0000,0.0000,31.47,26.79,38,-9.470,1,370.4
209.585,-0.0312,+0.0197,-0.0300,0.0656,-0.3722,-0.887,-9.942,1.936,2.759,0.0000,0.0000,0.0000,0.0000,0.0000,0.0000,0.0000,0.0000,31.47,26.79,38,-9.470,1,370.4
209.612,-0.0312,-0.0520,-0.0300,0.0656,-0.3722,-0.887,-9.942,1.936,2.759,0.0000,0.0000,0.0000,0.0000,0.0000,0.0000,0.0000,0.0000,31.47,26.79,38,-9.470,1,370.4
209.641,-0.0021,+0.0001,-0.0300,0.0656,-0.3722,-0.887,-9.942,1.936,2.759,0.0000,0.0000,0.0000,0.0000,0.0000,0.0000,0.0000,0.0000,31.47,26.79,38,-9.470,1,370.4
209.679,-0.0292,-0.0324,-0.0300,0.0644,-0.3622,-0.668,-9.578,2.724,3.959,0.0000,0.0000,0.0000,0.0000,0.0000,0.0000,0.0000,0.0000,30.63,26.84,38,-10.000,1,363.7
209.717,-0.0292,-0.0004,-0.0250,0.0622,-0.3622,-0.536,-9.423,2.949,2.967,0.0000,0.0000,0.0000,0.0000,0.0000,0.0000,0.0000,0.0000,30.63,26.84,38,-9.780,1,363.7
209.761,-0.0092,+0.0016,-0.0250,0.0611,-0.3567,-0.258,-9.185,2.506,2.407,0.0000,0.0000,0.0000,0.0000,0.0000,0.0000,0.0000,0.0000,30.63,26.90,37,-9.970,1,363.7
209.790,+0.0026,-0.0194,-0.0250,0.0611,-0.3544,-0.258,-9.185,2.506,2.407,0.0000,0.0000,0.0000,0.0000,0.0000,0.0000,0.0000,0.0000,30.15,26.90,37,-9.970,1,359.6
209.874,-0.0250,+0.0092,-0.0250,0.0611,-0.3544,-0.258,-9.185,2.506,2.407,0.0000,0.0000,0.0000,0.0000,0.0000,0.0000,0.0000,0.0000,30.15,26.90,37,-9.970,1,359.6
209.911,-0.0012,-0.0163,-0.0250,0.0611,-0.3544,-0.258,-9.185,2.506,2.407,0.0000,0.0000,0.0000,0.0000,0.0000,0.0000,0.0000,0.0000,30.15,26.90,37,-9.970,1,359.6
209.950,-0.0454,+0.0622,-0.0200,0.0544,-0.3122,-0.035,-8.973,2.478,1.507,0.0000,0.0000,0.0000,0.0000,0.0000,0.0000,0.0000,0.0000,30.15,26.98,36,-14.150,1,359.6
209.975,+0.0081,+0.0848,-0.0250,0.0544,-0.3056,0.085,-8.938,2.035,0.125,0.0000,0.0000,0.0000,0.0000,0.0000,0.0000,0.0000,0.0000,29.69,26.98,36,-14.350,1,355.5
210.075,-0.0330,+0.0475,-0.0200,0.0556,-0.3289,0.167,-8.976,1.607,-1.036,0.0000,0.0000,0.0000,0.0000,0.0000,0.0000,0.0000,0.0000,29.69,27.00,37,-10.940,1,355.5
210.111,-0.0250,+0.0333,-0.0200,0.0556,-0.3289,0.167,-8.976,1.607,-1.036,0.0000,0.0000,0.0000,0.0000,0.0000,0.0000,0.0000,0.0000,29.69,27.00,37,-10.940,1,355.5
210.146,-0.0250,+0.0783,-0.0200,0.0556,-0.3289,0.167,-8.976,1.607,-1.036,0.0000,0.0000,0.0000,0.0000,0.0000,0.0000,0.0000,0.0000,29.69,27.00,37,-10.940,1,355.5
210.233,-0.0250,+0.0370,-0.0150,0.0544,-0.3456,0.614,-9.120,2.201,0.159,0.0000,0.0000,0.0000,0.0000,0.0000,0.0000,0.0000,0.0000,29.12,27.05,37,-10.200,1,350.2
210.262,-0.0250,+0.0370,-0.0150,0.0544,-0.3478,0.614,-9.120,2.201,0.159,0.0000,0.0000,0.0000,0.0000,0.0000,0.0000,0.0000,0.0000,29.12,27.05,37,-10.200,1,350.2
210.289,-0.0250,+0.0941,-0.0150,0.0544,-0.3478,0.614,-9.120,2.201,0.159,0.0000,0.0000,0.0000,0.0000,0.0000,0.0000,0.0000,0.0000,29.12,27.05,37,-10.200,1,350.2
210.323,+0.0003,+0.0856,-0.0150,0.0544,-0.3478,0.614,-9.120,2.201,0.159,0.0000,0.0000,0.0000,0.0000,0.0000,0.0000,0.0000,0.0000,29.12,27.05,37,-10.200,1,350.2
210.350,-0.0229,+0.0999,-0.0150,0.0544,-0.3478,0.614,-9.120,2.201,0.159,0.0000,0.0000,0.0000,0.0000,0.0000,0.0000,0.0000,0.0000,29.12,27.05,37,-10.200,1,350.2
210.386,+0.0010,+0.0906,-0.0150,0.0544,-0.3478,0.614,-9.120,2.201,0.159,0.0000,0.0000,0.0000,0.0000,0.0000,0.0000,0.0000,0.0000,29.12,27.05,37,-10.200,1,350.2
210.417,-0.0208,+0.1018,-0.0150,0.0533,-0.3489,0.717,-9.132,0.568,0.413,0.0000,0.0000,0.0000,0.0000,0.0000,0.0000,0.0000,0.0000,29.12,27.09,37,-9.830,1,350.2
210.526,-0.0022,+0.0887,-0.0150,0.0556,-0.3644,0.746,-9.387,-0.513,-2.135,0.0000,0.0000,0.0000,0.0000,0.0000,0.0000,0.0000,0.0000,28.51,27.14,37,-9.480,1,344.8
210.557,-0.0167,+0.1627,-0.0150,0.0556,-0.3644,0.746,-9.387,-0.513,-2.135,0.0000,0.0000,0.0000,0.0000,0.0000,0.0000,0.0000,0.0000,28.51,27.14,37,-9.480,1,344.8
210.591,-0.0417,+0.1148,-0.0150,0.0556,-0.3644,0.746,-9.387,-0.513,-2.135,0.0000,0.0000,0.0000,0.0000,0.0000,0.0000,0.0000,0.0000,28.51,27.14,37,-9.480,1,344.8
210.693,-0.0187,+0.1092,-0.0150,0.0556,-0.3689,0.652,-9.574,-0.788,-1.313,0.0000,0.0000,0.0000,0.0000,0.0000,0.0000,0.0000,0.0000,27.60,27.17,37,-9.350,1,336.6
210.723,-0.0187,+0.1327,-0.0150,0.0567,-0.3700,0.649,-9.579,-0.792,-1.331,0.0000,0.0000,0.0000,0.0000,0.0000,0.0000,0.0000,0.0000,27.60,27.18,37,-9.400,1,336.6
210.754,-0.0464,+0.1344,-0.0150,0.0567,-0.3744,0.584,-9.709,-0.037,-1.171,0.0000,0.0000,0.0000,0.0000,0.0000,0.0000,0.0000,0.0000,27.60,27.18,37,-8.670,1,336.6
210.784,-0.0208,+0.1383,-0.0150,0.0567,-0.3789,0.584,-9.709,-0.037,-1.171,0.0000,0.0000,0.0000,0.0000,0.0000,0.0000,0.0000,0.0000,27.30,27.18,37,-9.040,1,334.0
210.821,-0.0208,+0.1347,-0.0150,0.0567,-0.3789,0.584,-9.709,-0.037,-1.171,0.0000,0.0000,0.0000,0.0000,0.0000,0.0000,0.0000,0.0000,27.30,27.18,37,-9.040,1,334.0
210.876,-0.0208,+0.1255,-0.0150,0.0567,-0.3789,0.584,-9.709,-0.037,-1.171,0.0000,0.0000,0.0000,0.0000,0.0000,0.0000,0.0000,0.0000,27.30,27.18,37,-9.040,1,334.0
210.904,-0.0208,+0.0456,-0.0150,0.0567,-0.3789,0.584,-9.709,-0.037,-1.171,0.0000,0.0000,0.0000,0.0000,0.0000,0.0000,0.0000,0.0000,27.30,27.18,37,-9.040,1,334.0
211.004,-0.0308,+0.0785,-0.0150,0.0578,-0.3889,0.440,-9.978,-1.502,1.855,0.0000,0.0000,0.0000,0.0000,0.0000,0.0000,0.0000,0.0000,26.67,27.26,37,-8.520,1,328.8
211.039,-0.0229,-0.0842,-0.0150,0.0578,-0.3800,0.440,-9.978,-1.502,1.855,0.0000,0.0000,0.0000,0.0000,0.0000,0.0000,0.0000,0.0000,26.67,27.26,37,-8.460,1,328.8
211.110,-0.0096,+0.0069,-0.0150,0.0578,-0.3800,0.440,-9.978,-1.502,1.855,0.0000,0.0000,0.0000,0.0000,0.0000,0.0000,0.0000,0.0000,26.67,27.26,37,-8.460,1,328.8
211.138,+0.0090,-0.0393,-0.0150,0.0578,-0.3800,0.440,-9.978,-1.502,1.855,0.0000,0.0000,0.0000,0.0000,0.0000,0.0000,0.0000,0.0000,26.67,27.26,37,-8.460,1,328.8
211.168,+0.0100,-0.0430,-0.0150,0.0578,-0.3800,0.330,-9.706,-0.019,4.375,0.0000,0.0000,0.0000,0.0000,0.0000,0.0000,0.0000,0.0000,26.67,27.29,37,-8.460,1,328.8
211.203,-0.0167,-0.0349,-0.0150,0.0567,-0.3633,0.326,-9.478,0.029,4.640,0.0000,0.0000,0.0000,0.0000,0.0000,0.0000,0.0000,0.0000,26.16,27.29,37,-8.840,1,324.7
211.230,-0.0167,-0.0676,-0.0150,0.0556,-0.3622,0.319,-9.268,-0.269,3.863,0.0000,0.0000,0.0000,0.0000,0.0000,0.0000,0.0000,0.0000,26.16,27.34,36,-10.350,1,324.7
211.255,-0.0167,-0.0835,-0.0200,0.0556,-0.3489,0.291,-9.122,-0.849,3.058,0.0000,0.0000,0.0000,0.0000,0.0000,0.0000,0.0000,0.0000,26.16,27.34,36,-10.390,1,324.7
211.285,+0.0123,-0.0219,-0.0200,0.0556,-0.3489,0.291,-9.122,-0.849,3.058,0.0000,0.0000,0.0000,0.0000,0.0000,0.0000,0.0000,0.0000,26.16,27.34,36,-10.390,1,324.7
211.321,-0.0146,-0.0167,-0.0200,0.0556,-0.3489,0.291,-9.122,-0.849,3.058,0.0000,0.0000,0.0000,0.0000,0.0000,0.0000,0.0000,0.0000,26.16,27.34,36,-10.390,1,324.7
211.353,-0.0411,-0.0722,-0.0200,0.0556,-0.3489,0.291,-9.122,-0.849,3.058,0.0000,0.0000,0.0000,0.0000,0.0000,0.0000,0.0000,0.0000,26.16,27.34,36,-10.390,1,324.7
211.417,-0.0023,-0.0364,-0.0200,0.0556,-0.3489,0.029,-8.703,-1.827,3.019,0.0000,0.0000,0.0000,0.0000,0.0000,0.0000,0.0000,0.0000,26.16,27.40,36,-10.390,1,324.7
211.438,-0.0550,-0.0645,-0.0200,0.0556,-0.3333,0.029,-8.703,-1.827,3.019,0.0000,0.0000,0.0000,0.0000,0.0000,0.0000,0.0000,0.0000,25.21,27.43,36,-10.090,1,316.4
211.476,+0.0064,+0.0448,-0.0200,0.0567,-0.3278,-0.136,-8.413,-0.777,3.039,0.0000,0.0000,0.0000,0.0000,0.0000,0.0000,0.0000,0.0000,25.21,27.43,36,-9.980,1,316.4
211.512,-0.0146,+0.0922,-0.0200,0.0544,-0.3233,-0.165,-8.284,-0.105,2.816,0.0000,0.0000,0.0000,0.0000,0.0000,0.0000,0.0000,0.0000,25.21,27.45,36,-10.500,1,316.4
211.554,+0.0064,+0.0893,-0.0200,0.0544,-0.3233,-0.165,-8.284,-0.105,2.816,0.0000,0.0000,0.0000,0.0000,0.0000,0.0000,0.0000,0.0000,25.21,27.45,36,-10.500,1,316.4
211.582,-0.0125,+0.1309,-0.0200,0.0544,-0.3233,-0.165,-8.284,-0.105,2.816,0.0000,0.0000,0.0000,0.0000,0.0000,0.0000,0.0000,0.0000,25.21,27.45,36,-10.500,1,316.4
211.612,+0.0160,+0.1815,-0.0200,0.0544,-0.3233,-0.165,-8.284,-0.105,2.816,0.0000,0.0000,0.0000,0.0000,0.0000,0.0000,0.0000,0.0000,25.21,27.45,36,-10.500,1,316.4
211.653,-0.0104,+0.1165,-0.0200,0.0544,-0.3233,-0.165,-8.284,-0.105,2.816,0.0000,0.0000,0.0000,0.0000,0.0000,0.0000,0.0000,0.0000,25.21,27.45,36,-10.500,1,316.4
211.679,-0.0104,+0.1621,-0.0250,0.0589,-0.3522,-0.144,-8.261,0.145,-1.682,0.0000,0.0000,0.0000,0.0000,0.0000,0.0000,0.0000,0.0000,25.21,27.46,36,-9.510,1,316.4
211.722,-0.0104,+0.1296,-0.0250,0.0611,-0.3611,-0.200,-8.756,-0.799,-5.739,0.0000,0.0000,0.0000,0.0000,0.0000,0.0000,0.0000,0.0000,24.53,27.46,36,-9.050,1,309.5
211.760,-0.0104,+0.1847,-0.0250,0.0622,-0.3622,-0.299,-9.206,-0.852,-3.323,0.0000,0.0000,0.0000,0.0000,0.0000,0.0000,0.0000,0.0000,24.53,27.47,36,-8.600,1,309.5
211.788,-0.0104,+0.1812,-0.0250,0.0622,-0.3644,-0.299,-9.206,-0.852,-3.323,0.0000,0.0000,0.0000,0.0000,0.0000,0.0000,0.0000,0.0000,24.13,27.47,36,-8.600,1,305.6
211.819,-0.0104,+0.1303,-0.0250,0.0622,-0.3644,-0.299,-9.206,-0.852,-3.323,0.0000,0.0000,0.0000,0.0000,0.0000,0.0000,0.0000,0.0000,24.13,27.47,36,-8.600,1,305.6
211.861,-0.0104,+0.1592,-0.0250,0.0622,-0.3644,-0.299,-9.206,-0.852,-3.323,0.0000,0.0000,0.0000,0.0000,0.0000,0.0000,0.0000,0.0000,24.13,27.47,36,-8.600,1,305.6
211.905,-0.0104,+0.1286,-0.0250,0.0622,-0.3644,-0.299,-9.206,-0.852,-3.323,0.0000,0.0000,0.0000,0.0000,0.0000,0.0000,0.0000,0.0000,24.13,27.47,36,-8.600,1,305.6
211.930,-0.0104,+0.1563,-0.0250,0.0622,-0.3644,-0.377,-9.459,-0.485,-2.156,0.0000,0.0000,0.0000,0.0000,0.0000,0.0000,0.0000,0.0000,24.13,27.47,37,-8.600,1,305.6
211.958,-0.0104,+0.1543,-0.0250,0.0644,-0.3822,-0.388,-9.580,0.318,-2.088,0.0000,0.0000,0.0000,0.0000,0.0000,0.0000,0.0000,0.0000,24.13,27.47,37,-7.770,1,305.6
212.029,-0.0236,+0.1272,-0.0250,0.0644,-0.3956,-0.279,-9.791,1.478,-2.034,0.0000,0.0000,0.0000,0.0000,0.0000,0.0000,0.0000,0.0000,23.67,27.49,37,-7.850,1,301.3
212.058,-0.0125,-0.0487,-0.0250,0.0644,-0.3956,-0.279,-9.791,1.478,-2.034,0.0000,0.0000,0.0000,0.0000,0.0000,0.0000,0.0000,0.0000,23.67,27.49,37,-7.850,1,301.3
212.085,-0.0125,-0.0700,-0.0250,0.0644,-0.3956,-0.279,-9.791,1.478,-2.034,0.0000,0.0000,0.0000,0.0000,0.0000,0.0000,0.0000,0.0000,23.67,27.49,37,-7.850,1,301.3
212.170,-0.0125,+0.0241,-0.0250,0.0644,-0.3956,-0.279,-9.791,1.478,-2.034,0.0000,0.0000,0.0000,0.0000,0.0000,0.0000,0.0000,0.0000,23.67,27.49,37,-7.850,1,301.3
212.198,-0.0125,-0.0835,-0.0250,0.0622,-0.3756,-0.196,-9.710,1.798,4.999,0.0000,0.0000,0.0000,0.0000,0.0000,0.0000,0.0000,0.0000,23.01,27.51,37,-7.690,1,295.8
212.231,+0.0138,-0.0774,-0.0250,0.0611,-0.3700,0.013,-9.099,2.341,5.575,0.0000,0.0000,0.0000,0.0000,0.0000,0.0000,0.0000,0.0000,23.01,27.53,36,-7.830,1,295.8
212.256,+0.0236,-0.0690,-0.0200,0.0600,-0.3600,0.013,-9.099,2.341,5.575,0.0000,0.0000,0.0000,0.0000,0.0000,0.0000,0.0000,0.0000,23.01,27.53,36,-9.630,1,295.8
212.294,-0.0083,-0.0370,-0.0200,0.0600,-0.3600,0.013,-9.099,2.341,5.575,0.0000,0.0000,0.0000,0.0000,0.0000,0.0000,0.0000,0.0000,23.01,27.53,36,-9.630,1,295.8
212.334,+0.0134,-0.0401,-0.0200,0.0600,-0.3600,0.013,-9.099,2.341,5.575,0.0000,0.0000,0.0000,0.0000,0.0000,0.0000,0.0000,0.0000,23.01,27.53,36,-9.630,1,295.8
212.364,-0.0063,-0.1219,-0.0200,0.0600,-0.3600,0.013,-9.099,2.341,5.575,0.0000,0.0000,0.0000,0.0000,0.0000,0.0000,0.0000,0.0000,23.01,27.53,36,-9.630,1,295.8
212.393,-0.0063,-0.0348,-0.0200,0.0600,-0.3600,0.013,-9.099,2.341,5.575,0.0000,0.0000,0.0000,0.0000,0.0000,0.0000,0.0000,0.0000,23.01,27.53,36,-9.630,1,295.8
212.428,+0.0182,-0.0720,-0.0200,0.0567,-0.3433,0.209,-8.757,1.582,2.869,0.0000,0.0000,0.0000,0.0000,0.0000,0.0000,0.0000,0.0000,23.01,27.58,36,-9.830,1,295.8
212.554,-0.0042,-0.0224,-0.0200,0.0556,-0.3333,0.345,-8.106,0.910,2.774,0.0000,0.0000,0.0000,0.0000,0.0000,0.0000,0.0000,0.0000,22.24,27.63,36,-9.550,1,288.9
212.584,-0.0042,+0.1507,-0.0200,0.0556,-0.3333,0.345,-8.106,0.910,2.774,0.0000,0.0000,0.0000,0.0000,0.0000,0.0000,0.0000,0.0000,22.24,27.63,36,-9.550,1,288.9
212.610,-0.0042,+0.0685,-0.0200,0.0556,-0.3333,0.345,-8.106,0.910,2.774,0.0000,0.0000,0.0000,0.0000,0.0000,0.0000,0.0000,0.0000,22.24,27.63,36,-9.550,1,288.9
212.644,-0.0042,+0.0601,-0.0200,0.0556,-0.3333,0.345,-8.106,0.910,2.774,0.0000,0.0000,0.0000,0.0000,0.0000,0.0000,0.0000,0.0000,22.24,27.63,36,-9.550,1,288.9
212.681,-0.0042,+0.0605,-0.0200,0.0567,-0.3433,0.399,-8.219,0.586,-2.379,0.0000,0.0000,0.0000,0.0000,0.0000,0.0000,0.0000,0.0000,21.55,27.64,35,-9.930,1,281.9
212.735,-0.0042,+0.0222,-0.0200,0.0567,-0.3411,0.424,-8.357,0.710,-2.126,0.0000,0.0000,0.0000,0.0000,0.0000,0.0000,0.0000,0.0000,21.55,27.64,36,-9.980,1,281.9
212.764,-0.0042,+0.0756,-0.0200,0.0567,-0.3478,0.456,-8.436,0.864,-1.021,0.0000,0.0000,0.0000,0.0000,0.0000,0.0000,0.0000,0.0000,21.55,27.64,36,-7.930,1,281.9
212.790,-0.0042,+0.0259,-0.0200,0.0567,-0.3478,0.456,-8.436,0.864,-1.021,0.0000,0.0000,0.0000,0.0000,0.0000,0.0000,0.0000,0.0000,21.28,27.64,36,-7.930,1,279.1
212.819,-0.0042,+0.0780,-0.0200,0.0567,-0.3478,0.456,-8.436,0.864,-1.021,0.0000,0.0000,0.0000,0.0000,0.0000,0.0000,0.0000,0.0000,21.28,27.64,36,-7.930,1,279.1
212.847,-0.0042,+0.0841,-0.0200,0.0567,-0.3478,0.456,-8.436,0.864,-1.021,0.0000,0.0000,0.0000,0.0000,0.0000,0.0000,0.0000,0.0000,21.28,27.64,36,-7.930,1,279.1
212.882,-0.0042,+0.0333,-0.0200,0.0567,-0.3478,0.456,-8.436,0.864,-1.021,0.0000,0.0000,0.0000,0.0000,0.0000,0.0000,0.0000,0.0000,21.28,27.64,36,-7.930,1,279.1
212.909,-0.0042,+0.0885,-0.0200,0.0567,-0.3478,0.456,-8.436,0.864,-1.021,0.0000,0.0000,0.0000,0.0000,0.0000,0.0000,0.0000,0.0000,21.28,27.64,36,-7.930,1,279.1
212.950,-0.0042,+0.0753,-0.0150,0.0544,-0.3500,0.613,-8.480,0.437,-0.513,0.0000,0.0000,0.0000,0.0000,0.0000,0.0000,0.0000,0.0000,21.28,27.65,36,-8.990,1,279.1
213.096,-0.0042,+0.0541,-0.0150,0.0556,-0.3600,0.639,-8.581,0.335,-0.879,0.0000,0.0000,0.0000,0.0000,0.0000,0.0000,0.0000,0.0000,20.73,27.65,36,-8.330,1,273.4
213.123,+0.0263,+0.0444,-0.0150,0.0556,-0.3600,0.639,-8.581,0.335,-0.879,0.0000,0.0000,0.0000,0.0000,0.0000,0.0000,0.0000,0.0000,20.73,27.65,36,-8.330,1,273.4
213.155,-0.0021,+0.0444,-0.0150,0.0556,-0.3600,0.639,-8.581,0.335,-0.879,0.0000,0.0000,0.0000,0.0000,0.0000,0.0000,0.0000,0.0000,20.73,27.65,36,-8.330,1,273.4
213.182,-0.0021,+0.0444,-0.0150,0.0556,-0.3600,0.663,-8.625,0.261,0.285,0.0000,0.0000,0.0000,0.0000,0.0000,0.0000,0.0000,0.0000,20.73,27.66,36,-8.300,1,273.4
213.213,-0.0021,+0.0444,-0.0150,0.0556,-0.3600,0.664,-8.625,0.262,0.279,0.0000,0.0000,0.0000,0.0000,0.0000,0.0000,0.0000,0.0000,20.16,27.66,36,-8.260,1,267.6
213.250,+0.0212,+0.0859,-0.0150,0.0556,-0.3600,0.666,-8.617,0.186,0.312,0.0000,0.0000,0.0000,0.0000,0.0000,0.0000,0.0000,0.0000,20.16,27.66,36,-8.390,1,267.6
213.281,+0.0000,+0.0481,-0.0150,0.0556,-0.3600,0.666,-8.617,0.186,0.312,0.0000,0.0000,0.0000,0.0000,0.0000,0.0000,0.0000,0.0000,20.16,27.66,36,-8.390,1,267.6
213.311,+0.0000,+0.0988,-0.0150,0.0556,-0.3600,0.666,-8.617,0.186,0.312,0.0000,0.0000,0.0000,0.0000,0.0000,0.0000,0.0000,0.0000,20.16,27.66,36,-8.390,1,267.6
213.352,+0.0000,+0.0519,-0.0150,0.0556,-0.3600,0.666,-8.617,0.186,0.312,0.0000,0.0000,0.0000,0.0000,0.0000,0.0000,0.0000,0.0000,20.16,27.66,36,-8.390,1,267.6
213.377,+0.0000,+0.0519,-0.0150,0.0556,-0.3600,0.666,-8.617,0.186,0.312,0.0000,0.0000,0.0000,0.0000,0.0000,0.0000,0.0000,0.0000,20.16,27.66,36,-8.390,1,267.6
213.415,+0.0000,+0.0519,-0.0150,0.0556,-0.3600,0.654,-8.618,-0.177,-0.048,0.0000,0.0000,0.0000,0.0000,0.0000,0.0000,0.0000,0.0000,20.16,27.67,36,-8.420,1,267.6
213.445,-0.0283,+0.0519,-0.0150,0.0567,-0.3611,0.599,-8.674,-0.383,-0.494,0.0000,0.0000,0.0000,0.0000,0.0000,0.0000,0.0000,0.0000,19.75,27.67,36,-8.320,1,263.5
213.481,-0.0021,+0.0519,-0.0200,0.0578,-0.3667,0.527,-8.715,-0.804,0.295,0.0000,0.0000,0.0000,0.0000,0.0000,0.0000,0.0000,0.0000,19.75,27.67,36,-8.220,1,263.5
213.515,-0.0021,+0.0074,-0.0200,0.0578,-0.3644,0.527,-8.715,-0.804,0.295,0.0000,0.0000,0.0000,0.0000,0.0000,0.0000,0.0000,0.0000,19.75,27.67,36,-8.220,1,263.5
213.562,-0.0021,+0.0144,-0.0200,0.0578,-0.3644,0.527,-8.715,-0.804,0.295,0.0000,0.0000,0.0000,0.0000,0.0000,0.0000,0.0000,0.0000,19.75,27.67,36,-8.220,1,263.5
213.601,-0.0245,+0.0046,-0.0200,0.0578,-0.3644,0.527,-8.715,-0.804,0.295,0.0000,0.0000,0.0000,0.0000,0.0000,0.0000,0.0000,0.0000,19.75,27.67,36,-8.220,1,263.5
213.626,+0.0299,+0.0407,-0.0200,0.0578,-0.3644,0.527,-8.715,-0.804,0.295,0.0000,0.0000,0.0000,0.0000,0.0000,0.0000,0.0000,0.0000,19.75,27.67,36,-8.220,1,263.5
213.652,-0.0021,-0.0176,-0.0200,0.0578,-0.3644,0.527,-8.715,-0.804,0.295,0.0000,0.0000,0.0000,0.0000,0.0000,0.0000,0.0000,0.0000,19.75,27.67,36,-8.220,1,263.5
213.795,+0.0055,+0.0235,-0.0200,0.0533,-0.3200,0.331,-8.401,-0.755,1.229,0.0000,0.0000,0.0000,0.0000,0.0000,0.0000,0.0000,0.0000,18.49,27.69,34,-12.580,1,250.9
213.827,+0.0000,+0.0333,-0.0200,0.0533,-0.3200,0.331,-8.401,-0.755,1.229,0.0000,0.0000,0.0000,0.0000,0.0000,0.0000,0.0000,0.0000,18.49,27.69,34,-12.580,1,250.9
213.860,+0.0000,-0.0136,-0.0200,0.0533,-0.3200,0.331,-8.401,-0.755,1.229,0.0000,0.0000,0.0000,0.0000,0.0000,0.0000,0.0000,0.0000,18.49,27.69,34,-12.580,1,250.9
213.893,+0.0261,+0.0296,-0.0200,0.0533,-0.3200,0.331,-8.401,-0.755,1.229,0.0000,0.0000,0.0000,0.0000,0.0000,0.0000,0.0000,0.0000,18.49,27.69,34,-12.580,1,250.9
214.006,+0.0112,+0.0458,-0.0200,0.0578,-0.3378,0.201,-8.235,-0.343,1.432,0.0000,0.0000,0.0000,0.0000,0.0000,0.0000,0.0000,0.0000,18.22,27.71,35,-9.100,1,248.1
214.036,+0.0608,+0.1843,-0.0200,0.0578,-0.3378,0.201,-8.235,-0.343,1.432,0.0000,0.0000,0.0000,0.0000,0.0000,0.0000,0.0000,0.0000,18.22,27.71,35,-9.100,1,248.1
214.061,+0.0757,+0.1643,-0.0200,0.0578,-0.3378,0.201,-8.235,-0.343,1.432,0.0000,0.0000,0.0000,0.0000,0.0000,0.0000,0.0000,0.0000,18.22,27.71,35,-9.100,1,248.1
214.093,+0.0394,+0.1477,-0.0200,0.0578,-0.3378,0.201,-8.235,-0.343,1.432,0.0000,0.0000,0.0000,0.0000,0.0000,0.0000,0.0000,0.0000,18.22,27.71,35,-9.100,1,248.1
214.120,+0.0146,+0.1688,-0.0200,0.0578,-0.3378,0.201,-8.235,-0.343,1.432,0.0000,0.0000,0.0000,0.0000,0.0000,0.0000,0.0000,0.0000,18.22,27.71,35,-9.100,1,248.1
214.149,+0.0146,+0.1709,-0.0200,0.0578,-0.3378,0.201,-8.235,-0.343,1.432,0.0000,0.0000,0.0000,0.0000,0.0000,0.0000,0.0000,0.0000,18.22,27.71,35,-9.100,1,248.1
214.184,-0.0104,+0.1630,-0.0250,0.0600,-0.3556,0.228,-8.254,0.684,-2.172,0.0000,0.0000,0.0000,0.0000,0.0000,0.0000,0.0000,0.0000,17.68,27.71,35,-8.670,1,242.4
214.226,-0.0083,+0.1922,-0.0300,0.0633,-0.3700,0.157,-8.663,-1.609,-2.665,0.0000,0.0000,0.0000,0.0000,0.0000,0.0000,0.0000,0.0000,17.68,27.70,35,-7.360,1,242.4
214.258,+0.0104,+0.1401,-0.0300,0.0656,-0.3789,0.056,-8.837,-1.586,-3.308,0.0000,0.0000,0.0000,0.0000,0.0000,0.0000,0.0000,0.0000,17.68,27.70,35,-7.440,1,242.4
214.282,-0.0246,+0.2209,-0.0300,0.0656,-0.3789,0.056,-8.837,-1.586,-3.308,0.0000,0.0000,0.0000,0.0000,0.0000,0.0000,0.0000,0.0000,17.68,27.70,35,-7.440,1,242.4
214.310,+0.0083,+0.2132,-0.0300,0.0656,-0.3789,0.056,-8.837,-1.586,-3.308,0.0000,0.0000,0.0000,0.0000,0.0000,0.0000,0.0000,0.0000,17.68,27.70,35,-7.440,1,242.4
214.348,+0.0083,+0.1918,-0.0300,0.0656,-0.3789,0.056,-8.837,-1.586,-3.308,0.0000,0.0000,0.0000,0.0000,0.0000,0.0000,0.0000,0.0000,17.68,27.70,35,-7.440,1,242.4
214.378,+0.0083,+0.1693,-0.0300,0.0656,-0.3789,0.056,-8.837,-1.586,-3.308,0.0000,0.0000,0.0000,0.0000,0.0000,0.0000,0.0000,0.0000,17.68,27.70,35,-7.440,1,242.4
214.414,+0.0326,+0.2086,-0.0250,0.0633,-0.3944,-0.051,-9.201,0.243,-3.234,0.0000,0.0000,0.0000,0.0000,0.0000,0.0000,0.0000,0.0000,17.68,27.70,36,-7.100,1,242.4
214.483,+0.0104,+0.1537,-0.0200,0.0644,-0.4133,0.202,-9.750,1.486,-2.365,0.0000,0.0000,0.0000,0.0000,0.0000,0.0000,0.0000,0.0000,16.83,27.69,36,-6.470,1,233.9
214.515,+0.0104,+0.0856,-0.0200,0.0644,-0.4133,0.202,-9.750,1.486,-2.365,0.0000,0.0000,0.0000,0.0000,0.0000,0.0000,0.0000,0.0000,16.83,27.70,36,-6.470,1,233.9
214.542,+0.0104,+0.0856,-0.0200,0.0644,-0.4133,0.202,-9.750,1.486,-2.365,0.0000,0.0000,0.0000,0.0000,0.0000,0.0000,0.0000,0.0000,16.83,27.70,36,-6.470,0,233.9
214.570,+0.0104,+0.0856,-0.0200,0.0644,-0.4133,0.202,-9.750,1.486,-2.365,0.0000,0.0000,0.0000,0.0000,0.0000,0.0000,0.0000,0.0000,16.83,27.70,36,-6.470,0,233.9
214.606,+0.0104,+0.0856,-0.0200,0.0644,-0.4133,0.202,-9.750,1.486,-2.365,0.0000,0.0000,0.0000,0.0000,0.0000,0.0000,0.0000,0.0000,16.83,27.70,36,-6.470,0,233.9
214.663,-0.0268,-0.2278,-0.0250,0.0611,-0.3789,0.230,-9.509,0.902,8.637,0.0000,0.0000,0.0000,0.0000,0.0000,0.0000,0.0000,0.0000,16.01,27.71,36,-6.080,1,226.8
214.694,+0.0000,+0.0296,-0.0200,0.0600,-0.3689,0.277,-9.042,1.665,9.218,0.0000,0.0000,0.0000,0.0000,0.0000,0.0000,0.0000,0.0000,16.01,27.71,36,-7.100,1,226.8
214.729,+0.0000,-0.0148,-0.0200,0.0600,-0.3733,0.363,-8.646,2.239,7.214,0.0000,0.0000,0.0000,0.0000,0.0000,0.0000,0.0000,0.0000,16.01,27.75,35,-7.060,1,226.8
214.788,+0.0000,-0.0015,-0.0200,0.0589,-0.3744,0.482,-8.369,2.631,4.992,0.0000,0.0000,0.0000,0.0000,0.0000,0.0000,0.0000,0.0000,15.54,27.75,35,-7.020,1,222.6
214.824,+0.0239,-0.0203,-0.0200,0.0589,-0.3744,0.482,-8.369,2.631,4.992,0.0000,0.0000,0.0000,0.0000,0.0000,0.0000,0.0000,0.0000,15.54,27.75,35,-7.020,1,222.6
214.850,+0.0354,-0.1593,-0.0200,0.0589,-0.3744,0.482,-8.369,2.631,4.992,0.0000,0.0000,0.0000,0.0000,0.0000,0.0000,0.0000,0.0000,15.54,27.75,35,-7.020,1,222.6
214.888,+0.0267,-0.0727,-0.0200,0.0589,-0.3744,0.482,-8.369,2.631,4.992,0.0000,0.0000,0.0000,0.0000,0.0000,0.0000,0.0000,0.0000,15.54,27.75,35,-7.020,1,222.6
214.919,+0.0063,-0.1000,-0.0150,0.0544,-0.3522,0.793,-7.788,1.647,4.256,0.0000,0.0000,0.0000,0.0000,0.0000,0.0000,0.0000,0.0000,15.54,27.79,35,-7.500,1,222.6
214.953,+0.0312,-0.1407,-0.0150,0.0522,-0.3433,0.796,-7.774,1.103,4.622,0.0000,0.0000,0.0000,0.0000,0.0000,0.0000,0.0000,0.0000,15.03,27.79,35,-7.910,1,217.2
214.983,+0.0369,-0.0693,-0.0150,0.0522,-0.3300,0.810,-7.341,-0.370,4.730,0.0000,0.0000,0.0000,0.0000,0.0000,0.0000,0.0000,0.0000,15.03,27.79,35,-9.350,1,217.2
215.077,+0.0210,-0.0784,-0.0150,0.0522,-0.3233,0.810,-7.341,-0.370,4.730,0.0000,0.0000,0.0000,0.0000,0.0000,0.0000,0.0000,0.0000,15.03,27.80,34,-9.350,1,217.2
215.108,+0.0125,+0.0153,-0.0150,0.0522,-0.3233,0.810,-7.341,-0.370,4.730,0.0000,0.0000,0.0000,0.0000,0.0000,0.0000,0.0000,0.0000,15.03,27.80,34,-9.350,1,217.2
215.154,-0.0068,+0.0048,-0.0150,0.0522,-0.3233,0.810,-7.341,-0.370,4.730,0.0000,0.0000,0.0000,0.0000,0.0000,0.0000,0.0000,0.0000,15.03,27.79,34,-9.350,1,217.2
215.191,+0.0104,-0.0259,-0.0200,0.0544,-0.3344,0.767,-7.169,-1.165,-1.544,0.0000,0.0000,0.0000,0.0000,0.0000,0.0000,0.0000,0.0000,14.56,27.79,34,-8.730,1,211.5
215.222,-0.0167,+0.0223,-0.0200,0.0556,-0.3333,0.764,-7.173,-1.162,-1.537,0.0000,0.0000,0.0000,0.0000,0.0000,0.0000,0.0000,0.0000,14.56,27.79,34,-8.760,1,211.5
215.252,-0.0209,+0.0297,-0.0200,0.0544,-0.3344,0.702,-7.277,-0.778,-1.871,0.0000,0.0000,0.0000,0.0000,0.0000,0.0000,0.0000,0.0000,14.56,27.79,34,-8.880,1,211.5
215.278,-0.0261,-0.0185,-0.0200,0.0544,-0.3344,0.702,-7.277,-0.778,-1.871,0.0000,0.0000,0.0000,0.0000,0.0000,0.0000,0.0000,0.0000,14.56,27.79,34,-8.880,1,211.5
215.325,+0.0042,-0.0185,-0.0200,0.0544,-0.3344,0.702,-7.277,-0.778,-1.871,0.0000,0.0000,0.0000,0.0000,0.0000,0.0000,0.0000,0.0000,14.56,27.79,34,-8.880,1,211.5
215.356,+0.0042,-0.0185,-0.0200,0.0544,-0.3344,0.702,-7.277,-0.778,-1.871,0.0000,0.0000,0.0000,0.0000,0.0000,0.0000,0.0000,0.0000,14.56,27.79,34,-8.880,1,211.5
215.385,+0.0042,+0.0333,-0.0200,0.0544,-0.3344,0.702,-7.277,-0.778,-1.871,0.0000,0.0000,0.0000,0.0000,0.0000,0.0000,0.0000,0.0000,14.56,27.79,34,-8.880,1,211.5
215.416,+0.0042,-0.0148,-0.0150,0.0511,-0.3200,0.668,-7.400,0.737,-0.185,0.0000,0.0000,0.0000,0.0000,0.0000,0.0000,0.0000,0.0000,14.56,27.76,34,-8.160,1,211.5
215.462,+0.0235,-0.0148,-0.0150,0.0511,-0.3289,0.820,-7.383,1.147,0.320,0.0000,0.0000,0.0000,0.0000,0.0000,0.0000,0.0000,0.0000,14.13,27.74,34,-8.530,1,205.9
215.496,+0.0319,+0.0308,-0.0150,0.0500,-0.3300,0.863,-7.379,0.613,0.130,0.0000,0.0000,0.0000,0.0000,0.0000,0.0000,0.0000,0.0000,14.13,27.73,34,-8.540,1,205.9
215.525,+0.0369,+0.0397,-0.0150,0.0500,-0.3300,0.863,-7.379,0.613,0.130,0.0000,0.0000,0.0000,0.0000,0.0000,0.0000,0.0000,0.0000,14.13,27.73,34,-8.540,1,205.9
215.557,+0.0376,+0.0409,-0.0150,0.0500,-0.3300,0.863,-7.379,0.613,0.130,0.0000,0.0000,0.0000,0.0000,0.0000,0.0000,0.0000,0.0000,14.13,27.73,34,-8.540,1,205.9
215.608,+0.0301,+0.0588,-0.0150,0.0500,-0.3300,0.863,-7.379,0.613,0.130,0.0000,0.0000,0.0000,0.0000,0.0000,0.0000,0.0000,0.0000,14.13,27.73,34,-8.540,1,205.9
215.641,+0.0406,+0.0963,-0.0150,0.0500,-0.3300,0.863,-7.379,0.613,0.130,0.0000,0.0000,0.0000,0.0000,0.0000,0.0000,0.0000,0.0000,14.13,27.73,34,-8.540,1,205.9
215.713,+0.0167,+0.0808,-0.0150,0.0556,-0.3489,0.821,-7.618,-1.296,-3.092,0.0000,0.0000,0.0000,0.0000,0.0000,0.0000,0.0000,0.0000,13.58,27.71,34,-7.990,1,198.9
215.746,-0.0093,+0.1604,-0.0200,0.0567,-0.3544,0.732,-7.807,-1.790,-3.582,0.0000,0.0000,0.0000,0.0000,0.0000,0.0000,0.0000,0.0000,13.58,27.69,34,-7.960,1,198.9
215.826,+0.0146,+0.0975,-0.0200,0.0567,-0.3567,0.732,-7.807,-1.790,-3.582,0.0000,0.0000,0.0000,0.0000,0.0000,0.0000,0.0000,0.0000,13.36,27.69,34,-7.940,1,196.2
215.860,-0.0105,+0.1335,-0.0200,0.0567,-0.3567,0.732,-7.807,-1.790,-3.582,0.0000,0.0000,0.0000,0.0000,0.0000,0.0000,0.0000,0.0000,13.36,27.69,34,-7.940,1,196.2
215.889,-0.0170,+0.1567,-0.0200,0.0567,-0.3567,0.732,-7.807,-1.790,-3.582,0.0000,0.0000,0.0000,0.0000,0.0000,0.0000,0.0000,0.0000,13.36,27.69,34,-7.940,1,196.2
215.924,+0.0104,+0.1486,-0.0200,0.0567,-0.3567,0.501,-8.297,-0.619,-2.725,0.0000,0.0000,0.0000,0.0000,0.0000,0.0000,0.0000,0.0000,13.36,27.66,34,-7.940,1,196.2
215.965,+0.0104,+0.1424,-0.0200,0.0589,-0.3789,0.479,-8.442,0.184,-2.481,0.0000,0.0000,0.0000,0.0000,0.0000,0.0000,0.0000,0.0000,12.88,27.66,35,-6.630,1,190.7
215.994,+0.0393,+0.1254,-0.0200,0.0589,-0.3833,0.487,-8.575,0.485,-2.370,0.0000,0.0000,0.0000,0.0000,0.0000,0.0000,0.0000,0.0000,12.88,27.65,35,-6.550,1,190.7
216.023,+0.0125,+0.1830,-0.0200,0.0589,-0.3856,0.487,-8.575,0.485,-2.370,0.0000,0.0000,0.0000,0.0000,0.0000,0.0000,0.0000,0.0000,12.88,27.65,35,-6.740,1,190.7
216.057,+0.0380,+0.1305,-0.0200,0.0589,-0.3856,0.487,-8.575,0.485,-2.370,0.0000,0.0000,0.0000,0.0000,0.0000,0.0000,0.0000,0.0000,12.88,27.65,35,-6.740,1,190.7
216.094,-0.0087,+0.1304,-0.0200,0.0589,-0.3856,0.487,-8.575,0.485,-2.370,0.0000,0.0000,0.0000,0.0000,0.0000,0.0000,0.0000,0.0000,12.88,27.65,35,-6.740,1,190.7
216.128,+0.0125,+0.0469,-0.0200,0.0589,-0.3856,0.487,-8.575,0.485,-2.370,0.0000,0.0000,0.0000,0.0000,0.0000,0.0000,0.0000,0.0000,12.88,27.65,35,-6.740,1,190.7
216.157,-0.0163,-0.0648,-0.0200,0.0589,-0.3856,0.487,-8.575,0.485,-2.370,0.0000,0.0000,0.0000,0.0000,0.0000,0.0000,0.0000,0.0000,12.88,27.64,35,-6.740,1,190.7
216.187,+0.0104,-0.0247,-0.0200,0.0611,-0.4011,0.538,-8.988,0.202,-2.794,0.0000,0.0000,0.0000,0.0000,0.0000,0.0000,0.0000,0.0000,12.19,27.64,35,-6.450,1,183.7
216.216,-0.0189,-0.0860,-0.0200,0.0589,-0.3656,0.448,-8.887,-0.088,6.479,0.0000,0.0000,0.0000,0.0000,0.0000,0.0000,0.0000,0.0000,12.19,27.64,35,-6.400,1,183.7
216.250,+0.0083,-0.0752,-0.0200,0.0589,-0.3656,0.445,-8.529,0.518,7.515,0.0000,0.0000,0.0000,0.0000,0.0000,0.0000,0.0000,0.0000,12.19,27.64,35,-6.340,1,183.7
216.303,-0.0089,-0.0439,-0.0200,0.0589,-0.3656,0.445,-8.529,0.518,7.515,0.0000,0.0000,0.0000,0.0000,0.0000,0.0000,0.0000,0.0000,12.19,27.64,35,-6.340,1,183.7
216.331,+0.0063,-0.0679,-0.0200,0.0589,-0.3656,0.445,-8.529,0.518,7.515,0.0000,0.0000,0.0000,0.0000,0.0000,0.0000,0.0000,0.0000,12.19,27.64,35,-6.340,1,183.7
216.360,+0.0356,-0.0748,-0.0200,0.0589,-0.3656,0.445,-8.529,0.518,7.515,0.0000,0.0000,0.0000,0.0000,0.0000,0.0000,0.0000,0.0000,12.19,27.64,35,-6.340,1,183.7
216.391,+0.0083,-0.0778,-0.0200,0.0589,-0.3656,0.445,-8.529,0.518,7.515,0.0000,0.0000,0.0000,0.0000,0.0000,0.0000,0.0000,0.0000,12.19,27.66,34,-6.340,1,183.7
216.432,+0.0299,-0.0618,-0.0200,0.0567,-0.3567,0.592,-7.834,1.294,2.908,0.0000,0.0000,0.0000,0.0000,0.0000,0.0000,0.0000,0.0000,11.62,27.67,34,-7.730,1,178.2
216.461,+0.0104,-0.0968,-0.0200,0.0544,-0.3433,0.636,-7.694,0.854,3.295,0.0000,0.0000,0.0000,0.0000,0.0000,0.0000,0.0000,0.0000,11.62,27.67,34,-8.000,1,178.2
216.488,+0.0413,-0.1097,-0.0200,0.0544,-0.3344,0.655,-7.523,0.284,3.850,0.0000,0.0000,0.0000,0.0000,0.0000,0.0000,0.0000,0.0000,11.62,27.67,34,-8.320,1,178.2
216.556,+0.0263,-0.0811,-0.0200,0.0544,-0.3344,0.655,-7.523,0.284,3.850,0.0000,0.0000,0.0000,0.0000,0.0000,0.0000,0.0000,0.0000,11.62,27.67,34,-8.320,1,178.2
216.588,+0.0146,-0.0663,-0.0200,0.0544,-0.3344,0.655,-7.523,0.284,3.850,0.0000,0.0000,0.0000,0.0000,0.0000,0.0000,0.0000,0.0000,11.62,27.67,34,-8.320,1,178.2
216.625,+0.0380,-0.0222,-0.0200,0.0544,-0.3344,0.655,-7.523,0.284,3.850,0.0000,0.0000,0.0000,0.0000,0.0000,0.0000,0.0000,0.0000,11.62,27.67,34,-8.320,1,178.2
216.653,+0.0167,+0.0303,-0.0200,0.0533,-0.3244,0.624,-7.130,-0.325,3.892,0.0000,0.0000,0.0000,0.0000,0.0000,0.0000,0.0000,0.0000,11.62,27.67,34,-8.270,1,178.2
216.697,+0.0167,+0.0176,-0.0200,0.0544,-0.3233,0.604,-6.979,0.219,2.290,0.0000,0.0000,0.0000,0.0000,0.0000,0.0000,0.0000,0.0000,11.02,27.67,34,-8.800,1,171.3
216.725,+0.0167,+0.0385,-0.0200,0.0544,-0.3189,0.604,-6.975,0.189,2.354,0.0000,0.0000,0.0000,0.0000,0.0000,0.0000,0.0000,0.0000,11.02,27.67,33,-8.590,1,171.3
216.797,+0.0035,+0.0592,-0.0200,0.0544,-0.3300,0.616,-6.946,0.009,-0.626,0.0000,0.0000,0.0000,0.0000,0.0000,0.0000,0.0000,0.0000,10.81,27.67,33,-8.490,1,168.6
216.832,+0.0146,+0.1288,-0.0200,0.0544,-0.3300,0.616,-6.946,0.009,-0.626,0.0000,0.0000,0.0000,0.0000,0.0000,0.0000,0.0000,0.0000,10.81,27.67,33,-8.490,1,168.6
216.861,-0.0153,+0.1175,-0.0200,0.0544,-0.3300,0.616,-6.946,0.009,-0.626,0.0000,0.0000,0.0000,0.0000,0.0000,0.0000,0.0000,0.0000,10.81,27.67,33,-8.490,1,168.6
216.926,-0.0017,+0.0690,-0.0200,0.0578,-0.3533,0.496,-7.526,-0.154,-3.615,0.0000,0.0000,0.0000,0.0000,0.0000,0.0000,0.0000,0.0000,10.81,27.62,34,-7.530,1,168.6
216.964,+0.0104,+0.1075,-0.0200,0.0578,-0.3556,0.516,-7.784,1.004,-1.327,0.0000,0.0000,0.0000,0.0000,0.0000,0.0000,0.0000,0.0000,10.28,27.62,34,-7.290,1,161.7
216.993,+0.0104,+0.1393,-0.0150,0.0556,-0.3622,0.562,-7.856,1.122,-1.216,0.0000,0.0000,0.0000,0.0000,0.0000,0.0000,0.0000,0.0000,10.28,27.60,34,-6.700,1,161.7
217.025,+0.0104,+0.0878,-0.0150,0.0556,-0.3622,0.562,-7.856,1.122,-1.216,0.0000,0.0000,0.0000,0.0000,0.0000,0.0000,0.0000,0.0000,10.28,27.60,34,-6.700,1,161.7
217.062,+0.0104,+0.0870,-0.0150,0.0556,-0.3622,0.562,-7.856,1.122,-1.216,0.0000,0.0000,0.0000,0.0000,0.0000,0.0000,0.0000,0.0000,10.28,27.60,34,-6.700,1,161.7
217.095,+0.0360,+0.0481,-0.0150,0.0556,-0.3622,0.562,-7.856,1.122,-1.216,0.0000,0.0000,0.0000,0.0000,0.0000,0.0000,0.0000,0.0000,10.28,27.60,34,-6.700,1,161.7
217.124,+0.0125,+0.0481,-0.0150,0.0556,-0.3622,0.562,-7.856,1.122,-1.216,0.0000,0.0000,0.0000,0.0000,0.0000,0.0000,0.0000,0.0000,10.28,27.60,34,-6.700,1,161.7
217.183,+0.0281,+0.0481,-0.0150,0.0567,-0.3744,0.660,-8.052,0.406,0.144,0.0000,0.0000,0.0000,0.0000,0.0000,0.0000,0.0000,0.0000,9.93,27.59,34,-6.760,1,157.6
217.218,+0.0146,+0.0045,-0.0150,0.0567,-0.3633,0.668,-7.976,0.198,1.780,0.0000,0.0000,0.0000,0.0000,0.0000,0.0000,0.0000,0.0000,9.93,27.57,34,-6.730,1,157.6
217.249,+0.0146,+0.0444,-0.0200,0.0567,-0.3611,0.664,-7.872,-0.003,2.316,0.0000,0.0000,0.0000,0.0000,0.0000,0.0000,0.0000,0.0000,9.93,27.57,34,-7.050,1,157.6
217.281,+0.0146,-0.0031,-0.0200,0.0567,-0.3611,0.664,-7.872,-0.003,2.316,0.0000,0.0000,0.0000,0.0000,0.0000,0.0000,0.0000,0.0000,9.93,27.57,34,-7.050,1,157.6
217.314,+0.0146,+0.0407,-0.0200,0.0567,-0.3611,0.664,-7.872,-0.003,2.316,0.0000,0.0000,0.0000,0.0000,0.0000,0.0000,0.0000,0.0000,9.93,27.57,34,-7.050,1,157.6
217.347,+0.0146,+0.0407,-0.0200,0.0567,-0.3611,0.664,-7.872,-0.003,2.316,0.0000,0.0000,0.0000,0.0000,0.0000,0.0000,0.0000,0.0000,9.93,27.57,34,-7.050,1,157.6
217.406,+0.0146,+0.0407,-0.0200,0.0567,-0.3611,0.652,-7.779,-0.092,1.568,0.0000,0.0000,0.0000,0.0000,0.0000,0.0000,0.0000,0.0000,9.93,27.57,34,-7.050,1,157.6
217.438,-0.0123,-0.0070,-0.0200,0.0544,-0.3456,0.634,-7.706,0.126,0.631,0.0000,0.0000,0.0000,0.0000,0.0000,0.0000,0.0000,0.0000,9.43,27.57,34,-11.130,1,152.0
217.465,+0.0125,+0.0370,-0.0200,0.0544,-0.3411,0.636,-7.689,0.293,0.561,0.0000,0.0000,0.0000,0.0000,0.0000,0.0000,0.0000,0.0000,9.43,27.57,34,-7.320,1,152.0
217.493,+0.0125,+0.0370,-0.0200,0.0544,-0.3433,0.647,-7.666,0.424,0.702,0.0000,0.0000,0.0000,0.0000,0.0000,0.0000,0.0000,0.0000,9.43,27.55,34,-7.300,1,152.0
217.544,+0.0125,+0.0057,-0.0200,0.0544,-0.3433,0.647,-7.666,0.424,0.702,0.0000,0.0000,0.0000,0.0000,0.0000,0.0000,0.0000,0.0000,9.43,27.55,34,-7.300,1,152.0
217.575,+0.0125,+0.0333,-0.0200,0.0544,-0.3433,0.647,-7.666,0.424,0.702,0.0000,0.0000,0.0000,0.0000,0.0000,0.0000,0.0000,0.0000,9.43,27.55,34,-7.300,1,152.0
217.618,+0.0125,-0.0030,-0.0200,0.0544,-0.3433,0.647,-7.666,0.424,0.702,0.0000,0.0000,0.0000,0.0000,0.0000,0.0000,0.0000,0.0000,9.43,27.55,34,-7.300,1,152.0
217.649,+0.0407,+0.0798,-0.0200,0.0544,-0.3433,0.647,-7.666,0.424,0.702,0.0000,0.0000,0.0000,0.0000,0.0000,0.0000,0.0000,0.0000,9.43,27.55,34,-7.300,1,152.0
217.682,+0.0146,+0.0333,-0.0150,0.0544,-0.3411,0.678,-7.593,0.426,0.961,0.0000,0.0000,0.0000,0.0000,0.0000,0.0000,0.0000,0.0000,8.73,27.54,33,-7.380,1,143.7
217.725,+0.0146,+0.0701,-0.0150,0.0544,-0.3456,0.695,-7.518,0.205,0.871,0.0000,0.0000,0.0000,0.0000,0.0000,0.0000,0.0000,0.0000,8.73,27.54,32,-7.350,1,143.7
217.770,+0.0146,+0.0714,-0.0150,0.0544,-0.3433,0.700,-7.521,0.184,0.250,0.0000,0.0000,0.0000,0.0000,0.0000,0.0000,0.0000,0.0000,8.40,27.54,32,-7.460,1,139.7
217.803,+0.0146,+0.0874,-0.0150,0.0544,-0.3433,0.700,-7.521,0.184,0.250,0.0000,0.0000,0.0000,0.0000,0.0000,0.0000,0.0000,0.0000,8.40,27.54,32,-7.460,1,139.7
217.883,+0.0146,+0.0659,-0.0150,0.0544,-0.3433,0.700,-7.521,0.184,0.250,0.0000,0.0000,0.0000,0.0000,0.0000,0.0000,0.0000,0.0000,8.40,27.54,32,-7.460,1,139.7
217.913,+0.0146,+0.0980,-0.0150,0.0544,-0.3433,0.700,-7.521,0.184,0.250,0.0000,0.0000,0.0000,0.0000,0.0000,0.0000,0.0000,0.0000,8.40,27.52,33,-7.460,1,139.7
217.947,+0.0146,+0.0976,-0.0200,0.0556,-0.3489,0.681,-7.742,0.029,-1.027,0.0000,0.0000,0.0000,0.0000,0.0000,0.0000,0.0000,0.0000,8.40,27.51,33,-7.210,1,139.7
217.986,+0.0146,+0.0952,-0.0200,0.0567,-0.3567,0.676,-7.787,0.116,-0.669,0.0000,0.0000,0.0000,0.0000,0.0000,0.0000,0.0000,0.0000,7.95,27.50,33,-7.020,1,134.3
218.018,+0.0146,+0.1063,-0.0200,0.0567,-0.3611,0.676,-7.789,0.114,-0.684,0.0000,0.0000,0.0000,0.0000,0.0000,0.0000,0.0000,0.0000,7.95,27.50,33,-6.980,1,134.3
218.050,+0.0146,+0.1103,-0.0200,0.0567,-0.3611,0.676,-7.789,0.114,-0.684,0.0000,0.0000,0.0000,0.0000,0.0000,0.0000,0.0000,0.0000,7.95,27.50,33,-6.980,1,134.3
218.087,+0.0146,+0.1089,-0.0200,0.0567,-0.3611,0.676,-7.789,0.114,-0.684,0.0000,0.0000,0.0000,0.0000,0.0000,0.0000,0.0000,0.0000,7.95,27.50,33,-6.980,1,134.3
218.120,+0.0146,+0.0704,-0.0200,0.0567,-0.3611,0.676,-7.789,0.114,-0.684,0.0000,0.0000,0.0000,0.0000,0.0000,0.0000,0.0000,0.0000,7.95,27.50,33,-6.980,1,134.3
218.155,+0.0146,+0.0704,-0.0200,0.0567,-0.3611,0.676,-7.789,0.114,-0.684,0.0000,0.0000,0.0000,0.0000,0.0000,0.0000,0.0000,0.0000,7.95,27.49,33,-6.980,1,134.3
218.184,+0.0146,+0.0704,-0.0200,0.0578,-0.3667,0.682,-7.858,0.363,-0.453,0.0000,0.0000,0.0000,0.0000,0.0000,0.0000,0.0000,0.0000,7.59,27.49,33,-6.770,1,130.1
218.221,-0.0089,+0.0287,-0.0200,0.0578,-0.3689,0.713,-7.955,0.149,0.016,0.0000,0.0000,0.0000,0.0000,0.0000,0.0000,0.0000,0.0000,7.59,27.47,33,-6.550,1,130.1
218.253,+0.0125,+0.0667,-0.0200,0.0578,-0.3644,0.713,-7.919,0.281,1.322,0.0000,0.0000,0.0000,0.0000,0.0000,0.0000,0.0000,0.0000,7.59,27.47,33,-6.510,1,130.1
218.283,+0.0125,+0.0667,-0.0200,0.0578,-0.3644,0.713,-7.919,0.281,1.322,0.0000,0.0000,0.0000,0.0000,0.0000,0.0000,0.0000,0.0000,7.59,27.47,33,-6.510,1,130.1
218.334,+0.0125,+0.0355,-0.0200,0.0578,-0.3644,0.713,-7.919,0.281,1.322,0.0000,0.0000,0.0000,0.0000,0.0000,0.0000,0.0000,0.0000,7.59,27.47,33,-6.510,1,130.1
218.368,+0.0125,+0.0630,-0.0200,0.0578,-0.3644,0.713,-7.919,0.281,1.322,0.0000,0.0000,0.0000,0.0000,0.0000,0.0000,0.0000,0.0000,7.59,27.47,33,-6.510,1,130.1
218.398,+0.0125,+0.0630,-0.0200,0.0578,-0.3644,0.740,-7.740,0.541,1.823,0.0000,0.0000,0.0000,0.0000,0.0000,0.0000,0.0000,0.0000,7.59,27.46,33,-6.510,1,130.1
218.437,+0.0125,+0.0236,-0.0150,0.0567,-0.3611,0.762,-7.670,0.582,1.283,0.0000,0.0000,0.0000,0.0000,0.0000,0.0000,0.0000,0.0000,6.97,27.46,33,-6.760,1,123.1
218.469,+0.0125,+0.0593,-0.0200,0.0567,-0.3633,0.796,-7.591,0.419,0.892,0.0000,0.0000,0.0000,0.0000,0.0000,0.0000,0.0000,0.0000,6.97,27.46,33,-6.720,1,123.1
218.500,+0.0125,+0.0593,-0.0200,0.0567,-0.3611,0.796,-7.591,0.419,0.892,0.0000,0.0000,0.0000,0.0000,0.0000,0.0000,0.0000,0.0000,6.97,27.45,33,-6.980,1,123.1
218.530,+0.0125,+0.0593,-0.0200,0.0567,-0.3611,0.796,-7.591,0.419,0.892,0.0000,0.0000,0.0000,0.0000,0.0000,0.0000,0.0000,0.0000,6.97,27.45,33,-6.980,1,123.1
218.572,+0.0125,+0.0593,-0.0200,0.0567,-0.3611,0.796,-7.591,0.419,0.892,0.0000,0.0000,0.0000,0.0000,0.0000,0.0000,0.0000,0.0000,6.97,27.45,33,-6.980,1,123.1
218.599,+0.0125,+0.0593,-0.0200,0.0567,-0.3611,0.796,-7.591,0.419,0.892,0.0000,0.0000,0.0000,0.0000,0.0000,0.0000,0.0000,0.0000,6.97,27.45,33,-6.980,1,123.1
218.641,+0.0125,+0.0593,-0.0200,0.0567,-0.3611,0.794,-7.560,-0.150,0.699,0.0000,0.0000,0.0000,0.0000,0.0000,0.0000,0.0000,0.0000,6.97,27.45,33,-7.040,1,123.1
218.675,+0.0125,+0.0593,-0.0200,0.0567,-0.3611,0.794,-7.560,-0.150,0.699,0.0000,0.0000,0.0000,0.0000,0.0000,0.0000,0.0000,0.0000,6.40,27.44,33,-7.040,1,116.4
218.707,+0.0125,+0.0593,-0.0200,0.0567,-0.3611,0.728,-7.507,-0.871,0.952,0.0000,0.0000,0.0000,0.0000,0.0000,0.0000,0.0000,0.0000,6.40,27.44,33,-6.670,1,116.4
218.798,+0.0125,+0.0593,-0.0200,0.0578,-0.3600,0.620,-7.418,-0.786,1.038,0.0000,0.0000,0.0000,0.0000,0.0000,0.0000,0.0000,0.0000,6.06,27.43,33,-6.610,1,112.2
218.827,+0.0125,+0.0593,-0.0200,0.0578,-0.3600,0.620,-7.418,-0.786,1.038,0.0000,0.0000,0.0000,0.0000,0.0000,0.0000,0.0000,0.0000,6.06,27.43,33,-6.610,1,112.2
218.877,+0.0125,+0.0593,-0.0200,0.0578,-0.3600,0.620,-7.418,-0.786,1.038,0.0000,0.0000,0.0000,0.0000,0.0000,0.0000,0.0000,0.0000,6.06,27.43,33,-6.610,1,112.2
218.914,+0.0125,+0.0593,-0.0200,0.0578,-0.3600,0.532,-7.343,-0.651,0.880,0.0000,0.0000,0.0000,0.0000,0.0000,0.0000,0.0000,0.0000,6.06,27.41,33,-6.520,1,112.2
218.946,+0.0125,+0.0593,-0.0200,0.0578,-0.3622,0.529,-7.341,-0.650,0.891,0.0000,0.0000,0.0000,0.0000,0.0000,0.0000,0.0000,0.0000,6.06,27.41,33,-6.480,1,112.2
219.002,+0.0125,+0.0593,-0.0200,0.0600,-0.3622,0.453,-7.277,-0.657,0.852,0.0000,0.0000,0.0000,0.0000,0.0000,0.0000,0.0000,0.0000,5.73,27.40,33,-6.430,1,108.1
219.035,+0.0125,+0.0593,-0.0200,0.0600,-0.3622,0.453,-7.277,-0.657,0.852,0.0000,0.0000,0.0000,0.0000,0.0000,0.0000,0.0000,0.0000,5.73,27.40,33,-6.430,1,108.1
219.069,+0.0125,+0.0593,-0.0200,0.0600,-0.3622,0.453,-7.277,-0.657,0.852,0.0000,0.0000,0.0000,0.0000,0.0000,0.0000,0.0000,0.0000,5.73,27.40,33,-6.430,1,108.1
219.104,+0.0125,+0.0593,-0.0200,0.0600,-0.3622,0.453,-7.277,-0.657,0.852,0.0000,0.0000,0.0000,0.0000,0.0000,0.0000,0.0000,0.0000,5.73,27.40,33,-6.430,1,108.1
219.132,+0.0125,+0.0593,-0.0200,0.0600,-0.3622,0.453,-7.277,-0.657,0.852,0.0000,0.0000,0.0000,0.0000,0.0000,0.0000,0.0000,0.0000,5.73,27.40,33,-6.430,1,108.1
219.170,+0.0125,+0.0593,-0.0250,0.0600,-0.3622,0.321,-7.178,-0.820,0.853,0.0000,0.0000,0.0000,0.0000,0.0000,0.0000,0.0000,0.0000,5.73,27.38,33,-6.360,1,108.1
219.213,+0.0125,+0.0593,-0.0250,0.0600,-0.3622,0.296,-7.141,0.106,0.887,0.0000,0.0000,0.0000,0.0000,0.0000,0.0000,0.0000,0.0000,5.32,27.36,33,-6.300,1,102.8
219.254,+0.0125,+0.0593,-0.0250,0.0611,-0.3633,0.297,-7.107,0.196,0.891,0.0000,0.0000,0.0000,0.0000,0.0000,0.0000,0.0000,0.0000,5.32,27.36,33,-6.270,1,102.8
219.287,-0.0137,+0.0593,-0.0250,0.0611,-0.3633,0.297,-7.107,0.196,0.891,0.0000,0.0000,0.0000,0.0000,0.0000,0.0000,0.0000,0.0000,5.32,27.36,33,-6.270,1,102.8
219.322,+0.0104,+0.0593,-0.0250,0.0611,-0.3633,0.297,-7.107,0.196,0.891,0.0000,0.0000,0.0000,0.0000,0.0000,0.0000,0.0000,0.0000,5.32,27.36,33,-6.270,1,102.8
219.355,+0.0104,+0.0593,-0.0250,0.0611,-0.3633,0.297,-7.107,0.196,0.891,0.0000,0.0000,0.0000,0.0000,0.0000,0.0000,0.0000,0.0000,5.32,27.36,33,-6.270,1,102.8
219.384,+0.0104,+0.0593,-0.0250,0.0611,-0.3633,0.297,-7.107,0.196,0.891,0.0000,0.0000,0.0000,0.0000,0.0000,0.0000,0.0000,0.0000,5.32,27.34,33,-6.270,1,102.8
219.417,+0.0104,+0.0593,-0.0250,0.0611,-0.3633,0.328,-6.959,0.538,0.882,0.0000,0.0000,0.0000,0.0000,0.0000,0.0000,0.0000,0.0000,4.80,27.34,33,-6.160,1,95.9
219.456,+0.0104,+0.0593,-0.0250,0.0600,-0.3622,0.350,-6.927,0.639,0.855,0.0000,0.0000,0.0000,0.0000,0.0000,0.0000,0.0000,0.0000,4.80,27.33,33,-6.130,1,95.9
219.488,+0.0104,+0.0593,-0.0250,0.0600,-0.3622,0.373,-6.892,0.590,0.858,0.0000,0.0000,0.0000,0.0000,0.0000,0.0000,0.0000,0.0000,4.80,27.31,33,-6.070,1,95.9
219.518,+0.0104,+0.0593,-0.0250,0.0600,-0.3622,0.373,-6.892,0.590,0.858,0.0000,0.0000,0.0000,0.0000,0.0000,0.0000,0.0000,0.0000,4.80,27.31,33,-6.070,1,95.9
219.570,+0.0104,+0.0593,-0.0250,0.0600,-0.3622,0.373,-6.892,0.590,0.858,0.0000,0.0000,0.0000,0.0000,0.0000,0.0000,0.0000,0.0000,4.80,27.31,33,-6.070,1,95.9
219.600,+0.0104,+0.0593,-0.0250,0.0600,-0.3622,0.373,-6.892,0.590,0.858,0.0000,0.0000,0.0000,0.0000,0.0000,0.0000,0.0000,0.0000,4.80,27.31,33,-6.070,1,95.9
219.632,+0.0104,+0.0593,-0.0250,0.0600,-0.3622,0.373,-6.892,0.590,0.858,0.0000,0.0000,0.0000,0.0000,0.0000,0.0000,0.0000,0.0000,4.80,27.31,33,-6.070,1,95.9
219.675,+0.0104,+0.0593,-0.0250,0.0600,-0.3622,0.394,-6.856,0.476,0.856,0.0000,0.0000,0.0000,0.0000,0.0000,0.0000,0.0000,0.0000,4.30,27.29,33,-6.000,1,89.0
219.709,+0.0104,+0.0593,-0.0250,0.0600,-0.3622,0.457,-6.774,1.212,0.988,0.0000,0.0000,0.0000,0.0000,0.0000,0.0000,0.0000,0.0000,4.30,27.29,33,-5.960,1,89.0
219.749,+0.0104,+0.0593,-0.0200,0.0600,-0.3644,0.513,-6.739,1.293,0.778,0.0000,0.0000,0.0000,0.0000,0.0000,0.0000,0.0000,0.0000,4.30,27.28,33,-5.900,1,89.0
219.778,+0.0104,+0.0593,-0.0200,0.0600,-0.3644,0.513,-6.739,1.293,0.778,0.0000,0.0000,0.0000,0.0000,0.0000,0.0000,0.0000,0.0000,4.10,27.28,33,-5.900,1,86.2
219.817,-0.0117,+0.0593,-0.0200,0.0600,-0.3644,0.513,-6.739,1.293,0.778,0.0000,0.0000,0.0000,0.0000,0.0000,0.0000,0.0000,0.0000,4.10,27.28,33,-5.900,1,86.2
219.857,+0.0083,+0.0593,-0.0200,0.0600,-0.3644,0.513,-6.739,1.293,0.778,0.0000,0.0000,0.0000,0.0000,0.0000,0.0000,0.0000,0.0000,4.10,27.28,33,-5.900,1,86.2
219.918,+0.0083,+0.0593,-0.0200,0.0600,-0.3644,0.513,-6.739,1.293,0.778,0.0000,0.0000,0.0000,0.0000,0.0000,0.0000,0.0000,0.0000,4.10,27.24,33,-5.900,1,86.2
219.947,+0.0083,+0.1109,-0.0200,0.0589,-0.3633,0.761,-6.615,1.578,0.880,0.0000,0.0000,0.0000,0.0000,0.0000,0.0000,0.0000,0.0000,4.10,27.23,33,-5.810,1,86.2
219.975,+0.0083,+0.0630,-0.0200,0.0567,-0.3633,0.834,-6.580,1.632,0.844,0.0000,0.0000,0.0000,0.0000,0.0000,0.0000,0.0000,0.0000,3.62,27.21,33,-5.740,1,79.2
220.017,+0.0083,+0.0630,-0.0200,0.0567,-0.3633,0.911,-6.547,1.631,0.805,0.0000,0.0000,0.0000,0.0000,0.0000,0.0000,0.0000,0.0000,3.62,27.21,33,-5.710,1,79.2
220.044,+0.0083,+0.0630,-0.0200,0.0567,-0.3633,0.911,-6.547,1.631,0.805,0.0000,0.0000,0.0000,0.0000,0.0000,0.0000,0.0000,0.0000,3.62,27.21,33,-5.710,1,79.2
220.099,+0.0083,+0.0630,-0.0200,0.0567,-0.3633,0.911,-6.547,1.631,0.805,0.0000,0.0000,0.0000,0.0000,0.0000,0.0000,0.0000,0.0000,3.62,27.21,33,-5.710,1,79.2
220.126,+0.0083,+0.1183,-0.0200,0.0567,-0.3633,0.911,-6.547,1.631,0.805,0.0000,0.0000,0.0000,0.0000,0.0000,0.0000,0.0000,0.0000,3.62,27.21,33,-5.710,1,79.2
220.156,+0.0083,+0.0667,-0.0200,0.0567,-0.3633,0.911,-6.547,1.631,0.805,0.0000,0.0000,0.0000,0.0000,0.0000,0.0000,0.0000,0.0000,3.62,27.21,33,-5.710,1,79.2
220.193,-0.0147,+0.0667,-0.0150,0.0567,-0.3678,1.053,-6.487,1.502,0.751,0.0000,0.0000,0.0000,0.0000,0.0000,0.0000,0.0000,0.0000,3.34,27.19,33,-5.570,1,74.9
220.224,+0.0063,+0.1160,-0.0150,0.0567,-0.3678,1.135,-6.443,0.512,0.578,0.0000,0.0000,0.0000,0.0000,0.0000,0.0000,0.0000,0.0000,3.34,27.16,33,-5.510,1,74.9
220.252,+0.0063,+0.0704,-0.0150,0.0556,-0.3667,1.143,-6.420,0.330,0.654,0.0000,0.0000,0.0000,0.0000,0.0000,0.0000,0.0000,0.0000,3.34,27.16,33,-5.480,1,74.9
220.302,+0.0063,+0.0704,-0.0150,0.0556,-0.3667,1.143,-6.420,0.330,0.654,0.0000,0.0000,0.0000,0.0000,0.0000,0.0000,0.0000,0.0000,3.34,27.16,33,-5.480,1,74.9
220.331,+0.0063,+0.0704,-0.0150,0.0556,-0.3667,1.143,-6.420,0.330,0.654,0.0000,0.0000,0.0000,0.0000,0.0000,0.0000,0.0000,0.0000,3.34,27.16,33,-5.480,1,74.9
220.366,+0.0063,+0.0704,-0.0150,0.0556,-0.3667,1.143,-6.420,0.330,0.654,0.0000,0.0000,0.0000,0.0000,0.0000,0.0000,0.0000,0.0000,3.34,27.16,33,-5.480,1,74.9
220.408,+0.0063,+0.0704,-0.0150,0.0556,-0.3667,1.152,-6.388,0.477,1.092,0.0000,0.0000,0.0000,0.0000,0.0000,0.0000,0.0000,0.0000,3.34,27.13,33,-5.480,1,74.9
220.442,+0.0063,+0.0704,-0.0150,0.0533,-0.3667,1.178,-6.269,0.342,1.461,0.0000,0.0000,0.0000,0.0000,0.0000,0.0000,0.0000,0.0000,2.90,27.11,33,-4.880,1,68.0
220.513,+0.0063,+0.0704,-0.0100,0.0511,-0.3667,1.183,-6.211,0.218,1.304,0.0000,0.0000,0.0000,0.0000,0.0000,0.0000,0.0000,0.0000,2.90,27.10,33,-5.170,1,68.0
220.544,+0.0063,+0.0704,-0.0100,0.0511,-0.3667,1.183,-6.211,0.218,1.304,0.0000,0.0000,0.0000,0.0000,0.0000,0.0000,0.0000,0.0000,2.90,27.10,33,-5.170,0,68.0
220.577,+0.0063,+0.0704,-0.0100,0.0511,-0.3667,1.183,-6.211,0.218,1.304,0.0000,0.0000,0.0000,0.0000,0.0000,0.0000,0.0000,0.0000,2.90,27.10,33,-5.170,0,68.0
220.616,+0.0063,+0.0704,-0.0100,0.0511,-0.3667,1.183,-6.211,0.218,1.304,0.0000,0.0000,0.0000,0.0000,0.0000,0.0000,0.0000,0.0000,2.90,27.10,33,-5.170,0,68.0
220.645,-0.0504,-0.0878,-0.0100,0.0511,-0.3667,1.177,-6.118,0.059,0.965,0.0000,0.0000,0.0000,0.0000,0.0000,0.0000,0.0000,0.0000,2.90,27.07,33,-5.080,1,68.0
220.705,-0.0083,+0.0296,-0.0100,0.0533,-0.3689,1.059,-6.060,-1.444,0.401,0.0000,0.0000,0.0000,0.0000,0.0000,0.0000,0.0000,0.0000,2.50,27.03,32,-5.000,1,61.5
220.775,-0.0083,+0.0296,-0.0150,0.0544,-0.3700,1.055,-6.060,-1.560,0.423,0.0000,0.0000,0.0000,0.0000,0.0000,0.0000,0.0000,0.0000,2.34,27.03,32,-4.970,1,58.7
220.842,-0.0083,+0.0296,-0.0150,0.0544,-0.3700,1.055,-6.060,-1.560,0.423,0.0000,0.0000,0.0000,0.0000,0.0000,0.0000,0.0000,0.0000,2.34,27.03,32,-4.970,1,58.7
220.912,-0.0083,+0.0296,-0.0100,0.0522,-0.3567,0.645,-5.944,-2.171,0.924,0.0000,0.0000,0.0000,0.0000,0.0000,0.0000,0.0000,0.0000,2.34,26.97,32,-5.340,1,58.7
220.981,-0.0083,+0.0296,-0.0150,0.0544,-0.3611,0.514,-5.908,-2.330,0.775,0.0000,0.0000,0.0000,0.0000,0.0000,0.0000,0.0000,0.0000,2.02,26.96,32,-5.300,1,53.1
221.052,-0.0216,+0.0532,-0.0150,0.0544,-0.3611,0.514,-5.908,-2.330,0.775,0.0000,0.0000,0.0000,0.0000,0.0000,0.0000,0.0000,0.0000,2.02,26.96,32,-5.300,1,53.1
221.165,-0.0195,+0.0656,-0.0150,0.0567,-0.3633,0.056,-5.845,-1.579,0.235,0.0000,0.0000,0.0000,0.0000,0.0000,0.0000,0.0000,0.0000,1.71,26.93,32,-5.240,1,47.6
221.237,-0.0125,+0.0872,-0.0200,0.0578,-0.3667,-0.030,-5.849,-1.507,-0.037,0.0000,0.0000,0.0000,0.0000,0.0000,0.0000,0.0000,0.0000,1.71,26.89,32,-4.990,1,47.6
221.306,+0.0010,+0.1200,-0.0200,0.0578,-0.3667,-0.030,-5.849,-1.507,-0.037,0.0000,0.0000,0.0000,0.0000,0.0000,0.0000,0.0000,0.0000,1.71,26.89,32,-4.990,1,47.6
221.376,+0.0030,+0.1309,-0.0200,0.0578,-0.3667,-0.030,-5.849,-1.507,-0.037,0.0000,0.0000,0.0000,0.0000,0.0000,0.0000,0.0000,0.0000,1.71,26.84,32,-4.990,1,47.6
221.446,+0.0317,+0.1416,-0.0200,0.0611,-0.3789,-0.356,-5.989,-1.355,-0.332,0.0000,0.0000,0.0000,0.0000,0.0000,0.0000,0.0000,0.0000,1.35,26.83,32,-4.510,1,40.8
221.515,+0.0523,+0.1540,-0.0250,0.0633,-0.3833,-0.433,-6.012,-1.386,-0.261,0.0000,0.0000,0.0000,0.0000,0.0000,0.0000,0.0000,0.0000,1.35,26.80,32,-4.160,1,40.8
221.583,+0.0610,+0.1655,-0.0250,0.0633,-0.3833,-0.433,-6.012,-1.386,-0.261,0.0000,0.0000,0.0000,0.0000,0.0000,0.0000,0.0000,0.0000,1.35,26.80,32,-4.160,1,40.8
221.652,+0.0826,+0.2004,-0.0300,0.0678,-0.3922,-0.602,-6.061,-1.510,-0.305,0.0000,0.0000,0.0000,0.0000,0.0000,0.0000,0.0000,0.0000,0.96,26.77,32,-3.880,1,33.9
221.719,+0.0810,+0.1932,-0.0350,0.0700,-0.3989,-0.665,-6.061,0.189,0.189,0.0000,0.0000,0.0000,0.0000,0.0000,0.0000,0.0000,0.0000,0.96,0.00,33,-3.460,1,33.9
221.798,+0.0814,+0.2152,-0.0350,0.0700,-0.3989,-0.665,-6.061,0.189,0.189,0.0000,0.0000,0.0000,0.0000,0.0000,0.0000,0.0000,0.0000,2.81,0.00,33,-3.460,1,31.7
221.863,+0.0704,+0.2211,-0.0350,0.0700,-0.3989,-0.665,-6.061,0.189,0.189,0.0000,0.0000,0.0000,0.0000,0.0000,0.0000,0.0000,0.0000,2.81,0.00,33,-3.460,1,31.7
221.930,+0.1013,+0.2542,-0.0350,0.0733,-0.4089,-0.381,-5.416,0.189,0.187,0.0000,0.0000,0.0000,0.0000,0.0000,0.0000,0.0000,0.0000,2.81,0.00,33,-2.660,1,31.7
221.998,+0.1223,+0.2916,-0.0350,0.0733,-0.4111,-0.381,-5.416,0.189,0.190,0.0000,0.0000,0.0000,0.0000,0.0000,0.0000,0.0000,0.0000,2.50,0.00,33,-2.370,1,26.1
222.068,+0.1449,+0.3555,-0.0350,0.0733,-0.4111,-0.381,-5.416,0.189,0.190,0.0000,0.0000,0.0000,0.0000,0.0000,0.0000,0.0000,0.0000,2.50,0.00,33,-2.370,1,26.1
222.138,+0.1581,+0.3830,-0.0350,0.0744,-0.4189,-0.075,-5.090,0.191,0.190,0.0000,0.0000,0.0000,0.0000,0.0000,0.0000,0.0000,0.0000,2.50,0.00,33,-1.640,1,26.1
222.209,+0.1822,+0.4525,-0.0350,0.0722,-0.4056,0.298,-4.526,2.727,5.005,0.0000,0.0000,0.0000,0.0000,0.0000,0.0000,0.0000,0.0000,2.31,26.59,33,-0.900,1,22.2
222.277,+0.2271,+0.4684,-0.0350,0.0722,-0.4056,0.298,-4.526,2.727,5.005,0.0000,0.0000,0.0000,0.0000,0.0000,0.0000,0.0000,0.0000,2.31,26.59,33,-0.900,1,22.2
222.345,+0.2271,+0.4684,-0.0350,0.0722,-0.4056,0.298,-4.526,2.727,5.005,0.0000,0.0000,0.0000,0.0000,0.0000,0.0000,0.0000,0.0000,2.31,26.59,33,-0.900,0,22.2
222.401,+0.2271,+0.4684,-0.0350,0.0722,-0.4056,0.298,-4.526,2.727,5.005,0.0000,0.0000,0.0000,0.0000,0.0000,0.0000,0.0000,0.0000,2.31,26.54,33,-0.900,0,22.2
222.425,+0.2271,+0.4684,-0.0400,0.0756,-0.4200,0.695,-3.951,4.596,5.291,0.0000,0.0000,0.0000,0.0000,0.0000,0.0000,0.0000,0.0000,2.04,26.54,33,0.530,0,15.3
222.468,+0.2271,+0.4684,-0.0400,0.0778,-0.4311,1.156,-3.472,4.434,4.501,0.0000,0.0000,0.0000,0.0000,0.0000,0.0000,0.0000,0.0000,2.04,26.49,33,1.750,0,15.3
222.494,+0.2271,+0.4684,-0.0400,0.0789,-0.4344,1.363,-3.253,4.318,4.537,0.0000,0.0000,0.0000,0.0000,0.0000,0.0000,0.0000,0.0000,2.04,26.43,33,1.970,0,15.3
222.535,+0.2271,+0.4684,-0.0400,0.0789,-0.4344,1.363,-3.253,4.318,4.537,0.0000,0.0000,0.0000,0.0000,0.0000,0.0000,0.0000,0.0000,2.04,26.43,33,1.970,0,15.3
222.568,+0.2271,+0.4684,-0.0400,0.0789,-0.4344,1.363,-3.253,4.318,4.537,0.0000,0.0000,0.0000,0.0000,0.0000,0.0000,0.0000,0.0000,2.04,26.43,33,1.970,0,15.3
222.595,+0.2271,+0.4684,-0.0400,0.0789,-0.4344,1.363,-3.253,4.318,4.537,0.0000,0.0000,0.0000,0.0000,0.0000,0.0000,0.0000,0.0000,2.04,26.43,33,1.970,0,15.3
222.623,+0.2271,+0.4684,-0.0400,0.0789,-0.4344,1.363,-3.253,4.318,4.537,0.0000,0.0000,0.0000,0.0000,0.0000,0.0000,0.0000,0.0000,2.04,26.43,33,1.970,0,15.3
223.250,-0.7458,-1.3407,-1.0000,0.3611,-0.8611,-33.687,-9.334,-49.112,-59.128,0.0000,0.0000,0.0000,0.0000,0.0000,0.0000,0.0000,0.0000,2.03,6.54,53,-0.030,1,1.9
223.285,-0.7458,-1.0000,-1.0000,0.3611,-0.8611,-33.687,-9.334,-49.112,-59.128,0.0000,0.0000,0.0000,0.0000,0.0000,0.0000,0.0000,0.0000,2.03,6.54,53,-0.030,1,1.9
223.315,-0.7458,-1.0000,-1.0000,0.3611,-0.8611,-33.687,-9.334,-49.112,-59.128,0.0000,0.0000,0.0000,0.0000,0.0000,0.0000,0.0000,0.0000,2.03,6.54,53,-0.030,1,1.9
223.373,-0.7458,-1.0000,-1.0000,0.3611,-0.8611,-33.687,-9.334,-49.112,-59.128,0.0000,0.0000,0.0000,0.0000,0.0000,0.0000,0.0000,0.0000,2.03,6.54,53,-0.030,1,1.9
223.410,-0.7458,-1.0000,-1.0000,0.3611,-0.8611,-33.687,-9.334,-49.112,-59.128,0.0000,0.0000,0.0000,0.0000,0.0000,0.0000,0.0000,0.0000,2.03,6.54,53,-0.030,1,1.9
223.441,-0.7458,-1.0000,-1.0000,0.3611,-0.8611,-41.137,-8.629,-31.503,-53.327,0.0000,0.0000,0.0000,0.0000,0.0000,0.0000,0.0000,0.0000,2.03,6.37,45,-0.030,1,1.9
223.506,-0.7458,-1.0000,-1.0000,0.3611,-0.8611,-44.457,-8.008,-20.412,-46.516,0.0000,0.0000,0.0000,0.0000,0.0000,0.0000,0.0000,0.0000,1.37,6.30,45,-1.430,1,1.4
223.537,-0.7458,-1.0000,-1.0000,0.3611,-0.8611,-44.457,-8.008,-20.412,-46.516,0.0000,0.0000,0.0000,0.0000,0.0000,0.0000,0.0000,0.0000,1.37,6.21,45,-1.430,1,1.4
223.569,-0.7458,-1.0000,-1.0000,0.3611,-0.8611,-44.457,-8.008,-20.412,-46.516,0.0000,0.0000,0.0000,0.0000,0.0000,0.0000,0.0000,0.0000,1.37,6.21,45,-1.430,1,1.4
223.604,-0.7458,-1.0000,-1.0000,0.3611,-0.8611,-44.457,-8.008,-20.412,-46.516,0.0000,0.0000,0.0000,0.0000,0.0000,0.0000,0.0000,0.0000,1.37,6.21,45,-1.430,1,1.4
223.639,-0.7458,-1.0000,-1.0000,0.3611,-0.8611,-44.457,-8.008,-20.412,-46.516,0.0000,0.0000,0.0000,0.0000,0.0000,0.0000,0.0000,0.0000,1.37,6.21,45,-1.430,1,1.4
223.671,-0.7458,-1.0000,-1.0000,0.3611,-0.8611,-44.457,-8.008,-20.412,-46.516,0.0000,0.0000,0.0000,0.0000,0.0000,0.0000,0.0000,0.0000,1.37,5.32,45,-1.430,1,1.4
223.700,-0.7458,-1.0000,-1.0000,0.3611,-0.8611,-39.617,-4.078,273.873,-17.985,0.0000,0.0000,0.0000,0.0000,0.0000,0.0000,0.0000,0.0000,0.42,5.32,45,-2.540,1,2.0
223.727,-0.7458,-1.0000,-0.6250,0.2467,-0.9756,-39.617,-4.078,273.873,-17.985,0.0000,0.0000,0.0000,0.0000,0.0000,0.0000,0.0000,0.0000,0.42,3.08,44,-3.090,1,2.0
223.750,-0.7458,-1.0000,-0.7150,0.2756,-0.9467,-26.583,-2.975,268.633,-23.302,0.0000,0.0000,0.0000,0.0000,0.0000,0.0000,0.0000,0.0000,0.43,3.08,44,-3.480,1,2.3
223.782,-0.7458,-1.0000,-0.7150,0.2756,-0.9467,-26.583,-2.975,268.633,-23.302,0.0000,0.0000,0.0000,0.0000,0.0000,0.0000,0.0000,0.0000,0.43,3.08,44,-3.480,1,2.3
223.822,-0.7458,-1.0000,-0.7150,0.2756,-0.9467,-26.583,-2.975,268.633,-23.302,0.0000,0.0000,0.0000,0.0000,0.0000,0.0000,0.0000,0.0000,0.43,3.08,44,-3.480,1,2.3
223.862,-0.7458,-1.0000,-0.7150,0.2756,-0.9467,-26.583,-2.975,268.633,-23.302,0.0000,0.0000,0.0000,0.0000,0.0000,0.0000,0.0000,0.0000,0.43,3.08,44,-3.480,1,2.3
223.911,-0.7458,-1.0000,-0.7150,0.2756,-0.9467,-26.583,-2.975,268.633,-23.302,0.0000,0.0000,0.0000,0.0000,0.0000,0.0000,0.0000,0.0000,0.43,2.61,44,-3.480,0,2.3
223.937,-0.7458,-1.0000,-0.1350,0.1544,-0.5944,-0.121,-3.807,-12.175,1.771,0.0000,0.0000,0.0000,0.0000,0.0000,0.0000,0.0000,0.0000,0.43,2.44,44,-5.010,0,2.3
223.968,-0.7458,-1.0000,-0.0150,0.0644,-0.4778,-0.979,-3.740,-18.592,0.478,0.0000,0.0000,0.0000,0.0000,0.0000,0.0000,0.0000,0.0000,0.44,2.44,44,-6.230,0,2.8
223.997,-0.7458,-1.0000,0.0350,0.0144,-0.3367,-2.151,-3.906,-24.686,1.213,0.0000,0.0000,0.0000,0.0000,0.0000,0.0000,0.0000,0.0000,0.44,2.13,44,-6.740,0,2.8
224.028,-0.7458,-1.0000,0.0350,0.0144,-0.3367,-2.151,-3.906,-24.686,1.213,0.0000,0.0000,0.0000,0.0000,0.0000,0.0000,0.0000,0.0000,0.44,2.13,44,-6.740,0,2.8
224.121,-0.7458,-1.0000,0.0350,0.0144,-0.3367,-2.151,-3.906,-24.686,1.213,0.0000,0.0000,0.0000,0.0000,0.0000,0.0000,0.0000,0.0000,0.44,2.13,44,-6.740,0,2.8
224.154,-0.7458,-1.0000,0.0350,0.0144,-0.3367,-2.151,-3.906,-24.686,1.213,0.0000,0.0000,0.0000,0.0000,0.0000,0.0000,0.0000,0.0000,0.44,1.82,44,-6.740,0,2.8
224.181,-0.7458,-1.0000,0.2950,-0.1667,0.0511,-0.202,-3.034,49.513,-16.715,0.0000,0.0000,0.0000,0.0000,0.0000,0.0000,0.0000,0.0000,0.45,1.82,44,-8.130,0,3.2
224.218,-0.7458,-1.0000,0.1550,-0.0589,0.3522,1.047,-3.258,3.485,0.288,0.0000,0.0000,0.0000,0.0000,0.0000,0.0000,0.0000,0.0000,0.45,1.66,43,-9.640,0,3.2
