timestamp_s,errorx,errory,aileron,elevator,rudder,roll_deg,pitch_deg,roll_rate_dps,pitch_rate_dps,pid_roll_desired,pid_roll_P,pid_roll_I,pid_roll_D,pid_pitch_desired,pid_pitch_P,pid_pitch_I,pid_pitch_D,alt_rel_m,groundspeed_ms,throttle_pct,nav_pitch_deg,target_locked,dist_m
1006.060,+0.0000,+0.0000,0.0650,0.0078,-0.4833,9.388,-4.058,-3.654,0.755,0.0000,0.0000,0.0000,0.0000,0.0000,0.0000,0.0000,0.0000,91.02,24.24,45,-0.350,0,741.7
1006.086,+0.0000,+0.0000,0.0650,0.0089,-0.4867,9.182,-4.051,-3.809,0.671,0.0000,0.0000,0.0000,0.0000,0.0000,0.0000,0.0000,0.0000,91.02,24.24,45,-0.450,0,741.7
1006.126,+0.0000,+0.0000,0.0650,0.0089,-0.4867,9.182,-4.051,-3.809,0.671,0.0000,0.0000,0.0000,0.0000,0.0000,0.0000,0.0000,0.0000,91.02,24.24,45,-0.450,0,741.7
1006.203,+0.6937,-0.3296,0.0650,0.0089,-0.4867,9.182,-4.051,-3.809,0.671,0.0000,0.0000,0.0000,0.0000,0.0000,0.0000,0.0000,0.0000,91.02,24.24,45,-0.450,1,741.7
1006.251,+0.6937,-0.3628,0.0500,0.0167,-0.4656,8.285,-3.829,-8.532,4.478,0.0000,0.0000,0.0000,0.0000,0.0000,0.0000,0.0000,0.0000,91.02,24.25,45,-0.880,1,741.7
1006.285,+0.6937,-0.3628,0.0500,0.0156,-0.4378,7.870,-3.536,-7.054,8.642,0.0000,0.0000,0.0000,0.0000,0.0000,0.0000,0.0000,0.0000,90.80,24.25,44,-1.030,0,736.0
1006.310,+0.6937,-0.3628,0.0450,0.0178,-0.4156,7.095,-2.478,-9.000,11.252,0.0000,0.0000,0.0000,0.0000,0.0000,0.0000,0.0000,0.0000,90.80,24.25,44,-1.170,0,736.0
1006.346,+0.6937,-0.3628,0.0350,0.0222,-0.4089,7.095,-2.478,-9.000,11.252,0.0000,0.0000,0.0000,0.0000,0.0000,0.0000,0.0000,0.0000,90.80,24.25,44,-1.330,0,736.0
1006.398,+0.7161,-0.9150,0.0350,0.0222,-0.4089,7.095,-2.478,-9.000,11.252,0.0000,0.0000,0.0000,0.0000,0.0000,0.0000,0.0000,0.0000,90.80,24.25,44,-1.330,1,736.0
1006.433,+0.7000,-0.4963,0.0350,0.0222,-0.4089,7.095,-2.478,-9.000,11.252,0.0000,0.0000,0.0000,0.0000,0.0000,0.0000,0.0000,0.0000,90.80,24.25,44,-1.330,1,736.0
1006.462,+0.7000,-0.5474,0.0350,0.0222,-0.4089,7.095,-2.478,-9.000,11.252,0.0000,0.0000,0.0000,0.0000,0.0000,0.0000,0.0000,0.0000,90.80,24.25,44,-1.330,1,736.0
1006.507,+0.6803,-0.5350,0.0200,0.0300,-0.3944,6.094,-1.559,-11.550,7.863,0.0000,0.0000,0.0000,0.0000,0.0000,0.0000,0.0000,0.0000,90.71,24.23,44,-1.900,1,732.7
1006.544,+0.6500,-0.5889,0.0000,0.0467,-0.3978,4.509,-1.098,-17.217,1.926,0.0000,0.0000,0.0000,0.0000,0.0000,0.0000,0.0000,0.0000,90.71,24.18,44,-2.080,1,732.7
1006.577,+0.6416,-0.5574,-0.0100,0.0533,-0.3933,4.509,-1.098,-17.217,1.926,0.0000,0.0000,0.0000,0.0000,0.0000,0.0000,0.0000,0.0000,90.71,24.18,44,-4.060,1,732.7
1006.605,+0.6008,-0.5148,-0.0100,0.0533,-0.3933,4.509,-1.098,-17.217,1.926,0.0000,0.0000,0.0000,0.0000,0.0000,0.0000,0.0000,0.0000,90.71,24.18,44,-4.060,1,732.7
1006.650,+0.6237,-0.5148,-0.0100,0.0533,-0.3933,4.509,-1.098,-17.217,1.926,0.0000,0.0000,0.0000,0.0000,0.0000,0.0000,0.0000,0.0000,90.71,24.18,44,-4.060,1,732.7
1006.704,+0.6273,-0.5148,-0.0100,0.0533,-0.3933,4.509,-1.098,-17.217,1.926,0.0000,0.0000,0.0000,0.0000,0.0000,0.0000,0.0000,0.0000,90.71,24.18,44,-4.060,1,732.7
1006.743,+0.6032,-0.5549,-0.0500,0.0833,-0.4167,2.029,-1.323,-16.022,-6.131,0.0000,0.0000,0.0000,0.0000,0.0000,0.0000,0.0000,0.0000,90.71,24.12,44,-3.700,1,732.7
1006.780,+0.6410,-0.5604,-0.0600,0.0900,-0.4144,0.496,-2.118,-14.507,-6.747,0.0000,0.0000,0.0000,0.0000,0.0000,0.0000,0.0000,0.0000,90.73,24.11,44,-4.250,1,725.7
1006.806,+0.6299,-0.5222,-0.0850,0.1033,-0.3967,-0.228,-2.410,-13.993,-5.062,0.0000,0.0000,0.0000,0.0000,0.0000,0.0000,0.0000,0.0000,90.73,24.11,44,-4.700,1,725.7
1006.850,+0.6604,-0.5581,-0.0850,0.1033,-0.3967,-0.228,-2.410,-13.993,-5.062,0.0000,0.0000,0.0000,0.0000,0.0000,0.0000,0.0000,0.0000,90.77,24.11,44,-4.700,1,722.2
1006.881,+0.6604,-0.5748,-0.0850,0.1033,-0.3967,-0.228,-2.410,-13.993,-5.062,0.0000,0.0000,0.0000,0.0000,0.0000,0.0000,0.0000,0.0000,90.77,24.11,44,-4.700,1,722.2
1006.917,+0.6604,-0.4870,-0.0850,0.1033,-0.3967,-0.228,-2.410,-13.993,-5.062,0.0000,0.0000,0.0000,0.0000,0.0000,0.0000,0.0000,0.0000,90.77,24.11,44,-4.700,1,722.2
1006.982,+0.6319,-0.5005,-0.0850,0.1033,-0.3967,-1.065,-2.545,0.557,-0.059,0.0000,0.0000,0.0000,0.0000,0.0000,0.0000,0.0000,0.0000,90.77,24.08,43,-4.700,1,722.2
1007.013,+0.6017,-0.3767,-0.1050,0.1133,-0.3578,-1.065,-2.545,0.557,-0.059,0.0000,0.0000,0.0000,0.0000,0.0000,0.0000,0.0000,0.0000,90.77,24.08,43,-5.910,1,722.2
1007.044,+0.6243,-0.3632,-0.1100,0.1189,-0.3633,-0.963,-2.530,1.239,-1.639,0.0000,0.0000,0.0000,0.0000,0.0000,0.0000,0.0000,0.0000,90.75,24.08,43,-6.450,1,717.5
1007.078,+0.5995,-0.3652,-0.1150,0.1222,-0.3667,-0.868,-2.686,2.665,-3.989,0.0000,0.0000,0.0000,0.0000,0.0000,0.0000,0.0000,0.0000,90.75,24.07,43,-6.830,1,717.5
1007.111,+0.6458,-0.3943,-0.1150,0.1222,-0.3667,-0.868,-2.686,2.665,-3.989,0.0000,0.0000,0.0000,0.0000,0.0000,0.0000,0.0000,0.0000,90.75,24.07,43,-6.830,1,717.5
1007.170,+0.6458,-0.3446,-0.1150,0.1222,-0.3667,-0.868,-2.686,2.665,-3.989,0.0000,0.0000,0.0000,0.0000,0.0000,0.0000,0.0000,0.0000,90.75,24.07,43,-6.830,1,717.5
1007.206,+0.6697,-0.3780,-0.1150,0.1222,-0.3667,-0.868,-2.686,2.665,-3.989,0.0000,0.0000,0.0000,0.0000,0.0000,0.0000,0.0000,0.0000,90.75,24.07,43,-6.830,1,717.5
1007.294,+0.6701,-0.3765,-0.1200,0.1211,-0.3411,0.489,-3.429,7.488,-1.216,0.0000,0.0000,0.0000,0.0000,0.0000,0.0000,0.0000,0.0000,90.72,24.06,43,-8.080,1,714.0
1007.323,+0.7399,-0.3366,-0.1150,0.1200,-0.3333,0.489,-3.429,7.488,-1.216,0.0000,0.0000,0.0000,0.0000,0.0000,0.0000,0.0000,0.0000,90.72,24.06,43,-8.110,1,714.0
1007.363,+0.7673,-0.2397,-0.1150,0.1200,-0.3333,0.489,-3.429,7.488,-1.216,0.0000,0.0000,0.0000,0.0000,0.0000,0.0000,0.0000,0.0000,90.72,24.06,43,-8.110,1,714.0
1007.390,+0.7632,-0.0789,-0.1150,0.1200,-0.3333,0.489,-3.429,7.488,-1.216,0.0000,0.0000,0.0000,0.0000,0.0000,0.0000,0.0000,0.0000,90.72,24.06,43,-8.110,1,714.0
1007.421,+0.7030,-0.0936,-0.1150,0.1200,-0.3333,0.489,-3.429,7.488,-1.216,0.0000,0.0000,0.0000,0.0000,0.0000,0.0000,0.0000,0.0000,90.72,24.06,43,-8.110,1,714.0
1007.472,+0.7123,-0.0573,-0.1150,0.1200,-0.3333,1.203,-3.416,16.360,-0.198,0.0000,0.0000,0.0000,0.0000,0.0000,0.0000,0.0000,0.0000,90.72,24.06,42,-8.110,1,714.0
1007.505,+0.6556,+0.0312,-0.1100,0.1122,-0.3189,1.998,-3.498,17.735,-2.954,0.0000,0.0000,0.0000,0.0000,0.0000,0.0000,0.0000,0.0000,90.64,24.07,42,-9.810,1,709.3
1007.540,+0.6287,+0.1450,-0.1150,0.1178,-0.3378,2.851,-3.748,16.081,-6.288,0.0000,0.0000,0.0000,0.0000,0.0000,0.0000,0.0000,0.0000,90.64,24.07,42,-9.140,1,709.3
1007.579,+0.6078,+0.1313,-0.1100,0.1178,-0.3644,3.629,-4.207,15.401,-9.396,0.0000,0.0000,0.0000,0.0000,0.0000,0.0000,0.0000,0.0000,90.64,24.07,42,-8.170,1,709.3
1007.638,+0.6227,+0.0977,-0.1100,0.1178,-0.3644,3.629,-4.207,15.401,-9.396,0.0000,0.0000,0.0000,0.0000,0.0000,0.0000,0.0000,0.0000,90.64,24.07,42,-8.170,1,709.3
1007.669,+0.5522,+0.2561,-0.1100,0.1178,-0.3644,3.629,-4.207,15.401,-9.396,0.0000,0.0000,0.0000,0.0000,0.0000,0.0000,0.0000,0.0000,90.64,24.07,42,-8.170,1,709.3
1007.713,+0.6135,+0.2455,-0.1100,0.1178,-0.3644,6.223,-5.722,19.102,-7.634,0.0000,0.0000,0.0000,0.0000,0.0000,0.0000,0.0000,0.0000,90.64,24.08,42,-8.170,1,709.3
1007.746,+0.5974,+0.1692,-0.0800,0.0989,-0.3767,6.261,-5.738,19.454,-7.321,0.0000,0.0000,0.0000,0.0000,0.0000,0.0000,0.0000,0.0000,90.42,24.08,42,-7.920,1,702.5
1007.799,+0.6119,+0.1828,-0.0550,0.0856,-0.4078,8.309,-6.449,20.767,-6.034,0.0000,0.0000,0.0000,0.0000,0.0000,0.0000,0.0000,0.0000,90.42,24.10,42,-7.680,1,702.5
1007.830,+0.6417,+0.1404,-0.0550,0.0856,-0.4078,8.309,-6.449,20.767,-6.034,0.0000,0.0000,0.0000,0.0000,0.0000,0.0000,0.0000,0.0000,90.28,24.10,42,-7.680,1,700.1
1007.861,+0.6690,+0.1535,-0.0550,0.0856,-0.4078,8.309,-6.449,20.767,-6.034,0.0000,0.0000,0.0000,0.0000,0.0000,0.0000,0.0000,0.0000,90.28,24.10,42,-7.680,1,700.1
1007.895,+0.6438,+0.1116,-0.0550,0.0856,-0.4078,8.309,-6.449,20.767,-6.034,0.0000,0.0000,0.0000,0.0000,0.0000,0.0000,0.0000,0.0000,90.28,24.10,42,-7.680,1,700.1
1007.925,+0.6721,+0.0860,-0.0550,0.0856,-0.4078,8.309,-6.449,20.767,-6.034,0.0000,0.0000,0.0000,0.0000,0.0000,0.0000,0.0000,0.0000,90.28,24.10,42,-7.680,1,700.1
1007.966,+0.6458,+0.1442,-0.0550,0.0856,-0.4078,10.280,-6.935,0.139,0.101,0.0000,0.0000,0.0000,0.0000,0.0000,0.0000,0.0000,0.0000,90.28,0.00,42,-7.680,1,700.1
1008.002,+0.6458,+0.1344,-0.0350,0.0722,-0.4122,10.280,-6.935,0.139,0.101,0.0000,0.0000,0.0000,0.0000,0.0000,0.0000,0.0000,0.0000,90.28,0.00,42,-6.910,1,700.1
1008.033,+0.6458,+0.1180,-0.0250,0.0667,-0.4178,12.842,-6.905,0.107,0.108,0.0000,0.0000,0.0000,0.0000,0.0000,0.0000,0.0000,0.0000,90.28,0.00,42,-6.890,1,700.1
1008.066,+0.5672,+0.2124,-0.0100,0.0567,-0.4189,13.600,-6.976,0.106,0.103,0.0000,0.0000,0.0000,0.0000,0.0000,0.0000,0.0000,0.0000,91.84,0.00,42,-7.210,1,694.8
1008.103,+0.5701,+0.1642,-0.0100,0.0567,-0.4189,13.600,-6.976,0.106,0.103,0.0000,0.0000,0.0000,0.0000,0.0000,0.0000,0.0000,0.0000,91.84,0.00,42,-7.210,1,694.8
1008.129,+0.5025,+0.1681,-0.0100,0.0567,-0.4189,13.600,-6.976,0.106,0.103,0.0000,0.0000,0.0000,0.0000,0.0000,0.0000,0.0000,0.0000,91.84,0.00,42,-7.210,1,694.8
1008.160,+0.5159,+0.1563,-0.0100,0.0567,-0.4189,13.600,-6.976,0.106,0.103,0.0000,0.0000,0.0000,0.0000,0.0000,0.0000,0.0000,0.0000,91.84,0.00,42,-7.210,1,694.8
1008.209,+0.5073,+0.1639,-0.0100,0.0567,-0.4189,13.600,-6.976,0.106,0.103,0.0000,0.0000,0.0000,0.0000,0.0000,0.0000,0.0000,0.0000,91.84,0.00,42,-7.210,1,694.8
1008.239,+0.4612,+0.0778,0.0050,0.0433,-0.4300,14.815,-7.373,0.107,0.106,0.0000,0.0000,0.0000,0.0000,0.0000,0.0000,0.0000,0.0000,91.84,0.00,42,-6.950,1,694.8
1008.276,+0.4983,-0.0071,0.0150,0.0389,-0.4389,15.089,-7.752,0.108,0.107,0.0000,0.0000,0.0000,0.0000,0.0000,0.0000,0.0000,0.0000,91.42,0.00,42,-6.020,1,690.2
1008.323,+0.5098,+0.0368,0.0250,0.0322,-0.4522,15.148,-8.052,0.110,0.107,0.0000,0.0000,0.0000,0.0000,0.0000,0.0000,0.0000,0.0000,91.42,0.00,42,-6.370,1,690.2
1008.375,+0.5257,+0.0057,0.0250,0.0322,-0.4522,15.148,-8.052,0.110,0.107,0.0000,0.0000,0.0000,0.0000,0.0000,0.0000,0.0000,0.0000,91.42,0.00,42,-6.370,1,690.2
1008.403,+0.5399,-0.1058,0.0250,0.0322,-0.4522,15.148,-8.052,0.110,0.107,0.0000,0.0000,0.0000,0.0000,0.0000,0.0000,0.0000,0.0000,91.42,0.00,42,-6.370,1,690.2
1008.439,+0.5445,-0.0380,0.0250,0.0322,-0.4522,15.148,-8.052,0.110,0.107,0.0000,0.0000,0.0000,0.0000,0.0000,0.0000,0.0000,0.0000,91.42,0.00,42,-6.370,1,690.2
1008.488,+0.5303,-0.0240,0.0250,0.0322,-0.4522,15.393,-7.921,3.157,4.961,0.0000,0.0000,0.0000,0.0000,0.0000,0.0000,0.0000,0.0000,91.42,24.38,41,-6.370,1,690.2
1008.515,+0.5314,-0.0220,0.0350,0.0222,-0.3978,15.562,-7.597,0.629,2.552,0.0000,0.0000,0.0000,0.0000,0.0000,0.0000,0.0000,0.0000,90.93,24.41,41,-11.310,1,685.5
1008.558,+0.4996,-0.0425,0.0350,0.0244,-0.4044,15.547,-7.531,-0.629,1.458,0.0000,0.0000,0.0000,0.0000,0.0000,0.0000,0.0000,0.0000,90.93,24.48,41,-8.850,1,685.5
1008.583,+0.4854,-0.1000,0.0350,0.0222,-0.4022,15.547,-7.531,-0.629,1.458,0.0000,0.0000,0.0000,0.0000,0.0000,0.0000,0.0000,0.0000,90.93,24.48,41,-8.880,1,685.5
1008.619,+0.4527,-0.0285,0.0350,0.0222,-0.4022,15.547,-7.531,-0.629,1.458,0.0000,0.0000,0.0000,0.0000,0.0000,0.0000,0.0000,0.0000,90.93,24.48,41,-8.880,1,685.5
1008.664,+0.4637,-0.0236,0.0350,0.0222,-0.4022,15.547,-7.531,-0.629,1.458,0.0000,0.0000,0.0000,0.0000,0.0000,0.0000,0.0000,0.0000,90.93,24.48,41,-8.880,1,685.5
1008.696,+0.4537,-0.0870,0.0350,0.0222,-0.4022,15.547,-7.531,-0.629,1.458,0.0000,0.0000,0.0000,0.0000,0.0000,0.0000,0.0000,0.0000,90.93,24.48,41,-8.880,1,685.5
1008.725,+0.4091,-0.0524,0.0350,0.0222,-0.4022,15.547,-7.531,-0.629,1.458,0.0000,0.0000,0.0000,0.0000,0.0000,0.0000,0.0000,0.0000,90.93,24.57,42,-8.880,1,685.5
1008.765,+0.4311,-0.0426,0.0250,0.0300,-0.4167,14.987,-7.675,-7.247,-0.672,0.0000,0.0000,0.0000,0.0000,0.0000,0.0000,0.0000,0.0000,90.31,24.57,42,-8.900,1,679.4
1008.791,+0.4451,-0.0655,0.0250,0.0300,-0.4100,14.440,-7.795,-10.562,0.460,0.0000,0.0000,0.0000,0.0000,0.0000,0.0000,0.0000,0.0000,90.31,24.60,41,-8.290,1,679.4
1008.824,+0.4804,-0.0571,0.0250,0.0300,-0.4122,14.440,-7.795,-10.562,0.460,0.0000,0.0000,0.0000,0.0000,0.0000,0.0000,0.0000,0.0000,90.07,24.60,41,-8.260,1,677.1
1008.854,+0.4753,-0.1176,0.0250,0.0300,-0.4122,14.440,-7.795,-10.562,0.460,0.0000,0.0000,0.0000,0.0000,0.0000,0.0000,0.0000,0.0000,90.07,24.60,41,-8.260,1,677.1
1008.886,+0.5021,-0.1174,0.0250,0.0300,-0.4122,14.440,-7.795,-10.562,0.460,0.0000,0.0000,0.0000,0.0000,0.0000,0.0000,0.0000,0.0000,90.07,24.60,41,-8.260,1,677.1
1008.915,+0.5021,-0.1338,0.0250,0.0300,-0.4122,14.440,-7.795,-10.562,0.460,0.0000,0.0000,0.0000,0.0000,0.0000,0.0000,0.0000,0.0000,90.07,24.60,41,-8.260,1,677.1
1008.944,+0.5021,-0.1409,0.0250,0.0300,-0.4122,14.440,-7.795,-10.562,0.460,0.0000,0.0000,0.0000,0.0000,0.0000,0.0000,0.0000,0.0000,90.07,24.60,41,-8.260,1,677.1
1008.979,+0.5021,-0.1329,0.0250,0.0300,-0.4122,14.440,-7.795,-10.562,0.460,0.0000,0.0000,0.0000,0.0000,0.0000,0.0000,0.0000,0.0000,90.07,24.71,41,-8.260,1,677.1
1009.018,+0.4798,-0.1309,0.0100,0.0389,-0.4100,12.910,-8.008,-9.864,0.228,0.0000,0.0000,0.0000,0.0000,0.0000,0.0000,0.0000,0.0000,90.07,24.71,41,-8.500,1,677.1
1009.050,+0.4732,-0.1546,0.0050,0.0433,-0.4078,11.768,-7.934,-13.115,0.770,0.0000,0.0000,0.0000,0.0000,0.0000,0.0000,0.0000,0.0000,89.45,24.71,41,-8.670,1,671.1
1009.084,+0.4722,-0.1581,-0.0100,0.0556,-0.4000,11.111,-7.917,-14.085,0.416,0.0000,0.0000,0.0000,0.0000,0.0000,0.0000,0.0000,0.0000,89.45,24.80,41,-9.480,1,671.1
1009.143,+0.4648,-0.1292,-0.0100,0.0556,-0.4000,11.111,-7.917,-14.085,0.416,0.0000,0.0000,0.0000,0.0000,0.0000,0.0000,0.0000,0.0000,89.45,24.80,41,-9.480,1,671.1
1009.176,+0.4398,-0.1276,-0.0100,0.0556,-0.4000,11.111,-7.917,-14.085,0.416,0.0000,0.0000,0.0000,0.0000,0.0000,0.0000,0.0000,0.0000,89.45,24.80,41,-9.480,1,671.1
1009.208,+0.4061,-0.1334,-0.0100,0.0556,-0.4000,11.111,-7.917,-14.085,0.416,0.0000,0.0000,0.0000,0.0000,0.0000,0.0000,0.0000,0.0000,89.45,24.80,41,-9.480,1,671.1
1009.246,+0.4134,-0.1693,-0.0100,0.0556,-0.4000,11.111,-7.917,-14.085,0.416,0.0000,0.0000,0.0000,0.0000,0.0000,0.0000,0.0000,0.0000,89.45,24.86,41,-9.480,1,671.1
1009.284,+0.3841,-0.1367,-0.0250,0.0644,-0.3911,9.073,-8.008,-8.797,0.421,0.0000,0.0000,0.0000,0.0000,0.0000,0.0000,0.0000,0.0000,88.95,24.88,41,-9.900,1,666.4
1009.362,+0.4055,-0.1217,-0.0300,0.0667,-0.3844,8.707,-8.052,-7.065,0.198,0.0000,0.0000,0.0000,0.0000,0.0000,0.0000,0.0000,0.0000,88.95,24.88,41,-9.820,1,666.4
1009.396,+0.3784,-0.0114,-0.0300,0.0667,-0.3844,8.707,-8.052,-7.065,0.198,0.0000,0.0000,0.0000,0.0000,0.0000,0.0000,0.0000,0.0000,88.95,24.88,41,-9.820,1,666.4
1009.507,+0.4039,-0.0963,-0.0400,0.0722,-0.3900,7.610,-8.385,-3.859,-1.817,0.0000,0.0000,0.0000,0.0000,0.0000,0.0000,0.0000,0.0000,88.44,25.00,41,-10.120,1,661.6
1009.536,+0.4102,-0.0441,-0.0400,0.0733,-0.3867,7.420,-8.478,-3.707,-1.331,0.0000,0.0000,0.0000,0.0000,0.0000,0.0000,0.0000,0.0000,88.44,25.00,41,-10.150,1,661.6
1009.565,+0.4375,-0.0926,-0.0450,0.0767,-0.3900,7.207,-8.540,-3.825,-0.650,0.0000,0.0000,0.0000,0.0000,0.0000,0.0000,0.0000,0.0000,88.44,25.05,41,-9.160,1,661.6
1009.601,+0.4375,-0.0926,-0.0450,0.0767,-0.3900,7.207,-8.540,-3.825,-0.650,0.0000,0.0000,0.0000,0.0000,0.0000,0.0000,0.0000,0.0000,88.44,25.05,41,-9.160,1,661.6
1009.632,+0.4375,-0.0926,-0.0450,0.0767,-0.3900,7.207,-8.540,-3.825,-0.650,0.0000,0.0000,0.0000,0.0000,0.0000,0.0000,0.0000,0.0000,88.44,25.05,41,-9.160,1,661.6
1009.663,+0.4375,-0.0926,-0.0450,0.0767,-0.3900,7.207,-8.540,-3.825,-0.650,0.0000,0.0000,0.0000,0.0000,0.0000,0.0000,0.0000,0.0000,88.44,25.05,41,-9.160,1,661.6
1009.697,+0.4375,-0.0926,-0.0450,0.0767,-0.3900,7.207,-8.540,-3.825,-0.650,0.0000,0.0000,0.0000,0.0000,0.0000,0.0000,0.0000,0.0000,88.44,25.05,41,-9.160,1,661.6
1009.722,+0.4043,-0.0926,-0.0450,0.0767,-0.3900,7.207,-8.540,-3.825,-0.650,0.0000,0.0000,0.0000,0.0000,0.0000,0.0000,0.0000,0.0000,88.44,25.05,41,-9.160,1,661.6
1009.763,+0.4138,-0.0926,-0.0550,0.0822,-0.3933,6.544,-8.554,-0.857,1.188,0.0000,0.0000,0.0000,0.0000,0.0000,0.0000,0.0000,0.0000,87.77,25.17,41,-9.520,1,655.4
1009.810,+0.4144,-0.0926,-0.0550,0.0822,-0.3844,6.602,-8.526,1.974,0.660,0.0000,0.0000,0.0000,0.0000,0.0000,0.0000,0.0000,0.0000,87.77,25.17,41,-10.090,1,655.4
1009.837,+0.3999,-0.0368,-0.0550,0.0833,-0.3833,6.602,-8.526,1.974,0.660,0.0000,0.0000,0.0000,0.0000,0.0000,0.0000,0.0000,0.0000,87.48,25.17,41,-10.090,1,652.8
1009.868,+0.3737,-0.0889,-0.0550,0.0833,-0.3833,6.602,-8.526,1.974,0.660,0.0000,0.0000,0.0000,0.0000,0.0000,0.0000,0.0000,0.0000,87.48,25.17,41,-10.090,1,652.8
1009.905,+0.3787,-0.0889,-0.0550,0.0833,-0.3833,6.602,-8.526,1.974,0.660,0.0000,0.0000,0.0000,0.0000,0.0000,0.0000,0.0000,0.0000,87.48,25.17,41,-10.090,1,652.8
1009.943,+0.3527,-0.0485,-0.0550,0.0833,-0.3833,6.602,-8.526,1.974,0.660,0.0000,0.0000,0.0000,0.0000,0.0000,0.0000,0.0000,0.0000,87.48,25.17,41,-10.090,1,652.8
1009.982,+0.3692,-0.0448,-0.0550,0.0833,-0.3833,6.602,-8.526,1.974,0.660,0.0000,0.0000,0.0000,0.0000,0.0000,0.0000,0.0000,0.0000,87.48,25.29,40,-10.090,1,652.8
1010.016,+0.3595,-0.0815,-0.0500,0.0800,-0.3822,6.936,-8.570,3.361,-0.481,0.0000,0.0000,0.0000,0.0000,0.0000,0.0000,0.0000,0.0000,87.48,25.29,40,-10.220,1,652.8
1010.052,+0.3821,-0.0815,-0.0450,0.0767,-0.3811,7.272,-8.669,4.610,-0.216,0.0000,0.0000,0.0000,0.0000,0.0000,0.0000,0.0000,0.0000,86.80,25.37,40,-10.270,1,646.8
1010.081,+0.3754,-0.0303,-0.0400,0.0744,-0.3789,7.504,-8.696,5.145,0.199,0.0000,0.0000,0.0000,0.0000,0.0000,0.0000,0.0000,0.0000,86.80,25.37,40,-10.310,1,646.8
1010.119,+0.3792,-0.0778,-0.0400,0.0733,-0.3800,7.504,-8.696,5.145,0.199,0.0000,0.0000,0.0000,0.0000,0.0000,0.0000,0.0000,0.0000,86.80,25.37,40,-9.980,1,646.8
1010.158,+0.4000,-0.0778,-0.0400,0.0733,-0.3800,7.504,-8.696,5.145,0.199,0.0000,0.0000,0.0000,0.0000,0.0000,0.0000,0.0000,0.0000,86.80,25.37,40,-9.980,1,646.8
1010.197,+0.3775,-0.0778,-0.0400,0.0733,-0.3800,7.504,-8.696,5.145,0.199,0.0000,0.0000,0.0000,0.0000,0.0000,0.0000,0.0000,0.0000,86.80,25.37,40,-9.980,1,646.8
1010.241,+0.3979,-0.0778,-0.0400,0.0733,-0.3800,7.504,-8.696,5.145,0.199,0.0000,0.0000,0.0000,0.0000,0.0000,0.0000,0.0000,0.0000,86.80,25.37,40,-9.980,1,646.8
1010.282,+0.3767,-0.0778,-0.0350,0.0678,-0.3767,8.159,-8.669,4.521,0.768,0.0000,0.0000,0.0000,0.0000,0.0000,0.0000,0.0000,0.0000,86.26,25.48,40,-10.370,1,642.0
1010.322,+0.3519,-0.0388,-0.0300,0.0656,-0.3744,8.367,-8.639,4.275,0.955,0.0000,0.0000,0.0000,0.0000,0.0000,0.0000,0.0000,0.0000,86.26,25.48,40,-10.380,1,642.0
1010.353,+0.3640,-0.0741,-0.0300,0.0656,-0.3744,8.367,-8.639,4.275,0.955,0.0000,0.0000,0.0000,0.0000,0.0000,0.0000,0.0000,0.0000,86.26,25.48,40,-10.380,1,642.0
1010.383,+0.3610,-0.0232,-0.0300,0.0656,-0.3744,8.367,-8.639,4.275,0.955,0.0000,0.0000,0.0000,0.0000,0.0000,0.0000,0.0000,0.0000,86.26,25.48,40,-10.380,1,642.0
1010.447,+0.3588,-0.0448,-0.0300,0.0656,-0.3744,8.367,-8.639,4.275,0.955,0.0000,0.0000,0.0000,0.0000,0.0000,0.0000,0.0000,0.0000,86.26,25.48,40,-10.380,1,642.0
1010.482,+0.3343,+0.0206,-0.0300,0.0656,-0.3744,8.367,-8.639,4.275,0.955,0.0000,0.0000,0.0000,0.0000,0.0000,0.0000,0.0000,0.0000,86.26,25.56,40,-10.380,1,642.0
1010.509,+0.3477,-0.0033,-0.0250,0.0622,-0.3711,8.869,-8.603,3.929,0.322,0.0000,0.0000,0.0000,0.0000,0.0000,0.0000,0.0000,0.0000,85.59,25.56,40,-10.520,1,636.0
1010.561,+0.3421,-0.0244,-0.0200,0.0578,-0.3800,9.449,-8.815,4.580,-0.889,0.0000,0.0000,0.0000,0.0000,0.0000,0.0000,0.0000,0.0000,85.59,25.64,40,-10.090,1,636.0
1010.588,+0.3101,-0.0519,-0.0150,0.0567,-0.3811,9.449,-8.815,4.580,-0.889,0.0000,0.0000,0.0000,0.0000,0.0000,0.0000,0.0000,0.0000,85.59,25.64,40,-10.300,1,636.0
1010.622,+0.3437,-0.0072,-0.0150,0.0567,-0.3811,9.449,-8.815,4.580,-0.889,0.0000,0.0000,0.0000,0.0000,0.0000,0.0000,0.0000,0.0000,85.59,25.64,40,-10.300,1,636.0
1010.652,+0.3378,-0.0481,-0.0150,0.0567,-0.3811,9.449,-8.815,4.580,-0.889,0.0000,0.0000,0.0000,0.0000,0.0000,0.0000,0.0000,0.0000,85.59,25.64,40,-10.300,1,636.0
1010.681,+0.3067,+0.0033,-0.0150,0.0567,-0.3811,9.449,-8.815,4.580,-0.889,0.0000,0.0000,0.0000,0.0000,0.0000,0.0000,0.0000,0.0000,85.59,25.64,40,-10.300,1,636.0
1010.717,+0.3127,-0.0444,-0.0150,0.0567,-0.3811,9.449,-8.815,4.580,-0.889,0.0000,0.0000,0.0000,0.0000,0.0000,0.0000,0.0000,0.0000,85.59,25.64,40,-10.300,1,636.0
1010.749,+0.3292,+0.0036,-0.0100,0.0511,-0.3578,9.850,-8.918,4.574,-0.083,0.0000,0.0000,0.0000,0.0000,0.0000,0.0000,0.0000,0.0000,85.03,25.69,39,-13.690,1,631.1
1010.788,+0.3317,-0.0407,-0.0100,0.0500,-0.3633,10.129,-9.040,1.383,-1.268,0.0000,0.0000,0.0000,0.0000,0.0000,0.0000,0.0000,0.0000,85.03,25.74,40,-13.820,1,631.1
1010.819,+0.2977,-0.0407,-0.0100,0.0489,-0.3556,10.113,-9.108,-0.455,-0.400,0.0000,0.0000,0.0000,0.0000,0.0000,0.0000,0.0000,0.0000,84.60,25.74,40,-10.760,1,627.3
1010.855,+0.3237,+0.0023,-0.0100,0.0489,-0.3556,10.113,-9.108,-0.455,-0.400,0.0000,0.0000,0.0000,0.0000,0.0000,0.0000,0.0000,0.0000,84.60,25.74,40,-10.760,1,627.3
1010.891,+0.3213,-0.0370,-0.0100,0.0489,-0.3556,10.113,-9.108,-0.455,-0.400,0.0000,0.0000,0.0000,0.0000,0.0000,0.0000,0.0000,0.0000,84.60,25.74,40,-10.760,1,627.3
1010.945,+0.3105,-0.0075,-0.0100,0.0489,-0.3556,10.113,-9.108,-0.455,-0.400,0.0000,0.0000,0.0000,0.0000,0.0000,0.0000,0.0000,0.0000,84.60,25.74,40,-10.760,1,627.3
1010.976,+0.2845,-0.0333,-0.0100,0.0489,-0.3556,10.113,-9.108,-0.455,-0.400,0.0000,0.0000,0.0000,0.0000,0.0000,0.0000,0.0000,0.0000,84.60,25.84,39,-10.760,1,627.3
1011.003,+0.3035,-0.0333,-0.0050,0.0489,-0.3511,9.972,-9.291,-0.735,-0.831,0.0000,0.0000,0.0000,0.0000,0.0000,0.0000,0.0000,0.0000,84.60,25.84,39,-11.090,1,627.3
1011.038,+0.2841,-0.0333,-0.0050,0.0478,-0.3478,9.903,-9.373,-0.810,-0.828,0.0000,0.0000,0.0000,0.0000,0.0000,0.0000,0.0000,0.0000,83.99,25.84,39,-14.460,1,622.2
1011.066,+0.2995,-0.0333,-0.0050,0.0489,-0.3578,9.842,-9.443,-0.772,-0.708,0.0000,0.0000,0.0000,0.0000,0.0000,0.0000,0.0000,0.0000,83.99,25.90,39,-11.210,1,622.2
1011.104,+0.2807,+0.0079,-0.0050,0.0489,-0.3489,9.839,-9.446,-0.776,-0.715,0.0000,0.0000,0.0000,0.0000,0.0000,0.0000,0.0000,0.0000,83.99,25.90,39,-14.580,1,622.2
1011.148,+0.2830,+0.0058,-0.0050,0.0489,-0.3489,9.839,-9.446,-0.776,-0.715,0.0000,0.0000,0.0000,0.0000,0.0000,0.0000,0.0000,0.0000,83.99,25.90,39,-14.580,1,622.2
1011.178,+0.2897,-0.0259,-0.0050,0.0489,-0.3489,9.839,-9.446,-0.776,-0.715,0.0000,0.0000,0.0000,0.0000,0.0000,0.0000,0.0000,0.0000,83.99,25.90,39,-14.580,1,622.2
1011.206,+0.2866,-0.0259,-0.0050,0.0489,-0.3489,9.839,-9.446,-0.776,-0.715,0.0000,0.0000,0.0000,0.0000,0.0000,0.0000,0.0000,0.0000,83.99,25.90,39,-14.580,1,622.2
1011.275,+0.2876,-0.0019,-0.0100,0.0500,-0.3611,9.540,-9.708,-1.930,-1.230,0.0000,0.0000,0.0000,0.0000,0.0000,0.0000,0.0000,0.0000,83.38,26.01,38,-11.410,1,617.3
1011.302,+0.3104,+0.0344,-0.0100,0.0500,-0.3522,9.404,-9.802,-2.731,-1.000,0.0000,0.0000,0.0000,0.0000,0.0000,0.0000,0.0000,0.0000,83.38,26.01,38,-15.110,1,617.3
1011.332,+0.2825,+0.0807,-0.0100,0.0478,-0.3278,9.404,-9.802,-2.731,-1.000,0.0000,0.0000,0.0000,0.0000,0.0000,0.0000,0.0000,0.0000,83.38,26.01,38,-15.110,1,617.3
1011.365,+0.3083,+0.0360,-0.0100,0.0478,-0.3278,9.404,-9.802,-2.731,-1.000,0.0000,0.0000,0.0000,0.0000,0.0000,0.0000,0.0000,0.0000,83.38,26.01,38,-15.110,1,617.3
1011.395,+0.3083,+0.0939,-0.0100,0.0478,-0.3278,9.404,-9.802,-2.731,-1.000,0.0000,0.0000,0.0000,0.0000,0.0000,0.0000,0.0000,0.0000,83.38,26.01,38,-15.110,1,617.3
1011.426,+0.3083,+0.0492,-0.0100,0.0478,-0.3278,9.404,-9.802,-2.731,-1.000,0.0000,0.0000,0.0000,0.0000,0.0000,0.0000,0.0000,0.0000,83.38,26.01,38,-15.110,1,617.3
1011.457,+0.3083,+0.0522,-0.0100,0.0478,-0.3278,9.404,-9.802,-2.731,-1.000,0.0000,0.0000,0.0000,0.0000,0.0000,0.0000,0.0000,0.0000,83.38,26.01,38,-15.110,1,617.3
1011.502,+0.2886,+0.0426,-0.0100,0.0522,-0.3522,9.129,-10.054,-2.612,-2.832,0.0000,0.0000,0.0000,0.0000,0.0000,0.0000,0.0000,0.0000,82.73,26.09,39,-15.230,1,612.2
1011.533,+0.2790,+0.1080,-0.0150,0.0567,-0.3767,8.965,-10.231,-3.706,-3.487,0.0000,0.0000,0.0000,0.0000,0.0000,0.0000,0.0000,0.0000,82.73,26.09,39,-11.260,1,612.2
1011.560,+0.2721,+0.0755,-0.0200,0.0589,-0.3833,8.762,-10.394,-4.465,-3.044,0.0000,0.0000,0.0000,0.0000,0.0000,0.0000,0.0000,0.0000,82.73,26.14,39,-10.710,1,612.2
1011.599,+0.2570,+0.0623,-0.0200,0.0589,-0.3833,8.762,-10.394,-4.465,-3.044,0.0000,0.0000,0.0000,0.0000,0.0000,0.0000,0.0000,0.0000,82.73,26.14,39,-10.710,1,612.2
1011.626,+0.2667,+0.0259,-0.0200,0.0589,-0.3833,8.762,-10.394,-4.465,-3.044,0.0000,0.0000,0.0000,0.0000,0.0000,0.0000,0.0000,0.0000,82.73,26.14,39,-10.710,1,612.2
1011.657,+0.2414,+0.0744,-0.0200,0.0589,-0.3833,8.762,-10.394,-4.465,-3.044,0.0000,0.0000,0.0000,0.0000,0.0000,0.0000,0.0000,0.0000,82.73,26.14,39,-10.710,1,612.2
1011.688,+0.2360,-0.0199,-0.0200,0.0589,-0.3833,8.762,-10.394,-4.465,-3.044,0.0000,0.0000,0.0000,0.0000,0.0000,0.0000,0.0000,0.0000,82.73,26.14,39,-10.710,1,612.2
1011.718,+0.2021,+0.0259,-0.0200,0.0589,-0.3833,8.762,-10.394,-4.465,-3.044,0.0000,0.0000,0.0000,0.0000,0.0000,0.0000,0.0000,0.0000,82.73,26.21,39,-10.710,1,612.2
1011.777,+0.2349,+0.0259,-0.0250,0.0644,-0.3933,7.641,-11.077,-2.063,-0.611,0.0000,0.0000,0.0000,0.0000,0.0000,0.0000,0.0000,0.0000,81.69,26.27,39,-10.740,1,604.7
1011.804,+0.2432,-0.0873,-0.0250,0.0656,-0.3944,7.520,-11.084,-1.374,1.462,0.0000,0.0000,0.0000,0.0000,0.0000,0.0000,0.0000,0.0000,81.69,26.27,39,-10.710,1,604.7
1011.839,+0.2240,-0.0685,-0.0250,0.0633,-0.3856,7.520,-11.084,-1.374,1.462,0.0000,0.0000,0.0000,0.0000,0.0000,0.0000,0.0000,0.0000,81.30,26.27,39,-10.710,1,602.1
1011.875,+0.2444,-0.0756,-0.0250,0.0633,-0.3856,7.520,-11.084,-1.374,1.462,0.0000,0.0000,0.0000,0.0000,0.0000,0.0000,0.0000,0.0000,81.30,26.27,39,-10.710,1,602.1
1011.911,+0.2427,-0.0390,-0.0250,0.0633,-0.3856,7.520,-11.084,-1.374,1.462,0.0000,0.0000,0.0000,0.0000,0.0000,0.0000,0.0000,0.0000,81.30,26.27,39,-10.710,1,602.1
1011.943,+0.2646,-0.0477,-0.0250,0.0633,-0.3856,7.520,-11.084,-1.374,1.462,0.0000,0.0000,0.0000,0.0000,0.0000,0.0000,0.0000,0.0000,81.30,26.27,39,-10.710,1,602.1
1012.016,+0.2517,-0.0493,-0.0250,0.0622,-0.3733,7.421,-10.757,0.412,3.001,0.0000,0.0000,0.0000,0.0000,0.0000,0.0000,0.0000,0.0000,81.30,26.41,39,-11.130,1,602.1
1012.048,+0.2625,-0.1070,-0.0250,0.0622,-0.3689,7.386,-10.567,-0.666,1.778,0.0000,0.0000,0.0000,0.0000,0.0000,0.0000,0.0000,0.0000,80.54,26.41,39,-12.040,1,597.0
1012.081,+0.2366,-0.1107,-0.0300,0.0633,-0.3633,7.318,-10.492,-1.253,1.680,0.0000,0.0000,0.0000,0.0000,0.0000,0.0000,0.0000,0.0000,80.54,26.49,39,-11.830,1,597.0
1012.111,+0.2604,-0.0768,-0.0300,0.0633,-0.3633,7.318,-10.492,-1.253,1.680,0.0000,0.0000,0.0000,0.0000,0.0000,0.0000,0.0000,0.0000,80.54,26.49,39,-11.830,1,597.0
1012.148,+0.2370,-0.0713,-0.0300,0.0633,-0.3633,7.318,-10.492,-1.253,1.680,0.0000,0.0000,0.0000,0.0000,0.0000,0.0000,0.0000,0.0000,80.54,26.49,39,-11.830,1,597.0
1012.188,+0.2144,-0.0333,-0.0300,0.0633,-0.3633,7.318,-10.492,-1.253,1.680,0.0000,0.0000,0.0000,0.0000,0.0000,0.0000,0.0000,0.0000,80.54,26.49,39,-11.830,1,597.0
1012.222,+0.2288,-0.0333,-0.0300,0.0633,-0.3633,7.318,-10.492,-1.253,1.680,0.0000,0.0000,0.0000,0.0000,0.0000,0.0000,0.0000,0.0000,80.54,26.49,39,-11.830,1,597.0
1012.260,+0.2062,-0.0741,-0.0300,0.0644,-0.3511,7.249,-10.402,-1.097,2.286,0.0000,0.0000,0.0000,0.0000,0.0000,0.0000,0.0000,0.0000,80.54,26.57,38,-12.550,1,597.0
1012.287,+0.1852,+0.0187,-0.0300,0.0622,-0.3489,7.157,-10.233,-0.015,1.711,0.0000,0.0000,0.0000,0.0000,0.0000,0.0000,0.0000,0.0000,79.97,26.60,38,-12.350,1,593.0
1012.333,+0.2245,-0.0333,-0.0300,0.0622,-0.3489,7.157,-10.232,0.140,1.527,0.0000,0.0000,0.0000,0.0000,0.0000,0.0000,0.0000,0.0000,79.97,26.60,38,-12.320,1,593.0
1012.362,+0.2120,-0.0333,-0.0300,0.0622,-0.3489,7.157,-10.232,0.140,1.527,0.0000,0.0000,0.0000,0.0000,0.0000,0.0000,0.0000,0.0000,79.97,26.60,38,-12.320,1,593.0
1012.394,+0.2125,-0.0333,-0.0300,0.0622,-0.3489,7.157,-10.232,0.140,1.527,0.0000,0.0000,0.0000,0.0000,0.0000,0.0000,0.0000,0.0000,79.97,26.60,38,-12.320,1,593.0
1012.426,+0.2108,-0.0808,-0.0300,0.0622,-0.3489,7.157,-10.232,0.140,1.527,0.0000,0.0000,0.0000,0.0000,0.0000,0.0000,0.0000,0.0000,79.97,26.60,38,-12.320,1,593.0
1012.454,+0.2049,-0.0370,-0.0300,0.0622,-0.3489,7.157,-10.232,0.140,1.527,0.0000,0.0000,0.0000,0.0000,0.0000,0.0000,0.0000,0.0000,79.97,26.60,38,-12.320,1,593.0
1012.494,+0.2333,-0.0758,-0.0250,0.0600,-0.3489,7.212,-10.297,1.955,0.269,0.0000,0.0000,0.0000,0.0000,0.0000,0.0000,0.0000,0.0000,78.90,26.76,38,-12.430,1,585.2
1012.540,+0.2333,-0.0407,-0.0250,0.0600,-0.3489,7.463,-10.204,1.863,1.413,0.0000,0.0000,0.0000,0.0000,0.0000,0.0000,0.0000,0.0000,78.90,26.84,38,-12.070,1,585.2
1012.569,+0.2333,-0.0407,-0.0200,0.0578,-0.3467,7.542,-10.139,1.819,1.643,0.0000,0.0000,0.0000,0.0000,0.0000,0.0000,0.0000,0.0000,78.90,26.84,38,-12.090,1,585.2
1012.612,+0.2128,-0.0407,-0.0200,0.0578,-0.3467,7.542,-10.139,1.819,1.643,0.0000,0.0000,0.0000,0.0000,0.0000,0.0000,0.0000,0.0000,78.90,26.84,38,-12.090,1,585.2
1012.653,+0.1882,-0.0025,-0.0200,0.0578,-0.3467,7.542,-10.139,1.819,1.643,0.0000,0.0000,0.0000,0.0000,0.0000,0.0000,0.0000,0.0000,78.90,26.84,38,-12.090,1,585.2
1012.686,+0.2271,+0.0083,-0.0200,0.0578,-0.3467,7.542,-10.139,1.819,1.643,0.0000,0.0000,0.0000,0.0000,0.0000,0.0000,0.0000,0.0000,78.90,26.84,38,-12.090,1,585.2
1012.722,+0.2028,+0.0098,-0.0200,0.0578,-0.3467,7.697,-10.124,1.014,-1.201,0.0000,0.0000,0.0000,0.0000,0.0000,0.0000,0.0000,0.0000,78.90,26.90,38,-12.560,1,585.2
1012.750,+0.1945,+0.0246,-0.0200,0.0589,-0.3544,7.723,-10.215,0.748,-1.807,0.0000,0.0000,0.0000,0.0000,0.0000,0.0000,0.0000,0.0000,77.98,26.90,38,-12.270,1,578.4
1012.783,+0.1706,+0.0206,-0.0200,0.0578,-0.3533,7.741,-10.340,0.811,-1.784,0.0000,0.0000,0.0000,0.0000,0.0000,0.0000,0.0000,0.0000,77.98,26.93,38,-12.280,1,578.4
1012.822,+0.1744,+0.0172,-0.0200,0.0578,-0.3533,7.741,-10.340,0.811,-1.784,0.0000,0.0000,0.0000,0.0000,0.0000,0.0000,0.0000,0.0000,77.63,26.93,38,-12.300,1,575.7
1012.856,+0.1891,+0.0268,-0.0200,0.0578,-0.3533,7.741,-10.340,0.811,-1.784,0.0000,0.0000,0.0000,0.0000,0.0000,0.0000,0.0000,0.0000,77.63,26.93,38,-12.300,1,575.7
1012.890,+0.1869,+0.0307,-0.0200,0.0578,-0.3533,7.741,-10.340,0.811,-1.784,0.0000,0.0000,0.0000,0.0000,0.0000,0.0000,0.0000,0.0000,77.63,26.93,38,-12.300,1,575.7
1012.915,+0.1776,-0.0111,-0.0200,0.0578,-0.3533,7.741,-10.340,0.811,-1.784,0.0000,0.0000,0.0000,0.0000,0.0000,0.0000,0.0000,0.0000,77.63,26.93,38,-12.300,1,575.7
1013.024,+0.1801,+0.0223,-0.0150,0.0533,-0.3511,7.951,-10.704,1.073,-0.833,0.0000,0.0000,0.0000,0.0000,0.0000,0.0000,0.0000,0.0000,77.63,27.01,38,-12.040,1,575.7
1013.064,+0.2021,+0.0346,-0.0150,0.0533,-0.3600,7.984,-10.768,1.033,-1.439,0.0000,0.0000,0.0000,0.0000,0.0000,0.0000,0.0000,0.0000,76.74,27.08,38,-11.900,1,569.3
1013.095,+0.2021,+0.0979,-0.0150,0.0533,-0.3600,7.984,-10.768,1.033,-1.439,0.0000,0.0000,0.0000,0.0000,0.0000,0.0000,0.0000,0.0000,76.74,27.08,38,-11.900,1,569.3
1013.125,+0.2021,+0.0580,-0.0150,0.0533,-0.3600,7.984,-10.768,1.033,-1.439,0.0000,0.0000,0.0000,0.0000,0.0000,0.0000,0.0000,0.0000,76.74,27.08,38,-11.900,1,569.3
1013.155,+0.2021,+0.0618,-0.0150,0.0533,-0.3600,7.984,-10.768,1.033,-1.439,0.0000,0.0000,0.0000,0.0000,0.0000,0.0000,0.0000,0.0000,76.74,27.08,38,-11.900,1,569.3
1013.182,+0.1705,+0.0710,-0.0150,0.0533,-0.3600,7.984,-10.768,1.033,-1.439,0.0000,0.0000,0.0000,0.0000,0.0000,0.0000,0.0000,0.0000,76.74,27.08,38,-11.900,1,569.3
1013.210,+0.1697,+0.0724,-0.0150,0.0533,-0.3600,7.984,-10.768,1.033,-1.439,0.0000,0.0000,0.0000,0.0000,0.0000,0.0000,0.0000,0.0000,76.74,27.10,38,-11.900,1,569.3
1013.248,+0.1751,+0.1035,-0.0150,0.0544,-0.3656,8.020,-10.886,0.657,-2.165,0.0000,0.0000,0.0000,0.0000,0.0000,0.0000,0.0000,0.0000,76.35,27.10,38,-11.970,1,566.5
1013.281,+0.1695,+0.0765,-0.0150,0.0556,-0.3689,7.979,-11.133,-0.900,-2.193,0.0000,0.0000,0.0000,0.0000,0.0000,0.0000,0.0000,0.0000,76.35,27.12,38,-11.850,1,566.5
1013.372,+0.1614,+0.0525,-0.0150,0.0567,-0.3744,7.901,-11.251,-1.251,-1.889,0.0000,0.0000,0.0000,0.0000,0.0000,0.0000,0.0000,0.0000,76.35,27.12,38,-11.540,1,566.5
1013.409,+0.1414,+0.1190,-0.0150,0.0567,-0.3744,7.901,-11.251,-1.251,-1.889,0.0000,0.0000,0.0000,0.0000,0.0000,0.0000,0.0000,0.0000,76.35,27.12,38,-11.540,1,566.5
1013.447,+0.1370,+0.0856,-0.0150,0.0567,-0.3744,7.901,-11.251,-1.251,-1.889,0.0000,0.0000,0.0000,0.0000,0.0000,0.0000,0.0000,0.0000,76.35,27.12,38,-11.540,1,566.5
1013.495,+0.1606,+0.1140,-0.0150,0.0567,-0.3856,7.743,-11.477,-0.597,-1.724,0.0000,0.0000,0.0000,0.0000,0.0000,0.0000,0.0000,0.0000,75.14,27.24,38,-11.060,1,558.3
1013.526,+0.1490,+0.0556,-0.0150,0.0567,-0.3878,7.681,-11.715,0.216,-1.695,0.0000,0.0000,0.0000,0.0000,0.0000,0.0000,0.0000,0.0000,75.14,27.24,38,-11.210,1,558.3
1013.557,+0.1475,+0.0556,-0.0150,0.0567,-0.3922,7.681,-11.719,0.545,-1.647,0.0000,0.0000,0.0000,0.0000,0.0000,0.0000,0.0000,0.0000,75.14,27.27,38,-10.790,1,558.3
1013.587,+0.1167,-0.0443,-0.0150,0.0567,-0.3922,7.681,-11.719,0.545,-1.647,0.0000,0.0000,0.0000,0.0000,0.0000,0.0000,0.0000,0.0000,75.14,27.27,38,-10.790,1,558.3
1013.621,+0.1433,-0.0422,-0.0150,0.0567,-0.3922,7.681,-11.719,0.545,-1.647,0.0000,0.0000,0.0000,0.0000,0.0000,0.0000,0.0000,0.0000,75.14,27.27,38,-10.790,1,558.3
1013.659,+0.1211,-0.0807,-0.0150,0.0567,-0.3922,7.681,-11.719,0.545,-1.647,0.0000,0.0000,0.0000,0.0000,0.0000,0.0000,0.0000,0.0000,75.14,27.27,38,-10.790,1,558.3
1013.698,+0.1400,-0.0906,-0.0150,0.0567,-0.3922,7.681,-11.719,0.545,-1.647,0.0000,0.0000,0.0000,0.0000,0.0000,0.0000,0.0000,0.0000,75.14,27.27,38,-10.790,1,558.3
1013.726,+0.1301,-0.1432,-0.0150,0.0567,-0.3856,7.599,-11.950,-1.277,0.881,0.0000,0.0000,0.0000,0.0000,0.0000,0.0000,0.0000,0.0000,75.14,27.34,38,-11.220,1,558.3
1013.758,+0.1312,-0.0889,-0.0150,0.0556,-0.3689,7.501,-11.796,-0.648,5.398,0.0000,0.0000,0.0000,0.0000,0.0000,0.0000,0.0000,0.0000,74.27,27.42,38,-11.190,1,552.8
1013.790,+0.1562,-0.0950,-0.0150,0.0544,-0.3589,7.405,-11.224,-0.276,5.194,0.0000,0.0000,0.0000,0.0000,0.0000,0.0000,0.0000,0.0000,74.27,27.42,38,-12.110,1,552.8
1013.823,+0.1562,-0.0993,-0.0150,0.0544,-0.3589,7.405,-11.224,-0.276,5.194,0.0000,0.0000,0.0000,0.0000,0.0000,0.0000,0.0000,0.0000,73.39,27.42,38,-12.110,1,547.3
1013.847,+0.1209,-0.1406,-0.0150,0.0544,-0.3589,7.405,-11.224,-0.276,5.194,0.0000,0.0000,0.0000,0.0000,0.0000,0.0000,0.0000,0.0000,73.39,27.42,38,-12.110,1,547.3
1013.881,+0.1291,-0.1113,-0.0150,0.0544,-0.3589,7.405,-11.224,-0.276,5.194,0.0000,0.0000,0.0000,0.0000,0.0000,0.0000,0.0000,0.0000,73.39,27.42,38,-12.110,1,547.3
1013.918,+0.1521,-0.1573,-0.0150,0.0544,-0.3589,7.405,-11.224,-0.276,5.194,0.0000,0.0000,0.0000,0.0000,0.0000,0.0000,0.0000,0.0000,73.39,27.42,38,-12.110,1,547.3
1013.951,+0.1260,-0.1334,-0.0150,0.0544,-0.3589,7.405,-11.224,-0.276,5.194,0.0000,0.0000,0.0000,0.0000,0.0000,0.0000,0.0000,0.0000,73.39,27.42,38,-12.110,1,547.3
1013.984,+0.1244,-0.0937,-0.0150,0.0533,-0.3378,7.319,-10.871,-0.754,3.196,0.0000,0.0000,0.0000,0.0000,0.0000,0.0000,0.0000,0.0000,73.39,27.58,37,-12.710,1,547.3
1014.026,+0.1479,-0.0894,-0.0200,0.0544,-0.3344,7.250,-10.704,-1.154,3.644,0.0000,0.0000,0.0000,0.0000,0.0000,0.0000,0.0000,0.0000,73.39,27.58,37,-12.850,1,547.3
1014.064,+0.1252,-0.0556,-0.0150,0.0522,-0.3256,7.081,-10.346,-1.027,3.539,0.0000,0.0000,0.0000,0.0000,0.0000,0.0000,0.0000,0.0000,72.75,27.65,37,-13.080,1,542.9
1014.104,+0.1240,-0.0167,-0.0200,0.0533,-0.3244,7.081,-10.346,-1.027,3.539,0.0000,0.0000,0.0000,0.0000,0.0000,0.0000,0.0000,0.0000,72.75,27.65,37,-13.080,1,542.9
1014.136,+0.1167,-0.0038,-0.0200,0.0533,-0.3244,7.081,-10.346,-1.027,3.539,0.0000,0.0000,0.0000,0.0000,0.0000,0.0000,0.0000,0.0000,72.75,27.65,37,-13.080,1,542.9
1014.170,+0.0903,+0.0431,-0.0200,0.0533,-0.3244,7.081,-10.346,-1.027,3.539,0.0000,0.0000,0.0000,0.0000,0.0000,0.0000,0.0000,0.0000,72.75,27.65,37,-13.080,1,542.9
1014.199,+0.1086,-0.0407,-0.0200,0.0533,-0.3244,7.081,-10.346,-1.027,3.539,0.0000,0.0000,0.0000,0.0000,0.0000,0.0000,0.0000,0.0000,72.75,27.65,37,-13.080,1,542.9
1014.248,+0.0987,-0.0081,-0.0200,0.0567,-0.3389,6.918,-10.330,-1.660,-2.298,0.0000,0.0000,0.0000,0.0000,0.0000,0.0000,0.0000,0.0000,71.99,27.70,37,-13.070,1,537.4
1014.284,+0.1074,+0.0053,-0.0200,0.0567,-0.3367,6.692,-10.684,-0.475,-0.587,0.0000,0.0000,0.0000,0.0000,0.0000,0.0000,0.0000,0.0000,71.99,27.74,37,-12.450,1,537.4
1014.325,+0.1076,-0.0333,-0.0200,0.0556,-0.3311,6.690,-10.685,-0.394,-0.354,0.0000,0.0000,0.0000,0.0000,0.0000,0.0000,0.0000,0.0000,71.99,27.74,37,-12.000,1,537.4
1014.412,+0.1159,-0.0333,-0.0200,0.0556,-0.3311,6.690,-10.685,-0.394,-0.354,0.0000,0.0000,0.0000,0.0000,0.0000,0.0000,0.0000,0.0000,71.99,27.74,37,-12.000,1,537.4
1014.446,+0.0994,-0.0333,-0.0200,0.0556,-0.3311,6.690,-10.685,-0.394,-0.354,0.0000,0.0000,0.0000,0.0000,0.0000,0.0000,0.0000,0.0000,71.99,27.74,37,-12.000,1,537.4
1014.477,+0.1229,+0.0154,-0.0200,0.0556,-0.3311,6.634,-10.696,-0.023,0.461,0.0000,0.0000,0.0000,0.0000,0.0000,0.0000,0.0000,0.0000,71.99,27.79,36,-16.290,1,537.4
1014.512,+0.1229,-0.0296,-0.0200,0.0522,-0.3056,6.628,-10.682,0.181,0.588,0.0000,0.0000,0.0000,0.0000,0.0000,0.0000,0.0000,0.0000,71.24,27.81,36,-13.090,1,531.8
1014.569,+0.1069,+0.0273,-0.0200,0.0544,-0.3189,6.628,-10.671,0.324,0.197,0.0000,0.0000,0.0000,0.0000,0.0000,0.0000,0.0000,0.0000,71.24,27.83,36,-13.120,1,531.8
1014.598,+0.0918,+0.0811,-0.0200,0.0544,-0.3189,6.628,-10.671,0.324,0.197,0.0000,0.0000,0.0000,0.0000,0.0000,0.0000,0.0000,0.0000,71.24,27.83,36,-13.120,1,531.8
1014.663,+0.0901,+0.0616,-0.0200,0.0544,-0.3189,6.628,-10.671,0.324,0.197,0.0000,0.0000,0.0000,0.0000,0.0000,0.0000,0.0000,0.0000,71.24,27.83,36,-13.120,1,531.8
1014.692,+0.0558,+0.1531,-0.0200,0.0544,-0.3189,6.628,-10.671,0.324,0.197,0.0000,0.0000,0.0000,0.0000,0.0000,0.0000,0.0000,0.0000,71.24,27.83,36,-13.120,1,531.8
1014.722,+0.0822,+0.2082,-0.0200,0.0544,-0.3189,6.634,-10.866,-0.087,-3.614,0.0000,0.0000,0.0000,0.0000,0.0000,0.0000,0.0000,0.0000,71.24,27.88,36,-13.120,1,531.8
1014.751,+0.0783,+0.1823,-0.0200,0.0589,-0.3544,6.601,-11.139,-0.511,-6.030,0.0000,0.0000,0.0000,0.0000,0.0000,0.0000,0.0000,0.0000,70.28,27.88,36,-12.610,1,524.9
1014.785,+0.0561,+0.1225,-0.0200,0.0589,-0.3611,6.565,-11.454,-0.197,-5.863,0.0000,0.0000,0.0000,0.0000,0.0000,0.0000,0.0000,0.0000,70.28,27.90,36,-12.090,1,524.9
1014.868,+0.0789,+0.1233,-0.0200,0.0578,-0.3667,6.563,-11.467,-0.209,-5.867,0.0000,0.0000,0.0000,0.0000,0.0000,0.0000,0.0000,0.0000,69.89,27.90,36,-12.230,1,522.1
1014.896,+0.0979,+0.2199,-0.0200,0.0578,-0.3667,6.563,-11.467,-0.209,-5.867,0.0000,0.0000,0.0000,0.0000,0.0000,0.0000,0.0000,0.0000,69.89,27.90,36,-12.230,1,522.1
1014.938,+0.0771,+0.1779,-0.0200,0.0578,-0.3667,6.563,-11.467,-0.209,-5.867,0.0000,0.0000,0.0000,0.0000,0.0000,0.0000,0.0000,0.0000,69.89,27.90,36,-12.230,1,522.1
1014.962,+0.0958,+0.2030,-0.0200,0.0578,-0.3667,6.573,-12.148,1.090,-3.367,0.0000,0.0000,0.0000,0.0000,0.0000,0.0000,0.0000,0.0000,69.89,27.93,37,-12.230,1,522.1
1015.058,+0.0752,+0.1401,-0.0150,0.0589,-0.3900,6.661,-12.508,1.046,-3.351,0.0000,0.0000,0.0000,0.0000,0.0000,0.0000,0.0000,0.0000,69.04,27.95,37,-11.330,1,516.6
1015.093,+0.0182,+0.0528,-0.0150,0.0600,-0.3978,6.661,-12.508,1.046,-3.351,0.0000,0.0000,0.0000,0.0000,0.0000,0.0000,0.0000,0.0000,69.04,27.95,37,-10.380,1,516.6
1015.123,+0.0284,-0.0088,-0.0150,0.0600,-0.3978,6.661,-12.508,1.046,-3.351,0.0000,0.0000,0.0000,0.0000,0.0000,0.0000,0.0000,0.0000,69.04,27.95,37,-10.380,1,516.6
1015.155,+0.0274,-0.0106,-0.0150,0.0600,-0.3978,6.661,-12.508,1.046,-3.351,0.0000,0.0000,0.0000,0.0000,0.0000,0.0000,0.0000,0.0000,69.04,27.95,37,-10.380,1,516.6
1015.196,+0.0337,-0.0766,-0.0150,0.0600,-0.3978,6.661,-12.508,1.046,-3.351,0.0000,0.0000,0.0000,0.0000,0.0000,0.0000,0.0000,0.0000,69.04,27.95,37,-10.380,1,516.6
1015.265,+0.0594,-0.0329,-0.0150,0.0589,-0.3967,6.593,-12.891,-0.016,2.101,0.0000,0.0000,0.0000,0.0000,0.0000,0.0000,0.0000,0.0000,68.13,28.00,37,-10.690,1,511.2
1015.296,+0.0984,-0.1972,-0.0100,0.0533,-0.3689,6.768,-12.240,3.013,8.478,0.0000,0.0000,0.0000,0.0000,0.0000,0.0000,0.0000,0.0000,68.13,28.03,37,-12.040,1,511.2
1015.330,+0.0985,-0.1070,-0.0100,0.0522,-0.3589,6.768,-12.240,3.013,8.478,0.0000,0.0000,0.0000,0.0000,0.0000,0.0000,0.0000,0.0000,68.13,28.03,37,-12.040,1,511.2
1015.355,+0.1078,-0.1567,-0.0100,0.0522,-0.3589,6.768,-12.240,3.013,8.478,0.0000,0.0000,0.0000,0.0000,0.0000,0.0000,0.0000,0.0000,68.13,28.03,37,-12.040,1,511.2
1015.395,+0.0771,-0.1514,-0.0100,0.0522,-0.3589,6.768,-12.240,3.013,8.478,0.0000,0.0000,0.0000,0.0000,0.0000,0.0000,0.0000,0.0000,68.13,28.03,37,-12.040,1,511.2
1015.428,+0.0771,-0.0998,-0.0100,0.0522,-0.3589,6.768,-12.240,3.013,8.478,0.0000,0.0000,0.0000,0.0000,0.0000,0.0000,0.0000,0.0000,68.13,28.03,37,-12.040,1,511.2
1015.465,+0.0535,-0.1824,-0.0100,0.0522,-0.3589,6.768,-12.240,3.013,8.478,0.0000,0.0000,0.0000,0.0000,0.0000,0.0000,0.0000,0.0000,68.13,28.20,36,-12.040,1,511.2
1015.497,+0.0483,-0.1247,-0.0150,0.0522,-0.3500,6.959,-11.358,0.011,4.530,0.0000,0.0000,0.0000,0.0000,0.0000,0.0000,0.0000,0.0000,66.71,28.24,36,-12.310,1,502.8
1015.526,+0.0443,-0.1898,-0.0150,0.0522,-0.3367,6.900,-11.151,-1.495,4.600,0.0000,0.0000,0.0000,0.0000,0.0000,0.0000,0.0000,0.0000,66.71,28.24,36,-13.890,1,502.8
1015.567,+0.0275,-0.1252,-0.0200,0.0522,-0.3211,6.779,-10.939,-2.528,4.638,0.0000,0.0000,0.0000,0.0000,0.0000,0.0000,0.0000,0.0000,66.71,28.31,36,-13.610,1,502.8
1015.597,+0.0099,-0.1060,-0.0200,0.0522,-0.3211,6.779,-10.939,-2.528,4.638,0.0000,0.0000,0.0000,0.0000,0.0000,0.0000,0.0000,0.0000,66.71,28.31,36,-13.610,1,502.8
1015.628,+0.0347,-0.0593,-0.0200,0.0522,-0.3211,6.779,-10.939,-2.528,4.638,0.0000,0.0000,0.0000,0.0000,0.0000,0.0000,0.0000,0.0000,66.71,28.31,36,-13.610,1,502.8
1015.657,+0.0026,-0.0593,-0.0200,0.0522,-0.3211,6.779,-10.939,-2.528,4.638,0.0000,0.0000,0.0000,0.0000,0.0000,0.0000,0.0000,0.0000,66.71,28.31,36,-13.610,1,502.8
1015.686,+0.0265,-0.0063,-0.0200,0.0522,-0.3211,6.779,-10.939,-2.528,4.638,0.0000,0.0000,0.0000,0.0000,0.0000,0.0000,0.0000,0.0000,66.71,28.31,36,-13.610,1,502.8
1015.767,+0.0304,-0.0556,-0.0150,0.0522,-0.3233,6.280,-10.527,-1.150,-2.169,0.0000,0.0000,0.0000,0.0000,0.0000,0.0000,0.0000,0.0000,65.70,28.43,35,-13.710,1,496.0
1015.800,+0.0243,-0.0099,-0.0150,0.0522,-0.3233,6.149,-10.717,-0.998,-0.345,0.0000,0.0000,0.0000,0.0000,0.0000,0.0000,0.0000,0.0000,65.70,28.43,35,-13.180,1,496.0
1015.828,+0.0479,-0.0519,0.0000,0.0411,-0.3189,6.149,-10.717,-0.998,-0.345,0.0000,0.0000,0.0000,0.0000,0.0000,0.0000,0.0000,0.0000,65.13,28.43,35,-13.180,1,491.8
1015.861,+0.0479,-0.0519,0.0000,0.0411,-0.3189,6.149,-10.717,-0.998,-0.345,0.0000,0.0000,0.0000,0.0000,0.0000,0.0000,0.0000,0.0000,65.13,28.43,35,-13.180,1,491.8
1015.899,+0.0254,-0.0519,0.0000,0.0411,-0.3189,6.149,-10.717,-0.998,-0.345,0.0000,0.0000,0.0000,0.0000,0.0000,0.0000,0.0000,0.0000,65.13,28.43,35,-13.180,1,491.8
1015.934,+0.0458,-0.0519,0.0000,0.0411,-0.3189,6.149,-10.717,-0.998,-0.345,0.0000,0.0000,0.0000,0.0000,0.0000,0.0000,0.0000,0.0000,65.13,28.43,35,-13.180,1,491.8
1015.974,+0.0244,-0.0519,0.0000,0.0411,-0.3189,6.149,-10.717,-0.998,-0.345,0.0000,0.0000,0.0000,0.0000,0.0000,0.0000,0.0000,0.0000,65.13,28.45,34,-13.180,1,491.8
1016.004,+0.0152,-0.0519,0.0250,0.0189,-0.2922,6.087,-10.714,-1.286,0.749,0.0000,0.0000,0.0000,0.0000,0.0000,0.0000,0.0000,0.0000,65.13,28.45,35,-13.640,1,491.8
1016.033,+0.0417,+0.0545,0.0250,0.0200,-0.2978,5.922,-10.613,-1.174,1.206,0.0000,0.0000,0.0000,0.0000,0.0000,0.0000,0.0000,0.0000,65.13,28.45,35,-13.650,1,491.8
1016.094,+0.0566,+0.0353,0.0250,0.0211,-0.3033,5.796,-10.570,-0.835,0.425,0.0000,0.0000,0.0000,0.0000,0.0000,0.0000,0.0000,0.0000,64.55,28.50,35,-13.700,1,487.6
1016.123,+0.1039,+0.2341,0.0250,0.0211,-0.3033,5.796,-10.570,-0.835,0.425,0.0000,0.0000,0.0000,0.0000,0.0000,0.0000,0.0000,0.0000,64.55,28.50,35,-13.700,1,487.6
1016.162,+0.0918,+0.1804,0.0250,0.0211,-0.3033,5.796,-10.570,-0.835,0.425,0.0000,0.0000,0.0000,0.0000,0.0000,0.0000,0.0000,0.0000,64.55,28.50,35,-13.700,1,487.6
1016.192,+0.1097,+0.2084,0.0250,0.0211,-0.3033,5.796,-10.570,-0.835,0.425,0.0000,0.0000,0.0000,0.0000,0.0000,0.0000,0.0000,0.0000,64.55,28.50,35,-13.700,1,487.6
1016.273,+0.0681,+0.1664,0.0200,0.0256,-0.3456,5.847,-11.128,-0.724,-9.229,0.0000,0.0000,0.0000,0.0000,0.0000,0.0000,0.0000,0.0000,63.78,28.52,35,-12.760,1,481.9
1016.308,+0.0341,+0.2603,0.0150,0.0322,-0.3611,5.655,-11.950,-3.472,-7.059,0.0000,0.0000,0.0000,0.0000,0.0000,0.0000,0.0000,0.0000,63.78,28.52,35,-11.500,1,481.9
1016.343,+0.0058,+0.3321,0.0150,0.0322,-0.3611,5.655,-11.950,-3.472,-7.059,0.0000,0.0000,0.0000,0.0000,0.0000,0.0000,0.0000,0.0000,63.78,28.52,35,-11.500,1,481.9
1016.395,+0.0003,+0.2387,0.0150,0.0322,-0.3611,5.655,-11.950,-3.472,-7.059,0.0000,0.0000,0.0000,0.0000,0.0000,0.0000,0.0000,0.0000,63.78,28.52,35,-11.500,1,481.9
1016.422,-0.0163,+0.1037,0.0150,0.0322,-0.3611,5.655,-11.950,-3.472,-7.059,0.0000,0.0000,0.0000,0.0000,0.0000,0.0000,0.0000,0.0000,63.78,28.52,35,-11.500,1,481.9
1016.451,-0.0176,+0.1037,0.0150,0.0322,-0.3611,5.655,-11.950,-3.472,-7.059,0.0000,0.0000,0.0000,0.0000,0.0000,0.0000,0.0000,0.0000,63.78,28.52,35,-11.500,1,481.9
1016.493,-0.0043,+0.0665,0.0050,0.0422,-0.3956,5.185,-12.556,-7.092,-7.033,0.0000,0.0000,0.0000,0.0000,0.0000,0.0000,0.0000,0.0000,62.72,28.51,36,-11.340,1,474.9
1016.519,+0.0007,-0.0741,0.0050,0.0433,-0.3989,3.702,-13.371,-9.126,1.778,0.0000,0.0000,0.0000,0.0000,0.0000,0.0000,0.0000,0.0000,62.72,28.50,36,-10.370,1,474.9
1016.610,+0.0205,+0.0316,0.0000,0.0467,-0.3756,3.283,-13.095,-8.091,5.920,0.0000,0.0000,0.0000,0.0000,0.0000,0.0000,0.0000,0.0000,62.72,28.53,36,-10.270,1,474.9
1016.643,+0.1073,-0.1074,0.0000,0.0467,-0.3756,3.283,-13.095,-8.091,5.920,0.0000,0.0000,0.0000,0.0000,0.0000,0.0000,0.0000,0.0000,62.72,28.53,36,-10.270,1,474.9
1016.673,+0.0935,-0.0919,0.0000,0.0467,-0.3756,3.283,-13.095,-8.091,5.920,0.0000,0.0000,0.0000,0.0000,0.0000,0.0000,0.0000,0.0000,62.72,28.53,36,-10.270,1,474.9
1016.741,+0.0669,-0.0452,-0.0100,0.0500,-0.3633,2.465,-12.374,-8.221,4.686,0.0000,0.0000,0.0000,0.0000,0.0000,0.0000,0.0000,0.0000,61.45,28.61,36,-12.990,1,467.7
1016.769,+0.0742,-0.0713,-0.0150,0.0522,-0.3433,2.450,-12.364,-8.218,4.678,0.0000,0.0000,0.0000,0.0000,0.0000,0.0000,0.0000,0.0000,61.45,28.62,35,-13.060,1,467.7
1016.809,+0.0677,-0.0871,-0.0150,0.0533,-0.3467,2.026,-12.200,-9.766,2.521,0.0000,0.0000,0.0000,0.0000,0.0000,0.0000,0.0000,0.0000,60.95,28.62,35,-13.380,1,464.7
1016.858,+0.0479,-0.0464,-0.0150,0.0533,-0.3467,2.026,-12.200,-9.766,2.521,0.0000,0.0000,0.0000,0.0000,0.0000,0.0000,0.0000,0.0000,60.95,28.62,35,-13.380,1,464.7
1016.885,+0.0168,-0.0997,-0.0150,0.0533,-0.3467,2.026,-12.200,-9.766,2.521,0.0000,0.0000,0.0000,0.0000,0.0000,0.0000,0.0000,0.0000,60.95,28.62,35,-13.380,1,464.7
1016.918,+0.0194,-0.0433,-0.0150,0.0533,-0.3467,2.026,-12.200,-9.766,2.521,0.0000,0.0000,0.0000,0.0000,0.0000,0.0000,0.0000,0.0000,60.95,28.62,35,-13.380,1,464.7
1016.951,+0.0179,-0.0459,-0.0150,0.0533,-0.3467,2.026,-12.200,-9.766,2.521,0.0000,0.0000,0.0000,0.0000,0.0000,0.0000,0.0000,0.0000,60.95,28.62,35,-13.380,1,464.7
1016.987,+0.0175,-0.0037,-0.0250,0.0589,-0.3300,0.731,-11.788,-6.581,3.114,0.0000,0.0000,0.0000,0.0000,0.0000,0.0000,0.0000,0.0000,60.95,28.79,35,-12.930,1,464.7
1017.016,+0.0104,+0.0481,-0.0250,0.0589,-0.3300,0.417,-11.647,-5.920,3.059,0.0000,0.0000,0.0000,0.0000,0.0000,0.0000,0.0000,0.0000,60.95,28.79,35,-12.930,1,464.7
1017.062,+0.0375,-0.0348,-0.0300,0.0622,-0.3244,-0.166,-11.439,-4.592,0.126,0.0000,0.0000,0.0000,0.0000,0.0000,0.0000,0.0000,0.0000,60.04,28.84,35,-13.030,1,459.0
1017.113,+0.0375,-0.0350,-0.0300,0.0633,-0.3300,-0.166,-11.439,-4.592,0.126,0.0000,0.0000,0.0000,0.0000,0.0000,0.0000,0.0000,0.0000,60.04,28.84,35,-13.560,1,459.0
1017.141,+0.0679,-0.0074,-0.0300,0.0633,-0.3300,-0.166,-11.439,-4.592,0.126,0.0000,0.0000,0.0000,0.0000,0.0000,0.0000,0.0000,0.0000,60.04,28.84,35,-13.560,1,459.0
1017.178,+0.0859,-0.0485,-0.0300,0.0633,-0.3300,-0.166,-11.439,-4.592,0.126,0.0000,0.0000,0.0000,0.0000,0.0000,0.0000,0.0000,0.0000,60.04,28.84,35,-13.560,1,459.0
1017.220,+0.0646,-0.0482,-0.0300,0.0633,-0.3300,-0.166,-11.439,-4.592,0.126,0.0000,0.0000,0.0000,0.0000,0.0000,0.0000,0.0000,0.0000,60.04,28.84,35,-13.560,1,459.0
1017.256,+0.0698,-0.0574,-0.0350,0.0656,-0.3167,-0.827,-11.367,-3.377,1.744,0.0000,0.0000,0.0000,0.0000,0.0000,0.0000,0.0000,0.0000,58.94,28.90,35,-12.430,1,451.6
1017.288,+0.0750,-0.0185,-0.0400,0.0667,-0.3156,-0.988,-11.292,-4.023,1.730,0.0000,0.0000,0.0000,0.0000,0.0000,0.0000,0.0000,0.0000,58.94,28.92,35,-13.210,1,451.6
1017.319,+0.0773,-0.0185,-0.0400,0.0656,-0.3011,-1.067,-11.165,-0.377,2.365,0.0000,0.0000,0.0000,0.0000,0.0000,0.0000,0.0000,0.0000,58.94,28.92,35,-16.600,1,451.6
1017.351,+0.0790,-0.0185,-0.0400,0.0656,-0.3011,-1.067,-11.165,-0.377,2.365,0.0000,0.0000,0.0000,0.0000,0.0000,0.0000,0.0000,0.0000,58.94,28.92,35,-16.600,1,451.6
1017.392,+0.0542,+0.0585,-0.0400,0.0656,-0.3011,-1.067,-11.165,-0.377,2.365,0.0000,0.0000,0.0000,0.0000,0.0000,0.0000,0.0000,0.0000,58.94,28.92,35,-16.600,1,451.6
1017.422,+0.0542,+0.0908,-0.0400,0.0656,-0.3011,-1.067,-11.165,-0.377,2.365,0.0000,0.0000,0.0000,0.0000,0.0000,0.0000,0.0000,0.0000,58.94,28.92,35,-16.600,1,451.6
1017.458,+0.0304,+0.0807,-0.0400,0.0656,-0.3011,-1.067,-11.165,-0.377,2.365,0.0000,0.0000,0.0000,0.0000,0.0000,0.0000,0.0000,0.0000,58.94,28.92,35,-16.600,1,451.6
1017.488,+0.0234,+0.1565,-0.0450,0.0711,-0.3200,-0.859,-11.118,2.189,-0.566,0.0000,0.0000,0.0000,0.0000,0.0000,0.0000,0.0000,0.0000,58.10,28.99,34,-13.230,1,445.9
1017.525,+0.0263,+0.0992,-0.0450,0.0722,-0.3300,-0.667,-11.530,2.876,-4.667,0.0000,0.0000,0.0000,0.0000,0.0000,0.0000,0.0000,0.0000,58.10,28.99,34,-13.240,1,445.9
1017.553,+0.0479,+0.0749,-0.0450,0.0722,-0.3344,-0.514,-11.734,4.025,-3.903,0.0000,0.0000,0.0000,0.0000,0.0000,0.0000,0.0000,0.0000,58.10,29.00,35,-12.550,1,445.9
1017.589,+0.0237,+0.1120,-0.0450,0.0700,-0.3344,-0.514,-11.734,4.025,-3.903,0.0000,0.0000,0.0000,0.0000,0.0000,0.0000,0.0000,0.0000,58.10,29.00,35,-12.550,1,445.9
1017.615,+0.0458,+0.0912,-0.0450,0.0700,-0.3344,-0.514,-11.734,4.025,-3.903,0.0000,0.0000,0.0000,0.0000,0.0000,0.0000,0.0000,0.0000,58.10,29.00,35,-12.550,1,445.9
1017.643,+0.0763,+0.0912,-0.0450,0.0700,-0.3344,-0.514,-11.734,4.025,-3.903,0.0000,0.0000,0.0000,0.0000,0.0000,0.0000,0.0000,0.0000,58.10,29.00,35,-12.550,1,445.9
1017.686,+0.0686,+0.0407,-0.0450,0.0700,-0.3344,-0.514,-11.734,4.025,-3.903,0.0000,0.0000,0.0000,0.0000,0.0000,0.0000,0.0000,0.0000,58.10,29.00,35,-12.550,1,445.9
1017.773,+0.0611,+0.0605,-0.0300,0.0644,-0.3489,0.379,-12.035,7.630,-0.980,0.0000,0.0000,0.0000,0.0000,0.0000,0.0000,0.0000,0.0000,56.83,29.02,35,-11.850,1,437.3
1017.815,+0.0521,+0.0070,-0.0300,0.0622,-0.3422,1.076,-12.096,6.226,1.158,0.0000,0.0000,0.0000,0.0000,0.0000,0.0000,0.0000,0.0000,56.36,29.02,35,-11.950,1,434.3
1017.848,+0.0521,-0.0059,-0.0300,0.0622,-0.3422,1.076,-12.096,6.226,1.158,0.0000,0.0000,0.0000,0.0000,0.0000,0.0000,0.0000,0.0000,56.36,29.02,35,-11.950,1,434.3
1017.874,+0.0521,-0.0196,-0.0300,0.0622,-0.3422,1.076,-12.096,6.226,1.158,0.0000,0.0000,0.0000,0.0000,0.0000,0.0000,0.0000,0.0000,56.36,29.02,35,-11.950,1,434.3
1017.910,+0.0281,-0.0093,-0.0300,0.0622,-0.3422,1.076,-12.096,6.226,1.158,0.0000,0.0000,0.0000,0.0000,0.0000,0.0000,0.0000,0.0000,56.36,29.02,35,-11.950,1,434.3
1017.948,+0.0271,+0.0296,-0.0300,0.0622,-0.3422,1.076,-12.096,6.226,1.158,0.0000,0.0000,0.0000,0.0000,0.0000,0.0000,0.0000,0.0000,56.36,29.02,35,-11.950,1,434.3
1017.976,+0.0479,-0.0247,-0.0300,0.0622,-0.3422,1.418,-11.994,6.197,2.302,0.0000,0.0000,0.0000,0.0000,0.0000,0.0000,0.0000,0.0000,56.36,29.05,34,-12.160,1,434.3
1018.016,+0.0261,+0.0259,-0.0250,0.0589,-0.3367,1.689,-11.900,6.350,2.077,0.0000,0.0000,0.0000,0.0000,0.0000,0.0000,0.0000,0.0000,56.36,29.06,35,-16.390,1,434.3
1018.044,+0.0458,-0.0280,-0.0200,0.0533,-0.3044,1.987,-11.824,6.595,1.531,0.0000,0.0000,0.0000,0.0000,0.0000,0.0000,0.0000,0.0000,55.68,29.06,35,-16.580,1,430.0
1018.087,+0.0458,+0.0589,-0.0200,0.0522,-0.3144,2.331,-11.775,6.547,0.879,0.0000,0.0000,0.0000,0.0000,0.0000,0.0000,0.0000,0.0000,55.68,29.10,34,-13.170,1,430.0
1018.129,+0.0668,+0.0259,-0.0200,0.0522,-0.3144,2.331,-11.775,6.547,0.879,0.0000,0.0000,0.0000,0.0000,0.0000,0.0000,0.0000,0.0000,55.68,29.10,34,-13.170,1,430.0
1018.169,+0.0479,+0.0646,-0.0200,0.0522,-0.3144,2.331,-11.775,6.547,0.879,0.0000,0.0000,0.0000,0.0000,0.0000,0.0000,0.0000,0.0000,55.68,29.10,34,-13.170,1,430.0
1018.197,+0.0789,+0.1399,-0.0200,0.0522,-0.3144,2.331,-11.775,6.547,0.879,0.0000,0.0000,0.0000,0.0000,0.0000,0.0000,0.0000,0.0000,55.68,29.10,34,-13.170,1,430.0
1018.226,+0.0500,+0.0888,-0.0200,0.0522,-0.3144,3.041,-11.760,3.736,0.060,0.0000,0.0000,0.0000,0.0000,0.0000,0.0000,0.0000,0.0000,55.68,29.15,34,-13.170,1,430.0
1018.280,+0.0500,+0.1002,-0.0100,0.0489,-0.3378,3.221,-11.842,2.837,-2.850,0.0000,0.0000,0.0000,0.0000,0.0000,0.0000,0.0000,0.0000,54.52,29.16,34,-12.460,1,422.5
1018.306,+0.0500,+0.1644,-0.0100,0.0489,-0.3378,3.346,-12.005,2.060,-3.715,0.0000,0.0000,0.0000,0.0000,0.0000,0.0000,0.0000,0.0000,54.52,29.16,34,-12.360,1,422.5
1018.333,+0.0500,+0.1118,-0.0100,0.0489,-0.3444,3.346,-12.005,2.060,-3.715,0.0000,0.0000,0.0000,0.0000,0.0000,0.0000,0.0000,0.0000,54.52,29.16,34,-12.360,1,422.5
1018.367,+0.0246,+0.1497,-0.0100,0.0489,-0.3444,3.346,-12.005,2.060,-3.715,0.0000,0.0000,0.0000,0.0000,0.0000,0.0000,0.0000,0.0000,54.52,29.16,34,-12.360,1,422.5
1018.393,+0.0479,+0.1248,-0.0100,0.0489,-0.3444,3.346,-12.005,2.060,-3.715,0.0000,0.0000,0.0000,0.0000,0.0000,0.0000,0.0000,0.0000,54.52,29.16,34,-12.360,1,422.5
1018.428,+0.0235,+0.1571,-0.0100,0.0489,-0.3444,3.346,-12.005,2.060,-3.715,0.0000,0.0000,0.0000,0.0000,0.0000,0.0000,0.0000,0.0000,54.52,29.16,34,-12.360,1,422.5
1018.455,+0.0141,+0.1342,-0.0100,0.0489,-0.3444,3.346,-12.005,2.060,-3.715,0.0000,0.0000,0.0000,0.0000,0.0000,0.0000,0.0000,0.0000,54.52,29.16,34,-12.360,1,422.5
1018.526,+0.0173,+0.1050,-0.0050,0.0489,-0.3600,3.614,-12.570,0.622,-2.675,0.0000,0.0000,0.0000,0.0000,0.0000,0.0000,0.0000,0.0000,53.63,29.19,35,-11.240,1,416.8
1018.559,+0.0396,-0.0082,-0.0100,0.0500,-0.3700,3.593,-12.740,-0.746,-2.888,0.0000,0.0000,0.0000,0.0000,0.0000,0.0000,0.0000,0.0000,53.63,29.20,35,-11.460,1,416.8
1018.585,+0.0396,-0.0349,-0.0100,0.0500,-0.3700,3.593,-12.740,-0.746,-2.888,0.0000,0.0000,0.0000,0.0000,0.0000,0.0000,0.0000,0.0000,53.63,29.20,35,-11.460,1,416.8
1018.647,+0.0396,-0.0088,-0.0100,0.0500,-0.3700,3.593,-12.740,-0.746,-2.888,0.0000,0.0000,0.0000,0.0000,0.0000,0.0000,0.0000,0.0000,53.63,29.20,35,-11.460,1,416.8
1018.673,+0.0727,-0.1175,-0.0100,0.0500,-0.3700,3.593,-12.740,-0.746,-2.888,0.0000,0.0000,0.0000,0.0000,0.0000,0.0000,0.0000,0.0000,53.63,29.20,35,-11.460,1,416.8
1018.709,+0.0659,-0.0380,-0.0100,0.0500,-0.3700,3.593,-12.740,-0.746,-2.888,0.0000,0.0000,0.0000,0.0000,0.0000,0.0000,0.0000,0.0000,53.63,29.20,35,-11.460,1,416.8
1018.743,+0.0437,-0.0495,-0.0050,0.0467,-0.3489,3.506,-12.818,-0.782,0.796,0.0000,0.0000,0.0000,0.0000,0.0000,0.0000,0.0000,0.0000,52.65,29.21,35,-11.440,1,411.0
1018.838,+0.0437,-0.0218,-0.0100,0.0489,-0.3333,3.316,-11.938,-2.269,3.409,0.0000,0.0000,0.0000,0.0000,0.0000,0.0000,0.0000,0.0000,51.94,29.25,34,-12.570,1,406.7
1018.879,+0.0437,-0.0538,-0.0100,0.0489,-0.3333,3.316,-11.938,-2.269,3.409,0.0000,0.0000,0.0000,0.0000,0.0000,0.0000,0.0000,0.0000,51.94,29.25,34,-12.570,1,406.7
1018.909,+0.0146,-0.0890,-0.0100,0.0489,-0.3333,3.316,-11.938,-2.269,3.409,0.0000,0.0000,0.0000,0.0000,0.0000,0.0000,0.0000,0.0000,51.94,29.25,34,-12.570,1,406.7
1018.958,+0.0237,-0.0566,-0.0100,0.0489,-0.3333,3.316,-11.938,-2.269,3.409,0.0000,0.0000,0.0000,0.0000,0.0000,0.0000,0.0000,0.0000,51.94,29.25,34,-12.570,1,406.7
1018.984,+0.0396,+0.0000,-0.0150,0.0511,-0.3222,2.848,-11.607,-3.007,2.170,0.0000,0.0000,0.0000,0.0000,0.0000,0.0000,0.0000,0.0000,51.94,29.36,34,-13.020,1,406.7
1019.012,+0.0091,+0.0543,-0.0150,0.0511,-0.3222,2.842,-11.603,-3.023,2.177,0.0000,0.0000,0.0000,0.0000,0.0000,0.0000,0.0000,0.0000,51.94,29.38,34,-13.040,1,406.7
1019.052,+0.0375,+0.0037,-0.0150,0.0522,-0.3189,2.696,-11.510,-2.609,2.291,0.0000,0.0000,0.0000,0.0000,0.0000,0.0000,0.0000,0.0000,51.02,29.38,34,-12.800,1,400.9
1019.087,+0.0375,+0.0471,-0.0150,0.0522,-0.3144,2.575,-11.408,-1.918,2.147,0.0000,0.0000,0.0000,0.0000,0.0000,0.0000,0.0000,0.0000,51.02,29.41,33,-13.440,1,400.9
1019.126,+0.0375,+0.0074,-0.0150,0.0522,-0.3144,2.575,-11.408,-1.918,2.147,0.0000,0.0000,0.0000,0.0000,0.0000,0.0000,0.0000,0.0000,51.02,29.41,33,-13.440,1,400.9
1019.188,+0.0226,+0.0338,-0.0150,0.0522,-0.3144,2.575,-11.408,-1.918,2.147,0.0000,0.0000,0.0000,0.0000,0.0000,0.0000,0.0000,0.0000,51.02,29.41,33,-13.440,1,400.9
1019.224,+0.0595,+0.0111,-0.0150,0.0522,-0.3144,2.575,-11.408,-1.918,2.147,0.0000,0.0000,0.0000,0.0000,0.0000,0.0000,0.0000,0.0000,51.02,29.45,34,-13.440,1,400.9
1019.254,+0.0375,+0.0617,-0.0200,0.0544,-0.3167,2.254,-11.527,-2.288,-1.595,0.0000,0.0000,0.0000,0.0000,0.0000,0.0000,0.0000,0.0000,49.92,29.45,34,-12.370,1,393.4
1019.285,+0.0375,+0.0148,-0.0250,0.0556,-0.3089,1.988,-11.618,-2.532,-0.102,0.0000,0.0000,0.0000,0.0000,0.0000,0.0000,0.0000,0.0000,49.92,29.46,33,-12.530,1,393.4
1019.311,+0.0375,+0.0148,-0.0250,0.0544,-0.2878,1.982,-11.618,-2.531,-0.122,0.0000,0.0000,0.0000,0.0000,0.0000,0.0000,0.0000,0.0000,49.92,29.46,33,-16.830,1,393.4
1019.346,+0.0375,+0.0585,-0.0250,0.0544,-0.2878,1.982,-11.618,-2.531,-0.122,0.0000,0.0000,0.0000,0.0000,0.0000,0.0000,0.0000,0.0000,49.92,29.46,33,-16.830,1,393.4
1019.380,+0.0375,+0.0185,-0.0250,0.0544,-0.2878,1.982,-11.618,-2.531,-0.122,0.0000,0.0000,0.0000,0.0000,0.0000,0.0000,0.0000,0.0000,49.92,29.46,33,-16.830,1,393.4
1019.411,+0.0375,+0.0678,-0.0250,0.0544,-0.2878,1.982,-11.618,-2.531,-0.122,0.0000,0.0000,0.0000,0.0000,0.0000,0.0000,0.0000,0.0000,49.92,29.46,33,-16.830,1,393.4
1019.453,+0.0375,+0.0222,-0.0250,0.0544,-0.2878,1.982,-11.618,-2.531,-0.122,0.0000,0.0000,0.0000,0.0000,0.0000,0.0000,0.0000,0.0000,49.92,29.46,33,-16.830,1,393.4
1019.479,+0.0375,+0.0798,-0.0250,0.0544,-0.2878,1.726,-11.631,-2.356,-0.073,0.0000,0.0000,0.0000,0.0000,0.0000,0.0000,0.0000,0.0000,49.92,29.47,33,-13.050,1,393.4
1019.510,+0.0375,+0.0747,-0.0300,0.0611,-0.3144,1.575,-11.651,0.655,0.122,0.0000,0.0000,0.0000,0.0000,0.0000,0.0000,0.0000,0.0000,49.00,29.48,33,-12.630,1,387.3
1019.541,+0.0375,+0.1776,-0.0300,0.0611,-0.3211,1.657,-11.806,0.512,-4.545,0.0000,0.0000,0.0000,0.0000,0.0000,0.0000,0.0000,0.0000,49.00,29.50,33,-12.980,1,387.3
1019.589,+0.0375,+0.1732,-0.0300,0.0633,-0.3389,1.657,-11.806,0.512,-4.545,0.0000,0.0000,0.0000,0.0000,0.0000,0.0000,0.0000,0.0000,49.00,29.50,33,-12.500,1,387.3
1019.619,+0.0375,+0.1542,-0.0300,0.0633,-0.3389,1.657,-11.806,0.512,-4.545,0.0000,0.0000,0.0000,0.0000,0.0000,0.0000,0.0000,0.0000,49.00,29.50,33,-12.500,1,387.3
1019.662,+0.0375,+0.1722,-0.0300,0.0633,-0.3389,1.657,-11.806,0.512,-4.545,0.0000,0.0000,0.0000,0.0000,0.0000,0.0000,0.0000,0.0000,49.00,29.50,33,-12.500,1,387.3
1019.699,+0.0375,+0.1592,-0.0300,0.0633,-0.3389,1.657,-11.806,0.512,-4.545,0.0000,0.0000,0.0000,0.0000,0.0000,0.0000,0.0000,0.0000,49.00,29.50,33,-12.500,1,387.3
1019.726,+0.0375,+0.2460,-0.0300,0.0633,-0.3389,1.694,-12.373,0.405,-5.093,0.0000,0.0000,0.0000,0.0000,0.0000,0.0000,0.0000,0.0000,49.00,29.50,33,-12.380,1,387.3
1019.761,+0.0375,+0.1370,-0.0300,0.0644,-0.3556,1.712,-12.611,0.594,-3.769,0.0000,0.0000,0.0000,0.0000,0.0000,0.0000,0.0000,0.0000,47.87,29.50,33,-11.360,1,379.9
1019.797,+0.0375,+0.1824,-0.0300,0.0633,-0.3478,1.750,-12.784,0.118,0.130,0.0000,0.0000,0.0000,0.0000,0.0000,0.0000,0.0000,0.0000,47.87,29.49,34,-11.460,1,379.9
1019.831,+0.0127,+0.1477,-0.0300,0.0644,-0.3533,1.750,-12.784,0.118,0.130,0.0000,0.0000,0.0000,0.0000,0.0000,0.0000,0.0000,0.0000,49.39,29.49,34,-11.210,1,376.4
1019.866,+0.0102,+0.1523,-0.0300,0.0644,-0.3533,1.750,-12.784,0.118,0.130,0.0000,0.0000,0.0000,0.0000,0.0000,0.0000,0.0000,0.0000,49.39,29.49,34,-11.210,1,376.4
1019.901,+0.0089,+0.1111,-0.0300,0.0644,-0.3533,1.750,-12.784,0.118,0.130,0.0000,0.0000,0.0000,0.0000,0.0000,0.0000,0.0000,0.0000,49.39,29.49,34,-11.210,1,376.4
1019.933,-0.0222,+0.0161,-0.0300,0.0644,-0.3533,1.750,-12.784,0.118,0.130,0.0000,0.0000,0.0000,0.0000,0.0000,0.0000,0.0000,0.0000,49.39,29.49,34,-11.210,1,376.4
1019.965,-0.0001,+0.0069,-0.0300,0.0644,-0.3533,2.078,-13.128,0.113,0.118,0.0000,0.0000,0.0000,0.0000,0.0000,0.0000,0.0000,0.0000,49.39,0.00,34,-11.210,1,376.4
1019.992,-0.0359,-0.0662,-0.0300,0.0644,-0.3644,2.078,-13.128,0.113,0.118,0.0000,0.0000,0.0000,0.0000,0.0000,0.0000,0.0000,0.0000,49.39,0.00,34,-11.320,1,376.4
1020.021,+0.0208,-0.0740,-0.0300,0.0644,-0.3689,2.160,-13.035,0.114,0.117,0.0000,0.0000,0.0000,0.0000,0.0000,0.0000,0.0000,0.0000,49.39,0.00,34,-10.790,1,376.4
1020.047,+0.0208,-0.1603,-0.0250,0.0633,-0.3678,2.160,-13.035,0.114,0.117,0.0000,0.0000,0.0000,0.0000,0.0000,0.0000,0.0000,0.0000,48.40,0.00,34,-10.990,1,370.6
1020.080,+0.0208,-0.0781,-0.0250,0.0622,-0.3667,2.333,-12.769,0.118,0.113,0.0000,0.0000,0.0000,0.0000,0.0000,0.0000,0.0000,0.0000,48.40,0.00,34,-11.300,1,370.6
1020.109,+0.0500,-0.0555,-0.0250,0.0622,-0.3667,2.333,-12.769,0.118,0.113,0.0000,0.0000,0.0000,0.0000,0.0000,0.0000,0.0000,0.0000,48.40,0.00,34,-11.300,1,370.6
1020.150,+0.0229,-0.0735,-0.0250,0.0622,-0.3667,2.333,-12.769,0.118,0.113,0.0000,0.0000,0.0000,0.0000,0.0000,0.0000,0.0000,0.0000,48.40,0.00,34,-11.300,1,370.6
1020.179,+0.0526,-0.0760,-0.0250,0.0622,-0.3667,2.333,-12.769,0.118,0.113,0.0000,0.0000,0.0000,0.0000,0.0000,0.0000,0.0000,0.0000,48.40,0.00,34,-11.300,1,370.6
1020.232,+0.0250,-0.0686,0.0000,0.0411,-0.3278,3.105,-11.901,0.117,0.116,0.0000,0.0000,0.0000,0.0000,0.0000,0.0000,0.0000,0.0000,48.40,0.00,33,-13.160,1,370.6
1020.314,+0.0250,-0.0305,0.0000,0.0378,-0.3089,3.486,-11.382,0.678,2.958,0.0000,0.0000,0.0000,0.0000,0.0000,0.0000,0.0000,0.0000,47.40,0.00,33,-13.300,1,364.7
1020.338,+0.0250,-0.0577,0.0000,0.0378,-0.3089,3.486,-11.382,0.678,2.958,0.0000,0.0000,0.0000,0.0000,0.0000,0.0000,0.0000,0.0000,47.40,0.00,33,-13.300,1,364.7
1020.376,-0.0217,-0.1244,0.0000,0.0378,-0.3089,3.486,-11.382,0.678,2.958,0.0000,0.0000,0.0000,0.0000,0.0000,0.0000,0.0000,0.0000,47.40,0.00,33,-13.300,1,364.7
1020.405,-0.0369,-0.1650,0.0000,0.0378,-0.3089,3.486,-11.382,0.678,2.958,0.0000,0.0000,0.0000,0.0000,0.0000,0.0000,0.0000,0.0000,47.40,0.00,33,-13.300,1,364.7
1020.510,-0.0026,-0.1079,0.0000,0.0367,-0.2967,3.396,-11.132,-1.567,3.861,0.0000,0.0000,0.0000,0.0000,0.0000,0.0000,0.0000,0.0000,46.48,29.71,32,-13.040,1,358.8
1020.554,+0.0727,+0.0306,0.0000,0.0344,-0.2811,3.173,-10.610,-1.364,5.407,0.0000,0.0000,0.0000,0.0000,0.0000,0.0000,0.0000,0.0000,46.48,29.75,32,-14.350,1,358.8
1020.589,+0.0938,+0.1001,0.0000,0.0344,-0.2811,3.173,-10.610,-1.364,5.407,0.0000,0.0000,0.0000,0.0000,0.0000,0.0000,0.0000,0.0000,46.48,29.75,32,-14.350,1,358.8
1020.641,+0.0594,+0.0390,0.0000,0.0344,-0.2811,3.173,-10.610,-1.364,5.407,0.0000,0.0000,0.0000,0.0000,0.0000,0.0000,0.0000,0.0000,46.48,29.75,32,-14.350,1,358.8
1020.668,+0.0907,+0.0946,0.0000,0.0344,-0.2811,3.173,-10.610,-1.364,5.407,0.0000,0.0000,0.0000,0.0000,0.0000,0.0000,0.0000,0.0000,46.48,29.75,32,-14.350,1,358.8
1020.704,+0.0333,+0.1228,0.0000,0.0344,-0.2811,3.173,-10.610,-1.364,5.407,0.0000,0.0000,0.0000,0.0000,0.0000,0.0000,0.0000,0.0000,46.48,29.75,32,-14.350,1,358.8
1020.746,+0.0333,+0.0786,0.0000,0.0378,-0.3044,3.124,-10.765,-1.715,-5.137,0.0000,0.0000,0.0000,0.0000,0.0000,0.0000,0.0000,0.0000,45.43,29.77,32,-14.060,1,351.3
1020.784,+0.0107,+0.0916,-0.0050,0.0444,-0.3133,2.755,-11.225,-5.819,-2.768,0.0000,0.0000,0.0000,0.0000,0.0000,0.0000,0.0000,0.0000,45.43,29.75,32,-12.130,1,351.3
1020.827,-0.0097,+0.0913,-0.0100,0.0456,-0.3144,2.449,-11.338,-6.086,-1.716,0.0000,0.0000,0.0000,0.0000,0.0000,0.0000,0.0000,0.0000,44.81,29.75,32,-12.150,1,346.8
1020.873,+0.0075,+0.0955,-0.0100,0.0456,-0.3144,2.449,-11.338,-6.086,-1.716,0.0000,0.0000,0.0000,0.0000,0.0000,0.0000,0.0000,0.0000,44.81,29.75,32,-12.150,1,346.8
1020.902,-0.0036,+0.1348,-0.0100,0.0456,-0.3144,2.449,-11.338,-6.086,-1.716,0.0000,0.0000,0.0000,0.0000,0.0000,0.0000,0.0000,0.0000,44.81,29.75,32,-12.150,1,346.8
1020.932,-0.0063,+0.0926,-0.0100,0.0456,-0.3144,2.449,-11.338,-6.086,-1.716,0.0000,0.0000,0.0000,0.0000,0.0000,0.0000,0.0000,0.0000,44.81,29.75,32,-12.150,1,346.8
1020.962,+0.0208,+0.0950,-0.0100,0.0456,-0.3144,2.449,-11.338,-6.086,-1.716,0.0000,0.0000,0.0000,0.0000,0.0000,0.0000,0.0000,0.0000,44.81,29.73,32,-12.150,1,346.8
1020.991,+0.0208,+0.0999,-0.0100,0.0489,-0.3333,1.856,-11.560,-4.264,-2.577,0.0000,0.0000,0.0000,0.0000,0.0000,0.0000,0.0000,0.0000,44.81,29.73,32,-12.040,1,346.8
1021.027,+0.0208,+0.0950,-0.0100,0.0500,-0.3344,1.466,-11.900,-2.815,-2.685,0.0000,0.0000,0.0000,0.0000,0.0000,0.0000,0.0000,0.0000,44.81,29.73,32,-12.000,1,346.8
1021.057,+0.0489,+0.0556,-0.0100,0.0500,-0.3367,1.308,-11.982,-3.101,-0.599,0.0000,0.0000,0.0000,0.0000,0.0000,0.0000,0.0000,0.0000,43.89,29.72,33,-11.950,1,340.5
1021.095,+0.0459,+0.0965,-0.0150,0.0511,-0.3333,1.308,-11.982,-3.101,-0.599,0.0000,0.0000,0.0000,0.0000,0.0000,0.0000,0.0000,0.0000,43.89,29.72,33,-11.510,1,340.5
1021.122,+0.0561,+0.0593,-0.0150,0.0511,-0.3333,1.308,-11.982,-3.101,-0.599,0.0000,0.0000,0.0000,0.0000,0.0000,0.0000,0.0000,0.0000,43.89,29.72,33,-11.510,1,340.5
1021.148,+0.0599,+0.0593,-0.0150,0.0511,-0.3333,1.308,-11.982,-3.101,-0.599,0.0000,0.0000,0.0000,0.0000,0.0000,0.0000,0.0000,0.0000,43.89,29.72,33,-11.510,1,340.5
1021.219,+0.0292,+0.0827,-0.0150,0.0511,-0.3333,1.308,-11.982,-3.101,-0.599,0.0000,0.0000,0.0000,0.0000,0.0000,0.0000,0.0000,0.0000,43.89,29.72,33,-11.510,1,340.5
1021.250,+0.0573,+0.1130,-0.0200,0.0544,-0.3367,0.742,-12.008,-4.845,-0.495,0.0000,0.0000,0.0000,0.0000,0.0000,0.0000,0.0000,0.0000,42.97,29.72,32,-11.690,1,334.6
1021.282,+0.0051,+0.0667,-0.0200,0.0567,-0.3389,0.510,-12.047,-5.077,-0.921,0.0000,0.0000,0.0000,0.0000,0.0000,0.0000,0.0000,0.0000,42.97,29.73,32,-12.020,1,334.6
1021.319,+0.0532,+0.1094,-0.0250,0.0611,-0.3411,0.260,-12.103,-4.974,-1.103,0.0000,0.0000,0.0000,0.0000,0.0000,0.0000,0.0000,0.0000,42.97,29.73,32,-11.920,1,334.6
1021.351,+0.0047,+0.0704,-0.0250,0.0611,-0.3411,0.260,-12.103,-4.974,-1.103,0.0000,0.0000,0.0000,0.0000,0.0000,0.0000,0.0000,0.0000,42.97,29.73,32,-11.920,1,334.6
1021.401,+0.0292,+0.0387,-0.0250,0.0611,-0.3411,0.260,-12.103,-4.974,-1.103,0.0000,0.0000,0.0000,0.0000,0.0000,0.0000,0.0000,0.0000,42.97,29.73,32,-11.920,1,334.6
1021.426,+0.0292,+0.0069,-0.0250,0.0611,-0.3411,0.260,-12.103,-4.974,-1.103,0.0000,0.0000,0.0000,0.0000,0.0000,0.0000,0.0000,0.0000,42.97,29.73,32,-11.920,1,334.6
1021.462,+0.0050,+0.0199,-0.0250,0.0611,-0.3411,0.260,-12.103,-4.974,-1.103,0.0000,0.0000,0.0000,0.0000,0.0000,0.0000,0.0000,0.0000,42.97,29.73,32,-11.920,1,334.6
1021.491,-0.0023,-0.0453,-0.0250,0.0611,-0.3389,-0.216,-12.205,0.272,0.932,0.0000,0.0000,0.0000,0.0000,0.0000,0.0000,0.0000,0.0000,42.97,29.75,32,-11.740,1,334.6
1021.522,+0.0250,+0.0031,-0.0300,0.0611,-0.3344,-0.212,-12.102,0.601,2.385,0.0000,0.0000,0.0000,0.0000,0.0000,0.0000,0.0000,0.0000,41.80,29.75,32,-11.290,1,327.1
1021.555,+0.0250,-0.0464,-0.0250,0.0600,-0.3333,-0.168,-11.944,1.455,3.260,0.0000,0.0000,0.0000,0.0000,0.0000,0.0000,0.0000,0.0000,41.80,29.76,32,-11.610,1,327.1
1021.588,+0.0250,-0.0053,-0.0250,0.0589,-0.3300,-0.168,-11.944,1.455,3.260,0.0000,0.0000,0.0000,0.0000,0.0000,0.0000,0.0000,0.0000,41.80,29.76,32,-11.870,1,327.1
1021.622,+0.0500,-0.0074,-0.0250,0.0589,-0.3300,-0.168,-11.944,1.455,3.260,0.0000,0.0000,0.0000,0.0000,0.0000,0.0000,0.0000,0.0000,41.80,29.76,32,-11.870,1,327.1
1021.672,+0.0451,-0.0308,-0.0250,0.0589,-0.3300,-0.168,-11.944,1.455,3.260,0.0000,0.0000,0.0000,0.0000,0.0000,0.0000,0.0000,0.0000,41.80,29.76,32,-11.870,1,327.1
1021.704,+0.0292,-0.0212,-0.0250,0.0589,-0.3300,-0.168,-11.944,1.455,3.260,0.0000,0.0000,0.0000,0.0000,0.0000,0.0000,0.0000,0.0000,41.80,29.76,32,-11.870,1,327.1
1021.737,+0.0553,-0.0242,-0.0250,0.0589,-0.3300,0.116,-11.561,1.764,2.209,0.0000,0.0000,0.0000,0.0000,0.0000,0.0000,0.0000,0.0000,41.80,29.80,31,-16.130,1,327.1
1021.763,+0.0312,-0.0394,-0.0250,0.0556,-0.3000,0.195,-11.458,1.266,2.126,0.0000,0.0000,0.0000,0.0000,0.0000,0.0000,0.0000,0.0000,40.64,29.80,31,-12.970,1,319.7
1021.835,+0.0575,-0.0085,-0.0250,0.0533,-0.2689,0.267,-11.339,1.232,2.407,0.0000,0.0000,0.0000,0.0000,0.0000,0.0000,0.0000,0.0000,40.17,29.83,31,-16.540,1,316.5
1021.860,+0.0354,+0.0713,-0.0250,0.0533,-0.2689,0.267,-11.339,1.232,2.407,0.0000,0.0000,0.0000,0.0000,0.0000,0.0000,0.0000,0.0000,40.17,29.83,31,-16.540,1,316.5
1021.902,+0.0562,+0.0889,-0.0250,0.0533,-0.2689,0.267,-11.339,1.232,2.407,0.0000,0.0000,0.0000,0.0000,0.0000,0.0000,0.0000,0.0000,40.17,29.83,31,-16.540,1,316.5
1021.926,+0.0026,+0.2082,-0.0250,0.0533,-0.2689,0.267,-11.339,1.232,2.407,0.0000,0.0000,0.0000,0.0000,0.0000,0.0000,0.0000,0.0000,40.17,29.83,31,-16.540,1,316.5
1021.988,+0.0354,+0.1134,-0.0250,0.0533,-0.2689,0.436,-11.209,2.326,-0.595,0.0000,0.0000,0.0000,0.0000,0.0000,0.0000,0.0000,0.0000,40.17,29.86,31,-13.330,1,316.5
1022.017,+0.0064,+0.2504,-0.0250,0.0567,-0.3144,0.436,-11.209,2.326,-0.595,0.0000,0.0000,0.0000,0.0000,0.0000,0.0000,0.0000,0.0000,40.17,29.86,31,-13.330,1,316.5
1022.050,+0.0069,+0.2005,-0.0250,0.0567,-0.3167,0.519,-11.388,1.256,-5.232,0.0000,0.0000,0.0000,0.0000,0.0000,0.0000,0.0000,0.0000,39.33,29.86,31,-13.080,1,310.8
1022.080,+0.0312,+0.1693,-0.0250,0.0567,-0.3278,0.647,-11.959,2.099,-5.113,0.0000,0.0000,0.0000,0.0000,0.0000,0.0000,0.0000,0.0000,39.33,29.84,32,-12.320,1,310.8
1022.109,+0.0312,+0.1817,-0.0200,0.0556,-0.3333,0.647,-11.959,2.099,-5.113,0.0000,0.0000,0.0000,0.0000,0.0000,0.0000,0.0000,0.0000,39.33,29.84,32,-11.020,1,310.8
1022.147,+0.0079,+0.2100,-0.0200,0.0556,-0.3333,0.647,-11.959,2.099,-5.113,0.0000,0.0000,0.0000,0.0000,0.0000,0.0000,0.0000,0.0000,39.33,29.84,32,-11.020,1,310.8
1022.191,+0.0492,+0.1674,-0.0200,0.0556,-0.3333,0.647,-11.959,2.099,-5.113,0.0000,0.0000,0.0000,0.0000,0.0000,0.0000,0.0000,0.0000,39.33,29.84,32,-11.020,1,310.8
1022.226,+0.0312,+0.1911,-0.0200,0.0556,-0.3333,0.647,-11.959,2.099,-5.113,0.0000,0.0000,0.0000,0.0000,0.0000,0.0000,0.0000,0.0000,39.33,29.84,32,-11.020,1,310.8
1022.254,+0.0312,+0.2206,-0.0200,0.0556,-0.3333,0.903,-12.352,3.050,-2.598,0.0000,0.0000,0.0000,0.0000,0.0000,0.0000,0.0000,0.0000,39.33,29.82,32,-11.020,1,310.8
1022.283,+0.0606,+0.1706,-0.0150,0.0522,-0.3544,1.189,-12.613,2.839,-2.889,0.0000,0.0000,0.0000,0.0000,0.0000,0.0000,0.0000,0.0000,38.41,29.81,32,-10.760,1,304.8
1022.350,+0.0333,+0.1468,-0.0100,0.0522,-0.3656,1.317,-12.760,2.315,-3.072,0.0000,0.0000,0.0000,0.0000,0.0000,0.0000,0.0000,0.0000,38.41,29.81,32,-10.440,1,304.8
1022.386,+0.0333,+0.0396,-0.0100,0.0522,-0.3656,1.317,-12.760,2.315,-3.072,0.0000,0.0000,0.0000,0.0000,0.0000,0.0000,0.0000,0.0000,38.41,29.81,32,-10.440,1,304.8
1022.417,+0.0333,-0.0273,-0.0100,0.0522,-0.3656,1.317,-12.760,2.315,-3.072,0.0000,0.0000,0.0000,0.0000,0.0000,0.0000,0.0000,0.0000,38.41,29.81,32,-10.440,1,304.8
1022.446,+0.0333,-0.0995,-0.0100,0.0522,-0.3656,1.317,-12.760,2.315,-3.072,0.0000,0.0000,0.0000,0.0000,0.0000,0.0000,0.0000,0.0000,38.41,29.81,32,-10.440,1,304.8
1022.481,+0.0581,-0.0393,-0.0100,0.0522,-0.3656,1.457,-13.005,0.690,-0.534,0.0000,0.0000,0.0000,0.0000,0.0000,0.0000,0.0000,0.0000,38.41,29.81,32,-10.520,1,304.8
1022.517,+0.0354,-0.0057,-0.0150,0.0522,-0.3478,1.637,-12.559,2.184,6.705,0.0000,0.0000,0.0000,0.0000,0.0000,0.0000,0.0000,0.0000,37.21,29.81,32,-10.440,1,297.6
1022.553,+0.0596,-0.0118,-0.0150,0.0522,-0.3433,1.734,-12.241,1.825,6.167,0.0000,0.0000,0.0000,0.0000,0.0000,0.0000,0.0000,0.0000,37.21,29.86,32,-10.580,1,297.6
1022.583,+0.0375,-0.0331,-0.0100,0.0500,-0.3389,1.734,-12.241,1.825,6.167,0.0000,0.0000,0.0000,0.0000,0.0000,0.0000,0.0000,0.0000,37.21,29.86,32,-11.520,1,297.6
1022.614,+0.0375,-0.0396,-0.0100,0.0500,-0.3389,1.734,-12.241,1.825,6.167,0.0000,0.0000,0.0000,0.0000,0.0000,0.0000,0.0000,0.0000,37.21,29.86,32,-11.520,1,297.6
1022.658,+0.0375,-0.0193,-0.0100,0.0500,-0.3389,1.734,-12.241,1.825,6.167,0.0000,0.0000,0.0000,0.0000,0.0000,0.0000,0.0000,0.0000,37.21,29.86,32,-11.520,1,297.6
1022.709,+0.0375,+0.0131,-0.0100,0.0500,-0.3389,1.734,-12.241,1.825,6.167,0.0000,0.0000,0.0000,0.0000,0.0000,0.0000,0.0000,0.0000,37.21,29.86,32,-11.520,1,297.6
1022.743,+0.0124,+0.0407,-0.0100,0.0478,-0.3056,1.855,-11.849,0.316,2.738,0.0000,0.0000,0.0000,0.0000,0.0000,0.0000,0.0000,0.0000,36.02,29.91,31,-15.750,1,290.3
1022.818,+0.0354,+0.0183,-0.0150,0.0489,-0.3111,1.754,-11.535,-0.721,1.787,0.0000,0.0000,0.0000,0.0000,0.0000,0.0000,0.0000,0.0000,35.56,29.94,31,-12.360,1,287.3
1022.856,+0.0354,-0.0038,-0.0150,0.0489,-0.3111,1.754,-11.535,-0.721,1.787,0.0000,0.0000,0.0000,0.0000,0.0000,0.0000,0.0000,0.0000,35.56,29.94,31,-12.360,1,287.3
1022.892,+0.0109,+0.0333,-0.0150,0.0489,-0.3111,1.754,-11.535,-0.721,1.787,0.0000,0.0000,0.0000,0.0000,0.0000,0.0000,0.0000,0.0000,35.56,29.94,31,-12.360,1,287.3
1022.922,+0.0333,-0.0172,-0.0150,0.0489,-0.3111,1.754,-11.535,-0.721,1.787,0.0000,0.0000,0.0000,0.0000,0.0000,0.0000,0.0000,0.0000,35.56,29.94,31,-12.360,1,287.3
1022.954,+0.0333,+0.0296,-0.0150,0.0489,-0.3111,1.754,-11.535,-0.721,1.787,0.0000,0.0000,0.0000,0.0000,0.0000,0.0000,0.0000,0.0000,35.56,29.94,31,-12.360,1,287.3
1022.979,+0.0333,-0.0304,-0.0150,0.0489,-0.3111,1.671,-11.442,0.076,0.872,0.0000,0.0000,0.0000,0.0000,0.0000,0.0000,0.0000,0.0000,35.56,29.97,31,-11.800,1,287.3
1023.012,+0.0333,-0.0201,-0.0100,0.0489,-0.3178,1.671,-11.442,0.076,0.872,0.0000,0.0000,0.0000,0.0000,0.0000,0.0000,0.0000,0.0000,35.56,29.97,31,-11.800,1,287.3
1023.046,+0.0333,+0.0222,-0.0150,0.0478,-0.3033,1.672,-11.385,0.179,1.366,0.0000,0.0000,0.0000,0.0000,0.0000,0.0000,0.0000,0.0000,35.56,29.97,31,-15.850,1,287.3
1023.076,+0.0333,-0.0286,-0.0150,0.0478,-0.2989,1.675,-11.314,0.044,1.564,0.0000,0.0000,0.0000,0.0000,0.0000,0.0000,0.0000,0.0000,34.67,29.98,31,-12.030,1,281.3
1023.125,+0.0514,+0.0185,-0.0150,0.0478,-0.2989,1.675,-11.314,0.044,1.564,0.0000,0.0000,0.0000,0.0000,0.0000,0.0000,0.0000,0.0000,34.67,29.98,31,-12.030,1,281.3
1023.152,+0.0671,+0.0185,-0.0150,0.0478,-0.2989,1.675,-11.314,0.044,1.564,0.0000,0.0000,0.0000,0.0000,0.0000,0.0000,0.0000,0.0000,34.67,29.98,31,-12.030,1,281.3
1023.191,+0.0375,+0.0992,-0.0150,0.0478,-0.2989,1.675,-11.314,0.044,1.564,0.0000,0.0000,0.0000,0.0000,0.0000,0.0000,0.0000,0.0000,34.67,29.98,31,-12.030,1,281.3
1023.225,+0.0624,+0.0702,-0.0150,0.0478,-0.2989,1.675,-11.314,0.044,1.564,0.0000,0.0000,0.0000,0.0000,0.0000,0.0000,0.0000,0.0000,34.67,29.98,31,-12.030,1,281.3
1023.255,+0.0396,+0.1309,-0.0150,0.0489,-0.3044,1.563,-11.099,-0.691,-1.137,0.0000,0.0000,0.0000,0.0000,0.0000,0.0000,0.0000,0.0000,33.55,29.99,31,-12.140,1,273.6
1023.289,+0.0650,+0.1274,-0.0150,0.0500,-0.3122,1.496,-11.245,-1.144,-2.265,0.0000,0.0000,0.0000,0.0000,0.0000,0.0000,0.0000,0.0000,33.55,30.00,31,-12.180,1,273.6
1023.339,+0.0237,+0.1405,-0.0200,0.0533,-0.3222,1.492,-11.253,-1.731,-3.894,0.0000,0.0000,0.0000,0.0000,0.0000,0.0000,0.0000,0.0000,33.55,30.00,31,-12.170,1,273.6
1023.362,+0.0396,+0.1188,-0.0200,0.0533,-0.3222,1.492,-11.253,-1.731,-3.894,0.0000,0.0000,0.0000,0.0000,0.0000,0.0000,0.0000,0.0000,33.55,30.00,31,-12.170,1,273.6
1023.393,+0.0114,+0.1094,-0.0200,0.0533,-0.3222,1.492,-11.253,-1.731,-3.894,0.0000,0.0000,0.0000,0.0000,0.0000,0.0000,0.0000,0.0000,33.55,30.00,31,-12.170,1,273.6
1023.419,+0.0375,+0.1779,-0.0200,0.0533,-0.3222,1.492,-11.253,-1.731,-3.894,0.0000,0.0000,0.0000,0.0000,0.0000,0.0000,0.0000,0.0000,33.55,30.00,31,-12.170,1,273.6
1023.467,+0.0375,+0.1366,-0.0200,0.0533,-0.3222,1.492,-11.253,-1.731,-3.894,0.0000,0.0000,0.0000,0.0000,0.0000,0.0000,0.0000,0.0000,33.55,30.00,31,-12.170,1,273.6
1023.498,+0.0375,+0.1264,-0.0200,0.0567,-0.3367,1.236,-11.799,-1.078,-2.447,0.0000,0.0000,0.0000,0.0000,0.0000,0.0000,0.0000,0.0000,33.55,29.97,31,-11.070,1,273.6
1023.532,+0.0375,+0.1263,-0.0200,0.0578,-0.3400,1.150,-12.013,-0.427,-1.952,0.0000,0.0000,0.0000,0.0000,0.0000,0.0000,0.0000,0.0000,32.69,29.97,31,-10.860,1,267.5
1023.561,+0.0375,+0.1907,-0.0200,0.0578,-0.3422,1.146,-12.111,0.045,-1.767,0.0000,0.0000,0.0000,0.0000,0.0000,0.0000,0.0000,0.0000,32.69,29.95,31,-10.390,1,267.5
1023.626,+0.0375,+0.1433,-0.0200,0.0578,-0.3467,1.146,-12.111,0.045,-1.767,0.0000,0.0000,0.0000,0.0000,0.0000,0.0000,0.0000,0.0000,32.69,29.95,31,-10.390,1,267.5
1023.662,+0.0375,+0.1428,-0.0200,0.0578,-0.3467,1.146,-12.111,0.045,-1.767,0.0000,0.0000,0.0000,0.0000,0.0000,0.0000,0.0000,0.0000,32.69,29.95,31,-10.390,1,267.5
1023.688,+0.0375,+0.1037,-0.0200,0.0578,-0.3467,1.146,-12.111,0.045,-1.767,0.0000,0.0000,0.0000,0.0000,0.0000,0.0000,0.0000,0.0000,32.69,29.95,31,-10.390,1,267.5
1023.724,-0.0106,+0.0610,-0.0200,0.0578,-0.3467,1.146,-12.111,0.045,-1.767,0.0000,0.0000,0.0000,0.0000,0.0000,0.0000,0.0000,0.0000,32.69,29.94,31,-10.390,1,267.5
1023.766,+0.0122,+0.0625,-0.0200,0.0578,-0.3600,1.220,-12.355,1.313,-2.999,0.0000,0.0000,0.0000,0.0000,0.0000,0.0000,0.0000,0.0000,31.53,29.94,31,-9.990,1,260.0
1023.799,+0.0312,+0.0048,-0.0200,0.0600,-0.3689,1.240,-12.425,0.317,0.341,0.0000,0.0000,0.0000,0.0000,0.0000,0.0000,0.0000,0.0000,31.53,29.94,32,-9.900,1,260.0
1023.830,+0.0312,-0.0110,-0.0250,0.0600,-0.3578,1.240,-12.425,0.317,0.341,0.0000,0.0000,0.0000,0.0000,0.0000,0.0000,0.0000,0.0000,31.28,29.94,32,-10.260,1,258.5
1023.857,+0.0312,-0.0287,-0.0250,0.0600,-0.3578,1.240,-12.425,0.317,0.341,0.0000,0.0000,0.0000,0.0000,0.0000,0.0000,0.0000,0.0000,31.28,29.94,32,-10.260,1,258.5
1023.909,+0.0312,+0.0123,-0.0250,0.0600,-0.3578,1.240,-12.425,0.317,0.341,0.0000,0.0000,0.0000,0.0000,0.0000,0.0000,0.0000,0.0000,31.28,29.94,32,-10.260,1,258.5
1023.944,+0.0796,-0.0624,-0.0250,0.0600,-0.3578,1.240,-12.425,0.317,0.341,0.0000,0.0000,0.0000,0.0000,0.0000,0.0000,0.0000,0.0000,31.28,29.94,32,-10.260,1,258.5
1023.974,+0.0642,-0.0467,-0.0250,0.0600,-0.3578,1.240,-12.425,0.317,0.341,0.0000,0.0000,0.0000,0.0000,0.0000,0.0000,0.0000,0.0000,31.28,29.96,31,-10.260,1,258.5
1024.020,+0.0568,-0.0205,-0.0200,0.0533,-0.3244,1.511,-11.869,3.080,4.960,0.0000,0.0000,0.0000,0.0000,0.0000,0.0000,0.0000,0.0000,31.28,29.96,31,-15.130,1,258.5
1024.068,+0.0396,-0.0259,-0.0200,0.0522,-0.3233,1.773,-11.499,1.736,2.833,0.0000,0.0000,0.0000,0.0000,0.0000,0.0000,0.0000,0.0000,30.09,29.96,31,-11.810,1,250.9
1024.103,+0.0153,-0.0099,-0.0200,0.0522,-0.3233,1.846,-11.368,0.917,2.524,0.0000,0.0000,0.0000,0.0000,0.0000,0.0000,0.0000,0.0000,30.09,30.01,31,-11.430,1,250.9
1024.128,+0.0375,-0.0893,-0.0200,0.0522,-0.3233,1.846,-11.368,0.917,2.524,0.0000,0.0000,0.0000,0.0000,0.0000,0.0000,0.0000,0.0000,30.09,30.01,31,-11.430,1,250.9
1024.160,+0.0102,-0.0264,-0.0200,0.0522,-0.3233,1.846,-11.368,0.917,2.524,0.0000,0.0000,0.0000,0.0000,0.0000,0.0000,0.0000,0.0000,30.09,30.01,31,-11.430,1,250.9
1024.208,+0.0354,-0.0473,-0.0200,0.0522,-0.3233,1.846,-11.368,0.917,2.524,0.0000,0.0000,0.0000,0.0000,0.0000,0.0000,0.0000,0.0000,30.09,30.01,31,-11.430,1,250.9
1024.238,+0.0069,+0.0111,-0.0200,0.0522,-0.3233,1.846,-11.368,0.917,2.524,0.0000,0.0000,0.0000,0.0000,0.0000,0.0000,0.0000,0.0000,30.09,30.01,31,-11.430,1,250.9
1024.265,+0.0333,+0.0668,-0.0200,0.0522,-0.3122,1.907,-11.095,0.716,2.824,0.0000,0.0000,0.0000,0.0000,0.0000,0.0000,0.0000,0.0000,29.38,30.03,31,-11.850,1,246.1
1024.293,+0.0333,+0.0148,-0.0200,0.0522,-0.3100,1.938,-10.957,0.982,2.992,0.0000,0.0000,0.0000,0.0000,0.0000,0.0000,0.0000,0.0000,29.38,30.03,31,-11.710,1,246.1
1024.361,+0.0333,+0.0148,-0.0150,0.0511,-0.3156,2.050,-10.762,1.524,-0.017,0.0000,0.0000,0.0000,0.0000,0.0000,0.0000,0.0000,0.0000,29.38,30.03,31,-11.910,1,246.1
1024.393,+0.0333,+0.1085,-0.0150,0.0511,-0.3156,2.050,-10.762,1.524,-0.017,0.0000,0.0000,0.0000,0.0000,0.0000,0.0000,0.0000,0.0000,29.38,30.03,31,-11.910,1,246.1
1024.424,+0.0333,+0.0222,-0.0150,0.0511,-0.3156,2.050,-10.762,1.524,-0.017,0.0000,0.0000,0.0000,0.0000,0.0000,0.0000,0.0000,0.0000,29.38,30.03,31,-11.910,1,246.1
1024.453,+0.0333,+0.0748,-0.0150,0.0511,-0.3156,2.050,-10.762,1.524,-0.017,0.0000,0.0000,0.0000,0.0000,0.0000,0.0000,0.0000,0.0000,29.38,30.03,31,-11.910,1,246.1
1024.501,+0.0333,+0.0259,-0.0050,0.0456,-0.3189,2.183,-10.935,1.189,-1.437,0.0000,0.0000,0.0000,0.0000,0.0000,0.0000,0.0000,0.0000,28.14,30.03,30,-11.060,1,237.2
1024.542,+0.0333,+0.0638,-0.0050,0.0444,-0.3178,2.271,-11.005,0.755,0.015,0.0000,0.0000,0.0000,0.0000,0.0000,0.0000,0.0000,0.0000,28.14,30.02,31,-11.510,1,237.2
1024.576,+0.0333,+0.0744,-0.0050,0.0444,-0.3200,2.302,-11.008,0.767,0.065,0.0000,0.0000,0.0000,0.0000,0.0000,0.0000,0.0000,0.0000,28.14,30.02,31,-11.410,1,237.2
1024.648,+0.0203,+0.0333,-0.0050,0.0444,-0.3200,2.302,-11.008,0.767,0.065,0.0000,0.0000,0.0000,0.0000,0.0000,0.0000,0.0000,0.0000,28.14,30.02,31,-11.410,1,237.2
1024.678,+0.0604,+0.0852,-0.0050,0.0444,-0.3200,2.302,-11.008,0.767,0.065,0.0000,0.0000,0.0000,0.0000,0.0000,0.0000,0.0000,0.0000,28.14,30.02,31,-11.410,1,237.2
1024.708,+0.0333,+0.0370,-0.0050,0.0444,-0.3200,2.302,-11.008,0.767,0.065,0.0000,0.0000,0.0000,0.0000,0.0000,0.0000,0.0000,0.0000,28.14,30.02,31,-11.410,1,237.2
1024.746,+0.0333,+0.0370,-0.0050,0.0456,-0.3278,2.303,-11.073,-0.043,-1.098,0.0000,0.0000,0.0000,0.0000,0.0000,0.0000,0.0000,0.0000,27.29,30.01,30,-10.970,1,231.0
1024.782,+0.0569,+0.0370,-0.0050,0.0456,-0.3256,2.226,-11.106,-1.574,-0.039,0.0000,0.0000,0.0000,0.0000,0.0000,0.0000,0.0000,0.0000,27.29,30.00,30,-10.840,1,231.0
1024.810,+0.0660,+0.0370,-0.0050,0.0444,-0.3267,2.153,-11.115,-1.372,0.100,0.0000,0.0000,0.0000,0.0000,0.0000,0.0000,0.0000,0.0000,27.29,30.00,30,-11.160,1,231.0
1024.846,+0.0375,+0.0370,-0.0050,0.0444,-0.3267,2.153,-11.115,-1.372,0.100,0.0000,0.0000,0.0000,0.0000,0.0000,0.0000,0.0000,0.0000,26.86,30.00,30,-11.160,1,227.9
1024.913,+0.0514,+0.0370,-0.0050,0.0444,-0.3267,2.153,-11.115,-1.372,0.100,0.0000,0.0000,0.0000,0.0000,0.0000,0.0000,0.0000,0.0000,26.86,30.00,30,-11.160,1,227.9
1024.946,+0.0396,+0.0833,-0.0050,0.0444,-0.3267,2.153,-11.115,-1.372,0.100,0.0000,0.0000,0.0000,0.0000,0.0000,0.0000,0.0000,0.0000,26.86,30.00,30,-11.160,1,227.9
1024.979,+0.0138,+0.0407,-0.0050,0.0444,-0.3267,2.153,-11.115,-1.372,0.100,0.0000,0.0000,0.0000,0.0000,0.0000,0.0000,0.0000,0.0000,26.86,29.98,30,-11.160,1,227.9
1025.017,+0.0375,+0.0407,-0.0100,0.0489,-0.3267,1.836,-11.052,-2.898,0.354,0.0000,0.0000,0.0000,0.0000,0.0000,0.0000,0.0000,0.0000,26.86,29.98,30,-11.060,1,227.9
1025.058,+0.0160,+0.0407,-0.0150,0.0511,-0.3267,1.506,-11.056,-2.955,-0.066,0.0000,0.0000,0.0000,0.0000,0.0000,0.0000,0.0000,0.0000,25.78,29.98,30,-11.020,1,220.3
1025.087,+0.0354,+0.0407,-0.0150,0.0522,-0.3278,1.352,-11.067,-2.603,-0.050,0.0000,0.0000,0.0000,0.0000,0.0000,0.0000,0.0000,0.0000,25.78,29.98,30,-11.000,1,220.3
1025.118,+0.0078,+0.0407,-0.0150,0.0522,-0.3278,1.352,-11.067,-2.603,-0.050,0.0000,0.0000,0.0000,0.0000,0.0000,0.0000,0.0000,0.0000,25.78,29.98,30,-11.000,1,220.3
1025.180,+0.0333,+0.0407,-0.0150,0.0522,-0.3278,1.352,-11.067,-2.603,-0.050,0.0000,0.0000,0.0000,0.0000,0.0000,0.0000,0.0000,0.0000,25.78,29.98,30,-11.000,1,220.3
1025.220,+0.0333,+0.0024,-0.0150,0.0522,-0.3278,1.352,-11.067,-2.603,-0.050,0.0000,0.0000,0.0000,0.0000,0.0000,0.0000,0.0000,0.0000,25.78,29.98,30,-11.000,1,220.3
1025.250,+0.0333,+0.0370,-0.0150,0.0522,-0.3278,1.143,-11.076,-1.370,0.563,0.0000,0.0000,0.0000,0.0000,0.0000,0.0000,0.0000,0.0000,25.78,29.97,30,-11.000,1,220.3
1025.280,+0.0624,+0.0370,-0.0200,0.0533,-0.3267,1.143,-11.076,-1.370,0.563,0.0000,0.0000,0.0000,0.0000,0.0000,0.0000,0.0000,0.0000,24.92,29.96,30,-10.890,1,214.1
1025.314,+0.0354,+0.0370,-0.0150,0.0511,-0.3267,1.005,-11.013,-1.070,0.682,0.0000,0.0000,0.0000,0.0000,0.0000,0.0000,0.0000,0.0000,24.92,29.96,30,-10.840,1,214.1
1025.356,+0.0354,+0.0370,-0.0150,0.0511,-0.3267,1.005,-11.013,-1.070,0.682,0.0000,0.0000,0.0000,0.0000,0.0000,0.0000,0.0000,0.0000,24.92,29.96,30,-10.840,1,214.1
1025.388,+0.0619,-0.0100,-0.0150,0.0511,-0.3267,1.005,-11.013,-1.070,0.682,0.0000,0.0000,0.0000,0.0000,0.0000,0.0000,0.0000,0.0000,24.92,29.96,30,-10.840,1,214.1
1025.419,+0.0653,+0.0333,-0.0150,0.0511,-0.3267,1.005,-11.013,-1.070,0.682,0.0000,0.0000,0.0000,0.0000,0.0000,0.0000,0.0000,0.0000,24.92,29.96,30,-10.840,1,214.1
1025.495,+0.0396,+0.0333,-0.0200,0.0522,-0.3122,0.885,-10.971,-1.381,0.455,0.0000,0.0000,0.0000,0.0000,0.0000,0.0000,0.0000,0.0000,24.08,29.96,30,-11.030,1,208.0
1025.528,+0.0658,+0.0333,-0.0200,0.0522,-0.3144,0.784,-10.849,-0.100,0.969,0.0000,0.0000,0.0000,0.0000,0.0000,0.0000,0.0000,0.0000,24.08,29.96,30,-10.990,1,208.0
1025.568,+0.0417,+0.0719,-0.0200,0.0533,-0.3200,0.787,-10.842,0.008,0.206,0.0000,0.0000,0.0000,0.0000,0.0000,0.0000,0.0000,0.0000,24.08,29.95,30,-11.410,1,208.0
1025.608,+0.0417,+0.0765,-0.0200,0.0533,-0.3200,0.787,-10.842,0.008,0.206,0.0000,0.0000,0.0000,0.0000,0.0000,0.0000,0.0000,0.0000,24.08,29.95,30,-11.410,1,208.0
1025.637,+0.0417,+0.0934,-0.0200,0.0533,-0.3200,0.787,-10.842,0.008,0.206,0.0000,0.0000,0.0000,0.0000,0.0000,0.0000,0.0000,0.0000,24.08,29.95,30,-11.410,1,208.0
1025.664,+0.0417,+0.0985,-0.0200,0.0533,-0.3200,0.787,-10.842,0.008,0.206,0.0000,0.0000,0.0000,0.0000,0.0000,0.0000,0.0000,0.0000,24.08,29.95,30,-11.410,1,208.0
1025.691,+0.0417,+0.1057,-0.0200,0.0533,-0.3200,0.787,-10.842,0.008,0.206,0.0000,0.0000,0.0000,0.0000,0.0000,0.0000,0.0000,0.0000,24.08,29.95,30,-11.410,1,208.0
1025.732,+0.0417,+0.0895,-0.0200,0.0533,-0.3200,0.781,-10.937,0.065,-2.312,0.0000,0.0000,0.0000,0.0000,0.0000,0.0000,0.0000,0.0000,24.08,29.94,30,-10.960,1,208.0
1025.761,+0.0417,+0.1081,-0.0200,0.0556,-0.3333,0.798,-11.166,0.530,-1.817,0.0000,0.0000,0.0000,0.0000,0.0000,0.0000,0.0000,0.0000,23.04,29.94,30,-10.580,1,200.4
1025.789,+0.0417,+0.1137,-0.0200,0.0567,-0.3344,0.824,-11.236,0.686,-1.208,0.0000,0.0000,0.0000,0.0000,0.0000,0.0000,0.0000,0.0000,23.04,29.92,30,-10.500,1,200.4
1025.848,+0.0417,+0.0904,-0.0200,0.0556,-0.3378,0.825,-11.238,0.711,-1.085,0.0000,0.0000,0.0000,0.0000,0.0000,0.0000,0.0000,0.0000,22.62,29.92,30,-10.260,1,197.4
1025.880,+0.0417,+0.1149,-0.0200,0.0556,-0.3378,0.825,-11.238,0.711,-1.085,0.0000,0.0000,0.0000,0.0000,0.0000,0.0000,0.0000,0.0000,22.62,29.92,30,-10.260,1,197.4
1025.910,+0.0417,+0.1201,-0.0200,0.0556,-0.3378,0.825,-11.238,0.711,-1.085,0.0000,0.0000,0.0000,0.0000,0.0000,0.0000,0.0000,0.0000,22.62,29.92,30,-10.260,1,197.4
1025.952,+0.0417,+0.0741,-0.0200,0.0556,-0.3378,0.825,-11.238,0.711,-1.085,0.0000,0.0000,0.0000,0.0000,0.0000,0.0000,0.0000,0.0000,22.62,29.92,30,-10.260,1,197.4
1026.003,+0.0417,+0.0428,-0.0200,0.0578,-0.3467,0.886,-11.342,0.509,-0.972,0.0000,0.0000,0.0000,0.0000,0.0000,0.0000,0.0000,0.0000,22.62,29.90,30,-9.970,1,197.4
1026.032,+0.0417,+0.0183,-0.0200,0.0578,-0.3489,0.946,-11.475,0.560,-1.062,0.0000,0.0000,0.0000,0.0000,0.0000,0.0000,0.0000,0.0000,22.62,29.90,30,-9.920,1,197.4
1026.060,+0.0417,-0.0421,-0.0200,0.0578,-0.3489,0.955,-11.475,0.678,0.735,0.0000,0.0000,0.0000,0.0000,0.0000,0.0000,0.0000,0.0000,21.76,29.89,30,-10.090,1,191.4
1026.104,+0.0417,+0.0233,-0.0200,0.0567,-0.3433,0.955,-11.475,0.678,0.735,0.0000,0.0000,0.0000,0.0000,0.0000,0.0000,0.0000,0.0000,21.76,29.89,30,-9.760,1,191.4
1026.136,+0.0417,+0.0082,-0.0200,0.0567,-0.3433,0.955,-11.475,0.678,0.735,0.0000,0.0000,0.0000,0.0000,0.0000,0.0000,0.0000,0.0000,21.76,29.89,30,-9.760,1,191.4
1026.165,+0.0417,-0.0011,-0.0200,0.0567,-0.3433,0.955,-11.475,0.678,0.735,0.0000,0.0000,0.0000,0.0000,0.0000,0.0000,0.0000,0.0000,21.76,29.89,30,-9.760,1,191.4
1026.194,+0.0417,-0.0039,-0.0200,0.0567,-0.3433,0.955,-11.475,0.678,0.735,0.0000,0.0000,0.0000,0.0000,0.0000,0.0000,0.0000,0.0000,21.76,29.89,30,-9.760,1,191.4
1026.224,+0.0700,-0.0059,-0.0200,0.0567,-0.3433,0.955,-11.475,0.678,0.735,0.0000,0.0000,0.0000,0.0000,0.0000,0.0000,0.0000,0.0000,21.76,29.89,30,-9.760,1,191.4
1026.256,+0.0437,-0.0069,-0.0200,0.0556,-0.3333,1.172,-10.980,1.571,3.044,0.0000,0.0000,0.0000,0.0000,0.0000,0.0000,0.0000,0.0000,20.87,29.89,30,-10.560,1,185.2
1026.296,+0.0437,-0.0402,-0.0200,0.0544,-0.3278,1.243,-10.855,1.161,2.139,0.0000,0.0000,0.0000,0.0000,0.0000,0.0000,0.0000,0.0000,20.87,29.90,30,-10.530,1,185.2
1026.328,+0.0711,+0.0296,-0.0200,0.0522,-0.3056,1.290,-10.768,0.787,1.813,0.0000,0.0000,0.0000,0.0000,0.0000,0.0000,0.0000,0.0000,20.87,29.90,30,-14.530,1,185.2
1026.353,+0.0458,-0.0293,-0.0200,0.0522,-0.3056,1.290,-10.768,0.787,1.813,0.0000,0.0000,0.0000,0.0000,0.0000,0.0000,0.0000,0.0000,20.87,29.90,30,-14.530,1,185.2
1026.422,+0.0323,-0.0221,-0.0200,0.0522,-0.3056,1.290,-10.768,0.787,1.813,0.0000,0.0000,0.0000,0.0000,0.0000,0.0000,0.0000,0.0000,20.87,29.90,30,-14.530,1,185.2
1026.458,+0.0196,+0.0615,-0.0200,0.0522,-0.3056,1.290,-10.768,0.787,1.813,0.0000,0.0000,0.0000,0.0000,0.0000,0.0000,0.0000,0.0000,20.87,29.90,30,-14.530,1,185.2
1026.490,+0.0417,+0.0700,-0.0200,0.0522,-0.3056,1.369,-10.480,0.751,2.007,0.0000,0.0000,0.0000,0.0000,0.0000,0.0000,0.0000,0.0000,20.87,29.91,28,-15.100,1,185.2
1026.538,+0.0232,+0.0259,-0.0200,0.0522,-0.2967,1.409,-10.424,0.703,-0.055,0.0000,0.0000,0.0000,0.0000,0.0000,0.0000,0.0000,0.0000,19.82,29.90,29,-11.780,1,177.6
1026.568,+0.0396,+0.1294,-0.0200,0.0533,-0.3089,1.434,-10.497,0.943,-1.680,0.0000,0.0000,0.0000,0.0000,0.0000,0.0000,0.0000,0.0000,19.82,29.90,29,-11.730,1,177.6
1026.600,+0.0130,+0.0806,-0.0200,0.0533,-0.3089,1.434,-10.497,0.943,-1.680,0.0000,0.0000,0.0000,0.0000,0.0000,0.0000,0.0000,0.0000,19.82,29.90,29,-11.730,1,177.6
1026.635,+0.0375,+0.0809,-0.0200,0.0533,-0.3089,1.434,-10.497,0.943,-1.680,0.0000,0.0000,0.0000,0.0000,0.0000,0.0000,0.0000,0.0000,19.82,29.90,29,-11.730,1,177.6
1026.666,+0.0375,+0.0407,-0.0200,0.0533,-0.3089,1.434,-10.497,0.943,-1.680,0.0000,0.0000,0.0000,0.0000,0.0000,0.0000,0.0000,0.0000,19.82,29.90,29,-11.730,1,177.6
1026.696,+0.0375,+0.0914,-0.0200,0.0533,-0.3089,1.434,-10.497,0.943,-1.680,0.0000,0.0000,0.0000,0.0000,0.0000,0.0000,0.0000,0.0000,19.82,29.90,29,-11.730,1,177.6
1026.725,+0.0375,+0.0444,-0.0200,0.0533,-0.3089,1.434,-10.497,0.943,-1.680,0.0000,0.0000,0.0000,0.0000,0.0000,0.0000,0.0000,0.0000,19.82,29.88,29,-11.730,1,177.6
1026.756,+0.0375,+0.0933,-0.0200,0.0522,-0.3167,1.652,-10.749,1.961,-0.448,0.0000,0.0000,0.0000,0.0000,0.0000,0.0000,0.0000,0.0000,18.83,29.88,29,-10.230,1,170.0
1026.790,+0.0375,+0.0481,-0.0200,0.0522,-0.3211,1.746,-10.771,1.743,-0.216,0.0000,0.0000,0.0000,0.0000,0.0000,0.0000,0.0000,0.0000,18.83,29.86,29,-10.630,1,170.0
1026.828,+0.0375,+0.0888,-0.0150,0.0522,-0.3233,1.827,-10.790,1.417,-0.344,0.0000,0.0000,0.0000,0.0000,0.0000,0.0000,0.0000,0.0000,18.41,29.86,29,-10.960,1,166.8
1026.860,+0.0375,+0.0519,-0.0150,0.0522,-0.3233,1.827,-10.790,1.417,-0.344,0.0000,0.0000,0.0000,0.0000,0.0000,0.0000,0.0000,0.0000,18.41,29.86,29,-10.960,1,166.8
1026.889,+0.0375,+0.1039,-0.0150,0.0522,-0.3233,1.827,-10.790,1.417,-0.344,0.0000,0.0000,0.0000,0.0000,0.0000,0.0000,0.0000,0.0000,18.41,29.86,29,-10.960,1,166.8
1026.977,+0.0375,+0.0951,-0.0150,0.0522,-0.3233,1.827,-10.790,1.417,-0.344,0.0000,0.0000,0.0000,0.0000,0.0000,0.0000,0.0000,0.0000,18.41,29.83,29,-10.960,1,166.8
1027.010,+0.0636,+0.0630,-0.0150,0.0522,-0.3256,1.935,-10.854,0.942,-0.665,0.0000,0.0000,0.0000,0.0000,0.0000,0.0000,0.0000,0.0000,18.41,29.83,29,-10.810,1,166.8
1027.045,+0.0396,+0.1061,-0.0150,0.0522,-0.3300,1.979,-10.903,1.078,-1.063,0.0000,0.0000,0.0000,0.0000,0.0000,0.0000,0.0000,0.0000,18.41,29.83,29,-10.390,1,166.8
1027.080,+0.0644,+0.0667,-0.0150,0.0522,-0.3322,2.107,-11.010,1.374,-0.185,0.0000,0.0000,0.0000,0.0000,0.0000,0.0000,0.0000,0.0000,17.80,29.82,29,-10.210,1,162.3
1027.114,+0.0417,+0.1115,-0.0150,0.0522,-0.3300,2.107,-11.010,1.374,-0.185,0.0000,0.0000,0.0000,0.0000,0.0000,0.0000,0.0000,0.0000,17.80,29.82,29,-10.170,1,162.3
1027.146,+0.0417,+0.0229,-0.0150,0.0522,-0.3300,2.107,-11.010,1.374,-0.185,0.0000,0.0000,0.0000,0.0000,0.0000,0.0000,0.0000,0.0000,17.80,29.82,29,-10.170,1,162.3
1027.180,+0.0417,+0.1127,-0.0150,0.0522,-0.3300,2.107,-11.010,1.374,-0.185,0.0000,0.0000,0.0000,0.0000,0.0000,0.0000,0.0000,0.0000,17.80,29.82,29,-10.170,1,162.3
1027.216,+0.0417,+0.0704,-0.0150,0.0522,-0.3300,2.107,-11.010,1.374,-0.185,0.0000,0.0000,0.0000,0.0000,0.0000,0.0000,0.0000,0.0000,17.80,29.82,29,-10.170,1,162.3
1027.250,+0.0417,+0.0704,-0.0150,0.0522,-0.3300,2.107,-11.010,1.374,-0.185,0.0000,0.0000,0.0000,0.0000,0.0000,0.0000,0.0000,0.0000,17.80,29.79,29,-10.170,1,162.3
1027.280,+0.0417,+0.0704,-0.0150,0.0533,-0.3356,2.232,-10.973,0.506,0.082,0.0000,0.0000,0.0000,0.0000,0.0000,0.0000,0.0000,0.0000,16.74,29.79,29,-9.990,1,154.6
1027.404,+0.0417,+0.1005,-0.0150,0.0522,-0.3367,2.267,-11.011,0.388,-0.406,0.0000,0.0000,0.0000,0.0000,0.0000,0.0000,0.0000,0.0000,16.74,29.79,29,-10.650,1,154.6
1027.441,+0.0183,-0.0052,-0.0150,0.0522,-0.3367,2.267,-11.011,0.388,-0.406,0.0000,0.0000,0.0000,0.0000,0.0000,0.0000,0.0000,0.0000,16.74,29.79,29,-10.650,1,154.6
1027.480,+0.0396,-0.0109,-0.0150,0.0522,-0.3367,2.267,-11.011,0.388,-0.406,0.0000,0.0000,0.0000,0.0000,0.0000,0.0000,0.0000,0.0000,16.74,29.78,29,-10.650,1,154.6
1027.537,+0.0237,+0.0348,-0.0150,0.0533,-0.3311,2.261,-11.030,0.112,1.952,0.0000,0.0000,0.0000,0.0000,0.0000,0.0000,0.0000,0.0000,15.68,29.77,29,-10.070,1,147.0
1027.563,+0.0375,+0.0020,-0.0150,0.0533,-0.3333,2.262,-10.905,0.184,2.576,0.0000,0.0000,0.0000,0.0000,0.0000,0.0000,0.0000,0.0000,15.68,29.77,29,-10.000,1,147.0
1027.589,+0.0375,-0.0024,-0.0150,0.0522,-0.3300,2.262,-10.905,0.184,2.576,0.0000,0.0000,0.0000,0.0000,0.0000,0.0000,0.0000,0.0000,15.68,29.77,29,-10.000,1,147.0
1027.621,+0.0375,+0.0519,-0.0150,0.0522,-0.3300,2.262,-10.905,0.184,2.576,0.0000,0.0000,0.0000,0.0000,0.0000,0.0000,0.0000,0.0000,15.68,29.77,29,-10.000,1,147.0
1027.661,+0.0375,+0.0519,-0.0150,0.0522,-0.3300,2.262,-10.905,0.184,2.576,0.0000,0.0000,0.0000,0.0000,0.0000,0.0000,0.0000,0.0000,15.68,29.77,29,-10.000,1,147.0
1027.689,+0.0375,-0.0017,-0.0150,0.0522,-0.3300,2.262,-10.905,0.184,2.576,0.0000,0.0000,0.0000,0.0000,0.0000,0.0000,0.0000,0.0000,15.68,29.77,29,-10.000,1,147.0
1027.725,+0.0375,+0.0056,-0.0150,0.0522,-0.3300,2.262,-10.905,0.184,2.576,0.0000,0.0000,0.0000,0.0000,0.0000,0.0000,0.0000,0.0000,15.68,29.77,29,-10.000,1,147.0
1027.768,+0.0375,+0.0444,-0.0200,0.0500,-0.2944,2.217,-10.491,-0.444,1.473,0.0000,0.0000,0.0000,0.0000,0.0000,0.0000,0.0000,0.0000,14.83,29.77,28,-14.600,1,140.8
1027.800,+0.0375,+0.0444,-0.0200,0.0511,-0.2933,2.151,-10.342,-0.404,1.634,0.0000,0.0000,0.0000,0.0000,0.0000,0.0000,0.0000,0.0000,14.83,29.77,28,-10.610,1,140.8
1027.828,+0.0375,+0.0444,-0.0200,0.0511,-0.3022,2.151,-10.342,-0.404,1.634,0.0000,0.0000,0.0000,0.0000,0.0000,0.0000,0.0000,0.0000,14.21,29.77,28,-10.590,1,136.1
1027.898,+0.0375,+0.0683,-0.0200,0.0511,-0.3022,2.151,-10.342,-0.404,1.634,0.0000,0.0000,0.0000,0.0000,0.0000,0.0000,0.0000,0.0000,14.21,29.77,28,-10.590,1,136.1
1027.936,+0.0144,+0.1716,-0.0200,0.0511,-0.3022,2.151,-10.342,-0.404,1.634,0.0000,0.0000,0.0000,0.0000,0.0000,0.0000,0.0000,0.0000,14.21,29.77,28,-10.590,1,136.1
1027.961,+0.0354,+0.1771,-0.0200,0.0511,-0.3022,2.151,-10.342,-0.404,1.634,0.0000,0.0000,0.0000,0.0000,0.0000,0.0000,0.0000,0.0000,14.21,29.77,28,-10.590,1,136.1
1027.994,+0.0354,+0.1605,-0.0200,0.0522,-0.3011,2.109,-10.480,-0.475,-3.193,0.0000,0.0000,0.0000,0.0000,0.0000,0.0000,0.0000,0.0000,14.21,29.75,28,-11.120,1,136.1
1028.024,+0.0354,+0.1248,-0.0200,0.0522,-0.3011,2.107,-10.492,-0.524,-3.704,0.0000,0.0000,0.0000,0.0000,0.0000,0.0000,0.0000,0.0000,14.21,29.75,28,-11.120,1,136.1
1028.061,+0.0123,+0.1598,-0.0200,0.0544,-0.3144,2.106,-10.499,-0.524,-3.708,0.0000,0.0000,0.0000,0.0000,0.0000,0.0000,0.0000,0.0000,13.79,29.75,28,-11.070,1,132.9
1028.093,+0.0333,+0.1328,-0.0200,0.0544,-0.3211,2.077,-10.694,-0.328,-3.730,0.0000,0.0000,0.0000,0.0000,0.0000,0.0000,0.0000,0.0000,13.79,29.74,28,-10.820,1,132.9
1028.118,+0.0333,+0.2122,-0.0200,0.0544,-0.3211,2.077,-10.694,-0.328,-3.730,0.0000,0.0000,0.0000,0.0000,0.0000,0.0000,0.0000,0.0000,13.79,29.74,28,-10.820,1,132.9
1028.151,+0.0333,+0.1421,-0.0200,0.0544,-0.3211,2.077,-10.694,-0.328,-3.730,0.0000,0.0000,0.0000,0.0000,0.0000,0.0000,0.0000,0.0000,13.79,29.74,28,-10.820,1,132.9
1028.186,+0.0333,+0.1877,-0.0200,0.0544,-0.3211,2.077,-10.694,-0.328,-3.730,0.0000,0.0000,0.0000,0.0000,0.0000,0.0000,0.0000,0.0000,13.79,29.74,28,-10.820,1,132.9
1028.217,+0.0333,+0.1564,-0.0200,0.0544,-0.3211,2.077,-10.694,-0.328,-3.730,0.0000,0.0000,0.0000,0.0000,0.0000,0.0000,0.0000,0.0000,13.79,29.74,28,-10.820,1,132.9
1028.245,+0.0333,+0.1111,-0.0200,0.0544,-0.3211,2.077,-10.694,-0.328,-3.730,0.0000,0.0000,0.0000,0.0000,0.0000,0.0000,0.0000,0.0000,13.79,29.70,29,-10.820,1,132.9
1028.293,+0.0147,+0.1443,-0.0200,0.0567,-0.3367,2.068,-11.207,0.585,-1.449,0.0000,0.0000,0.0000,0.0000,0.0000,0.0000,0.0000,0.0000,13.02,29.69,29,-9.140,1,127.0
1028.358,+0.0312,+0.1148,-0.0200,0.0567,-0.3478,2.111,-11.297,0.748,-1.378,0.0000,0.0000,0.0000,0.0000,0.0000,0.0000,0.0000,0.0000,13.02,29.69,29,-9.680,1,127.0
1028.386,+0.0312,+0.0603,-0.0200,0.0567,-0.3478,2.111,-11.297,0.748,-1.378,0.0000,0.0000,0.0000,0.0000,0.0000,0.0000,0.0000,0.0000,13.02,29.69,29,-9.680,1,127.0
1028.421,+0.0063,+0.0668,-0.0200,0.0567,-0.3478,2.111,-11.297,0.748,-1.378,0.0000,0.0000,0.0000,0.0000,0.0000,0.0000,0.0000,0.0000,13.02,29.69,29,-9.680,1,127.0
1028.449,+0.0292,+0.0550,-0.0200,0.0567,-0.3478,2.111,-11.297,0.748,-1.378,0.0000,0.0000,0.0000,0.0000,0.0000,0.0000,0.0000,0.0000,13.02,29.69,29,-9.680,1,127.0
1028.482,+0.0292,+0.1037,-0.0200,0.0567,-0.3478,2.194,-11.270,1.651,2.259,0.0000,0.0000,0.0000,0.0000,0.0000,0.0000,0.0000,0.0000,13.02,29.65,29,-9.680,1,127.0
1028.518,+0.0292,+0.0612,-0.0200,0.0556,-0.3400,2.274,-11.142,1.693,2.619,0.0000,0.0000,0.0000,0.0000,0.0000,0.0000,0.0000,0.0000,11.73,29.65,29,-9.420,1,117.9
1028.554,+0.0292,+0.1000,-0.0200,0.0556,-0.3400,2.351,-11.030,1.410,1.891,0.0000,0.0000,0.0000,0.0000,0.0000,0.0000,0.0000,0.0000,11.73,29.65,29,-10.070,1,117.9
1028.617,+0.0292,+0.1000,-0.0100,0.0500,-0.3389,2.408,-10.963,1.071,1.210,0.0000,0.0000,0.0000,0.0000,0.0000,0.0000,0.0000,0.0000,11.73,29.65,29,-9.980,1,117.9
1028.643,+0.0292,+0.0424,-0.0100,0.0500,-0.3389,2.408,-10.963,1.071,1.210,0.0000,0.0000,0.0000,0.0000,0.0000,0.0000,0.0000,0.0000,11.73,29.65,29,-9.980,1,117.9
1028.677,+0.0292,+0.0963,-0.0100,0.0500,-0.3389,2.408,-10.963,1.071,1.210,0.0000,0.0000,0.0000,0.0000,0.0000,0.0000,0.0000,0.0000,11.73,29.65,29,-9.980,1,117.9
1028.707,+0.0010,+0.0461,-0.0100,0.0500,-0.3389,2.408,-10.963,1.071,1.210,0.0000,0.0000,0.0000,0.0000,0.0000,0.0000,0.0000,0.0000,11.73,29.65,29,-9.980,1,117.9
1028.758,+0.0093,+0.0610,0.0000,0.0433,-0.3344,2.501,-10.837,0.547,1.298,0.0000,0.0000,0.0000,0.0000,0.0000,0.0000,0.0000,0.0000,10.69,29.65,29,-9.920,1,110.5
1028.787,+0.0250,+0.0362,0.0000,0.0433,-0.3367,2.520,-10.762,0.735,1.670,0.0000,0.0000,0.0000,0.0000,0.0000,0.0000,0.0000,0.0000,10.69,29.65,29,-9.480,1,110.5
1028.848,+0.0250,+0.0584,0.0000,0.0422,-0.3333,2.521,-10.759,0.839,1.857,0.0000,0.0000,0.0000,0.0000,0.0000,0.0000,0.0000,0.0000,10.47,29.65,29,-9.980,1,108.9
1028.881,+0.0250,+0.0352,0.0000,0.0422,-0.3333,2.521,-10.759,0.839,1.857,0.0000,0.0000,0.0000,0.0000,0.0000,0.0000,0.0000,0.0000,10.47,29.65,29,-9.980,1,108.9
1028.917,+0.0250,+0.0348,0.0000,0.0422,-0.3333,2.521,-10.759,0.839,1.857,0.0000,0.0000,0.0000,0.0000,0.0000,0.0000,0.0000,0.0000,10.47,29.65,29,-9.980,1,108.9
1028.949,+0.0250,+0.0741,0.0000,0.0422,-0.3333,2.521,-10.759,0.839,1.857,0.0000,0.0000,0.0000,0.0000,0.0000,0.0000,0.0000,0.0000,10.47,29.65,29,-9.980,1,108.9
1028.985,+0.0250,+0.0318,0.0000,0.0422,-0.3333,2.706,-10.370,1.420,2.633,0.0000,0.0000,0.0000,0.0000,0.0000,0.0000,0.0000,0.0000,10.47,29.65,28,-9.980,1,108.9
1029.019,+0.0250,+0.0704,0.0000,0.0389,-0.3256,2.706,-10.370,1.420,2.633,0.0000,0.0000,0.0000,0.0000,0.0000,0.0000,0.0000,0.0000,10.47,29.65,28,-9.950,1,108.9
1029.049,+0.0250,+0.0704,0.0000,0.0389,-0.3233,2.809,-10.149,0.819,2.158,0.0000,0.0000,0.0000,0.0000,0.0000,0.0000,0.0000,0.0000,9.49,29.65,28,-9.910,1,101.5
1029.085,+0.0250,+0.0704,0.0000,0.0400,-0.3267,2.775,-10.082,-1.536,0.942,0.0000,0.0000,0.0000,0.0000,0.0000,0.0000,0.0000,0.0000,9.49,29.64,28,-9.890,1,101.5
1029.115,+0.0538,+0.1216,0.0000,0.0400,-0.3267,2.775,-10.082,-1.536,0.942,0.0000,0.0000,0.0000,0.0000,0.0000,0.0000,0.0000,0.0000,9.49,29.64,28,-9.890,1,101.5
1029.163,+0.0271,+0.1071,0.0000,0.0400,-0.3267,2.775,-10.082,-1.536,0.942,0.0000,0.0000,0.0000,0.0000,0.0000,0.0000,0.0000,0.0000,9.49,29.64,28,-9.890,1,101.5
1029.189,+0.0271,+0.0778,0.0000,0.0400,-0.3267,2.775,-10.082,-1.536,0.942,0.0000,0.0000,0.0000,0.0000,0.0000,0.0000,0.0000,0.0000,9.49,29.64,28,-9.890,1,101.5
1029.219,+0.0548,+0.1271,0.0000,0.0400,-0.3267,2.775,-10.082,-1.536,0.942,0.0000,0.0000,0.0000,0.0000,0.0000,0.0000,0.0000,0.0000,9.49,29.64,28,-9.890,1,101.5
1029.270,+0.0292,+0.1131,0.0000,0.0433,-0.3322,2.233,-10.056,-4.073,-0.680,0.0000,0.0000,0.0000,0.0000,0.0000,0.0000,0.0000,0.0000,8.75,29.61,28,-9.470,1,95.5
1029.306,+0.0292,+0.1274,-0.0050,0.0456,-0.3322,1.801,-10.127,-4.777,-0.467,0.0000,0.0000,0.0000,0.0000,0.0000,0.0000,0.0000,0.0000,8.75,29.61,28,-9.030,1,95.5
1029.335,+0.0292,+0.0889,-0.0050,0.0478,-0.3367,1.801,-10.127,-4.777,-0.467,0.0000,0.0000,0.0000,0.0000,0.0000,0.0000,0.0000,0.0000,8.75,29.61,28,-9.030,1,95.5
1029.370,+0.0041,+0.1335,-0.0050,0.0478,-0.3367,1.801,-10.127,-4.777,-0.467,0.0000,0.0000,0.0000,0.0000,0.0000,0.0000,0.0000,0.0000,8.75,29.61,28,-9.030,1,95.5
1029.399,+0.0271,+0.1442,-0.0050,0.0478,-0.3367,1.801,-10.127,-4.777,-0.467,0.0000,0.0000,0.0000,0.0000,0.0000,0.0000,0.0000,0.0000,8.75,29.61,28,-9.030,1,95.5
1029.444,+0.0075,+0.1312,-0.0050,0.0478,-0.3367,1.801,-10.127,-4.777,-0.467,0.0000,0.0000,0.0000,0.0000,0.0000,0.0000,0.0000,0.0000,8.75,29.61,28,-9.030,1,95.5
1029.483,+0.0026,+0.1000,-0.0050,0.0478,-0.3367,1.307,-10.163,-4.537,-0.160,0.0000,0.0000,0.0000,0.0000,0.0000,0.0000,0.0000,0.0000,8.75,29.58,28,-9.030,1,95.5
1029.517,+0.0229,+0.1000,-0.0150,0.0511,-0.3422,1.087,-10.178,-4.189,-0.182,0.0000,0.0000,0.0000,0.0000,0.0000,0.0000,0.0000,0.0000,8.04,29.58,28,-8.630,1,89.8
1029.548,+0.0229,+0.1000,-0.0150,0.0533,-0.3444,0.888,-10.195,-3.698,0.146,0.0000,0.0000,0.0000,0.0000,0.0000,0.0000,0.0000,0.0000,8.04,29.55,28,-8.520,1,89.8
1029.580,+0.0229,+0.1000,-0.0150,0.0544,-0.3433,0.695,-10.160,-3.329,1.003,0.0000,0.0000,0.0000,0.0000,0.0000,0.0000,0.0000,0.0000,8.04,29.55,28,-8.450,1,89.8
1029.624,+0.0229,+0.1000,-0.0150,0.0544,-0.3433,0.695,-10.160,-3.329,1.003,0.0000,0.0000,0.0000,0.0000,0.0000,0.0000,0.0000,0.0000,8.04,29.55,28,-8.450,1,89.8
1029.658,+0.0480,+0.1000,-0.0150,0.0544,-0.3433,0.695,-10.160,-3.329,1.003,0.0000,0.0000,0.0000,0.0000,0.0000,0.0000,0.0000,0.0000,8.04,29.55,28,-8.450,1,89.8
1029.689,+0.0250,+0.1000,-0.0150,0.0544,-0.3433,0.695,-10.160,-3.329,1.003,0.0000,0.0000,0.0000,0.0000,0.0000,0.0000,0.0000,0.0000,8.04,29.55,28,-8.450,1,89.8
1029.729,+0.0467,+0.1000,-0.0150,0.0544,-0.3433,0.392,-10.005,-2.661,1.824,0.0000,0.0000,0.0000,0.0000,0.0000,0.0000,0.0000,0.0000,8.04,29.53,28,-8.450,1,89.8
1029.770,+0.0488,+0.0614,-0.0200,0.0567,-0.3411,0.249,-9.924,-2.856,1.562,0.0000,0.0000,0.0000,0.0000,0.0000,0.0000,0.0000,0.0000,6.93,29.52,28,-8.510,1,80.8
1029.806,+0.0292,+0.0963,-0.0200,0.0578,-0.3422,-0.075,-9.805,-3.632,1.146,0.0000,0.0000,0.0000,0.0000,0.0000,0.0000,0.0000,0.0000,6.93,29.52,28,-8.420,1,80.8
1029.834,+0.0292,+0.0963,-0.0250,0.0589,-0.3433,-0.075,-9.805,-3.632,1.146,0.0000,0.0000,0.0000,0.0000,0.0000,0.0000,0.0000,0.0000,6.56,29.52,28,-8.420,1,77.8
1029.879,+0.0486,+0.0617,-0.0250,0.0589,-0.3433,-0.075,-9.805,-3.632,1.146,0.0000,0.0000,0.0000,0.0000,0.0000,0.0000,0.0000,0.0000,6.56,29.52,28,-8.420,1,77.8
1029.909,+0.0023,+0.0926,-0.0250,0.0589,-0.3433,-0.075,-9.805,-3.632,1.146,0.0000,0.0000,0.0000,0.0000,0.0000,0.0000,0.0000,0.0000,6.56,29.52,28,-8.420,1,77.8
1029.948,+0.0292,+0.0529,-0.0250,0.0589,-0.3433,-0.075,-9.805,-3.632,1.146,0.0000,0.0000,0.0000,0.0000,0.0000,0.0000,0.0000,0.0000,6.56,29.52,28,-8.420,1,77.8
1029.989,+0.0292,+0.0889,-0.0250,0.0589,-0.3433,-0.283,-9.612,-0.720,2.510,0.0000,0.0000,0.0000,0.0000,0.0000,0.0000,0.0000,0.0000,6.56,29.50,28,-8.420,1,77.8
1030.020,+0.0010,+0.0889,-0.0250,0.0600,-0.3378,-0.293,-9.512,0.058,2.214,0.0000,0.0000,0.0000,0.0000,0.0000,0.0000,0.0000,0.0000,6.56,29.50,28,-8.290,1,77.8
1030.051,+0.0271,+0.0406,-0.0300,0.0611,-0.3367,-0.293,-9.410,0.357,2.054,0.0000,0.0000,0.0000,0.0000,0.0000,0.0000,0.0000,0.0000,6.04,29.50,28,-8.520,1,73.4
1030.091,+0.0050,+0.0459,-0.0250,0.0578,-0.3378,-0.267,-9.324,1.012,1.823,0.0000,0.0000,0.0000,0.0000,0.0000,0.0000,0.0000,0.0000,6.04,29.48,28,-8.200,1,73.4
1030.119,+0.0549,+0.0815,-0.0250,0.0578,-0.3378,-0.267,-9.324,1.012,1.823,0.0000,0.0000,0.0000,0.0000,0.0000,0.0000,0.0000,0.0000,6.04,29.48,28,-8.200,1,73.4
1030.158,+0.0271,+0.0815,-0.0250,0.0578,-0.3378,-0.267,-9.324,1.012,1.823,0.0000,0.0000,0.0000,0.0000,0.0000,0.0000,0.0000,0.0000,6.04,29.48,28,-8.200,1,73.4
1030.186,+0.0271,+0.0275,-0.0250,0.0578,-0.3378,-0.267,-9.324,1.012,1.823,0.0000,0.0000,0.0000,0.0000,0.0000,0.0000,0.0000,0.0000,6.04,29.48,28,-8.200,1,73.4
1030.226,+0.0490,+0.0778,-0.0250,0.0578,-0.3378,-0.267,-9.324,1.012,1.823,0.0000,0.0000,0.0000,0.0000,0.0000,0.0000,0.0000,0.0000,6.04,29.48,28,-8.200,1,73.4
1030.258,+0.0292,+0.0297,-0.0200,0.0567,-0.3322,-0.032,-9.066,1.766,2.001,0.0000,0.0000,0.0000,0.0000,0.0000,0.0000,0.0000,0.0000,5.24,29.43,28,-8.110,1,66.2
1030.286,+0.0292,+0.0741,-0.0200,0.0544,-0.3300,0.098,-8.886,0.982,1.957,0.0000,0.0000,0.0000,0.0000,0.0000,0.0000,0.0000,0.0000,5.24,29.43,28,-8.090,1,66.2
1030.331,+0.0292,+0.0388,-0.0250,0.0567,-0.3300,0.098,-8.886,0.982,1.957,0.0000,0.0000,0.0000,0.0000,0.0000,0.0000,0.0000,0.0000,5.24,29.43,28,-8.090,1,66.2
1030.359,+0.0591,+0.0704,-0.0250,0.0567,-0.3300,0.098,-8.886,0.982,1.957,0.0000,0.0000,0.0000,0.0000,0.0000,0.0000,0.0000,0.0000,5.24,29.43,28,-8.090,1,66.2
1030.397,+0.0312,+0.0704,-0.0250,0.0567,-0.3300,0.098,-8.886,0.982,1.957,0.0000,0.0000,0.0000,0.0000,0.0000,0.0000,0.0000,0.0000,5.24,29.43,28,-8.090,1,66.2
1030.425,+0.0312,+0.1239,-0.0250,0.0567,-0.3300,0.098,-8.886,0.982,1.957,0.0000,0.0000,0.0000,0.0000,0.0000,0.0000,0.0000,0.0000,5.24,29.43,28,-8.090,1,66.2
1030.462,+0.0312,+0.0741,-0.0250,0.0567,-0.3256,0.196,-8.699,0.995,2.128,0.0000,0.0000,0.0000,0.0000,0.0000,0.0000,0.0000,0.0000,5.24,29.39,28,-8.490,1,66.2
1030.501,+0.0312,+0.1141,-0.0200,0.0556,-0.3289,0.256,-8.622,1.366,1.095,0.0000,0.0000,0.0000,0.0000,0.0000,0.0000,0.0000,0.0000,4.65,29.37,28,-8.040,1,60.6
1030.531,+0.0312,+0.0778,-0.0200,0.0578,-0.3333,0.365,-8.633,1.378,-0.416,0.0000,0.0000,0.0000,0.0000,0.0000,0.0000,0.0000,0.0000,4.65,29.34,28,-8.050,1,60.6
1030.558,+0.0000,+0.1333,-0.0200,0.0567,-0.3367,0.439,-8.659,1.653,-0.181,0.0000,0.0000,0.0000,0.0000,0.0000,0.0000,0.0000,0.0000,4.65,29.34,28,-7.470,1,60.6
1030.590,+0.0292,+0.1301,-0.0200,0.0567,-0.3367,0.439,-8.659,1.653,-0.181,0.0000,0.0000,0.0000,0.0000,0.0000,0.0000,0.0000,0.0000,4.65,29.34,28,-7.470,1,60.6
1030.623,+0.0292,+0.1314,-0.0200,0.0567,-0.3367,0.439,-8.659,1.653,-0.181,0.0000,0.0000,0.0000,0.0000,0.0000,0.0000,0.0000,0.0000,4.65,29.34,28,-7.470,1,60.6
1030.655,+0.0292,+0.0889,-0.0200,0.0567,-0.3367,0.439,-8.659,1.653,-0.181,0.0000,0.0000,0.0000,0.0000,0.0000,0.0000,0.0000,0.0000,4.65,29.34,28,-7.470,1,60.6
1030.682,+0.0606,+0.1448,-0.0200,0.0567,-0.3367,0.439,-8.659,1.653,-0.181,0.0000,0.0000,0.0000,0.0000,0.0000,0.0000,0.0000,0.0000,4.65,29.34,28,-7.470,1,60.6
1030.731,+0.0312,+0.1249,-0.0200,0.0567,-0.3367,0.525,-8.662,1.806,0.315,0.0000,0.0000,0.0000,0.0000,0.0000,0.0000,0.0000,0.0000,4.65,29.30,28,-7.780,1,60.6
1030.760,+0.0312,+0.1488,-0.0150,0.0544,-0.3411,0.682,-8.629,1.329,0.314,0.0000,0.0000,0.0000,0.0000,0.0000,0.0000,0.0000,0.0000,3.79,29.30,28,-7.250,1,51.9
1030.787,+0.0312,+0.1560,-0.0150,0.0544,-0.3433,0.734,-8.632,1.033,0.002,0.0000,0.0000,0.0000,0.0000,0.0000,0.0000,0.0000,0.0000,3.79,29.26,28,-7.170,1,51.9
1030.819,+0.0312,+0.1518,-0.0150,0.0544,-0.3433,0.736,-8.632,0.979,-0.073,0.0000,0.0000,0.0000,0.0000,0.0000,0.0000,0.0000,0.0000,3.49,29.26,28,-7.500,1,48.8
1030.847,+0.0312,+0.1074,-0.0150,0.0544,-0.3433,0.736,-8.632,0.979,-0.073,0.0000,0.0000,0.0000,0.0000,0.0000,0.0000,0.0000,0.0000,3.49,29.26,28,-7.500,1,48.8
1030.875,+0.0312,+0.1610,-0.0150,0.0544,-0.3433,0.736,-8.632,0.979,-0.073,0.0000,0.0000,0.0000,0.0000,0.0000,0.0000,0.0000,0.0000,3.49,29.26,28,-7.500,1,48.8
1030.938,+0.0312,+0.1111,-0.0150,0.0544,-0.3433,0.736,-8.632,0.979,-0.073,0.0000,0.0000,0.0000,0.0000,0.0000,0.0000,0.0000,0.0000,3.49,29.26,28,-7.500,1,48.8
1030.967,+0.0312,+0.1641,-0.0150,0.0544,-0.3433,0.804,-8.622,0.933,0.754,0.0000,0.0000,0.0000,0.0000,0.0000,0.0000,0.0000,0.0000,3.49,29.21,28,-7.500,1,48.8
1031.000,+0.0312,+0.1148,-0.0150,0.0533,-0.3444,0.804,-8.622,0.933,0.754,0.0000,0.0000,0.0000,0.0000,0.0000,0.0000,0.0000,0.0000,3.49,29.19,28,-6.760,1,48.8
1031.025,+0.0312,+0.1148,-0.0150,0.0533,-0.3467,0.897,-8.502,1.104,1.513,0.0000,0.0000,0.0000,0.0000,0.0000,0.0000,0.0000,0.0000,3.49,29.19,28,-6.660,1,48.8
1031.058,+0.0312,+0.1605,-0.0150,0.0533,-0.3444,0.947,-8.431,0.997,1.332,0.0000,0.0000,0.0000,0.0000,0.0000,0.0000,0.0000,0.0000,2.93,29.16,28,-7.000,1,43.2
1031.084,+0.0312,+0.1185,-0.0150,0.0533,-0.3489,0.947,-8.431,0.997,1.332,0.0000,0.0000,0.0000,0.0000,0.0000,0.0000,0.0000,0.0000,2.93,29.16,28,-6.440,1,43.2
1031.121,+0.0312,+0.1601,-0.0150,0.0533,-0.3489,0.947,-8.431,0.997,1.332,0.0000,0.0000,0.0000,0.0000,0.0000,0.0000,0.0000,0.0000,2.93,29.16,28,-6.440,1,43.2
1031.166,+0.0312,+0.1222,-0.0150,0.0533,-0.3489,0.947,-8.431,0.997,1.332,0.0000,0.0000,0.0000,0.0000,0.0000,0.0000,0.0000,0.0000,2.93,29.16,28,-6.440,1,43.2
1031.194,+0.0001,+0.1775,-0.0150,0.0533,-0.3489,0.947,-8.431,0.997,1.332,0.0000,0.0000,0.0000,0.0000,0.0000,0.0000,0.0000,0.0000,2.93,29.16,28,-6.440,1,43.2
1031.222,+0.0292,+0.1798,-0.0150,0.0533,-0.3489,0.947,-8.431,0.997,1.332,0.0000,0.0000,0.0000,0.0000,0.0000,0.0000,0.0000,0.0000,2.93,29.16,28,-6.440,1,43.2
1031.265,+0.0292,+0.1660,-0.0150,0.0544,-0.3500,0.982,-8.275,-0.547,1.190,0.0000,0.0000,0.0000,0.0000,0.0000,0.0000,0.0000,0.0000,2.37,29.08,28,-6.520,1,37.4
1031.297,+0.0292,+0.1333,-0.0150,0.0544,-0.3500,0.951,-8.210,-0.407,1.682,0.0000,0.0000,0.0000,0.0000,0.0000,0.0000,0.0000,0.0000,2.37,29.08,28,-6.070,1,37.4
1031.328,+0.0292,+0.1819,-0.0150,0.0544,-0.3500,0.951,-8.210,-0.407,1.682,0.0000,0.0000,0.0000,0.0000,0.0000,0.0000,0.0000,0.0000,2.37,29.08,28,-6.380,1,37.4
1031.359,+0.0292,+0.1370,-0.0150,0.0544,-0.3500,0.951,-8.210,-0.407,1.682,0.0000,0.0000,0.0000,0.0000,0.0000,0.0000,0.0000,0.0000,2.37,29.08,28,-6.380,1,37.4
1031.388,-0.0009,+0.1370,-0.0150,0.0544,-0.3500,0.951,-8.210,-0.407,1.682,0.0000,0.0000,0.0000,0.0000,0.0000,0.0000,0.0000,0.0000,2.37,29.08,28,-6.380,1,37.4
1031.429,-0.0009,+0.1370,-0.0150,0.0544,-0.3500,0.951,-8.210,-0.407,1.682,0.0000,0.0000,0.0000,0.0000,0.0000,0.0000,0.0000,0.0000,2.37,29.08,28,-6.380,0,37.4
1031.456,-0.0009,+0.1370,-0.0150,0.0544,-0.3500,0.951,-8.210,-0.407,1.682,0.0000,0.0000,0.0000,0.0000,0.0000,0.0000,0.0000,0.0000,2.37,29.08,28,-6.380,0,37.4
1031.483,-0.0009,+0.1370,-0.0150,0.0544,-0.3500,0.938,-7.909,0.156,2.459,0.0000,0.0000,0.0000,0.0000,0.0000,0.0000,0.0000,0.0000,2.37,29.01,28,-5.750,0,37.4
1031.531,-0.0009,+0.1370,-0.0150,0.0533,-0.3511,0.936,-7.796,-0.067,2.260,0.0000,0.0000,0.0000,0.0000,0.0000,0.0000,0.0000,0.0000,1.71,29.01,28,-5.530,0,30.2
1031.556,-0.0009,+0.1370,-0.0150,0.0533,-0.3511,0.936,-7.792,-0.124,2.210,0.0000,0.0000,0.0000,0.0000,0.0000,0.0000,0.0000,0.0000,1.71,29.01,28,-5.850,0,30.2
1031.618,-0.0009,+0.1370,-0.0150,0.0522,-0.3522,0.918,-7.693,-0.467,1.947,0.0000,0.0000,0.0000,0.0000,0.0000,0.0000,0.0000,0.0000,1.71,28.97,28,-5.790,0,30.2
1031.651,-0.0009,+0.1370,-0.0150,0.0522,-0.3522,0.918,-7.693,-0.467,1.947,0.0000,0.0000,0.0000,0.0000,0.0000,0.0000,0.0000,0.0000,1.71,28.97,28,-5.790,0,30.2
1031.678,-0.0009,+0.1370,-0.0150,0.0522,-0.3522,0.918,-7.693,-0.467,1.947,0.0000,0.0000,0.0000,0.0000,0.0000,0.0000,0.0000,0.0000,1.71,28.97,28,-5.790,0,30.2
1031.727,-0.0009,+0.1370,-0.0150,0.0522,-0.3522,0.918,-7.693,-0.467,1.947,0.0000,0.0000,0.0000,0.0000,0.0000,0.0000,0.0000,0.0000,1.71,28.93,28,-5.790,0,30.2
