timestamp_s,errorx,errory,aileron,elevator,rudder,roll_deg,pitch_deg,roll_rate_dps,pitch_rate_dps,pid_roll_desired,pid_roll_P,pid_roll_I,pid_roll_D,pid_pitch_desired,pid_pitch_P,pid_pitch_I,pid_pitch_D,alt_rel_m,groundspeed_ms,throttle_pct,nav_pitch_deg,target_locked,dist_m
582.922,+0.0000,+0.0000,0.1150,-0.0267,-0.4400,14.406,-1.420,-7.745,2.759,0.0000,0.0000,0.0000,0.0000,0.0000,0.0000,0.0000,0.0000,50.52,24.00,44,-0.130,0,743.5
582.948,+0.0000,+0.0000,0.1150,-0.0267,-0.4400,14.406,-1.420,-7.745,2.759,0.0000,0.0000,0.0000,0.0000,0.0000,0.0000,0.0000,0.0000,50.52,24.00,44,-0.130,0,743.5
582.983,+0.0000,+0.0000,0.1150,-0.0267,-0.4400,14.406,-1.420,-7.745,2.759,0.0000,0.0000,0.0000,0.0000,0.0000,0.0000,0.0000,0.0000,50.52,24.00,44,-0.130,0,743.5
583.017,+0.8583,+0.0370,0.1300,-0.0378,-0.4333,13.706,-1.315,-6.239,2.117,0.0000,0.0000,0.0000,0.0000,0.0000,0.0000,0.0000,0.0000,50.52,23.97,44,-0.340,1,743.5
583.057,+0.8366,-0.0015,0.1250,-0.0378,-0.4222,13.142,-1.185,-5.212,3.765,0.0000,0.0000,0.0000,0.0000,0.0000,0.0000,0.0000,0.0000,50.55,23.94,44,-0.500,1,737.8
583.094,+0.8562,-0.0093,0.1200,-0.0344,-0.4144,12.578,-0.861,-5.740,4.123,0.0000,0.0000,0.0000,0.0000,0.0000,0.0000,0.0000,0.0000,50.58,23.94,44,-0.630,1,734.4
583.127,+0.8307,-0.0158,0.1200,-0.0344,-0.4144,12.578,-0.861,-5.740,4.123,0.0000,0.0000,0.0000,0.0000,0.0000,0.0000,0.0000,0.0000,50.58,23.94,44,-0.630,1,734.4
583.158,+0.8264,-0.0728,0.1200,-0.0344,-0.4144,12.578,-0.861,-5.740,4.123,0.0000,0.0000,0.0000,0.0000,0.0000,0.0000,0.0000,0.0000,50.58,23.94,44,-0.630,1,734.4
583.183,+0.8188,-0.1590,0.1200,-0.0344,-0.4144,12.578,-0.861,-5.740,4.123,0.0000,0.0000,0.0000,0.0000,0.0000,0.0000,0.0000,0.0000,50.58,23.94,44,-0.630,1,734.4
583.231,+0.8128,-0.1250,0.1200,-0.0344,-0.4144,12.578,-0.861,-5.740,4.123,0.0000,0.0000,0.0000,0.0000,0.0000,0.0000,0.0000,0.0000,50.58,23.94,44,-0.630,1,734.4
583.261,+0.7883,-0.1609,0.1200,-0.0344,-0.4144,12.261,-0.703,-6.354,3.664,0.0000,0.0000,0.0000,0.0000,0.0000,0.0000,0.0000,0.0000,50.58,23.90,44,-0.920,1,734.4
583.291,+0.7572,-0.2188,0.0950,-0.0167,-0.4100,11.581,-0.458,-8.595,2.571,0.0000,0.0000,0.0000,0.0000,0.0000,0.0000,0.0000,0.0000,50.58,23.88,44,-0.410,1,734.4
583.329,+0.7420,-0.2825,0.0900,-0.0133,-0.4089,10.806,-0.541,-17.275,-3.076,0.0000,0.0000,0.0000,0.0000,0.0000,0.0000,0.0000,0.0000,50.64,23.84,44,-0.460,1,731.0
583.379,+0.7737,-0.2771,0.0700,0.0011,-0.4389,10.806,-0.541,-17.275,-3.076,0.0000,0.0000,0.0000,0.0000,0.0000,0.0000,0.0000,0.0000,50.64,23.84,44,-0.900,1,731.0
583.409,+0.7737,-0.2771,0.0700,0.0011,-0.4389,10.806,-0.541,-17.275,-3.076,0.0000,0.0000,0.0000,0.0000,0.0000,0.0000,0.0000,0.0000,50.64,23.84,44,-0.900,0,731.0
583.452,+0.7737,-0.2771,0.0700,0.0011,-0.4389,10.806,-0.541,-17.275,-3.076,0.0000,0.0000,0.0000,0.0000,0.0000,0.0000,0.0000,0.0000,50.64,23.84,44,-0.900,0,731.0
583.488,+0.7737,-0.2771,0.0700,0.0011,-0.4389,10.806,-0.541,-17.275,-3.076,0.0000,0.0000,0.0000,0.0000,0.0000,0.0000,0.0000,0.0000,50.64,23.84,44,-0.900,0,731.0
583.517,+0.8679,-0.5274,0.0250,0.0322,-0.4278,8.360,-0.730,-27.363,-0.279,0.0000,0.0000,0.0000,0.0000,0.0000,0.0000,0.0000,0.0000,50.64,23.80,44,-1.640,1,731.0
583.549,+0.8333,-0.2000,0.0100,0.0400,-0.4244,6.899,-0.847,-27.544,-3.174,0.0000,0.0000,0.0000,0.0000,0.0000,0.0000,0.0000,0.0000,50.74,23.79,44,-1.780,1,726.5
583.582,+0.8333,-0.2460,-0.0050,0.0544,-0.4278,3.927,-1.235,-30.341,-3.935,0.0000,0.0000,0.0000,0.0000,0.0000,0.0000,0.0000,0.0000,50.74,23.79,44,-1.910,1,726.5
583.615,+0.8333,-0.2953,-0.0300,0.0700,-0.4256,3.927,-1.235,-30.341,-3.935,0.0000,0.0000,0.0000,0.0000,0.0000,0.0000,0.0000,0.0000,50.74,23.79,44,-2.060,1,726.5
583.646,+0.8333,-0.3604,-0.0300,0.0700,-0.4256,3.927,-1.235,-30.341,-3.935,0.0000,0.0000,0.0000,0.0000,0.0000,0.0000,0.0000,0.0000,50.74,23.79,44,-2.060,1,726.5
583.675,+0.8333,-0.3261,-0.0300,0.0700,-0.4256,3.927,-1.235,-30.341,-3.935,0.0000,0.0000,0.0000,0.0000,0.0000,0.0000,0.0000,0.0000,50.74,23.79,44,-2.060,1,726.5
583.730,+0.8168,-0.3473,-0.0300,0.0700,-0.4256,3.927,-1.235,-30.341,-3.935,0.0000,0.0000,0.0000,0.0000,0.0000,0.0000,0.0000,0.0000,50.74,23.79,44,-2.060,1,726.5
583.774,+0.7911,-0.3514,-0.0800,0.1022,-0.4178,0.700,-1.572,-28.282,-1.682,0.0000,0.0000,0.0000,0.0000,0.0000,0.0000,0.0000,0.0000,50.74,23.73,44,-2.210,1,726.5
583.808,+0.7257,-0.3908,-0.0900,0.1100,-0.4233,-0.349,-1.691,-15.984,-3.240,0.0000,0.0000,0.0000,0.0000,0.0000,0.0000,0.0000,0.0000,50.84,23.73,44,-2.810,1,720.9
583.841,+0.6877,-0.3599,-0.1050,0.1200,-0.4178,-1.106,-1.886,-15.029,-2.879,0.0000,0.0000,0.0000,0.0000,0.0000,0.0000,0.0000,0.0000,50.84,23.72,44,-3.310,1,720.9
583.865,+0.6677,-0.3366,-0.1200,0.1278,-0.4100,-1.856,-1.963,-14.755,-1.960,0.0000,0.0000,0.0000,0.0000,0.0000,0.0000,0.0000,0.0000,50.84,23.72,44,-3.350,1,720.9
583.908,+0.6564,-0.3507,-0.1200,0.1278,-0.4100,-1.856,-1.963,-14.755,-1.960,0.0000,0.0000,0.0000,0.0000,0.0000,0.0000,0.0000,0.0000,50.84,23.72,44,-3.350,1,720.9
583.944,+0.6898,-0.2852,-0.1200,0.1278,-0.4100,-1.856,-1.963,-14.755,-1.960,0.0000,0.0000,0.0000,0.0000,0.0000,0.0000,0.0000,0.0000,50.84,23.72,44,-3.350,1,720.9
583.975,+0.6953,-0.2367,-0.1200,0.1278,-0.4100,-1.856,-1.963,-14.755,-1.960,0.0000,0.0000,0.0000,0.0000,0.0000,0.0000,0.0000,0.0000,50.84,23.72,44,-3.350,1,720.9
584.015,+0.7708,-0.2815,-0.1200,0.1278,-0.4100,-3.064,-2.252,-9.170,-3.747,0.0000,0.0000,0.0000,0.0000,0.0000,0.0000,0.0000,0.0000,50.84,23.70,43,-3.350,1,720.9
584.046,+0.8249,-0.2334,-0.1400,0.1422,-0.4111,-3.430,-2.433,-5.410,-3.376,0.0000,0.0000,0.0000,0.0000,0.0000,0.0000,0.0000,0.0000,50.86,23.70,43,-4.520,1,715.3
584.088,+0.8812,-0.1645,-0.1500,0.1500,-0.4011,-3.647,-2.567,-3.713,-2.390,0.0000,0.0000,0.0000,0.0000,0.0000,0.0000,0.0000,0.0000,50.86,23.70,43,-4.910,1,714.1
584.120,+0.9192,-0.0764,-0.1550,0.1522,-0.4011,-3.647,-2.567,-3.713,-2.390,0.0000,0.0000,0.0000,0.0000,0.0000,0.0000,0.0000,0.0000,50.86,23.70,43,-4.630,1,714.1
584.192,+0.9003,-0.1358,-0.1550,0.1522,-0.4011,-3.647,-2.567,-3.713,-2.390,0.0000,0.0000,0.0000,0.0000,0.0000,0.0000,0.0000,0.0000,50.86,23.70,43,-4.630,1,714.1
584.238,+0.9271,-0.0975,-0.1550,0.1522,-0.4011,-3.647,-2.567,-3.713,-2.390,0.0000,0.0000,0.0000,0.0000,0.0000,0.0000,0.0000,0.0000,50.86,23.70,43,-4.630,1,714.1
584.269,+0.8816,+0.1334,-0.1550,0.1522,-0.4011,-3.647,-2.567,-3.713,-2.390,0.0000,0.0000,0.0000,0.0000,0.0000,0.0000,0.0000,0.0000,50.86,23.69,43,-4.630,1,714.1
584.305,+0.8051,+0.1493,-0.1450,0.1422,-0.3844,-0.369,-2.380,17.250,-0.513,0.0000,0.0000,0.0000,0.0000,0.0000,0.0000,0.0000,0.0000,50.82,23.69,43,-4.150,1,708.5
584.333,+0.7678,+0.2057,-0.1450,0.1456,-0.4100,0.386,-2.514,14.363,-4.127,0.0000,0.0000,0.0000,0.0000,0.0000,0.0000,0.0000,0.0000,50.82,23.68,43,-4.290,1,708.5
584.367,+0.7200,+0.2289,-0.1400,0.1433,-0.4033,0.415,-2.523,14.482,-3.982,0.0000,0.0000,0.0000,0.0000,0.0000,0.0000,0.0000,0.0000,50.82,23.68,43,-4.880,1,708.5
584.399,+0.7088,+0.2685,-0.1400,0.1433,-0.4033,0.415,-2.523,14.482,-3.982,0.0000,0.0000,0.0000,0.0000,0.0000,0.0000,0.0000,0.0000,50.82,23.68,43,-4.880,1,708.5
584.423,+0.5907,+0.3054,-0.1400,0.1433,-0.4033,0.415,-2.523,14.482,-3.982,0.0000,0.0000,0.0000,0.0000,0.0000,0.0000,0.0000,0.0000,50.82,23.68,43,-4.880,1,708.5
584.459,+0.6756,+0.3227,-0.1400,0.1433,-0.4033,0.415,-2.523,14.482,-3.982,0.0000,0.0000,0.0000,0.0000,0.0000,0.0000,0.0000,0.0000,50.82,23.68,43,-4.880,1,708.5
584.490,+0.6990,+0.3277,-0.1400,0.1433,-0.4033,0.415,-2.523,14.482,-3.982,0.0000,0.0000,0.0000,0.0000,0.0000,0.0000,0.0000,0.0000,50.82,23.68,43,-4.880,1,708.5
584.518,+0.6854,+0.3840,-0.1400,0.1433,-0.4033,3.132,-3.340,21.646,-4.271,0.0000,0.0000,0.0000,0.0000,0.0000,0.0000,0.0000,0.0000,50.82,23.68,43,-4.880,1,708.5
584.577,+0.7245,+0.3315,-0.0800,0.1067,-0.4511,5.802,-3.739,27.227,-2.614,0.0000,0.0000,0.0000,0.0000,0.0000,0.0000,0.0000,0.0000,50.78,23.68,43,-1.880,1,705.1
584.611,+0.7646,+0.3833,-0.0700,0.0989,-0.4633,5.857,-3.745,27.499,-2.550,0.0000,0.0000,0.0000,0.0000,0.0000,0.0000,0.0000,0.0000,50.78,23.68,43,-1.480,1,705.1
584.638,+0.7967,+0.4390,-0.0700,0.0989,-0.4633,5.857,-3.745,27.499,-2.550,0.0000,0.0000,0.0000,0.0000,0.0000,0.0000,0.0000,0.0000,50.78,23.68,43,-1.480,1,705.1
584.674,+0.8147,+0.3748,-0.0700,0.0989,-0.4633,5.857,-3.745,27.499,-2.550,0.0000,0.0000,0.0000,0.0000,0.0000,0.0000,0.0000,0.0000,50.78,23.68,43,-1.480,1,705.1
584.711,+0.7939,+0.4283,-0.0700,0.0989,-0.4633,5.857,-3.745,27.499,-2.550,0.0000,0.0000,0.0000,0.0000,0.0000,0.0000,0.0000,0.0000,50.78,23.68,43,-1.480,1,705.1
584.745,+0.8239,+0.3480,-0.0700,0.0989,-0.4633,5.857,-3.745,27.499,-2.550,0.0000,0.0000,0.0000,0.0000,0.0000,0.0000,0.0000,0.0000,50.78,23.68,43,-1.480,1,705.1
584.789,+0.8170,+0.2880,-0.0450,0.0878,-0.4967,8.562,-4.040,24.675,-2.682,0.0000,0.0000,0.0000,0.0000,0.0000,0.0000,0.0000,0.0000,50.64,23.70,43,-0.850,1,699.5
584.817,+0.8425,+0.2471,-0.0400,0.0856,-0.5056,9.699,-4.122,20.828,-1.592,0.0000,0.0000,0.0000,0.0000,0.0000,0.0000,0.0000,0.0000,50.64,23.70,43,-0.120,1,699.5
584.846,+0.7854,+0.1443,-0.0400,0.0844,-0.5156,10.660,-4.164,18.315,-1.183,0.0000,0.0000,0.0000,0.0000,0.0000,0.0000,0.0000,0.0000,50.64,23.71,44,-0.010,1,699.5
584.884,+0.7854,+0.1926,-0.0300,0.0767,-0.5033,11.531,-4.165,18.270,2.247,0.0000,0.0000,0.0000,0.0000,0.0000,0.0000,0.0000,0.0000,50.64,23.71,44,0.650,1,699.5
584.946,+0.7559,+0.2188,-0.0300,0.0767,-0.5033,11.531,-4.165,18.270,2.247,0.0000,0.0000,0.0000,0.0000,0.0000,0.0000,0.0000,0.0000,50.64,23.71,44,0.650,1,699.5
584.976,+0.7559,+0.2188,-0.0300,0.0767,-0.5033,11.531,-4.165,18.270,2.247,0.0000,0.0000,0.0000,0.0000,0.0000,0.0000,0.0000,0.0000,50.64,23.71,44,0.650,0,699.5
585.011,+0.7559,+0.2188,-0.0300,0.0767,-0.5033,11.531,-4.165,18.270,2.247,0.0000,0.0000,0.0000,0.0000,0.0000,0.0000,0.0000,0.0000,50.64,23.71,44,0.650,0,699.5
585.082,+0.7559,+0.2188,0.0100,0.0456,-0.4700,14.791,-2.880,14.475,5.403,0.0000,0.0000,0.0000,0.0000,0.0000,0.0000,0.0000,0.0000,50.43,23.74,43,-0.780,0,693.9
585.114,+0.5977,+0.1117,0.0200,0.0400,-0.4756,15.508,-2.777,15.141,4.242,0.0000,0.0000,0.0000,0.0000,0.0000,0.0000,0.0000,0.0000,50.37,23.74,43,-0.490,1,691.7
585.148,+0.7250,+0.1255,0.0200,0.0400,-0.4756,15.508,-2.777,15.141,4.242,0.0000,0.0000,0.0000,0.0000,0.0000,0.0000,0.0000,0.0000,50.37,23.74,43,-0.490,1,691.7
585.221,+0.6991,+0.1437,0.0200,0.0400,-0.4756,15.508,-2.777,15.141,4.242,0.0000,0.0000,0.0000,0.0000,0.0000,0.0000,0.0000,0.0000,50.37,23.74,43,-0.490,1,691.7
585.257,+0.6725,+0.0771,0.0200,0.0400,-0.4756,15.508,-2.777,15.141,4.242,0.0000,0.0000,0.0000,0.0000,0.0000,0.0000,0.0000,0.0000,50.37,23.74,43,-0.490,1,691.7
585.285,+0.6563,+0.0482,0.0200,0.0400,-0.4756,16.213,-2.906,-0.055,3.784,0.0000,0.0000,0.0000,0.0000,0.0000,0.0000,0.0000,0.0000,50.37,23.75,43,-0.490,1,691.7
585.312,+0.6807,-0.0215,0.0350,0.0278,-0.4811,16.234,-2.829,0.931,3.921,0.0000,0.0000,0.0000,0.0000,0.0000,0.0000,0.0000,0.0000,50.37,23.75,43,-1.010,1,691.7
585.343,+0.6830,-0.0578,0.0350,0.0278,-0.4722,16.316,-2.700,1.903,5.013,0.0000,0.0000,0.0000,0.0000,0.0000,0.0000,0.0000,0.0000,50.28,23.75,43,-0.820,1,687.4
585.379,+0.6841,-0.0068,0.0350,0.0267,-0.4711,16.316,-2.700,1.903,5.013,0.0000,0.0000,0.0000,0.0000,0.0000,0.0000,0.0000,0.0000,50.28,23.75,43,-0.760,1,687.4
585.412,+0.6801,-0.0748,0.0350,0.0267,-0.4711,16.316,-2.700,1.903,5.013,0.0000,0.0000,0.0000,0.0000,0.0000,0.0000,0.0000,0.0000,50.28,23.75,43,-0.760,1,687.4
585.448,+0.6803,-0.1155,0.0350,0.0267,-0.4711,16.316,-2.700,1.903,5.013,0.0000,0.0000,0.0000,0.0000,0.0000,0.0000,0.0000,0.0000,50.28,23.75,43,-0.760,1,687.4
585.479,+0.6745,-0.1672,0.0350,0.0267,-0.4711,16.316,-2.700,1.903,5.013,0.0000,0.0000,0.0000,0.0000,0.0000,0.0000,0.0000,0.0000,50.28,23.75,43,-0.760,1,687.4
585.510,+0.5877,-0.1903,0.0350,0.0267,-0.4711,16.316,-2.700,1.903,5.013,0.0000,0.0000,0.0000,0.0000,0.0000,0.0000,0.0000,0.0000,50.28,23.75,43,-0.760,1,687.4
585.595,+0.6346,-0.1012,0.0350,0.0278,-0.4456,15.361,-1.503,0.088,0.091,0.0000,0.0000,0.0000,0.0000,0.0000,0.0000,0.0000,0.0000,52.22,0.00,42,-2.610,1,682.8
585.627,+0.6346,-0.1012,0.0350,0.0278,-0.4456,15.361,-1.503,0.088,0.091,0.0000,0.0000,0.0000,0.0000,0.0000,0.0000,0.0000,0.0000,52.22,0.00,42,-2.610,0,682.8
585.653,+0.6346,-0.1012,0.0350,0.0278,-0.4456,15.361,-1.503,0.088,0.091,0.0000,0.0000,0.0000,0.0000,0.0000,0.0000,0.0000,0.0000,52.22,0.00,42,-2.610,0,682.8
585.687,+0.6346,-0.1012,0.0350,0.0278,-0.4456,15.361,-1.503,0.088,0.091,0.0000,0.0000,0.0000,0.0000,0.0000,0.0000,0.0000,0.0000,52.22,0.00,42,-2.610,0,682.8
585.715,+0.4214,-0.3085,0.0350,0.0278,-0.4456,15.361,-1.503,0.088,0.091,0.0000,0.0000,0.0000,0.0000,0.0000,0.0000,0.0000,0.0000,52.22,0.00,42,-2.610,1,682.8
585.750,+0.6188,-0.0630,0.0350,0.0278,-0.4456,13.975,-1.476,0.091,0.092,0.0000,0.0000,0.0000,0.0000,0.0000,0.0000,0.0000,0.0000,52.22,0.00,42,-2.610,1,682.8
585.782,+0.5914,-0.1116,0.0250,0.0300,-0.4167,13.284,-1.446,0.093,0.091,0.0000,0.0000,0.0000,0.0000,0.0000,0.0000,0.0000,0.0000,52.20,0.00,42,-3.880,1,678.4
585.816,+0.5912,-0.1574,0.0200,0.0344,-0.4189,12.681,-1.377,0.094,0.093,0.0000,0.0000,0.0000,0.0000,0.0000,0.0000,0.0000,0.0000,52.20,0.00,42,-3.170,1,678.4
585.848,+0.5884,-0.2138,0.0100,0.0389,-0.4167,12.201,-1.276,0.094,0.093,0.0000,0.0000,0.0000,0.0000,0.0000,0.0000,0.0000,0.0000,52.20,0.00,42,-3.270,1,678.4
585.887,+0.6125,-0.2057,0.0050,0.0422,-0.4156,12.201,-1.276,0.094,0.093,0.0000,0.0000,0.0000,0.0000,0.0000,0.0000,0.0000,0.0000,52.20,0.00,42,-3.270,1,678.4
585.918,+0.5850,-0.2917,0.0050,0.0422,-0.4156,12.201,-1.276,0.094,0.093,0.0000,0.0000,0.0000,0.0000,0.0000,0.0000,0.0000,0.0000,52.20,0.00,42,-3.270,1,678.4
585.946,+0.5796,-0.3300,0.0050,0.0422,-0.4156,12.201,-1.276,0.094,0.093,0.0000,0.0000,0.0000,0.0000,0.0000,0.0000,0.0000,0.0000,52.20,0.00,42,-3.270,1,678.4
585.985,+0.6083,-0.3223,0.0050,0.0422,-0.4156,12.201,-1.276,0.094,0.093,0.0000,0.0000,0.0000,0.0000,0.0000,0.0000,0.0000,0.0000,52.20,0.00,42,-3.270,1,678.4
586.015,+0.5798,-0.3473,0.0050,0.0422,-0.4156,12.201,-1.276,0.094,0.093,0.0000,0.0000,0.0000,0.0000,0.0000,0.0000,0.0000,0.0000,52.20,23.65,41,-3.270,1,678.4
586.055,+0.6062,-0.2377,-0.0150,0.0544,-0.3700,9.650,-0.347,-9.344,4.359,0.0000,0.0000,0.0000,0.0000,0.0000,0.0000,0.0000,0.0000,52.25,23.62,41,-3.990,1,671.5
586.084,+0.5769,-0.1667,-0.0200,0.0578,-0.3511,9.218,-0.247,-8.285,1.799,0.0000,0.0000,0.0000,0.0000,0.0000,0.0000,0.0000,0.0000,52.25,23.62,41,-5.900,1,671.5
586.122,+0.5585,-0.1261,-0.0250,0.0611,-0.3522,9.218,-0.247,-8.285,1.799,0.0000,0.0000,0.0000,0.0000,0.0000,0.0000,0.0000,0.0000,52.32,23.62,41,-5.900,1,668.2
586.171,+0.5451,-0.0654,-0.0250,0.0611,-0.3522,9.218,-0.247,-8.285,1.799,0.0000,0.0000,0.0000,0.0000,0.0000,0.0000,0.0000,0.0000,52.32,23.62,41,-5.900,1,668.2
586.204,+0.4623,+0.0351,-0.0250,0.0611,-0.3522,9.218,-0.247,-8.285,1.799,0.0000,0.0000,0.0000,0.0000,0.0000,0.0000,0.0000,0.0000,52.32,23.62,41,-5.900,1,668.2
586.240,+0.4631,+0.0340,-0.0250,0.0611,-0.3522,9.218,-0.247,-8.285,1.799,0.0000,0.0000,0.0000,0.0000,0.0000,0.0000,0.0000,0.0000,52.32,23.62,41,-5.900,1,668.2
586.286,+0.4961,+0.0143,-0.0450,0.0767,-0.4011,7.806,-1.668,-8.750,-10.617,0.0000,0.0000,0.0000,0.0000,0.0000,0.0000,0.0000,0.0000,52.32,23.54,41,-5.510,1,668.2
586.312,+0.4659,+0.0095,-0.0450,0.0811,-0.4122,7.790,-1.690,-8.212,-10.142,0.0000,0.0000,0.0000,0.0000,0.0000,0.0000,0.0000,0.0000,52.32,23.54,41,-4.640,1,668.2
586.348,+0.4636,+0.0263,-0.0450,0.0800,-0.4133,7.436,-2.157,-7.129,-8.261,0.0000,0.0000,0.0000,0.0000,0.0000,0.0000,0.0000,0.0000,52.40,23.53,41,-4.130,1,664.6
586.379,+0.5226,+0.0087,-0.0450,0.0800,-0.4133,7.436,-2.157,-7.129,-8.261,0.0000,0.0000,0.0000,0.0000,0.0000,0.0000,0.0000,0.0000,52.40,23.53,41,-4.130,1,664.6
586.416,+0.4774,+0.0021,-0.0450,0.0800,-0.4133,7.436,-2.157,-7.129,-8.261,0.0000,0.0000,0.0000,0.0000,0.0000,0.0000,0.0000,0.0000,52.40,23.53,41,-4.130,1,664.6
586.447,+0.5134,+0.0263,-0.0450,0.0800,-0.4133,7.436,-2.157,-7.129,-8.261,0.0000,0.0000,0.0000,0.0000,0.0000,0.0000,0.0000,0.0000,52.40,23.53,41,-4.130,1,664.6
586.499,+0.4881,-0.0056,-0.0450,0.0800,-0.4133,7.436,-2.157,-7.129,-8.261,0.0000,0.0000,0.0000,0.0000,0.0000,0.0000,0.0000,0.0000,52.40,23.53,41,-4.130,1,664.6
586.523,+0.4985,+0.0027,-0.0450,0.0789,-0.4211,7.116,-2.686,-0.083,-1.220,0.0000,0.0000,0.0000,0.0000,0.0000,0.0000,0.0000,0.0000,52.41,23.51,41,-3.410,1,660.2
586.559,+0.5071,-0.0556,-0.0400,0.0756,-0.4333,7.416,-2.886,3.716,-0.833,0.0000,0.0000,0.0000,0.0000,0.0000,0.0000,0.0000,0.0000,52.41,23.51,41,-3.250,1,660.2
586.590,+0.5292,-0.0060,-0.0400,0.0767,-0.4144,7.603,-2.955,3.695,-0.973,0.0000,0.0000,0.0000,0.0000,0.0000,0.0000,0.0000,0.0000,52.41,23.51,41,-3.370,1,660.2
586.617,+0.4973,+0.0047,-0.0400,0.0767,-0.4144,7.603,-2.955,3.695,-0.973,0.0000,0.0000,0.0000,0.0000,0.0000,0.0000,0.0000,0.0000,52.41,23.51,41,-3.370,1,660.2
586.653,+0.5035,+0.0358,-0.0400,0.0767,-0.4144,7.603,-2.955,3.695,-0.973,0.0000,0.0000,0.0000,0.0000,0.0000,0.0000,0.0000,0.0000,52.41,23.51,41,-3.370,1,660.2
586.680,+0.5250,+0.0163,-0.0400,0.0767,-0.4144,7.603,-2.955,3.695,-0.973,0.0000,0.0000,0.0000,0.0000,0.0000,0.0000,0.0000,0.0000,52.41,23.51,41,-3.370,1,660.2
586.721,+0.5039,+0.0005,-0.0400,0.0767,-0.4144,7.603,-2.955,3.695,-0.973,0.0000,0.0000,0.0000,0.0000,0.0000,0.0000,0.0000,0.0000,52.41,23.51,41,-3.370,1,660.2
586.749,+0.4917,+0.0222,-0.0400,0.0767,-0.4144,7.603,-2.955,3.695,-0.973,0.0000,0.0000,0.0000,0.0000,0.0000,0.0000,0.0000,0.0000,52.41,23.50,41,-3.370,1,660.2
586.783,+0.4956,+0.0153,-0.0350,0.0722,-0.4078,8.144,-3.151,3.618,-1.104,0.0000,0.0000,0.0000,0.0000,0.0000,0.0000,0.0000,0.0000,52.31,23.50,41,-4.300,1,653.4
586.810,+0.4877,+0.0293,-0.0350,0.0700,-0.3989,8.311,-3.230,3.328,-1.329,0.0000,0.0000,0.0000,0.0000,0.0000,0.0000,0.0000,0.0000,52.31,23.50,41,-6.330,1,653.4
586.844,+0.4912,+0.0230,-0.0350,0.0700,-0.4056,8.462,-3.320,3.077,-1.493,0.0000,0.0000,0.0000,0.0000,0.0000,0.0000,0.0000,0.0000,52.31,23.50,41,-3.670,1,653.4
586.878,+0.4891,+0.0720,-0.0300,0.0711,-0.4178,8.462,-3.320,3.077,-1.493,0.0000,0.0000,0.0000,0.0000,0.0000,0.0000,0.0000,0.0000,52.31,23.50,41,-3.830,1,653.4
586.936,+0.4812,+0.0167,-0.0300,0.0711,-0.4178,8.462,-3.320,3.077,-1.493,0.0000,0.0000,0.0000,0.0000,0.0000,0.0000,0.0000,0.0000,52.31,23.50,41,-3.830,1,653.4
586.958,+0.4700,+0.1287,-0.0300,0.0711,-0.4178,8.462,-3.320,3.077,-1.493,0.0000,0.0000,0.0000,0.0000,0.0000,0.0000,0.0000,0.0000,52.31,23.50,41,-3.830,1,653.4
586.986,+0.4464,+0.0532,-0.0300,0.0711,-0.4178,8.462,-3.320,3.077,-1.493,0.0000,0.0000,0.0000,0.0000,0.0000,0.0000,0.0000,0.0000,52.31,23.50,41,-3.830,1,653.4
587.014,+0.4714,+0.1127,-0.0300,0.0711,-0.4178,8.845,-3.641,2.483,-2.049,0.0000,0.0000,0.0000,0.0000,0.0000,0.0000,0.0000,0.0000,52.31,23.51,41,-3.740,1,653.4
587.049,+0.4509,+0.0548,-0.0250,0.0678,-0.4367,8.956,-3.782,2.305,-2.658,0.0000,0.0000,0.0000,0.0000,0.0000,0.0000,0.0000,0.0000,52.21,23.51,41,-3.740,1,648.9
587.079,+0.4673,+0.1162,-0.0200,0.0678,-0.4567,9.067,-3.962,2.287,-3.010,0.0000,0.0000,0.0000,0.0000,0.0000,0.0000,0.0000,0.0000,52.21,23.51,41,-3.790,1,648.9
587.109,+0.4371,+0.0726,-0.0200,0.0678,-0.4567,9.069,-3.966,2.282,-2.992,0.0000,0.0000,0.0000,0.0000,0.0000,0.0000,0.0000,0.0000,52.14,23.51,41,-3.790,1,646.6
587.158,+0.4531,+0.0909,-0.0200,0.0678,-0.4567,9.069,-3.966,2.282,-2.992,0.0000,0.0000,0.0000,0.0000,0.0000,0.0000,0.0000,0.0000,52.14,23.51,41,-3.790,1,646.6
587.185,+0.4542,+0.1444,-0.0200,0.0678,-0.4567,9.069,-3.966,2.282,-2.992,0.0000,0.0000,0.0000,0.0000,0.0000,0.0000,0.0000,0.0000,52.14,23.51,41,-3.790,1,646.6
587.217,+0.4562,+0.0890,-0.0200,0.0678,-0.4567,9.069,-3.966,2.282,-2.992,0.0000,0.0000,0.0000,0.0000,0.0000,0.0000,0.0000,0.0000,52.14,23.51,41,-3.790,1,646.6
587.245,+0.4201,+0.0444,-0.0200,0.0678,-0.4567,9.069,-3.966,2.282,-2.992,0.0000,0.0000,0.0000,0.0000,0.0000,0.0000,0.0000,0.0000,52.14,23.51,41,-3.790,1,646.6
587.282,+0.4306,+0.0444,-0.0200,0.0678,-0.4567,9.362,-4.421,1.356,-2.558,0.0000,0.0000,0.0000,0.0000,0.0000,0.0000,0.0000,0.0000,52.14,23.53,41,-3.790,1,646.6
587.314,+0.4194,-0.0031,-0.0150,0.0656,-0.4811,9.409,-4.577,1.051,-2.733,0.0000,0.0000,0.0000,0.0000,0.0000,0.0000,0.0000,0.0000,51.94,23.53,41,-3.110,1,641.2
587.344,+0.4107,-0.0625,-0.0150,0.0656,-0.4833,9.373,-4.796,-0.623,1.205,0.0000,0.0000,0.0000,0.0000,0.0000,0.0000,0.0000,0.0000,51.94,23.55,41,-2.910,1,641.2
587.414,+0.4379,-0.0377,-0.0150,0.0644,-0.4711,9.373,-4.796,-0.623,1.205,0.0000,0.0000,0.0000,0.0000,0.0000,0.0000,0.0000,0.0000,51.94,23.55,41,-2.360,1,641.2
587.442,+0.3995,-0.1944,-0.0150,0.0644,-0.4711,9.373,-4.796,-0.623,1.205,0.0000,0.0000,0.0000,0.0000,0.0000,0.0000,0.0000,0.0000,51.94,23.55,41,-2.360,1,641.2
587.480,+0.4108,-0.1541,-0.0150,0.0644,-0.4711,9.373,-4.796,-0.623,1.205,0.0000,0.0000,0.0000,0.0000,0.0000,0.0000,0.0000,0.0000,51.94,23.55,41,-2.360,1,641.2
587.540,+0.4215,-0.0890,-0.0100,0.0578,-0.4200,9.350,-4.378,0.157,6.666,0.0000,0.0000,0.0000,0.0000,0.0000,0.0000,0.0000,0.0000,51.94,23.58,41,-6.130,1,641.2
587.573,+0.3960,-0.1569,-0.0100,0.0578,-0.4156,9.341,-3.904,-0.016,4.704,0.0000,0.0000,0.0000,0.0000,0.0000,0.0000,0.0000,0.0000,51.72,23.59,41,-4.130,1,636.6
587.613,+0.4218,-0.1075,-0.0100,0.0578,-0.4222,9.341,-3.904,-0.016,4.704,0.0000,0.0000,0.0000,0.0000,0.0000,0.0000,0.0000,0.0000,51.72,23.59,41,-4.140,1,636.6
587.646,+0.3892,-0.1304,-0.0100,0.0578,-0.4222,9.341,-3.904,-0.016,4.704,0.0000,0.0000,0.0000,0.0000,0.0000,0.0000,0.0000,0.0000,51.72,23.59,41,-4.140,1,636.6
587.685,+0.4153,-0.0839,-0.0100,0.0578,-0.4222,9.341,-3.904,-0.016,4.704,0.0000,0.0000,0.0000,0.0000,0.0000,0.0000,0.0000,0.0000,51.72,23.59,41,-4.140,1,636.6
587.716,+0.4074,+0.0016,-0.0100,0.0578,-0.4222,9.341,-3.904,-0.016,4.704,0.0000,0.0000,0.0000,0.0000,0.0000,0.0000,0.0000,0.0000,51.72,23.59,41,-4.140,1,636.6
587.744,+0.4333,+0.0096,-0.0100,0.0578,-0.4222,9.341,-3.904,-0.016,4.704,0.0000,0.0000,0.0000,0.0000,0.0000,0.0000,0.0000,0.0000,51.72,23.63,40,-4.140,1,636.6
587.782,+0.4102,+0.0004,-0.0150,0.0589,-0.4078,8.990,-3.540,-2.400,0.885,0.0000,0.0000,0.0000,0.0000,0.0000,0.0000,0.0000,0.0000,51.55,23.63,40,-4.820,1,632.2
587.827,+0.3922,-0.0024,-0.0150,0.0589,-0.4100,8.987,-3.540,-2.288,0.590,0.0000,0.0000,0.0000,0.0000,0.0000,0.0000,0.0000,0.0000,51.55,23.63,40,-5.340,1,632.2
587.853,+0.3942,+0.0837,-0.0150,0.0622,-0.4289,8.847,-3.633,-3.126,-3.151,0.0000,0.0000,0.0000,0.0000,0.0000,0.0000,0.0000,0.0000,51.55,23.63,40,-4.970,1,632.2
587.880,+0.3943,+0.0287,-0.0150,0.0622,-0.4289,8.847,-3.633,-3.126,-3.151,0.0000,0.0000,0.0000,0.0000,0.0000,0.0000,0.0000,0.0000,51.55,23.63,40,-4.970,1,632.2
587.920,+0.3786,-0.0222,-0.0150,0.0622,-0.4289,8.847,-3.633,-3.126,-3.151,0.0000,0.0000,0.0000,0.0000,0.0000,0.0000,0.0000,0.0000,51.55,23.63,40,-4.970,1,632.2
587.951,+0.3910,+0.0271,-0.0150,0.0622,-0.4289,8.847,-3.633,-3.126,-3.151,0.0000,0.0000,0.0000,0.0000,0.0000,0.0000,0.0000,0.0000,51.55,23.63,40,-4.970,1,632.2
587.983,+0.3631,+0.0291,-0.0150,0.0622,-0.4289,8.847,-3.633,-3.126,-3.151,0.0000,0.0000,0.0000,0.0000,0.0000,0.0000,0.0000,0.0000,51.55,23.63,40,-4.970,1,632.2
588.014,+0.3569,+0.0346,-0.0150,0.0622,-0.4289,8.333,-4.246,-3.539,-2.591,0.0000,0.0000,0.0000,0.0000,0.0000,0.0000,0.0000,0.0000,51.55,23.65,40,-4.970,1,632.2
588.044,+0.3520,-0.0111,-0.0250,0.0644,-0.4089,7.993,-4.448,-2.935,-0.892,0.0000,0.0000,0.0000,0.0000,0.0000,0.0000,0.0000,0.0000,51.34,23.66,41,-6.820,1,625.5
588.081,+0.3578,+0.0301,-0.0250,0.0689,-0.4378,7.883,-4.525,-2.392,-1.083,0.0000,0.0000,0.0000,0.0000,0.0000,0.0000,0.0000,0.0000,51.25,23.66,41,-4.640,1,623.3
588.121,+0.3564,-0.0074,-0.0250,0.0689,-0.4422,7.881,-4.527,-1.772,-1.268,0.0000,0.0000,0.0000,0.0000,0.0000,0.0000,0.0000,0.0000,51.25,23.66,41,-4.190,1,623.3
588.152,+0.3396,-0.0074,-0.0250,0.0689,-0.4422,7.881,-4.527,-1.772,-1.268,0.0000,0.0000,0.0000,0.0000,0.0000,0.0000,0.0000,0.0000,51.25,23.66,41,-4.190,1,623.3
588.188,+0.3434,-0.0074,-0.0250,0.0689,-0.4422,7.881,-4.527,-1.772,-1.268,0.0000,0.0000,0.0000,0.0000,0.0000,0.0000,0.0000,0.0000,51.25,23.66,41,-4.190,1,623.3
588.245,+0.3398,+0.0209,-0.0250,0.0689,-0.4422,7.881,-4.527,-1.772,-1.268,0.0000,0.0000,0.0000,0.0000,0.0000,0.0000,0.0000,0.0000,51.25,23.66,41,-4.190,1,623.3
588.274,+0.3227,-0.0037,-0.0250,0.0689,-0.4467,7.700,-4.675,-1.458,-0.307,0.0000,0.0000,0.0000,0.0000,0.0000,0.0000,0.0000,0.0000,51.25,23.70,41,-4.510,1,623.3
588.306,+0.3504,+0.0438,-0.0250,0.0678,-0.4367,7.587,-4.774,-0.501,-0.353,0.0000,0.0000,0.0000,0.0000,0.0000,0.0000,0.0000,0.0000,51.04,23.71,40,-6.860,1,618.6
588.344,+0.3517,+0.0000,-0.0250,0.0667,-0.4133,7.566,-4.826,-0.122,-0.496,0.0000,0.0000,0.0000,0.0000,0.0000,0.0000,0.0000,0.0000,51.04,23.71,40,-7.110,1,618.6
588.384,+0.3299,+0.0000,-0.0250,0.0667,-0.4133,7.566,-4.826,-0.122,-0.496,0.0000,0.0000,0.0000,0.0000,0.0000,0.0000,0.0000,0.0000,51.04,23.71,40,-7.110,1,618.6
588.414,+0.3688,+0.0000,-0.0250,0.0667,-0.4133,7.566,-4.826,-0.122,-0.496,0.0000,0.0000,0.0000,0.0000,0.0000,0.0000,0.0000,0.0000,51.04,23.71,40,-7.110,1,618.6
588.493,+0.3445,+0.0216,-0.0250,0.0667,-0.4133,7.566,-4.826,-0.122,-0.496,0.0000,0.0000,0.0000,0.0000,0.0000,0.0000,0.0000,0.0000,51.04,23.71,40,-7.110,1,618.6
588.530,+0.3646,+0.0037,-0.0250,0.0678,-0.4322,7.534,-4.922,-0.276,-0.523,0.0000,0.0000,0.0000,0.0000,0.0000,0.0000,0.0000,0.0000,50.82,23.73,40,-4.420,1,613.9
588.559,+0.3646,+0.0566,-0.0250,0.0667,-0.4133,7.524,-4.953,0.086,-0.032,0.0000,0.0000,0.0000,0.0000,0.0000,0.0000,0.0000,0.0000,50.82,23.74,40,-7.340,1,613.9
588.586,+0.3339,+0.0074,-0.0250,0.0656,-0.4056,7.527,-4.998,0.220,-0.861,0.0000,0.0000,0.0000,0.0000,0.0000,0.0000,0.0000,0.0000,50.82,23.74,40,-7.470,1,613.9
588.646,+0.3625,+0.0347,-0.0300,0.0667,-0.4044,7.527,-4.998,0.220,-0.861,0.0000,0.0000,0.0000,0.0000,0.0000,0.0000,0.0000,0.0000,50.82,23.74,40,-7.600,1,613.9
588.676,+0.3338,+0.1131,-0.0300,0.0667,-0.4044,7.527,-4.998,0.220,-0.861,0.0000,0.0000,0.0000,0.0000,0.0000,0.0000,0.0000,0.0000,50.82,23.74,40,-7.600,1,613.9
588.709,+0.3343,+0.0650,-0.0300,0.0667,-0.4044,7.527,-4.998,0.220,-0.861,0.0000,0.0000,0.0000,0.0000,0.0000,0.0000,0.0000,0.0000,50.82,23.74,40,-7.600,1,613.9
588.747,+0.3356,+0.0627,-0.0300,0.0667,-0.4044,7.527,-4.998,0.220,-0.861,0.0000,0.0000,0.0000,0.0000,0.0000,0.0000,0.0000,0.0000,50.82,23.74,40,-7.600,1,613.9
588.781,+0.3307,+0.0259,-0.0300,0.0678,-0.4122,7.517,-5.185,-0.207,-2.081,0.0000,0.0000,0.0000,0.0000,0.0000,0.0000,0.0000,0.0000,50.82,23.80,39,-4.930,1,613.9
588.813,+0.3012,+0.0730,-0.0300,0.0678,-0.4122,7.488,-5.303,-0.535,-1.999,0.0000,0.0000,0.0000,0.0000,0.0000,0.0000,0.0000,0.0000,50.52,23.80,39,-4.930,1,608.2
588.851,+0.3274,+0.0699,-0.0300,0.0689,-0.4222,7.408,-5.510,-0.554,-1.385,0.0000,0.0000,0.0000,0.0000,0.0000,0.0000,0.0000,0.0000,50.52,23.82,40,-4.990,1,608.2
588.883,+0.2939,+0.0813,-0.0250,0.0700,-0.4344,7.408,-5.510,-0.554,-1.385,0.0000,0.0000,0.0000,0.0000,0.0000,0.0000,0.0000,0.0000,50.52,23.82,40,-4.990,1,608.2
588.914,+0.3158,+0.0370,-0.0250,0.0700,-0.4344,7.408,-5.510,-0.554,-1.385,0.0000,0.0000,0.0000,0.0000,0.0000,0.0000,0.0000,0.0000,50.52,23.82,40,-4.990,1,608.2
588.942,+0.3114,+0.0909,-0.0250,0.0700,-0.4344,7.408,-5.510,-0.554,-1.385,0.0000,0.0000,0.0000,0.0000,0.0000,0.0000,0.0000,0.0000,50.52,23.82,40,-4.990,1,608.2
588.973,+0.2845,+0.0407,-0.0250,0.0700,-0.4344,7.408,-5.510,-0.554,-1.385,0.0000,0.0000,0.0000,0.0000,0.0000,0.0000,0.0000,0.0000,50.52,23.82,40,-4.990,1,608.2
589.010,+0.3119,+0.0826,-0.0250,0.0700,-0.4344,7.408,-5.510,-0.554,-1.385,0.0000,0.0000,0.0000,0.0000,0.0000,0.0000,0.0000,0.0000,50.52,23.86,40,-4.990,1,608.2
589.077,+0.3195,+0.0690,-0.0200,0.0678,-0.4567,7.585,-5.874,1.464,-0.681,0.0000,0.0000,0.0000,0.0000,0.0000,0.0000,0.0000,0.0000,50.18,23.89,40,-4.700,1,602.3
589.107,+0.3029,+0.0481,-0.0200,0.0678,-0.4589,7.586,-5.875,1.435,-0.621,0.0000,0.0000,0.0000,0.0000,0.0000,0.0000,0.0000,0.0000,50.02,23.89,40,-4.570,1,599.8
589.154,+0.3100,+0.0822,-0.0200,0.0678,-0.4589,7.586,-5.875,1.435,-0.621,0.0000,0.0000,0.0000,0.0000,0.0000,0.0000,0.0000,0.0000,50.02,23.89,40,-4.570,1,599.8
589.177,+0.3271,+0.0519,-0.0200,0.0678,-0.4589,7.586,-5.875,1.435,-0.621,0.0000,0.0000,0.0000,0.0000,0.0000,0.0000,0.0000,0.0000,50.02,23.89,40,-4.570,1,599.8
589.205,+0.2964,+0.0519,-0.0200,0.0678,-0.4589,7.586,-5.875,1.435,-0.621,0.0000,0.0000,0.0000,0.0000,0.0000,0.0000,0.0000,0.0000,50.02,23.89,40,-4.570,1,599.8
589.254,+0.2882,+0.0845,-0.0200,0.0678,-0.4589,7.586,-5.875,1.435,-0.621,0.0000,0.0000,0.0000,0.0000,0.0000,0.0000,0.0000,0.0000,50.02,23.89,40,-4.570,1,599.8
589.282,+0.2911,+0.0556,-0.0200,0.0678,-0.4589,7.681,-5.957,0.847,-0.495,0.0000,0.0000,0.0000,0.0000,0.0000,0.0000,0.0000,0.0000,50.02,23.93,40,-4.570,1,599.8
589.313,+0.2907,+0.0556,-0.0200,0.0689,-0.4689,7.693,-6.051,-0.234,-0.924,0.0000,0.0000,0.0000,0.0000,0.0000,0.0000,0.0000,0.0000,50.02,23.93,40,-4.820,1,599.8
589.384,+0.2637,+0.0320,-0.0200,0.0700,-0.4722,7.566,-6.187,-1.380,-0.812,0.0000,0.0000,0.0000,0.0000,0.0000,0.0000,0.0000,0.0000,49.71,23.98,40,-4.730,1,595.2
589.415,+0.2528,-0.0962,-0.0200,0.0700,-0.4722,7.566,-6.187,-1.380,-0.812,0.0000,0.0000,0.0000,0.0000,0.0000,0.0000,0.0000,0.0000,49.71,23.98,40,-4.730,1,595.2
589.448,+0.2274,-0.1413,-0.0200,0.0700,-0.4722,7.566,-6.187,-1.380,-0.812,0.0000,0.0000,0.0000,0.0000,0.0000,0.0000,0.0000,0.0000,49.71,23.98,40,-4.730,1,595.2
589.491,+0.2363,-0.0836,-0.0200,0.0700,-0.4722,7.566,-6.187,-1.380,-0.812,0.0000,0.0000,0.0000,0.0000,0.0000,0.0000,0.0000,0.0000,49.71,23.98,40,-4.730,1,595.2
589.516,+0.2583,-0.1630,-0.0200,0.0700,-0.4722,7.367,-6.008,-0.652,5.775,0.0000,0.0000,0.0000,0.0000,0.0000,0.0000,0.0000,0.0000,49.71,24.03,40,-4.730,1,595.2
589.547,+0.2336,-0.1455,-0.0200,0.0667,-0.4400,7.367,-6.008,-0.652,5.775,0.0000,0.0000,0.0000,0.0000,0.0000,0.0000,0.0000,0.0000,49.38,24.03,40,-4.610,1,590.5
589.576,+0.2564,-0.1620,-0.0200,0.0644,-0.4311,7.338,-5.741,0.180,6.849,0.0000,0.0000,0.0000,0.0000,0.0000,0.0000,0.0000,0.0000,49.38,24.03,40,-4.780,1,590.5
589.618,+0.2621,-0.1320,-0.0200,0.0622,-0.4200,7.345,-5.459,0.730,6.327,0.0000,0.0000,0.0000,0.0000,0.0000,0.0000,0.0000,0.0000,49.38,24.03,40,-6.390,1,590.5
589.644,+0.2495,-0.1425,-0.0200,0.0622,-0.4200,7.345,-5.459,0.730,6.327,0.0000,0.0000,0.0000,0.0000,0.0000,0.0000,0.0000,0.0000,49.38,24.03,40,-6.390,1,590.5
589.685,+0.2792,-0.1517,-0.0200,0.0622,-0.4200,7.345,-5.459,0.730,6.327,0.0000,0.0000,0.0000,0.0000,0.0000,0.0000,0.0000,0.0000,49.38,24.03,40,-6.390,1,590.5
589.713,+0.2792,-0.1569,-0.0200,0.0622,-0.4200,7.345,-5.459,0.730,6.327,0.0000,0.0000,0.0000,0.0000,0.0000,0.0000,0.0000,0.0000,49.38,24.03,40,-6.390,1,590.5
589.743,+0.2505,-0.1575,-0.0200,0.0622,-0.4200,7.345,-5.459,0.730,6.327,0.0000,0.0000,0.0000,0.0000,0.0000,0.0000,0.0000,0.0000,49.38,24.03,40,-6.390,1,590.5
589.781,+0.2771,-0.1447,-0.0150,0.0589,-0.4011,7.418,-4.809,0.227,3.855,0.0000,0.0000,0.0000,0.0000,0.0000,0.0000,0.0000,0.0000,49.38,24.11,39,-6.610,1,590.5
589.819,+0.2997,-0.1107,-0.0150,0.0589,-0.3922,7.418,-4.798,0.148,3.816,0.0000,0.0000,0.0000,0.0000,0.0000,0.0000,0.0000,0.0000,49.02,24.11,39,-6.840,1,584.7
589.850,+0.2792,-0.0741,-0.0200,0.0600,-0.3867,7.347,-4.438,-1.175,3.887,0.0000,0.0000,0.0000,0.0000,0.0000,0.0000,0.0000,0.0000,49.02,24.14,39,-6.730,1,584.7
589.934,+0.2792,-0.0741,-0.0200,0.0589,-0.3789,7.347,-4.438,-1.175,3.887,0.0000,0.0000,0.0000,0.0000,0.0000,0.0000,0.0000,0.0000,49.02,24.14,39,-6.880,1,584.7
589.968,+0.2287,+0.0606,-0.0200,0.0589,-0.3789,7.347,-4.438,-1.175,3.887,0.0000,0.0000,0.0000,0.0000,0.0000,0.0000,0.0000,0.0000,49.02,24.14,39,-6.880,1,584.7
590.001,+0.2223,+0.0308,-0.0200,0.0589,-0.3789,7.347,-4.438,-1.175,3.887,0.0000,0.0000,0.0000,0.0000,0.0000,0.0000,0.0000,0.0000,49.02,24.14,39,-6.880,1,584.7
590.031,+0.2144,+0.0948,-0.0250,0.0656,-0.4033,7.145,-4.364,-2.447,-2.446,0.0000,0.0000,0.0000,0.0000,0.0000,0.0000,0.0000,0.0000,49.02,24.15,39,-6.760,1,584.7
590.055,+0.1972,+0.0173,-0.0250,0.0656,-0.4033,6.992,-4.584,-2.932,-4.601,0.0000,0.0000,0.0000,0.0000,0.0000,0.0000,0.0000,0.0000,48.75,24.16,39,-6.490,1,578.8
590.102,+0.2052,+0.0271,-0.0250,0.0678,-0.4144,6.860,-4.813,-2.448,-4.048,0.0000,0.0000,0.0000,0.0000,0.0000,0.0000,0.0000,0.0000,48.65,24.16,39,-6.540,1,576.5
590.126,+0.1868,+0.0284,-0.0250,0.0678,-0.4122,6.860,-4.813,-2.448,-4.048,0.0000,0.0000,0.0000,0.0000,0.0000,0.0000,0.0000,0.0000,48.65,24.16,39,-6.540,1,576.5
590.181,+0.2023,-0.0001,-0.0250,0.0678,-0.4122,6.860,-4.813,-2.448,-4.048,0.0000,0.0000,0.0000,0.0000,0.0000,0.0000,0.0000,0.0000,48.65,24.16,39,-6.540,1,576.5
590.209,+0.1863,+0.0270,-0.0250,0.0678,-0.4122,6.860,-4.813,-2.448,-4.048,0.0000,0.0000,0.0000,0.0000,0.0000,0.0000,0.0000,0.0000,48.65,24.16,39,-6.540,1,576.5
590.238,+0.2119,+0.0307,-0.0250,0.0678,-0.4122,6.860,-4.813,-2.448,-4.048,0.0000,0.0000,0.0000,0.0000,0.0000,0.0000,0.0000,0.0000,48.65,24.16,39,-6.540,1,576.5
590.278,+0.2179,-0.0185,-0.0250,0.0678,-0.4122,6.722,-5.192,0.807,-0.551,0.0000,0.0000,0.0000,0.0000,0.0000,0.0000,0.0000,0.0000,48.65,24.18,39,-6.540,1,576.5
590.311,+0.2116,-0.0185,-0.0200,0.0633,-0.4256,6.774,-5.245,1.485,-0.678,0.0000,0.0000,0.0000,0.0000,0.0000,0.0000,0.0000,0.0000,48.38,24.18,39,-5.530,1,570.8
590.349,+0.2354,-0.0185,-0.0200,0.0622,-0.4289,6.922,-5.335,1.744,-0.065,0.0000,0.0000,0.0000,0.0000,0.0000,0.0000,0.0000,0.0000,48.38,24.19,39,-5.520,1,570.8
590.381,+0.2354,-0.0185,-0.0150,0.0600,-0.4156,6.922,-5.335,1.744,-0.065,0.0000,0.0000,0.0000,0.0000,0.0000,0.0000,0.0000,0.0000,48.38,24.19,39,-5.590,1,570.8
590.485,+0.2257,-0.0357,-0.0150,0.0600,-0.4156,6.922,-5.335,1.744,-0.065,0.0000,0.0000,0.0000,0.0000,0.0000,0.0000,0.0000,0.0000,48.38,24.19,39,-5.590,1,570.8
590.517,+0.2333,-0.0222,-0.0150,0.0600,-0.4156,6.922,-5.335,1.744,-0.065,0.0000,0.0000,0.0000,0.0000,0.0000,0.0000,0.0000,0.0000,48.38,24.22,39,-5.590,1,570.8
590.544,+0.1704,-0.0222,-0.0200,0.0633,-0.4167,7.020,-5.267,0.291,0.968,0.0000,0.0000,0.0000,0.0000,0.0000,0.0000,0.0000,0.0000,48.13,24.23,39,-5.990,1,566.1
590.594,+0.2115,-0.0537,-0.0200,0.0633,-0.4167,6.970,-5.223,-0.842,0.238,0.0000,0.0000,0.0000,0.0000,0.0000,0.0000,0.0000,0.0000,48.13,24.23,39,-6.010,1,566.1
590.617,+0.1534,+0.0395,-0.0200,0.0633,-0.4167,6.970,-5.223,-0.842,0.238,0.0000,0.0000,0.0000,0.0000,0.0000,0.0000,0.0000,0.0000,48.13,24.23,39,-6.010,1,566.1
590.650,+0.1966,-0.0222,-0.0200,0.0633,-0.4167,6.970,-5.223,-0.842,0.238,0.0000,0.0000,0.0000,0.0000,0.0000,0.0000,0.0000,0.0000,48.13,24.23,39,-6.010,1,566.1
590.679,+0.1632,-0.0222,-0.0200,0.0633,-0.4167,6.970,-5.223,-0.842,0.238,0.0000,0.0000,0.0000,0.0000,0.0000,0.0000,0.0000,0.0000,48.13,24.23,39,-6.010,1,566.1
590.717,+0.1701,-0.0222,-0.0200,0.0633,-0.4167,6.970,-5.223,-0.842,0.238,0.0000,0.0000,0.0000,0.0000,0.0000,0.0000,0.0000,0.0000,48.13,24.23,39,-6.010,1,566.1
590.747,+0.1845,-0.0222,-0.0200,0.0633,-0.4167,6.797,-5.293,-1.883,-0.506,0.0000,0.0000,0.0000,0.0000,0.0000,0.0000,0.0000,0.0000,48.13,24.25,39,-6.080,1,566.1
590.779,+0.1834,-0.0222,-0.0200,0.0644,-0.4156,6.697,-5.345,-1.508,-0.510,0.0000,0.0000,0.0000,0.0000,0.0000,0.0000,0.0000,0.0000,47.88,24.26,39,-6.400,1,561.5
590.811,+0.1818,-0.0222,-0.0200,0.0644,-0.4156,6.625,-5.400,-1.019,-0.514,0.0000,0.0000,0.0000,0.0000,0.0000,0.0000,0.0000,0.0000,47.88,24.26,39,-6.400,1,561.5
590.848,+0.1588,+0.0200,-0.0200,0.0633,-0.4189,6.547,-5.486,-0.386,-0.393,0.0000,0.0000,0.0000,0.0000,0.0000,0.0000,0.0000,0.0000,47.88,24.28,39,-6.120,1,561.5
590.878,+0.2021,-0.0185,-0.0200,0.0633,-0.4189,6.547,-5.486,-0.386,-0.393,0.0000,0.0000,0.0000,0.0000,0.0000,0.0000,0.0000,0.0000,47.88,24.28,39,-6.130,1,561.5
590.921,+0.1819,-0.0185,-0.0200,0.0633,-0.4189,6.547,-5.486,-0.386,-0.393,0.0000,0.0000,0.0000,0.0000,0.0000,0.0000,0.0000,0.0000,47.88,24.28,39,-6.130,1,561.5
590.952,+0.2000,-0.0185,-0.0200,0.0633,-0.4189,6.547,-5.486,-0.386,-0.393,0.0000,0.0000,0.0000,0.0000,0.0000,0.0000,0.0000,0.0000,47.88,24.28,39,-6.130,1,561.5
590.981,+0.1703,-0.0185,-0.0200,0.0633,-0.4189,6.547,-5.486,-0.386,-0.393,0.0000,0.0000,0.0000,0.0000,0.0000,0.0000,0.0000,0.0000,47.88,24.28,39,-6.130,1,561.5
591.018,+0.1979,-0.0185,-0.0200,0.0633,-0.4189,6.547,-5.486,-0.386,-0.393,0.0000,0.0000,0.0000,0.0000,0.0000,0.0000,0.0000,0.0000,47.88,24.28,39,-6.130,1,561.5
591.046,+0.1678,-0.0185,-0.0200,0.0644,-0.4200,6.438,-5.570,-0.905,-0.260,0.0000,0.0000,0.0000,0.0000,0.0000,0.0000,0.0000,0.0000,47.47,24.32,39,-6.160,1,554.3
591.082,+0.1721,-0.0185,-0.0250,0.0656,-0.4211,6.304,-5.620,-1.203,-0.206,0.0000,0.0000,0.0000,0.0000,0.0000,0.0000,0.0000,0.0000,47.47,24.32,39,-6.120,1,554.3
591.112,+0.1646,-0.0185,-0.0250,0.0656,-0.4211,6.304,-5.620,-1.203,-0.206,0.0000,0.0000,0.0000,0.0000,0.0000,0.0000,0.0000,0.0000,47.34,24.32,39,-6.130,1,551.9
591.176,+0.1630,-0.0185,-0.0250,0.0656,-0.4211,6.304,-5.620,-1.203,-0.206,0.0000,0.0000,0.0000,0.0000,0.0000,0.0000,0.0000,0.0000,47.34,24.32,39,-6.130,1,551.9
591.205,+0.1584,-0.0185,-0.0250,0.0656,-0.4211,6.304,-5.620,-1.203,-0.206,0.0000,0.0000,0.0000,0.0000,0.0000,0.0000,0.0000,0.0000,47.34,24.32,39,-6.130,1,551.9
591.231,+0.1518,-0.0185,-0.0250,0.0656,-0.4211,6.304,-5.620,-1.203,-0.206,0.0000,0.0000,0.0000,0.0000,0.0000,0.0000,0.0000,0.0000,47.34,24.32,39,-6.130,1,551.9
591.268,+0.1598,-0.0185,-0.0250,0.0656,-0.4211,6.126,-5.668,-0.871,0.250,0.0000,0.0000,0.0000,0.0000,0.0000,0.0000,0.0000,0.0000,47.34,24.35,38,-6.160,1,551.9
591.336,+0.1676,-0.0428,-0.0250,0.0656,-0.4167,6.047,-5.657,-0.377,0.519,0.0000,0.0000,0.0000,0.0000,0.0000,0.0000,0.0000,0.0000,47.05,24.37,38,-6.180,1,547.1
591.372,+0.1304,-0.0222,-0.0250,0.0656,-0.4167,6.047,-5.657,-0.377,0.519,0.0000,0.0000,0.0000,0.0000,0.0000,0.0000,0.0000,0.0000,47.05,24.37,38,-6.190,1,547.1
591.413,+0.1540,-0.0596,-0.0250,0.0656,-0.4167,6.047,-5.657,-0.377,0.519,0.0000,0.0000,0.0000,0.0000,0.0000,0.0000,0.0000,0.0000,47.05,24.37,38,-6.190,1,547.1
591.450,+0.1492,-0.0259,-0.0250,0.0656,-0.4167,6.047,-5.657,-0.377,0.519,0.0000,0.0000,0.0000,0.0000,0.0000,0.0000,0.0000,0.0000,47.05,24.37,38,-6.190,1,547.1
591.488,+0.1480,-0.0259,-0.0250,0.0656,-0.4167,6.047,-5.657,-0.377,0.519,0.0000,0.0000,0.0000,0.0000,0.0000,0.0000,0.0000,0.0000,47.05,24.37,38,-6.190,1,547.1
591.517,+0.1688,-0.0259,-0.0250,0.0656,-0.4167,6.005,-5.646,-0.085,0.408,0.0000,0.0000,0.0000,0.0000,0.0000,0.0000,0.0000,0.0000,47.05,24.40,38,-6.190,1,547.1
591.550,+0.1425,-0.0259,-0.0250,0.0656,-0.4144,6.002,-5.634,0.269,0.585,0.0000,0.0000,0.0000,0.0000,0.0000,0.0000,0.0000,0.0000,46.77,24.40,38,-6.210,1,542.4
591.577,+0.1361,-0.0259,-0.0250,0.0644,-0.4111,6.015,-5.621,0.489,0.473,0.0000,0.0000,0.0000,0.0000,0.0000,0.0000,0.0000,0.0000,46.77,24.40,38,-6.630,1,542.4
591.619,+0.1436,-0.0259,-0.0250,0.0644,-0.4111,6.027,-5.613,0.292,0.304,0.0000,0.0000,0.0000,0.0000,0.0000,0.0000,0.0000,0.0000,46.77,24.40,38,-6.340,1,542.4
591.650,+0.1348,-0.0259,-0.0250,0.0644,-0.4111,6.027,-5.613,0.292,0.304,0.0000,0.0000,0.0000,0.0000,0.0000,0.0000,0.0000,0.0000,46.77,24.40,38,-6.340,1,542.4
591.690,+0.1386,-0.0648,-0.0250,0.0644,-0.4111,6.027,-5.613,0.292,0.304,0.0000,0.0000,0.0000,0.0000,0.0000,0.0000,0.0000,0.0000,46.77,24.40,38,-6.340,1,542.4
591.717,+0.1266,-0.0296,-0.0250,0.0644,-0.4111,6.027,-5.613,0.292,0.304,0.0000,0.0000,0.0000,0.0000,0.0000,0.0000,0.0000,0.0000,46.77,24.40,38,-6.340,1,542.4
591.749,+0.1298,-0.0296,-0.0250,0.0644,-0.4111,6.027,-5.613,0.292,0.304,0.0000,0.0000,0.0000,0.0000,0.0000,0.0000,0.0000,0.0000,46.77,24.44,38,-6.340,1,542.4
591.779,+0.1255,-0.0296,-0.0250,0.0644,-0.4111,6.026,-5.633,0.217,0.212,0.0000,0.0000,0.0000,0.0000,0.0000,0.0000,0.0000,0.0000,46.41,24.45,38,-6.380,1,536.4
591.875,+0.1314,-0.0296,-0.0200,0.0633,-0.4078,6.041,-5.637,0.519,0.382,0.0000,0.0000,0.0000,0.0000,0.0000,0.0000,0.0000,0.0000,46.41,24.47,38,-6.780,1,536.4
591.909,+0.1228,-0.0296,-0.0200,0.0633,-0.4078,6.041,-5.637,0.519,0.382,0.0000,0.0000,0.0000,0.0000,0.0000,0.0000,0.0000,0.0000,46.41,24.47,38,-6.780,1,536.4
591.935,+0.1133,-0.0296,-0.0200,0.0633,-0.4078,6.041,-5.637,0.519,0.382,0.0000,0.0000,0.0000,0.0000,0.0000,0.0000,0.0000,0.0000,46.41,24.47,38,-6.780,1,536.4
591.965,+0.1145,-0.0296,-0.0200,0.0633,-0.4078,6.041,-5.637,0.519,0.382,0.0000,0.0000,0.0000,0.0000,0.0000,0.0000,0.0000,0.0000,46.41,24.47,38,-6.780,1,536.4
592.011,+0.1226,-0.0296,-0.0200,0.0633,-0.4078,6.041,-5.637,0.519,0.382,0.0000,0.0000,0.0000,0.0000,0.0000,0.0000,0.0000,0.0000,46.41,24.49,38,-6.780,1,536.4
592.045,+0.1138,-0.0296,-0.0200,0.0622,-0.4067,6.089,-5.637,0.778,0.236,0.0000,0.0000,0.0000,0.0000,0.0000,0.0000,0.0000,0.0000,46.12,24.50,38,-6.510,1,531.3
592.075,+0.1094,-0.0296,-0.0200,0.0633,-0.4100,6.159,-5.703,0.499,-0.291,0.0000,0.0000,0.0000,0.0000,0.0000,0.0000,0.0000,0.0000,46.12,24.50,38,-6.530,1,531.3
592.126,+0.1177,-0.0296,-0.0200,0.0622,-0.4089,6.159,-5.704,0.446,-0.276,0.0000,0.0000,0.0000,0.0000,0.0000,0.0000,0.0000,0.0000,45.90,24.50,38,-6.550,1,527.7
592.184,+0.1176,-0.0296,-0.0200,0.0622,-0.4089,6.159,-5.704,0.446,-0.276,0.0000,0.0000,0.0000,0.0000,0.0000,0.0000,0.0000,0.0000,45.90,24.50,38,-6.550,1,527.7
592.209,+0.0642,-0.0296,-0.0200,0.0622,-0.4089,6.159,-5.704,0.446,-0.276,0.0000,0.0000,0.0000,0.0000,0.0000,0.0000,0.0000,0.0000,45.90,24.50,38,-6.550,1,527.7
592.312,+0.1075,-0.0296,-0.0200,0.0611,-0.4078,6.161,-5.786,-0.112,-0.213,0.0000,0.0000,0.0000,0.0000,0.0000,0.0000,0.0000,0.0000,45.61,24.54,38,-6.620,1,522.8
592.345,+0.0969,-0.0296,-0.0200,0.0611,-0.4078,6.133,-5.808,-0.462,-0.024,0.0000,0.0000,0.0000,0.0000,0.0000,0.0000,0.0000,0.0000,45.61,24.55,38,-6.630,1,522.8
592.377,+0.0665,+0.0187,-0.0150,0.0600,-0.4067,6.133,-5.808,-0.462,-0.024,0.0000,0.0000,0.0000,0.0000,0.0000,0.0000,0.0000,0.0000,45.61,24.55,38,-6.650,1,522.8
592.412,+0.0921,-0.0259,-0.0150,0.0600,-0.4067,6.133,-5.808,-0.462,-0.024,0.0000,0.0000,0.0000,0.0000,0.0000,0.0000,0.0000,0.0000,45.61,24.55,38,-6.650,1,522.8
592.447,+0.0901,-0.0259,-0.0150,0.0600,-0.4067,6.133,-5.808,-0.462,-0.024,0.0000,0.0000,0.0000,0.0000,0.0000,0.0000,0.0000,0.0000,45.61,24.55,38,-6.650,1,522.8
592.482,+0.0875,-0.0259,-0.0150,0.0600,-0.4067,6.133,-5.808,-0.462,-0.024,0.0000,0.0000,0.0000,0.0000,0.0000,0.0000,0.0000,0.0000,45.61,24.55,38,-6.650,1,522.8
592.592,+0.1012,-0.0259,-0.0200,0.0600,-0.4089,5.999,-5.932,-0.525,-0.206,0.0000,0.0000,0.0000,0.0000,0.0000,0.0000,0.0000,0.0000,45.39,24.58,38,-6.670,1,519.3
592.626,+0.0578,+0.0190,-0.0200,0.0600,-0.4089,5.999,-5.932,-0.525,-0.206,0.0000,0.0000,0.0000,0.0000,0.0000,0.0000,0.0000,0.0000,45.39,24.58,38,-6.670,1,519.3
592.651,+0.1042,-0.0222,-0.0200,0.0600,-0.4089,5.999,-5.932,-0.525,-0.206,0.0000,0.0000,0.0000,0.0000,0.0000,0.0000,0.0000,0.0000,45.39,24.58,38,-6.670,1,519.3
592.710,+0.0733,-0.0222,-0.0200,0.0600,-0.4089,5.999,-5.932,-0.525,-0.206,0.0000,0.0000,0.0000,0.0000,0.0000,0.0000,0.0000,0.0000,45.39,24.58,38,-6.670,1,519.3
592.752,+0.0791,-0.0222,-0.0200,0.0600,-0.4089,5.913,-5.972,-0.723,-0.104,0.0000,0.0000,0.0000,0.0000,0.0000,0.0000,0.0000,0.0000,45.39,24.62,37,-6.670,1,519.3
592.777,+0.0641,-0.0222,-0.0200,0.0611,-0.4078,5.913,-5.972,-0.723,-0.104,0.0000,0.0000,0.0000,0.0000,0.0000,0.0000,0.0000,0.0000,45.00,24.62,37,-6.710,1,513.0
592.863,+0.0732,-0.0021,-0.0200,0.0633,-0.4100,5.759,-6.045,-1.004,-0.364,0.0000,0.0000,0.0000,0.0000,0.0000,0.0000,0.0000,0.0000,45.00,24.64,37,-6.700,1,513.0
592.891,+0.0618,-0.0185,-0.0200,0.0633,-0.4100,5.759,-6.045,-1.004,-0.364,0.0000,0.0000,0.0000,0.0000,0.0000,0.0000,0.0000,0.0000,45.00,24.64,37,-6.700,1,513.0
592.919,+0.0292,-0.0185,-0.0200,0.0633,-0.4100,5.759,-6.045,-1.004,-0.364,0.0000,0.0000,0.0000,0.0000,0.0000,0.0000,0.0000,0.0000,45.00,24.64,37,-6.700,1,513.0
592.994,+0.0727,-0.0185,-0.0200,0.0633,-0.4100,5.759,-6.045,-1.004,-0.364,0.0000,0.0000,0.0000,0.0000,0.0000,0.0000,0.0000,0.0000,45.00,24.64,37,-6.700,1,513.0
593.021,+0.0525,-0.0185,-0.0200,0.0633,-0.4100,5.649,-6.112,-0.858,-0.329,0.0000,0.0000,0.0000,0.0000,0.0000,0.0000,0.0000,0.0000,45.00,24.67,37,-6.700,1,513.0
593.048,+0.0500,-0.0185,-0.0200,0.0622,-0.4089,5.649,-6.112,-0.858,-0.329,0.0000,0.0000,0.0000,0.0000,0.0000,0.0000,0.0000,0.0000,44.62,24.68,37,-6.740,1,507.0
593.120,+0.0660,-0.0185,-0.0200,0.0611,-0.4056,5.493,-6.180,-0.870,-0.097,0.0000,0.0000,0.0000,0.0000,0.0000,0.0000,0.0000,0.0000,44.37,24.68,37,-6.790,1,503.3
593.160,+0.0552,-0.0185,-0.0200,0.0611,-0.4056,5.493,-6.180,-0.870,-0.097,0.0000,0.0000,0.0000,0.0000,0.0000,0.0000,0.0000,0.0000,44.37,24.68,37,-6.790,1,503.3
593.202,+0.0541,-0.0185,-0.0200,0.0611,-0.4056,5.493,-6.180,-0.870,-0.097,0.0000,0.0000,0.0000,0.0000,0.0000,0.0000,0.0000,0.0000,44.37,24.68,37,-6.790,1,503.3
593.231,+0.0729,-0.0185,-0.0200,0.0611,-0.4056,5.493,-6.180,-0.870,-0.097,0.0000,0.0000,0.0000,0.0000,0.0000,0.0000,0.0000,0.0000,44.37,24.68,37,-6.790,1,503.3
593.285,+0.0563,-0.0185,-0.0200,0.0633,-0.4078,5.325,-6.228,-1.030,-0.093,0.0000,0.0000,0.0000,0.0000,0.0000,0.0000,0.0000,0.0000,44.37,24.71,37,-6.820,1,503.3
593.313,+0.0397,-0.0185,-0.0250,0.0656,-0.4078,5.266,-6.243,-1.039,-0.080,0.0000,0.0000,0.0000,0.0000,0.0000,0.0000,0.0000,0.0000,44.37,24.71,37,-6.840,1,503.3
593.341,+0.0388,-0.0185,-0.0250,0.0644,-0.4067,5.215,-6.256,-0.745,0.058,0.0000,0.0000,0.0000,0.0000,0.0000,0.0000,0.0000,0.0000,44.05,24.73,37,-6.850,1,498.5
593.371,+0.0379,-0.0185,-0.0250,0.0644,-0.4067,5.215,-6.256,-0.745,0.058,0.0000,0.0000,0.0000,0.0000,0.0000,0.0000,0.0000,0.0000,44.05,24.73,37,-6.850,1,498.5
593.398,+0.0646,-0.0185,-0.0250,0.0644,-0.4067,5.215,-6.256,-0.745,0.058,0.0000,0.0000,0.0000,0.0000,0.0000,0.0000,0.0000,0.0000,44.05,24.73,37,-6.850,1,498.5
593.433,+0.0156,-0.0185,-0.0250,0.0644,-0.4067,5.215,-6.256,-0.745,0.058,0.0000,0.0000,0.0000,0.0000,0.0000,0.0000,0.0000,0.0000,44.05,24.73,37,-6.850,1,498.5
593.461,+0.0604,-0.0185,-0.0250,0.0644,-0.4067,5.215,-6.256,-0.745,0.058,0.0000,0.0000,0.0000,0.0000,0.0000,0.0000,0.0000,0.0000,44.05,24.73,37,-6.850,1,498.5
593.487,+0.0280,-0.0185,-0.0250,0.0644,-0.4067,5.215,-6.256,-0.745,0.058,0.0000,0.0000,0.0000,0.0000,0.0000,0.0000,0.0000,0.0000,44.05,24.73,37,-6.850,1,498.5
593.525,+0.0352,-0.0185,-0.0250,0.0644,-0.4067,5.146,-6.259,-0.426,0.211,0.0000,0.0000,0.0000,0.0000,0.0000,0.0000,0.0000,0.0000,44.05,24.76,37,-6.870,1,498.5
593.557,+0.0297,-0.0185,-0.0250,0.0644,-0.4067,5.083,-6.276,-0.445,-0.026,0.0000,0.0000,0.0000,0.0000,0.0000,0.0000,0.0000,0.0000,43.73,24.78,37,-6.890,1,493.8
593.584,+0.0542,-0.0185,-0.0250,0.0656,-0.4078,5.022,-6.306,-0.448,-0.050,0.0000,0.0000,0.0000,0.0000,0.0000,0.0000,0.0000,0.0000,43.73,24.78,37,-6.900,1,493.8
593.614,+0.0256,-0.0185,-0.0250,0.0644,-0.4067,5.022,-6.306,-0.448,-0.050,0.0000,0.0000,0.0000,0.0000,0.0000,0.0000,0.0000,0.0000,43.73,24.78,37,-6.900,1,493.8
593.672,+0.0362,-0.0185,-0.0250,0.0644,-0.4067,5.022,-6.306,-0.448,-0.050,0.0000,0.0000,0.0000,0.0000,0.0000,0.0000,0.0000,0.0000,43.73,24.78,37,-6.900,1,493.8
593.709,+0.0266,-0.0185,-0.0250,0.0644,-0.4067,5.022,-6.306,-0.448,-0.050,0.0000,0.0000,0.0000,0.0000,0.0000,0.0000,0.0000,0.0000,43.73,24.78,37,-6.900,1,493.8
593.740,+0.0206,-0.0185,-0.0250,0.0644,-0.4067,5.022,-6.306,-0.448,-0.050,0.0000,0.0000,0.0000,0.0000,0.0000,0.0000,0.0000,0.0000,43.73,24.78,37,-6.900,1,493.8
593.776,+0.0217,-0.0185,-0.0250,0.0644,-0.4044,4.980,-6.314,0.022,0.398,0.0000,0.0000,0.0000,0.0000,0.0000,0.0000,0.0000,0.0000,43.73,24.82,37,-6.930,1,493.8
593.811,+0.0194,-0.0185,-0.0250,0.0644,-0.4044,4.984,-6.308,0.419,0.346,0.0000,0.0000,0.0000,0.0000,0.0000,0.0000,0.0000,0.0000,43.30,24.82,37,-6.940,1,487.6
593.848,+0.0177,-0.0611,-0.0250,0.0633,-0.4033,4.996,-6.300,0.445,0.364,0.0000,0.0000,0.0000,0.0000,0.0000,0.0000,0.0000,0.0000,43.30,24.84,37,-6.960,1,487.6
593.879,+0.0123,-0.0222,-0.0250,0.0644,-0.4022,4.996,-6.300,0.445,0.364,0.0000,0.0000,0.0000,0.0000,0.0000,0.0000,0.0000,0.0000,43.30,24.84,37,-6.960,1,487.6
593.917,+0.0144,-0.0222,-0.0250,0.0644,-0.4022,4.996,-6.300,0.445,0.364,0.0000,0.0000,0.0000,0.0000,0.0000,0.0000,0.0000,0.0000,43.30,24.84,37,-6.960,1,487.6
593.953,+0.0115,-0.0222,-0.0250,0.0644,-0.4022,4.996,-6.300,0.445,0.364,0.0000,0.0000,0.0000,0.0000,0.0000,0.0000,0.0000,0.0000,43.30,24.84,37,-6.960,1,487.6
593.988,+0.0333,-0.0222,-0.0250,0.0644,-0.4022,4.996,-6.300,0.445,0.364,0.0000,0.0000,0.0000,0.0000,0.0000,0.0000,0.0000,0.0000,43.30,24.84,37,-6.960,1,487.6
594.019,+0.0053,-0.0222,-0.0250,0.0644,-0.4022,5.054,-6.298,0.715,0.260,0.0000,0.0000,0.0000,0.0000,0.0000,0.0000,0.0000,0.0000,43.30,24.87,37,-6.980,1,487.6
594.052,+0.0055,-0.0679,-0.0200,0.0622,-0.4022,5.110,-6.292,0.808,0.353,0.0000,0.0000,0.0000,0.0000,0.0000,0.0000,0.0000,0.0000,42.87,24.88,36,-6.980,1,481.3
594.079,-0.0022,-0.0259,-0.0200,0.0611,-0.3989,5.111,-6.291,0.814,0.364,0.0000,0.0000,0.0000,0.0000,0.0000,0.0000,0.0000,0.0000,42.87,24.88,36,-7.070,1,481.3
594.124,+0.0072,-0.0259,-0.0200,0.0622,-0.3978,5.143,-6.283,0.788,0.402,0.0000,0.0000,0.0000,0.0000,0.0000,0.0000,0.0000,0.0000,42.62,24.88,36,-7.070,1,477.7
594.152,+0.0250,-0.0259,-0.0200,0.0622,-0.3978,5.143,-6.283,0.788,0.402,0.0000,0.0000,0.0000,0.0000,0.0000,0.0000,0.0000,0.0000,42.62,24.88,36,-7.070,1,477.7
594.179,-0.0066,-0.0259,-0.0200,0.0622,-0.3978,5.143,-6.283,0.788,0.402,0.0000,0.0000,0.0000,0.0000,0.0000,0.0000,0.0000,0.0000,42.62,24.88,36,-7.070,1,477.7
594.211,-0.0033,-0.0259,-0.0200,0.0622,-0.3978,5.143,-6.283,0.788,0.402,0.0000,0.0000,0.0000,0.0000,0.0000,0.0000,0.0000,0.0000,42.62,24.88,36,-7.070,1,477.7
594.247,-0.0038,-0.0259,-0.0200,0.0622,-0.3978,5.143,-6.283,0.788,0.402,0.0000,0.0000,0.0000,0.0000,0.0000,0.0000,0.0000,0.0000,42.62,24.88,36,-7.070,1,477.7
594.277,-0.0093,-0.0259,-0.0200,0.0622,-0.3978,5.161,-6.253,0.180,0.198,0.0000,0.0000,0.0000,0.0000,0.0000,0.0000,0.0000,0.0000,42.62,24.92,36,-7.540,1,477.7
594.309,+0.0167,-0.0259,0.0300,0.0256,-0.3944,5.158,-6.267,0.082,-0.225,0.0000,0.0000,0.0000,0.0000,0.0000,0.0000,0.0000,0.0000,42.29,24.93,36,-7.180,1,472.8
594.348,-0.0056,-0.0259,0.0300,0.0233,-0.3944,5.146,-6.319,0.064,-0.277,0.0000,0.0000,0.0000,0.0000,0.0000,0.0000,0.0000,0.0000,42.29,24.93,36,-7.200,1,472.8
594.387,-0.0079,-0.0259,0.0300,0.0233,-0.3944,5.146,-6.319,0.064,-0.277,0.0000,0.0000,0.0000,0.0000,0.0000,0.0000,0.0000,0.0000,42.29,24.93,36,-7.200,1,472.8
594.415,-0.0173,+0.0271,0.0300,0.0233,-0.3944,5.146,-6.319,0.064,-0.277,0.0000,0.0000,0.0000,0.0000,0.0000,0.0000,0.0000,0.0000,42.29,24.93,36,-7.200,1,472.8
594.446,-0.0179,+0.0281,0.0300,0.0233,-0.3944,5.146,-6.319,0.064,-0.277,0.0000,0.0000,0.0000,0.0000,0.0000,0.0000,0.0000,0.0000,42.29,24.93,36,-7.200,1,472.8
594.481,-0.0163,-0.0185,0.0300,0.0233,-0.3944,5.146,-6.319,0.064,-0.277,0.0000,0.0000,0.0000,0.0000,0.0000,0.0000,0.0000,0.0000,42.29,24.93,36,-7.200,1,472.8
594.508,-0.0248,+0.0367,0.0300,0.0233,-0.3944,5.138,-6.351,0.165,0.046,0.0000,0.0000,0.0000,0.0000,0.0000,0.0000,0.0000,0.0000,42.29,24.96,36,-7.200,1,472.8
594.548,+0.0042,+0.0239,0.0300,0.0267,-0.4000,5.055,-6.391,-3.610,-1.469,0.0000,0.0000,0.0000,0.0000,0.0000,0.0000,0.0000,0.0000,41.96,24.97,36,-7.230,1,467.9
594.576,+0.0042,-0.0111,0.0250,0.0289,-0.4067,4.826,-6.503,-6.252,-2.257,0.0000,0.0000,0.0000,0.0000,0.0000,0.0000,0.0000,0.0000,41.96,24.97,36,-6.770,1,467.9
594.612,+0.0042,+0.0320,0.0200,0.0300,-0.3967,4.398,-6.558,-10.075,0.139,0.0000,0.0000,0.0000,0.0000,0.0000,0.0000,0.0000,0.0000,41.96,24.97,36,-6.750,1,467.9
594.653,+0.0254,+0.0304,0.0200,0.0300,-0.3967,4.398,-6.558,-10.075,0.139,0.0000,0.0000,0.0000,0.0000,0.0000,0.0000,0.0000,0.0000,41.96,24.97,36,-6.750,1,467.9
594.683,+0.0643,-0.0037,0.0200,0.0300,-0.3967,4.398,-6.558,-10.075,0.139,0.0000,0.0000,0.0000,0.0000,0.0000,0.0000,0.0000,0.0000,41.96,24.97,36,-6.750,1,467.9
594.719,+0.0343,-0.0037,0.0200,0.0300,-0.3967,4.398,-6.558,-10.075,0.139,0.0000,0.0000,0.0000,0.0000,0.0000,0.0000,0.0000,0.0000,41.96,24.97,36,-6.750,1,467.9
594.754,+0.0369,-0.0037,0.0200,0.0300,-0.3967,3.465,-6.658,-9.947,-1.644,0.0000,0.0000,0.0000,0.0000,0.0000,0.0000,0.0000,0.0000,41.96,24.99,36,-6.750,1,467.9
594.801,+0.0531,-0.0037,0.0000,0.0478,-0.4056,2.973,-6.703,-10.533,-0.265,0.0000,0.0000,0.0000,0.0000,0.0000,0.0000,0.0000,0.0000,41.54,24.99,36,-6.690,1,462.0
594.830,+0.0481,-0.0037,-0.0050,0.0511,-0.4044,2.402,-6.689,-11.889,0.500,0.0000,0.0000,0.0000,0.0000,0.0000,0.0000,0.0000,0.0000,41.54,24.99,36,-6.690,1,462.0
594.861,+0.0208,-0.0037,-0.0100,0.0522,-0.3944,1.790,-6.662,-13.075,0.463,0.0000,0.0000,0.0000,0.0000,0.0000,0.0000,0.0000,0.0000,41.54,25.02,36,-9.420,1,462.0
594.894,+0.0208,-0.0510,-0.0100,0.0522,-0.3944,1.790,-6.662,-13.075,0.463,0.0000,0.0000,0.0000,0.0000,0.0000,0.0000,0.0000,0.0000,41.54,25.02,36,-9.420,1,462.0
594.930,+0.0208,+0.0353,-0.0100,0.0522,-0.3944,1.790,-6.662,-13.075,0.463,0.0000,0.0000,0.0000,0.0000,0.0000,0.0000,0.0000,0.0000,41.54,25.02,36,-9.420,1,462.0
594.956,-0.0117,-0.0037,-0.0100,0.0522,-0.3944,1.790,-6.662,-13.075,0.463,0.0000,0.0000,0.0000,0.0000,0.0000,0.0000,0.0000,0.0000,41.54,25.02,36,-9.420,1,462.0
594.991,-0.0055,-0.0037,-0.0100,0.0522,-0.3944,1.790,-6.662,-13.075,0.463,0.0000,0.0000,0.0000,0.0000,0.0000,0.0000,0.0000,0.0000,41.54,25.02,36,-9.420,1,462.0
595.023,-0.0102,-0.0037,-0.0200,0.0589,-0.3611,0.405,-6.663,-12.322,0.159,0.0000,0.0000,0.0000,0.0000,0.0000,0.0000,0.0000,0.0000,41.16,25.04,35,-9.800,1,456.8
595.053,-0.0430,-0.0037,-0.0200,0.0589,-0.3611,-0.503,-6.673,-6.809,-0.121,0.0000,0.0000,0.0000,0.0000,0.0000,0.0000,0.0000,0.0000,41.16,25.05,35,-8.070,1,456.8
595.114,-0.0199,+0.0232,-0.0300,0.0644,-0.3622,-0.784,-6.664,-5.049,0.558,0.0000,0.0000,0.0000,0.0000,0.0000,0.0000,0.0000,0.0000,40.89,25.05,35,-10.070,1,453.2
595.138,-0.0640,+0.0624,-0.0300,0.0644,-0.3622,-0.784,-6.664,-5.049,0.558,0.0000,0.0000,0.0000,0.0000,0.0000,0.0000,0.0000,0.0000,40.89,25.05,35,-10.070,1,453.2
595.173,-0.0463,+0.0897,-0.0300,0.0644,-0.3622,-0.784,-6.664,-5.049,0.558,0.0000,0.0000,0.0000,0.0000,0.0000,0.0000,0.0000,0.0000,40.89,25.05,35,-10.070,1,453.2
595.197,-0.0378,+0.0746,-0.0300,0.0644,-0.3622,-0.784,-6.664,-5.049,0.558,0.0000,0.0000,0.0000,0.0000,0.0000,0.0000,0.0000,0.0000,40.89,25.05,35,-10.070,1,453.2
595.266,-0.0177,+0.0631,-0.0300,0.0644,-0.3622,-1.255,-6.778,-3.492,-3.040,0.0000,0.0000,0.0000,0.0000,0.0000,0.0000,0.0000,0.0000,40.89,25.09,35,-10.460,1,453.2
595.293,+0.0246,+0.0770,-0.0350,0.0689,-0.3711,-1.410,-6.937,-2.404,-3.271,0.0000,0.0000,0.0000,0.0000,0.0000,0.0000,0.0000,0.0000,40.89,25.09,35,-7.910,1,453.2
595.330,+0.0195,+0.0259,-0.0350,0.0689,-0.3822,-1.510,-7.077,-1.730,-2.687,0.0000,0.0000,0.0000,0.0000,0.0000,0.0000,0.0000,0.0000,40.53,25.11,36,-7.530,1,448.3
595.354,+0.0669,+0.0872,-0.0300,0.0689,-0.3867,-1.578,-7.192,0.213,-1.003,0.0000,0.0000,0.0000,0.0000,0.0000,0.0000,0.0000,0.0000,40.53,25.11,36,-7.250,1,448.3
595.391,+0.0498,+0.0296,-0.0300,0.0689,-0.3867,-1.578,-7.192,0.213,-1.003,0.0000,0.0000,0.0000,0.0000,0.0000,0.0000,0.0000,0.0000,40.53,25.11,36,-7.250,1,448.3
595.423,+0.0591,+0.0296,-0.0300,0.0689,-0.3867,-1.578,-7.192,0.213,-1.003,0.0000,0.0000,0.0000,0.0000,0.0000,0.0000,0.0000,0.0000,40.53,25.11,36,-7.250,1,448.3
595.472,+0.0474,+0.0625,-0.0300,0.0689,-0.3867,-1.578,-7.192,0.213,-1.003,0.0000,0.0000,0.0000,0.0000,0.0000,0.0000,0.0000,0.0000,40.53,25.11,36,-7.250,1,448.3
595.506,+0.0395,+0.0776,-0.0300,0.0689,-0.3867,-1.578,-7.192,0.213,-1.003,0.0000,0.0000,0.0000,0.0000,0.0000,0.0000,0.0000,0.0000,40.53,25.12,36,-7.250,1,448.3
595.535,+0.0765,+0.0902,-0.0350,0.0711,-0.3956,-1.421,-7.167,2.473,0.490,0.0000,0.0000,0.0000,0.0000,0.0000,0.0000,0.0000,0.0000,40.14,25.12,36,-7.710,1,443.3
595.564,+0.0504,+0.0407,-0.0400,0.0744,-0.4078,-1.170,-7.283,1.592,-1.997,0.0000,0.0000,0.0000,0.0000,0.0000,0.0000,0.0000,0.0000,40.14,25.14,36,-7.620,1,443.3
595.598,+0.0229,+0.0407,-0.0400,0.0744,-0.4078,-1.090,-7.398,1.362,-1.694,0.0000,0.0000,0.0000,0.0000,0.0000,0.0000,0.0000,0.0000,40.14,25.14,36,-7.600,1,443.3
595.624,+0.0550,+0.0978,-0.0400,0.0744,-0.4078,-1.090,-7.398,1.362,-1.694,0.0000,0.0000,0.0000,0.0000,0.0000,0.0000,0.0000,0.0000,40.14,25.14,36,-7.600,1,443.3
595.654,-0.0034,+0.0444,-0.0400,0.0744,-0.4078,-1.090,-7.398,1.362,-1.694,0.0000,0.0000,0.0000,0.0000,0.0000,0.0000,0.0000,0.0000,40.14,25.14,36,-7.600,1,443.3
595.678,+0.0229,+0.0444,-0.0400,0.0744,-0.4078,-1.090,-7.398,1.362,-1.694,0.0000,0.0000,0.0000,0.0000,0.0000,0.0000,0.0000,0.0000,40.14,25.14,36,-7.600,1,443.3
595.709,+0.0229,+0.0444,-0.0400,0.0744,-0.4078,-1.090,-7.398,1.362,-1.694,0.0000,0.0000,0.0000,0.0000,0.0000,0.0000,0.0000,0.0000,40.14,25.14,36,-7.600,1,443.3
595.753,+0.0229,+0.0444,-0.0400,0.0744,-0.4078,-1.090,-7.398,1.362,-1.694,0.0000,0.0000,0.0000,0.0000,0.0000,0.0000,0.0000,0.0000,40.14,25.18,36,-7.600,1,443.3
595.794,+0.0229,+0.0826,-0.0400,0.0744,-0.4100,-0.770,-7.547,2.361,-0.407,0.0000,0.0000,0.0000,0.0000,0.0000,0.0000,0.0000,0.0000,39.61,25.19,36,-7.380,1,437.1
595.819,+0.0229,-0.0123,-0.0350,0.0722,-0.4100,-0.770,-7.547,2.361,-0.407,0.0000,0.0000,0.0000,0.0000,0.0000,0.0000,0.0000,0.0000,39.61,25.19,36,-7.380,1,437.1
595.850,-0.0046,+0.0444,-0.0300,0.0700,-0.4122,-0.638,-7.574,3.256,-0.419,0.0000,0.0000,0.0000,0.0000,0.0000,0.0000,0.0000,0.0000,39.61,25.22,36,-7.310,1,437.1
595.928,+0.0208,+0.0227,-0.0300,0.0678,-0.4122,-0.638,-7.574,3.256,-0.419,0.0000,0.0000,0.0000,0.0000,0.0000,0.0000,0.0000,0.0000,39.61,25.22,36,-7.290,1,437.1
595.963,+0.0208,-0.0467,-0.0300,0.0678,-0.4122,-0.638,-7.574,3.256,-0.419,0.0000,0.0000,0.0000,0.0000,0.0000,0.0000,0.0000,0.0000,39.61,25.22,36,-7.290,1,437.1
595.991,-0.0099,-0.0760,-0.0300,0.0678,-0.4122,-0.638,-7.574,3.256,-0.419,0.0000,0.0000,0.0000,0.0000,0.0000,0.0000,0.0000,0.0000,39.61,25.22,36,-7.290,1,437.1
596.016,+0.0187,-0.0328,-0.0300,0.0678,-0.4122,-0.638,-7.574,3.256,-0.419,0.0000,0.0000,0.0000,0.0000,0.0000,0.0000,0.0000,0.0000,39.61,25.24,36,-7.290,1,437.1
596.043,+0.0187,-0.0336,-0.0250,0.0644,-0.3978,-0.289,-7.536,3.588,2.134,0.0000,0.0000,0.0000,0.0000,0.0000,0.0000,0.0000,0.0000,39.06,25.27,35,-7.720,1,430.8
596.087,+0.0391,-0.0176,-0.0150,0.0578,-0.3956,0.290,-7.188,4.546,2.390,0.0000,0.0000,0.0000,0.0000,0.0000,0.0000,0.0000,0.0000,38.85,25.27,35,-7.360,1,428.4
596.120,+0.0208,-0.0310,-0.0150,0.0589,-0.3944,0.295,-7.186,4.614,2.192,0.0000,0.0000,0.0000,0.0000,0.0000,0.0000,0.0000,0.0000,38.85,25.27,35,-7.360,1,428.4
596.162,+0.0208,-0.0266,-0.0150,0.0589,-0.3944,0.295,-7.186,4.614,2.192,0.0000,0.0000,0.0000,0.0000,0.0000,0.0000,0.0000,0.0000,38.85,25.27,35,-7.360,1,428.4
596.199,+0.0208,+0.0074,-0.0150,0.0589,-0.3944,0.295,-7.186,4.614,2.192,0.0000,0.0000,0.0000,0.0000,0.0000,0.0000,0.0000,0.0000,38.85,25.27,35,-7.360,1,428.4
596.226,+0.0517,-0.0475,-0.0150,0.0589,-0.3944,0.295,-7.186,4.614,2.192,0.0000,0.0000,0.0000,0.0000,0.0000,0.0000,0.0000,0.0000,38.85,25.27,35,-7.360,1,428.4
596.256,+0.0515,+0.0037,-0.0150,0.0589,-0.3944,0.295,-7.186,4.614,2.192,0.0000,0.0000,0.0000,0.0000,0.0000,0.0000,0.0000,0.0000,38.85,25.27,35,-7.360,1,428.4
596.288,+0.0520,+0.0517,-0.0150,0.0589,-0.3944,0.844,-6.998,2.431,0.559,0.0000,0.0000,0.0000,0.0000,0.0000,0.0000,0.0000,0.0000,38.85,25.32,35,-7.790,1,428.4
596.355,+0.0409,+0.0074,-0.0150,0.0578,-0.3867,0.848,-6.948,-0.529,-0.147,0.0000,0.0000,0.0000,0.0000,0.0000,0.0000,0.0000,0.0000,38.44,25.34,35,-10.120,1,423.3
596.383,+0.0596,+0.0074,-0.0150,0.0567,-0.3767,0.848,-6.948,-0.529,-0.147,0.0000,0.0000,0.0000,0.0000,0.0000,0.0000,0.0000,0.0000,38.44,25.34,35,-10.120,1,423.3
596.425,+0.0312,+0.0074,-0.0150,0.0567,-0.3767,0.848,-6.948,-0.529,-0.147,0.0000,0.0000,0.0000,0.0000,0.0000,0.0000,0.0000,0.0000,38.44,25.34,35,-10.120,1,423.3
596.468,+0.0312,+0.0074,-0.0150,0.0567,-0.3767,0.848,-6.948,-0.529,-0.147,0.0000,0.0000,0.0000,0.0000,0.0000,0.0000,0.0000,0.0000,38.44,25.34,35,-10.120,1,423.3
596.501,+0.0312,+0.0074,-0.0150,0.0567,-0.3767,0.848,-6.948,-0.529,-0.147,0.0000,0.0000,0.0000,0.0000,0.0000,0.0000,0.0000,0.0000,38.44,25.34,35,-10.120,1,423.3
596.527,+0.0312,+0.0656,-0.0150,0.0567,-0.3767,0.731,-6.989,-1.616,-0.033,0.0000,0.0000,0.0000,0.0000,0.0000,0.0000,0.0000,0.0000,38.44,25.36,35,-10.120,1,423.3
596.553,-0.0014,+0.0111,-0.0200,0.0589,-0.3722,0.731,-6.989,-1.616,-0.033,0.0000,0.0000,0.0000,0.0000,0.0000,0.0000,0.0000,0.0000,38.03,25.37,34,-7.310,1,418.1
596.590,+0.0292,+0.0111,-0.0200,0.0578,-0.3511,0.465,-6.979,-1.714,0.058,0.0000,0.0000,0.0000,0.0000,0.0000,0.0000,0.0000,0.0000,38.03,25.37,34,-10.490,1,418.1
596.621,+0.0292,+0.0111,-0.0200,0.0578,-0.3511,0.465,-6.979,-1.714,0.058,0.0000,0.0000,0.0000,0.0000,0.0000,0.0000,0.0000,0.0000,38.03,25.37,34,-10.490,1,418.1
596.656,+0.0292,+0.0111,-0.0200,0.0578,-0.3511,0.465,-6.979,-1.714,0.058,0.0000,0.0000,0.0000,0.0000,0.0000,0.0000,0.0000,0.0000,38.03,25.37,34,-10.490,1,418.1
596.689,+0.0292,+0.0581,-0.0200,0.0578,-0.3511,0.465,-6.979,-1.714,0.058,0.0000,0.0000,0.0000,0.0000,0.0000,0.0000,0.0000,0.0000,38.03,25.37,34,-10.490,1,418.1
596.717,+0.0292,+0.0683,-0.0200,0.0578,-0.3511,0.465,-6.979,-1.714,0.058,0.0000,0.0000,0.0000,0.0000,0.0000,0.0000,0.0000,0.0000,38.03,25.37,34,-10.490,1,418.1
596.749,+0.0292,+0.1147,-0.0200,0.0578,-0.3511,0.465,-6.979,-1.714,0.058,0.0000,0.0000,0.0000,0.0000,0.0000,0.0000,0.0000,0.0000,38.03,25.40,35,-10.490,1,418.1
596.776,+0.0600,+0.1906,-0.0200,0.0578,-0.3578,0.306,-6.980,-0.732,0.113,0.0000,0.0000,0.0000,0.0000,0.0000,0.0000,0.0000,0.0000,37.63,25.40,35,-8.230,1,413.0
596.840,+0.0312,+0.1138,-0.0200,0.0600,-0.3800,0.276,-7.045,-0.173,-1.998,0.0000,0.0000,0.0000,0.0000,0.0000,0.0000,0.0000,0.0000,37.63,25.42,34,-8.220,1,413.0
596.869,+0.0312,+0.2067,-0.0200,0.0622,-0.3956,0.249,-7.249,-0.566,-4.407,0.0000,0.0000,0.0000,0.0000,0.0000,0.0000,0.0000,0.0000,37.63,25.42,34,-7.780,1,413.0
596.901,+0.0312,+0.1558,-0.0200,0.0622,-0.3956,0.249,-7.249,-0.566,-4.407,0.0000,0.0000,0.0000,0.0000,0.0000,0.0000,0.0000,0.0000,37.63,25.42,34,-7.780,1,413.0
596.932,+0.0312,+0.2140,-0.0200,0.0622,-0.3956,0.249,-7.249,-0.566,-4.407,0.0000,0.0000,0.0000,0.0000,0.0000,0.0000,0.0000,0.0000,37.63,25.42,34,-7.780,1,413.0
596.963,+0.0312,+0.1758,-0.0200,0.0622,-0.3956,0.249,-7.249,-0.566,-4.407,0.0000,0.0000,0.0000,0.0000,0.0000,0.0000,0.0000,0.0000,37.63,25.42,34,-7.780,1,413.0
596.992,+0.0312,+0.1888,-0.0200,0.0622,-0.3956,0.249,-7.249,-0.566,-4.407,0.0000,0.0000,0.0000,0.0000,0.0000,0.0000,0.0000,0.0000,37.63,25.42,34,-7.780,1,413.0
597.024,+0.0312,+0.1868,-0.0200,0.0622,-0.3956,0.139,-7.863,-1.172,-5.485,0.0000,0.0000,0.0000,0.0000,0.0000,0.0000,0.0000,0.0000,37.63,25.43,35,-7.780,1,413.0
597.048,+0.0312,+0.2239,-0.0250,0.0678,-0.4300,0.139,-7.863,-1.172,-5.485,0.0000,0.0000,0.0000,0.0000,0.0000,0.0000,0.0000,0.0000,37.13,25.44,35,-6.360,1,406.7
597.090,+0.0102,+0.1449,-0.0250,0.0689,-0.4400,-0.018,-8.476,-0.411,-3.226,0.0000,0.0000,0.0000,0.0000,0.0000,0.0000,0.0000,0.0000,37.13,25.44,35,-5.930,1,406.7
597.159,+0.0156,+0.1111,-0.0250,0.0689,-0.4444,-0.018,-8.479,-0.208,-3.128,0.0000,0.0000,0.0000,0.0000,0.0000,0.0000,0.0000,0.0000,36.79,25.44,35,-5.880,1,402.9
597.193,+0.0015,-0.0709,-0.0250,0.0689,-0.4444,-0.018,-8.479,-0.208,-3.128,0.0000,0.0000,0.0000,0.0000,0.0000,0.0000,0.0000,0.0000,36.79,25.44,35,-5.880,1,402.9
597.215,-0.0120,-0.1671,-0.0250,0.0689,-0.4444,-0.018,-8.479,-0.208,-3.128,0.0000,0.0000,0.0000,0.0000,0.0000,0.0000,0.0000,0.0000,36.79,25.44,35,-5.880,1,402.9
597.249,+0.0229,-0.0996,-0.0250,0.0689,-0.4444,-0.018,-8.479,-0.208,-3.128,0.0000,0.0000,0.0000,0.0000,0.0000,0.0000,0.0000,0.0000,36.79,25.44,35,-5.880,1,402.9
597.292,+0.0229,-0.0807,-0.0250,0.0667,-0.4222,-0.049,-8.598,1.048,4.885,0.0000,0.0000,0.0000,0.0000,0.0000,0.0000,0.0000,0.0000,36.79,25.48,36,-6.180,1,402.9
597.340,+0.0414,-0.0794,-0.0250,0.0644,-0.4111,0.028,-8.267,2.368,8.362,0.0000,0.0000,0.0000,0.0000,0.0000,0.0000,0.0000,0.0000,36.40,25.50,35,-6.360,1,399.2
597.375,+0.0747,-0.1399,-0.0200,0.0611,-0.3922,0.028,-8.267,2.368,8.362,0.0000,0.0000,0.0000,0.0000,0.0000,0.0000,0.0000,0.0000,36.40,25.50,35,-8.030,1,399.2
597.450,+0.0668,-0.0892,-0.0200,0.0611,-0.3922,0.028,-8.267,2.368,8.362,0.0000,0.0000,0.0000,0.0000,0.0000,0.0000,0.0000,0.0000,36.40,25.50,35,-8.030,1,399.2
597.476,+0.0683,-0.1716,-0.0200,0.0611,-0.3922,0.028,-8.267,2.368,8.362,0.0000,0.0000,0.0000,0.0000,0.0000,0.0000,0.0000,0.0000,36.40,25.50,35,-8.030,1,399.2
597.511,+0.0375,-0.0964,-0.0200,0.0611,-0.3922,0.028,-8.267,2.368,8.362,0.0000,0.0000,0.0000,0.0000,0.0000,0.0000,0.0000,0.0000,36.40,25.56,34,-8.030,1,399.2
597.544,+0.0635,-0.1537,-0.0200,0.0600,-0.3756,0.370,-7.013,0.112,3.819,0.0000,0.0000,0.0000,0.0000,0.0000,0.0000,0.0000,0.0000,35.81,25.58,34,-8.260,1,393.1
597.590,+0.0396,-0.0940,-0.0250,0.0611,-0.3611,0.310,-6.670,-1.053,3.706,0.0000,0.0000,0.0000,0.0000,0.0000,0.0000,0.0000,0.0000,35.81,25.58,34,-8.520,1,393.1
597.618,+0.0396,-0.0333,-0.0250,0.0611,-0.3544,0.310,-6.670,-1.053,3.706,0.0000,0.0000,0.0000,0.0000,0.0000,0.0000,0.0000,0.0000,35.81,25.58,34,-8.520,1,393.1
597.651,+0.0396,+0.0121,-0.0250,0.0611,-0.3544,0.310,-6.670,-1.053,3.706,0.0000,0.0000,0.0000,0.0000,0.0000,0.0000,0.0000,0.0000,35.81,25.58,34,-8.520,1,393.1
597.693,+0.0396,+0.0083,-0.0250,0.0611,-0.3544,0.310,-6.670,-1.053,3.706,0.0000,0.0000,0.0000,0.0000,0.0000,0.0000,0.0000,0.0000,35.81,25.58,34,-8.520,1,393.1
597.761,+0.0259,+0.0229,-0.0250,0.0611,-0.3544,0.147,-6.363,-0.619,-2.239,0.0000,0.0000,0.0000,0.0000,0.0000,0.0000,0.0000,0.0000,35.81,25.62,34,-8.520,1,393.1
597.796,+0.0375,+0.1120,-0.0300,0.0644,-0.3689,0.114,-6.587,-0.509,-4.227,0.0000,0.0000,0.0000,0.0000,0.0000,0.0000,0.0000,0.0000,35.32,25.63,34,-8.810,1,386.7
597.822,+0.0375,+0.0493,-0.0250,0.0633,-0.3722,0.114,-6.587,-0.509,-4.227,0.0000,0.0000,0.0000,0.0000,0.0000,0.0000,0.0000,0.0000,35.32,25.63,34,-8.810,1,386.7
597.880,+0.0216,+0.0528,-0.0250,0.0633,-0.3700,0.101,-6.807,0.096,-3.785,0.0000,0.0000,0.0000,0.0000,0.0000,0.0000,0.0000,0.0000,35.32,25.63,34,-10.430,1,386.7
597.904,+0.0697,+0.0646,-0.0250,0.0633,-0.3700,0.101,-6.807,0.096,-3.785,0.0000,0.0000,0.0000,0.0000,0.0000,0.0000,0.0000,0.0000,35.32,25.63,34,-10.430,1,386.7
597.934,+0.0375,+0.0581,-0.0250,0.0633,-0.3700,0.101,-6.807,0.096,-3.785,0.0000,0.0000,0.0000,0.0000,0.0000,0.0000,0.0000,0.0000,35.32,25.63,34,-10.430,1,386.7
597.974,+0.0375,+0.0505,-0.0250,0.0633,-0.3700,0.101,-6.807,0.096,-3.785,0.0000,0.0000,0.0000,0.0000,0.0000,0.0000,0.0000,0.0000,35.32,25.63,34,-10.430,1,386.7
598.065,+0.0483,+0.0340,-0.0250,0.0633,-0.3700,0.193,-7.067,1.092,-0.324,0.0000,0.0000,0.0000,0.0000,0.0000,0.0000,0.0000,0.0000,34.87,25.64,34,-7.720,1,380.4
598.090,+0.0730,+0.1375,-0.0300,0.0644,-0.3778,0.240,-7.104,0.912,-0.982,0.0000,0.0000,0.0000,0.0000,0.0000,0.0000,0.0000,0.0000,34.87,25.64,34,-7.560,1,380.4
598.125,+0.0417,+0.1140,-0.0300,0.0656,-0.3833,0.240,-7.104,0.912,-0.982,0.0000,0.0000,0.0000,0.0000,0.0000,0.0000,0.0000,0.0000,34.67,25.64,34,-7.560,1,377.9
598.167,+0.0417,+0.1073,-0.0300,0.0656,-0.3833,0.240,-7.104,0.912,-0.982,0.0000,0.0000,0.0000,0.0000,0.0000,0.0000,0.0000,0.0000,34.67,25.64,34,-7.560,1,377.9
598.197,+0.0128,+0.0921,-0.0300,0.0656,-0.3833,0.240,-7.104,0.912,-0.982,0.0000,0.0000,0.0000,0.0000,0.0000,0.0000,0.0000,0.0000,34.67,25.64,34,-7.560,1,377.9
598.227,+0.0396,+0.0945,-0.0300,0.0656,-0.3833,0.240,-7.104,0.912,-0.982,0.0000,0.0000,0.0000,0.0000,0.0000,0.0000,0.0000,0.0000,34.67,25.64,34,-7.560,1,377.9
598.260,+0.0396,+0.0947,-0.0300,0.0656,-0.3833,0.240,-7.104,0.912,-0.982,0.0000,0.0000,0.0000,0.0000,0.0000,0.0000,0.0000,0.0000,34.67,25.66,34,-7.560,1,377.9
598.287,+0.0085,+0.1070,-0.0300,0.0678,-0.4033,0.305,-7.469,0.520,-2.998,0.0000,0.0000,0.0000,0.0000,0.0000,0.0000,0.0000,0.0000,34.67,25.66,34,-6.750,1,377.9
598.334,+0.0375,+0.1232,-0.0300,0.0678,-0.4100,0.460,-7.844,1.590,-1.941,0.0000,0.0000,0.0000,0.0000,0.0000,0.0000,0.0000,0.0000,34.27,25.66,34,-6.910,1,372.8
598.368,+0.0375,+0.1078,-0.0250,0.0667,-0.4111,0.460,-7.844,1.590,-1.941,0.0000,0.0000,0.0000,0.0000,0.0000,0.0000,0.0000,0.0000,34.27,25.66,34,-7.000,1,372.8
598.398,+0.0375,+0.1170,-0.0250,0.0667,-0.4111,0.460,-7.844,1.590,-1.941,0.0000,0.0000,0.0000,0.0000,0.0000,0.0000,0.0000,0.0000,34.27,25.66,34,-7.000,1,372.8
598.422,+0.0726,+0.1328,-0.0250,0.0667,-0.4111,0.460,-7.844,1.590,-1.941,0.0000,0.0000,0.0000,0.0000,0.0000,0.0000,0.0000,0.0000,34.27,25.66,34,-7.000,1,372.8
598.469,+0.0396,+0.1079,-0.0250,0.0667,-0.4111,0.460,-7.844,1.590,-1.941,0.0000,0.0000,0.0000,0.0000,0.0000,0.0000,0.0000,0.0000,34.27,25.66,34,-7.000,1,372.8
598.496,+0.0396,+0.0778,-0.0250,0.0667,-0.4111,0.460,-7.844,1.590,-1.941,0.0000,0.0000,0.0000,0.0000,0.0000,0.0000,0.0000,0.0000,34.27,25.66,34,-7.000,1,372.8
598.529,+0.0396,+0.0778,-0.0250,0.0656,-0.4211,0.613,-8.025,1.874,-1.698,0.0000,0.0000,0.0000,0.0000,0.0000,0.0000,0.0000,0.0000,34.27,25.68,34,-6.720,1,372.8
598.554,+0.0063,+0.0186,-0.0250,0.0656,-0.4211,0.720,-8.118,2.244,-1.728,0.0000,0.0000,0.0000,0.0000,0.0000,0.0000,0.0000,0.0000,33.70,25.69,34,-6.720,1,366.5
598.591,+0.0375,+0.0321,-0.0250,0.0667,-0.4222,0.830,-8.209,1.590,-0.807,0.0000,0.0000,0.0000,0.0000,0.0000,0.0000,0.0000,0.0000,33.70,25.69,34,-6.520,1,366.5
598.620,+0.0085,-0.0329,-0.0250,0.0678,-0.4278,0.830,-8.209,1.590,-0.807,0.0000,0.0000,0.0000,0.0000,0.0000,0.0000,0.0000,0.0000,33.70,25.69,34,-6.310,1,366.5
598.657,+0.0592,-0.0640,-0.0250,0.0678,-0.4278,0.830,-8.209,1.590,-0.807,0.0000,0.0000,0.0000,0.0000,0.0000,0.0000,0.0000,0.0000,33.70,25.69,34,-6.310,1,366.5
598.690,+0.0375,-0.0410,-0.0250,0.0678,-0.4278,0.830,-8.209,1.590,-0.807,0.0000,0.0000,0.0000,0.0000,0.0000,0.0000,0.0000,0.0000,33.70,25.69,34,-6.310,1,366.5
598.732,+0.0582,-0.1029,-0.0250,0.0678,-0.4278,0.830,-8.209,1.590,-0.807,0.0000,0.0000,0.0000,0.0000,0.0000,0.0000,0.0000,0.0000,33.70,25.69,34,-6.310,1,366.5
598.796,+0.0541,-0.0477,-0.0100,0.0544,-0.3922,1.297,-7.589,3.515,5.791,0.0000,0.0000,0.0000,0.0000,0.0000,0.0000,0.0000,0.0000,33.20,25.73,34,-7.110,1,361.4
598.825,+0.0708,-0.0852,-0.0100,0.0544,-0.3878,1.451,-7.329,0.921,1.490,0.0000,0.0000,0.0000,0.0000,0.0000,0.0000,0.0000,0.0000,33.20,25.73,34,-7.110,1,361.4
598.853,+0.0748,-0.1547,-0.0100,0.0556,-0.3978,1.563,-7.132,0.089,0.083,0.0000,0.0000,0.0000,0.0000,0.0000,0.0000,0.0000,0.0000,33.20,0.00,34,-7.810,1,361.4
598.928,+0.0585,-0.0675,-0.0100,0.0556,-0.3978,1.563,-7.132,0.089,0.083,0.0000,0.0000,0.0000,0.0000,0.0000,0.0000,0.0000,0.0000,33.20,0.00,34,-7.810,1,361.4
598.957,+0.0194,-0.0617,-0.0100,0.0556,-0.3978,1.563,-7.132,0.089,0.083,0.0000,0.0000,0.0000,0.0000,0.0000,0.0000,0.0000,0.0000,33.20,0.00,34,-7.810,1,361.4
598.988,+0.0458,-0.0652,-0.0100,0.0556,-0.3978,1.563,-7.132,0.089,0.083,0.0000,0.0000,0.0000,0.0000,0.0000,0.0000,0.0000,0.0000,33.20,0.00,34,-7.810,1,361.4
599.018,+0.0458,-0.0681,-0.0100,0.0556,-0.3978,1.686,-6.812,0.100,0.101,0.0000,0.0000,0.0000,0.0000,0.0000,0.0000,0.0000,0.0000,33.20,0.00,33,-7.810,1,361.4
599.083,+0.0458,-0.0476,-0.0100,0.0522,-0.3633,1.639,-6.701,0.107,0.098,0.0000,0.0000,0.0000,0.0000,0.0000,0.0000,0.0000,0.0000,34.45,0.00,33,-8.340,1,352.3
599.112,+0.0458,+0.0272,-0.0100,0.0522,-0.3633,1.510,-6.602,0.109,0.103,0.0000,0.0000,0.0000,0.0000,0.0000,0.0000,0.0000,0.0000,34.45,0.00,33,-8.350,1,352.3
599.155,+0.0254,-0.0222,-0.0100,0.0522,-0.3633,1.510,-6.602,0.109,0.103,0.0000,0.0000,0.0000,0.0000,0.0000,0.0000,0.0000,0.0000,34.45,0.00,33,-8.350,1,352.3
599.182,+0.0437,-0.0222,-0.0100,0.0522,-0.3633,1.510,-6.602,0.109,0.103,0.0000,0.0000,0.0000,0.0000,0.0000,0.0000,0.0000,0.0000,34.45,0.00,33,-8.350,1,352.3
599.226,+0.0237,-0.0222,-0.0100,0.0522,-0.3633,1.510,-6.602,0.109,0.103,0.0000,0.0000,0.0000,0.0000,0.0000,0.0000,0.0000,0.0000,34.45,0.00,33,-8.350,1,352.3
599.250,+0.0417,-0.0222,-0.0100,0.0522,-0.3633,1.510,-6.602,0.109,0.103,0.0000,0.0000,0.0000,0.0000,0.0000,0.0000,0.0000,0.0000,34.45,0.00,33,-8.350,1,352.3
599.286,+0.0417,-0.0222,-0.0150,0.0544,-0.3611,1.137,-6.622,0.109,0.104,0.0000,0.0000,0.0000,0.0000,0.0000,0.0000,0.0000,0.0000,34.45,0.00,33,-8.450,1,352.3
599.315,+0.0417,-0.0741,-0.0150,0.0556,-0.3667,1.014,-6.635,0.099,0.101,0.0000,0.0000,0.0000,0.0000,0.0000,0.0000,0.0000,0.0000,34.45,0.00,33,-8.040,1,352.3
599.351,+0.0417,-0.0259,-0.0200,0.0589,-0.3633,0.899,-6.618,-2.254,0.699,0.0000,0.0000,0.0000,0.0000,0.0000,0.0000,0.0000,0.0000,34.08,25.82,33,-8.050,1,347.1
599.382,+0.0417,-0.0259,-0.0200,0.0589,-0.3633,0.899,-6.618,-2.254,0.699,0.0000,0.0000,0.0000,0.0000,0.0000,0.0000,0.0000,0.0000,34.08,25.82,33,-8.050,1,347.1
599.413,+0.0417,-0.0259,-0.0200,0.0589,-0.3633,0.899,-6.618,-2.254,0.699,0.0000,0.0000,0.0000,0.0000,0.0000,0.0000,0.0000,0.0000,34.08,25.82,33,-8.050,1,347.1
599.448,+0.0417,-0.0259,-0.0200,0.0589,-0.3633,0.899,-6.618,-2.254,0.699,0.0000,0.0000,0.0000,0.0000,0.0000,0.0000,0.0000,0.0000,34.08,25.82,33,-8.050,1,347.1
599.480,+0.0681,-0.0259,-0.0200,0.0589,-0.3633,0.899,-6.618,-2.254,0.699,0.0000,0.0000,0.0000,0.0000,0.0000,0.0000,0.0000,0.0000,34.08,25.82,33,-8.050,1,347.1
599.527,+0.0629,-0.0259,-0.0250,0.0600,-0.3556,0.579,-6.501,-1.748,0.943,0.0000,0.0000,0.0000,0.0000,0.0000,0.0000,0.0000,0.0000,34.08,25.82,33,-8.580,1,347.1
599.558,+0.0458,+0.0714,-0.0250,0.0611,-0.3567,0.502,-6.461,-1.221,0.790,0.0000,0.0000,0.0000,0.0000,0.0000,0.0000,0.0000,0.0000,33.63,25.82,33,-8.160,1,340.7
599.585,+0.0776,+0.0379,-0.0250,0.0622,-0.3667,0.396,-6.508,-1.541,-1.480,0.0000,0.0000,0.0000,0.0000,0.0000,0.0000,0.0000,0.0000,33.63,25.82,33,-8.190,1,340.7
599.659,+0.0479,+0.0078,-0.0250,0.0622,-0.3667,0.396,-6.508,-1.541,-1.480,0.0000,0.0000,0.0000,0.0000,0.0000,0.0000,0.0000,0.0000,33.63,25.82,33,-8.190,1,340.7
599.686,+0.0479,+0.0996,-0.0250,0.0622,-0.3667,0.396,-6.508,-1.541,-1.480,0.0000,0.0000,0.0000,0.0000,0.0000,0.0000,0.0000,0.0000,33.63,25.82,33,-8.190,1,340.7
599.724,+0.0251,+0.0369,-0.0250,0.0622,-0.3667,0.396,-6.508,-1.541,-1.480,0.0000,0.0000,0.0000,0.0000,0.0000,0.0000,0.0000,0.0000,33.63,25.82,33,-8.190,1,340.7
599.752,+0.0458,+0.1096,-0.0250,0.0622,-0.3667,0.396,-6.508,-1.541,-1.480,0.0000,0.0000,0.0000,0.0000,0.0000,0.0000,0.0000,0.0000,33.63,25.82,33,-8.190,1,340.7
599.786,+0.0458,+0.0523,-0.0300,0.0678,-0.3789,0.086,-6.954,-1.561,-2.533,0.0000,0.0000,0.0000,0.0000,0.0000,0.0000,0.0000,0.0000,33.18,25.81,33,-7.330,1,334.2
599.825,+0.0233,+0.0511,-0.0350,0.0700,-0.3811,0.082,-6.959,-1.568,-2.542,0.0000,0.0000,0.0000,0.0000,0.0000,0.0000,0.0000,0.0000,33.18,25.81,33,-7.610,1,334.2
599.854,+0.0730,+0.0148,-0.0350,0.0711,-0.3844,0.011,-7.070,-1.096,-1.933,0.0000,0.0000,0.0000,0.0000,0.0000,0.0000,0.0000,0.0000,33.18,25.81,32,-7.080,1,334.2
599.883,+0.0458,+0.0677,-0.0350,0.0689,-0.3778,0.011,-7.070,-1.096,-1.933,0.0000,0.0000,0.0000,0.0000,0.0000,0.0000,0.0000,0.0000,33.18,25.81,32,-7.080,1,334.2
599.921,+0.0458,+0.0586,-0.0350,0.0689,-0.3778,0.011,-7.070,-1.096,-1.933,0.0000,0.0000,0.0000,0.0000,0.0000,0.0000,0.0000,0.0000,33.18,25.81,32,-7.080,1,334.2
599.974,+0.0629,+0.0525,-0.0350,0.0689,-0.3778,0.011,-7.070,-1.096,-1.933,0.0000,0.0000,0.0000,0.0000,0.0000,0.0000,0.0000,0.0000,33.18,25.81,32,-7.080,1,334.2
600.011,+0.0479,+0.0259,-0.0350,0.0689,-0.3778,0.011,-7.070,-1.096,-1.933,0.0000,0.0000,0.0000,0.0000,0.0000,0.0000,0.0000,0.0000,33.18,25.81,32,-7.080,1,334.2
600.086,+0.0479,+0.0259,-0.0350,0.0700,-0.3900,0.228,-7.357,2.261,-0.389,0.0000,0.0000,0.0000,0.0000,0.0000,0.0000,0.0000,0.0000,32.55,25.81,33,-7.270,1,326.2
600.119,+0.0479,+0.0259,-0.0350,0.0700,-0.3900,0.231,-7.358,2.265,-0.390,0.0000,0.0000,0.0000,0.0000,0.0000,0.0000,0.0000,0.0000,32.55,25.81,33,-7.250,1,326.2
600.148,+0.0479,-0.0274,-0.0350,0.0700,-0.3900,0.231,-7.358,2.265,-0.390,0.0000,0.0000,0.0000,0.0000,0.0000,0.0000,0.0000,0.0000,32.55,25.81,33,-7.250,1,326.2
600.186,+0.0479,+0.0222,-0.0350,0.0700,-0.3900,0.231,-7.358,2.265,-0.390,0.0000,0.0000,0.0000,0.0000,0.0000,0.0000,0.0000,0.0000,32.55,25.81,33,-7.250,1,326.2
600.217,+0.0479,+0.0222,-0.0350,0.0700,-0.3900,0.231,-7.358,2.265,-0.390,0.0000,0.0000,0.0000,0.0000,0.0000,0.0000,0.0000,0.0000,32.55,25.81,33,-7.250,1,326.2
600.248,+0.0479,+0.0222,-0.0350,0.0700,-0.3900,0.231,-7.358,2.265,-0.390,0.0000,0.0000,0.0000,0.0000,0.0000,0.0000,0.0000,0.0000,32.55,25.81,33,-7.250,1,326.2
600.277,+0.0479,+0.0222,-0.0350,0.0700,-0.3900,0.231,-7.358,2.265,-0.390,0.0000,0.0000,0.0000,0.0000,0.0000,0.0000,0.0000,0.0000,32.55,25.82,33,-7.250,1,326.2
600.314,+0.0479,-0.0194,-0.0300,0.0678,-0.3856,0.578,-7.306,2.638,0.457,0.0000,0.0000,0.0000,0.0000,0.0000,0.0000,0.0000,0.0000,32.55,25.82,33,-7.480,1,326.2
600.346,+0.0479,+0.0185,-0.0300,0.0667,-0.3822,0.834,-7.293,2.832,0.085,0.0000,0.0000,0.0000,0.0000,0.0000,0.0000,0.0000,0.0000,32.14,25.83,33,-7.970,1,321.1
600.380,+0.0479,+0.0185,-0.0300,0.0656,-0.3833,0.834,-7.293,2.832,0.085,0.0000,0.0000,0.0000,0.0000,0.0000,0.0000,0.0000,0.0000,32.14,25.83,33,-7.510,1,321.1
600.458,+0.0602,+0.0185,-0.0300,0.0656,-0.3833,0.834,-7.293,2.832,0.085,0.0000,0.0000,0.0000,0.0000,0.0000,0.0000,0.0000,0.0000,32.14,25.83,33,-7.510,1,321.1
600.483,+0.0500,-0.0399,-0.0300,0.0656,-0.3833,0.834,-7.293,2.832,0.085,0.0000,0.0000,0.0000,0.0000,0.0000,0.0000,0.0000,0.0000,32.14,25.83,33,-7.510,1,321.1
600.512,+0.0500,-0.0381,-0.0300,0.0656,-0.3833,0.834,-7.293,2.832,0.085,0.0000,0.0000,0.0000,0.0000,0.0000,0.0000,0.0000,0.0000,32.14,25.83,33,-7.510,1,321.1
600.542,+0.0500,+0.0111,-0.0250,0.0633,-0.3789,1.240,-7.286,2.692,0.526,0.0000,0.0000,0.0000,0.0000,0.0000,0.0000,0.0000,0.0000,31.61,25.84,32,-7.880,1,314.7
600.586,+0.0500,-0.0246,-0.0250,0.0622,-0.3778,1.487,-7.218,2.525,0.979,0.0000,0.0000,0.0000,0.0000,0.0000,0.0000,0.0000,0.0000,31.61,25.85,33,-7.510,1,314.7
600.613,+0.0500,-0.0474,-0.0250,0.0622,-0.3778,1.487,-7.218,2.525,0.979,0.0000,0.0000,0.0000,0.0000,0.0000,0.0000,0.0000,0.0000,31.61,25.85,33,-7.510,1,314.7
600.644,+0.0217,+0.0037,-0.0250,0.0622,-0.3778,1.487,-7.218,2.525,0.979,0.0000,0.0000,0.0000,0.0000,0.0000,0.0000,0.0000,0.0000,31.61,25.85,33,-7.510,1,314.7
600.687,+0.0479,-0.0321,-0.0250,0.0622,-0.3778,1.487,-7.218,2.525,0.979,0.0000,0.0000,0.0000,0.0000,0.0000,0.0000,0.0000,0.0000,31.61,25.85,33,-7.510,1,314.7
600.715,+0.0479,+0.0000,-0.0250,0.0622,-0.3778,1.487,-7.218,2.525,0.979,0.0000,0.0000,0.0000,0.0000,0.0000,0.0000,0.0000,0.0000,31.61,25.85,33,-7.510,1,314.7
600.750,+0.0479,+0.0000,-0.0250,0.0622,-0.3778,1.487,-7.218,2.525,0.979,0.0000,0.0000,0.0000,0.0000,0.0000,0.0000,0.0000,0.0000,31.61,25.87,32,-7.510,1,314.7
600.783,+0.0479,-0.0464,-0.0200,0.0600,-0.3733,1.851,-7.079,2.665,0.977,0.0000,0.0000,0.0000,0.0000,0.0000,0.0000,0.0000,0.0000,31.10,25.87,32,-7.600,1,308.4
600.813,+0.0479,-0.0037,-0.0200,0.0589,-0.3700,1.976,-7.041,2.698,0.852,0.0000,0.0000,0.0000,0.0000,0.0000,0.0000,0.0000,0.0000,31.10,25.87,32,-8.140,1,308.4
600.853,+0.0479,-0.0037,-0.0200,0.0556,-0.3556,2.178,-6.994,2.083,0.514,0.0000,0.0000,0.0000,0.0000,0.0000,0.0000,0.0000,0.0000,31.10,25.87,32,-8.140,1,308.4
600.886,+0.0479,-0.0037,-0.0200,0.0556,-0.3556,2.178,-6.994,2.083,0.514,0.0000,0.0000,0.0000,0.0000,0.0000,0.0000,0.0000,0.0000,31.10,25.87,32,-8.140,1,308.4
600.926,+0.0479,-0.0037,-0.0200,0.0556,-0.3556,2.178,-6.994,2.083,0.514,0.0000,0.0000,0.0000,0.0000,0.0000,0.0000,0.0000,0.0000,31.10,25.87,32,-8.140,1,308.4
600.967,+0.0479,-0.0037,-0.0200,0.0556,-0.3556,2.178,-6.994,2.083,0.514,0.0000,0.0000,0.0000,0.0000,0.0000,0.0000,0.0000,0.0000,31.10,25.87,32,-8.140,1,308.4
601.013,+0.0479,+0.0648,-0.0200,0.0556,-0.3556,2.178,-6.994,2.083,0.514,0.0000,0.0000,0.0000,0.0000,0.0000,0.0000,0.0000,0.0000,31.10,25.87,32,-8.140,1,308.4
601.041,+0.0173,+0.0581,-0.0200,0.0544,-0.3367,2.362,-6.998,1.336,-0.152,0.0000,0.0000,0.0000,0.0000,0.0000,0.0000,0.0000,0.0000,30.61,25.88,31,-10.600,1,302.1
601.086,+0.0262,+0.0424,-0.0200,0.0533,-0.3333,2.425,-7.162,0.641,-2.142,0.0000,0.0000,0.0000,0.0000,0.0000,0.0000,0.0000,0.0000,30.61,25.88,31,-10.910,1,302.1
601.117,+0.0162,+0.0601,-0.0200,0.0533,-0.3311,2.425,-7.164,0.634,-2.278,0.0000,0.0000,0.0000,0.0000,0.0000,0.0000,0.0000,0.0000,30.41,25.88,31,-10.980,1,299.6
601.146,+0.0417,+0.1180,-0.0200,0.0533,-0.3311,2.425,-7.164,0.634,-2.278,0.0000,0.0000,0.0000,0.0000,0.0000,0.0000,0.0000,0.0000,30.41,25.88,31,-10.980,1,299.6
601.186,+0.0199,+0.0222,-0.0200,0.0533,-0.3311,2.425,-7.164,0.634,-2.278,0.0000,0.0000,0.0000,0.0000,0.0000,0.0000,0.0000,0.0000,30.41,25.88,31,-10.980,1,299.6
601.209,+0.0029,+0.0874,-0.0200,0.0533,-0.3311,2.425,-7.164,0.634,-2.278,0.0000,0.0000,0.0000,0.0000,0.0000,0.0000,0.0000,0.0000,30.41,25.88,31,-10.980,1,299.6
601.249,+0.0375,+0.1037,-0.0200,0.0533,-0.3311,2.425,-7.164,0.634,-2.278,0.0000,0.0000,0.0000,0.0000,0.0000,0.0000,0.0000,0.0000,30.41,25.88,31,-10.980,1,299.6
601.283,+0.0375,+0.0782,-0.0200,0.0533,-0.3311,2.494,-7.384,1.177,-1.704,0.0000,0.0000,0.0000,0.0000,0.0000,0.0000,0.0000,0.0000,30.41,25.88,32,-8.260,1,299.6
601.313,+0.0667,+0.1408,-0.0150,0.0556,-0.3644,2.586,-7.542,1.054,-1.369,0.0000,0.0000,0.0000,0.0000,0.0000,0.0000,0.0000,0.0000,30.00,25.88,32,-8.070,1,294.5
601.342,+0.0690,+0.0967,-0.0150,0.0567,-0.3767,2.627,-7.621,1.177,-1.938,0.0000,0.0000,0.0000,0.0000,0.0000,0.0000,0.0000,0.0000,30.00,25.88,32,-7.490,1,294.5
601.379,+0.0648,+0.1303,-0.0050,0.0489,-0.3778,2.630,-7.625,1.211,-2.095,0.0000,0.0000,0.0000,0.0000,0.0000,0.0000,0.0000,0.0000,30.00,25.88,32,-7.740,1,294.5
601.427,+0.0623,+0.1545,-0.0050,0.0489,-0.3778,2.630,-7.625,1.211,-2.095,0.0000,0.0000,0.0000,0.0000,0.0000,0.0000,0.0000,0.0000,30.00,25.88,32,-7.740,1,294.5
601.474,+0.0650,+0.1350,-0.0050,0.0489,-0.3778,2.630,-7.625,1.211,-2.095,0.0000,0.0000,0.0000,0.0000,0.0000,0.0000,0.0000,0.0000,30.00,25.88,32,-7.740,1,294.5
601.503,+0.0770,+0.1257,-0.0050,0.0489,-0.3778,2.630,-7.625,1.211,-2.095,0.0000,0.0000,0.0000,0.0000,0.0000,0.0000,0.0000,0.0000,30.00,25.88,32,-7.740,1,294.5
601.527,+0.0500,+0.2026,0.0000,0.0467,-0.4000,2.725,-7.946,0.475,-3.845,0.0000,0.0000,0.0000,0.0000,0.0000,0.0000,0.0000,0.0000,30.00,25.88,32,-7.130,1,294.5
601.555,+0.0500,+0.1396,0.0000,0.0467,-0.4000,2.718,-8.146,-0.812,-3.584,0.0000,0.0000,0.0000,0.0000,0.0000,0.0000,0.0000,0.0000,29.56,25.88,32,-7.450,1,289.4
601.581,+0.0500,+0.2016,0.0000,0.0478,-0.4056,2.569,-8.470,-1.869,-2.860,0.0000,0.0000,0.0000,0.0000,0.0000,0.0000,0.0000,0.0000,29.56,25.88,32,-7.090,1,289.4
601.616,+0.0249,+0.1857,0.0000,0.0500,-0.4122,2.569,-8.470,-1.869,-2.860,0.0000,0.0000,0.0000,0.0000,0.0000,0.0000,0.0000,0.0000,29.56,25.88,32,-6.790,1,289.4
601.650,+0.0224,+0.1943,0.0000,0.0500,-0.4122,2.569,-8.470,-1.869,-2.860,0.0000,0.0000,0.0000,0.0000,0.0000,0.0000,0.0000,0.0000,29.56,25.88,32,-6.790,1,289.4
601.713,+0.0166,+0.1891,0.0000,0.0500,-0.4122,2.569,-8.470,-1.869,-2.860,0.0000,0.0000,0.0000,0.0000,0.0000,0.0000,0.0000,0.0000,29.56,25.88,32,-6.790,1,289.4
601.737,+0.0071,+0.1222,0.0000,0.0500,-0.4122,2.569,-8.470,-1.869,-2.860,0.0000,0.0000,0.0000,0.0000,0.0000,0.0000,0.0000,0.0000,29.56,25.88,32,-6.790,1,289.4
601.766,-0.0185,+0.1222,-0.0050,0.0522,-0.4300,2.375,-8.794,-1.746,-3.145,0.0000,0.0000,0.0000,0.0000,0.0000,0.0000,0.0000,0.0000,29.03,25.90,32,-6.720,1,284.0
601.806,+0.0136,+0.0057,-0.0050,0.0544,-0.4411,2.245,-9.006,-2.100,-4.135,0.0000,0.0000,0.0000,0.0000,0.0000,0.0000,0.0000,0.0000,29.03,25.90,32,-6.210,1,284.0
601.849,+0.0125,-0.0371,-0.0050,0.0556,-0.4378,2.068,-9.217,-4.184,-1.983,0.0000,0.0000,0.0000,0.0000,0.0000,0.0000,0.0000,0.0000,29.03,25.91,33,-5.950,1,284.0
601.908,+0.0312,-0.0407,-0.0050,0.0556,-0.4422,2.068,-9.217,-4.184,-1.983,0.0000,0.0000,0.0000,0.0000,0.0000,0.0000,0.0000,0.0000,29.03,25.91,33,-5.950,1,284.0
601.948,+0.0312,-0.0788,-0.0050,0.0556,-0.4422,2.068,-9.217,-4.184,-1.983,0.0000,0.0000,0.0000,0.0000,0.0000,0.0000,0.0000,0.0000,29.03,25.91,33,-5.950,1,284.0
601.988,+0.0531,-0.0535,-0.0050,0.0556,-0.4422,2.068,-9.217,-4.184,-1.983,0.0000,0.0000,0.0000,0.0000,0.0000,0.0000,0.0000,0.0000,29.03,25.91,33,-5.950,1,284.0
602.021,+0.0852,-0.0866,-0.0050,0.0556,-0.4422,1.561,-8.392,-2.553,8.360,0.0000,0.0000,0.0000,0.0000,0.0000,0.0000,0.0000,0.0000,29.03,25.95,31,-5.950,1,284.0
602.073,+0.0550,-0.0834,-0.0050,0.0511,-0.3733,1.210,-7.768,-4.300,3.879,0.0000,0.0000,0.0000,0.0000,0.0000,0.0000,0.0000,0.0000,28.16,25.98,32,-8.010,1,276.1
602.098,+0.0723,-0.0905,-0.0100,0.0533,-0.3778,1.210,-7.768,-4.300,3.879,0.0000,0.0000,0.0000,0.0000,0.0000,0.0000,0.0000,0.0000,28.02,25.98,32,-8.060,1,274.7
602.126,+0.0720,-0.0892,-0.0100,0.0533,-0.3778,1.210,-7.768,-4.300,3.879,0.0000,0.0000,0.0000,0.0000,0.0000,0.0000,0.0000,0.0000,28.02,25.98,32,-8.060,1,274.7
602.165,+0.0437,-0.0692,-0.0100,0.0533,-0.3778,1.210,-7.768,-4.300,3.879,0.0000,0.0000,0.0000,0.0000,0.0000,0.0000,0.0000,0.0000,28.02,25.98,32,-8.060,1,274.7
602.197,+0.0437,-0.0922,-0.0100,0.0533,-0.3778,1.210,-7.768,-4.300,3.879,0.0000,0.0000,0.0000,0.0000,0.0000,0.0000,0.0000,0.0000,28.02,25.98,32,-8.060,1,274.7
602.234,+0.0437,-0.0452,-0.0100,0.0533,-0.3778,1.210,-7.768,-4.300,3.879,0.0000,0.0000,0.0000,0.0000,0.0000,0.0000,0.0000,0.0000,28.02,25.98,32,-8.060,1,274.7
602.261,+0.0437,-0.0074,-0.0100,0.0533,-0.3778,0.682,-7.446,-5.676,3.035,0.0000,0.0000,0.0000,0.0000,0.0000,0.0000,0.0000,0.0000,28.02,26.02,31,-8.060,1,274.7
602.283,+0.0437,-0.0074,-0.0200,0.0600,-0.3578,0.391,-7.275,-5.162,3.624,0.0000,0.0000,0.0000,0.0000,0.0000,0.0000,0.0000,0.0000,28.02,26.03,31,-8.570,1,274.7
602.315,+0.0437,+0.0401,-0.0250,0.0600,-0.3467,0.162,-7.103,-4.370,3.852,0.0000,0.0000,0.0000,0.0000,0.0000,0.0000,0.0000,0.0000,27.54,26.03,31,-8.710,1,269.4
602.347,+0.0437,+0.0445,-0.0250,0.0622,-0.3533,-0.026,-6.968,-3.171,1.832,0.0000,0.0000,0.0000,0.0000,0.0000,0.0000,0.0000,0.0000,27.54,26.05,31,-8.770,1,269.4
602.385,+0.0210,+0.0404,-0.0250,0.0622,-0.3533,-0.026,-6.968,-3.171,1.832,0.0000,0.0000,0.0000,0.0000,0.0000,0.0000,0.0000,0.0000,27.54,26.05,31,-8.770,1,269.4
602.420,+0.0417,+0.0479,-0.0250,0.0622,-0.3533,-0.026,-6.968,-3.171,1.832,0.0000,0.0000,0.0000,0.0000,0.0000,0.0000,0.0000,0.0000,27.54,26.05,31,-8.770,1,269.4
602.449,+0.0417,+0.0592,-0.0250,0.0622,-0.3533,-0.026,-6.968,-3.171,1.832,0.0000,0.0000,0.0000,0.0000,0.0000,0.0000,0.0000,0.0000,27.54,26.05,31,-8.770,1,269.4
602.490,+0.0417,+0.0111,-0.0250,0.0622,-0.3533,-0.026,-6.968,-3.171,1.832,0.0000,0.0000,0.0000,0.0000,0.0000,0.0000,0.0000,0.0000,27.54,26.05,31,-8.770,1,269.4
602.519,+0.0417,+0.0630,-0.0250,0.0622,-0.3533,-0.573,-7.313,-2.987,-2.357,0.0000,0.0000,0.0000,0.0000,0.0000,0.0000,0.0000,0.0000,27.54,26.05,31,-10.580,1,269.4
602.553,+0.0669,+0.0148,-0.0350,0.0689,-0.3622,-0.727,-7.403,-2.709,-0.940,0.0000,0.0000,0.0000,0.0000,0.0000,0.0000,0.0000,0.0000,27.02,26.05,31,-7.750,1,262.9
602.580,+0.0748,+0.0148,-0.0350,0.0700,-0.3656,-0.982,-7.430,-2.711,0.166,0.0000,0.0000,0.0000,0.0000,0.0000,0.0000,0.0000,0.0000,27.02,26.05,31,-7.760,1,262.9
602.617,+0.0458,-0.0275,-0.0400,0.0722,-0.3700,-0.982,-7.430,-2.711,0.166,0.0000,0.0000,0.0000,0.0000,0.0000,0.0000,0.0000,0.0000,27.02,26.05,31,-7.570,1,262.9
602.673,+0.0620,+0.0111,-0.0400,0.0722,-0.3700,-0.982,-7.430,-2.711,0.166,0.0000,0.0000,0.0000,0.0000,0.0000,0.0000,0.0000,0.0000,27.02,26.05,31,-7.570,1,262.9
602.707,+0.0731,+0.0111,-0.0400,0.0722,-0.3700,-0.982,-7.430,-2.711,0.166,0.0000,0.0000,0.0000,0.0000,0.0000,0.0000,0.0000,0.0000,27.02,26.05,31,-7.570,1,262.9
602.797,+0.0500,+0.0111,-0.0400,0.0733,-0.3689,-1.000,-7.286,2.321,0.561,0.0000,0.0000,0.0000,0.0000,0.0000,0.0000,0.0000,0.0000,26.61,26.05,31,-8.310,1,257.9
602.822,+0.0500,+0.0111,-0.0400,0.0733,-0.3644,-0.996,-7.285,2.218,0.613,0.0000,0.0000,0.0000,0.0000,0.0000,0.0000,0.0000,0.0000,26.61,26.05,31,-8.330,1,257.9
602.852,+0.0500,+0.0626,-0.0400,0.0733,-0.3667,-0.893,-7.275,2.400,0.158,0.0000,0.0000,0.0000,0.0000,0.0000,0.0000,0.0000,0.0000,26.61,26.06,31,-7.970,1,257.9
602.915,+0.0500,+0.0148,-0.0400,0.0733,-0.3667,-0.893,-7.275,2.400,0.158,0.0000,0.0000,0.0000,0.0000,0.0000,0.0000,0.0000,0.0000,26.61,26.06,31,-7.970,1,257.9
602.950,+0.0500,+0.0589,-0.0400,0.0733,-0.3667,-0.893,-7.275,2.400,0.158,0.0000,0.0000,0.0000,0.0000,0.0000,0.0000,0.0000,0.0000,26.61,26.06,31,-7.970,1,257.9
602.984,+0.0251,+0.0185,-0.0400,0.0733,-0.3667,-0.893,-7.275,2.400,0.158,0.0000,0.0000,0.0000,0.0000,0.0000,0.0000,0.0000,0.0000,26.61,26.06,31,-7.970,1,257.9
603.021,+0.0714,+0.0185,-0.0400,0.0733,-0.3667,-0.516,-7.413,3.383,-1.029,0.0000,0.0000,0.0000,0.0000,0.0000,0.0000,0.0000,0.0000,26.61,26.06,31,-7.970,1,257.9
603.065,+0.0500,+0.0185,-0.0400,0.0711,-0.3778,-0.320,-7.461,3.968,-0.579,0.0000,0.0000,0.0000,0.0000,0.0000,0.0000,0.0000,0.0000,26.08,26.06,31,-7.450,1,251.5
603.092,+0.0818,+0.0185,-0.0350,0.0700,-0.3767,0.116,-7.489,4.785,0.246,0.0000,0.0000,0.0000,0.0000,0.0000,0.0000,0.0000,0.0000,25.85,26.06,31,-7.860,1,248.8
603.123,+0.0521,+0.0185,-0.0350,0.0689,-0.3756,0.116,-7.489,4.785,0.246,0.0000,0.0000,0.0000,0.0000,0.0000,0.0000,0.0000,0.0000,25.85,26.06,31,-7.430,1,248.8
603.181,+0.0678,+0.0185,-0.0350,0.0689,-0.3756,0.116,-7.489,4.785,0.246,0.0000,0.0000,0.0000,0.0000,0.0000,0.0000,0.0000,0.0000,25.85,26.06,31,-7.430,1,248.8
603.207,+0.0542,-0.0381,-0.0350,0.0689,-0.3756,0.116,-7.489,4.785,0.246,0.0000,0.0000,0.0000,0.0000,0.0000,0.0000,0.0000,0.0000,25.85,26.06,31,-7.430,1,248.8
603.242,+0.0542,+0.0148,-0.0350,0.0689,-0.3756,0.116,-7.489,4.785,0.246,0.0000,0.0000,0.0000,0.0000,0.0000,0.0000,0.0000,0.0000,25.85,26.06,31,-7.430,1,248.8
603.268,+0.0542,+0.0148,-0.0350,0.0689,-0.3756,0.116,-7.489,4.785,0.246,0.0000,0.0000,0.0000,0.0000,0.0000,0.0000,0.0000,0.0000,25.85,26.06,31,-7.430,1,248.8
603.299,+0.0542,+0.0148,-0.0300,0.0656,-0.3722,1.045,-7.406,4.587,0.451,0.0000,0.0000,0.0000,0.0000,0.0000,0.0000,0.0000,0.0000,25.85,26.06,31,-7.770,1,248.8
603.327,+0.0542,-0.0391,-0.0250,0.0633,-0.3722,1.054,-7.406,4.592,0.457,0.0000,0.0000,0.0000,0.0000,0.0000,0.0000,0.0000,0.0000,25.31,26.06,31,-7.760,1,242.3
603.364,+0.0542,+0.0111,-0.0250,0.0611,-0.3678,1.265,-7.386,4.674,0.598,0.0000,0.0000,0.0000,0.0000,0.0000,0.0000,0.0000,0.0000,25.31,26.06,31,-8.270,1,242.3
603.394,+0.0542,+0.0111,-0.0250,0.0611,-0.3678,1.265,-7.386,4.674,0.598,0.0000,0.0000,0.0000,0.0000,0.0000,0.0000,0.0000,0.0000,25.31,26.06,31,-8.270,1,242.3
603.420,+0.0542,-0.0464,-0.0250,0.0611,-0.3678,1.265,-7.386,4.674,0.598,0.0000,0.0000,0.0000,0.0000,0.0000,0.0000,0.0000,0.0000,25.31,26.06,31,-8.270,1,242.3
603.490,+0.0542,+0.0074,-0.0250,0.0611,-0.3678,1.265,-7.386,4.674,0.598,0.0000,0.0000,0.0000,0.0000,0.0000,0.0000,0.0000,0.0000,25.31,26.06,31,-8.270,1,242.3
603.517,+0.0542,+0.0074,-0.0250,0.0611,-0.3678,1.265,-7.386,4.674,0.598,0.0000,0.0000,0.0000,0.0000,0.0000,0.0000,0.0000,0.0000,25.31,26.06,31,-8.270,1,242.3
603.543,+0.0542,+0.0074,-0.0200,0.0578,-0.3644,1.954,-7.309,4.998,0.651,0.0000,0.0000,0.0000,0.0000,0.0000,0.0000,0.0000,0.0000,24.89,26.07,31,-8.280,1,237.2
603.622,+0.0420,+0.0074,-0.0150,0.0544,-0.3611,2.224,-7.282,4.572,0.469,0.0000,0.0000,0.0000,0.0000,0.0000,0.0000,0.0000,0.0000,24.89,26.07,31,-8.370,1,237.2
603.648,+0.0840,+0.0074,-0.0150,0.0544,-0.3611,2.224,-7.282,4.572,0.469,0.0000,0.0000,0.0000,0.0000,0.0000,0.0000,0.0000,0.0000,24.89,26.07,31,-8.370,1,237.2
603.681,+0.0542,+0.0544,-0.0150,0.0544,-0.3611,2.224,-7.282,4.572,0.469,0.0000,0.0000,0.0000,0.0000,0.0000,0.0000,0.0000,0.0000,24.89,26.07,31,-8.370,1,237.2
603.729,+0.0542,+0.0111,-0.0150,0.0544,-0.3611,2.224,-7.282,4.572,0.469,0.0000,0.0000,0.0000,0.0000,0.0000,0.0000,0.0000,0.0000,24.89,26.07,31,-8.370,1,237.2
603.761,+0.0542,+0.0594,-0.0150,0.0544,-0.3611,2.514,-7.333,1.781,-0.439,0.0000,0.0000,0.0000,0.0000,0.0000,0.0000,0.0000,0.0000,24.89,26.06,30,-10.680,1,237.2
603.791,+0.0824,+0.0148,-0.0150,0.0511,-0.3333,2.571,-7.346,1.231,-0.310,0.0000,0.0000,0.0000,0.0000,0.0000,0.0000,0.0000,0.0000,24.46,26.06,30,-10.680,1,232.1
603.891,+0.0463,+0.0325,-0.0150,0.0500,-0.3344,2.655,-7.435,0.556,-1.135,0.0000,0.0000,0.0000,0.0000,0.0000,0.0000,0.0000,0.0000,24.46,26.06,30,-8.100,1,232.1
603.928,+0.0542,+0.0602,-0.0150,0.0500,-0.3344,2.655,-7.435,0.556,-1.135,0.0000,0.0000,0.0000,0.0000,0.0000,0.0000,0.0000,0.0000,24.46,26.06,30,-8.100,1,232.1
603.955,+0.0218,+0.0798,-0.0150,0.0500,-0.3344,2.655,-7.435,0.556,-1.135,0.0000,0.0000,0.0000,0.0000,0.0000,0.0000,0.0000,0.0000,24.46,26.06,30,-8.100,1,232.1
604.012,+0.0521,+0.0539,-0.0150,0.0500,-0.3344,2.655,-7.435,0.556,-1.135,0.0000,0.0000,0.0000,0.0000,0.0000,0.0000,0.0000,0.0000,24.46,26.06,30,-8.100,1,232.1
604.047,+0.0271,+0.0296,-0.0150,0.0544,-0.3567,2.649,-7.649,-0.007,-0.830,0.0000,0.0000,0.0000,0.0000,0.0000,0.0000,0.0000,0.0000,23.91,26.06,30,-8.420,1,225.6
604.075,+0.0500,+0.0830,-0.0150,0.0556,-0.3622,2.649,-7.651,0.099,-0.805,0.0000,0.0000,0.0000,0.0000,0.0000,0.0000,0.0000,0.0000,23.91,26.06,30,-7.970,1,225.6
604.127,+0.0326,+0.0643,-0.0150,0.0533,-0.3667,2.651,-7.697,0.393,-0.819,0.0000,0.0000,0.0000,0.0000,0.0000,0.0000,0.0000,0.0000,23.70,26.06,30,-7.760,1,223.1
604.173,+0.0287,+0.0712,-0.0150,0.0533,-0.3667,2.651,-7.697,0.393,-0.819,0.0000,0.0000,0.0000,0.0000,0.0000,0.0000,0.0000,0.0000,23.70,26.06,30,-7.760,1,223.1
604.198,+0.0458,+0.0407,-0.0150,0.0533,-0.3667,2.651,-7.697,0.393,-0.819,0.0000,0.0000,0.0000,0.0000,0.0000,0.0000,0.0000,0.0000,23.70,26.06,30,-7.760,1,223.1
604.225,+0.0458,+0.0963,-0.0150,0.0533,-0.3667,2.651,-7.697,0.393,-0.819,0.0000,0.0000,0.0000,0.0000,0.0000,0.0000,0.0000,0.0000,23.70,26.06,30,-7.760,1,223.1
604.252,+0.0458,+0.1008,-0.0150,0.0533,-0.3667,2.651,-7.697,0.393,-0.819,0.0000,0.0000,0.0000,0.0000,0.0000,0.0000,0.0000,0.0000,23.70,26.07,30,-7.760,1,223.1
604.289,+0.0458,+0.0481,-0.0150,0.0556,-0.3733,2.567,-7.939,-0.490,-1.257,0.0000,0.0000,0.0000,0.0000,0.0000,0.0000,0.0000,0.0000,23.70,26.07,30,-8.150,1,223.1
604.319,+0.0458,+0.0982,-0.0150,0.0567,-0.3767,2.531,-8.015,-0.722,-1.403,0.0000,0.0000,0.0000,0.0000,0.0000,0.0000,0.0000,0.0000,23.11,26.07,30,-7.780,1,216.6
604.348,+0.0751,+0.1039,-0.0150,0.0567,-0.3811,2.487,-8.085,-1.026,-1.381,0.0000,0.0000,0.0000,0.0000,0.0000,0.0000,0.0000,0.0000,23.11,26.07,30,-7.930,1,216.6
604.377,+0.0479,+0.0556,-0.0150,0.0567,-0.3811,2.487,-8.085,-1.026,-1.381,0.0000,0.0000,0.0000,0.0000,0.0000,0.0000,0.0000,0.0000,23.11,26.07,30,-7.930,1,216.6
604.409,+0.0479,+0.1030,-0.0150,0.0567,-0.3811,2.487,-8.085,-1.026,-1.381,0.0000,0.0000,0.0000,0.0000,0.0000,0.0000,0.0000,0.0000,23.11,26.07,30,-7.930,1,216.6
604.450,+0.0264,+0.0976,-0.0150,0.0567,-0.3811,2.487,-8.085,-1.026,-1.381,0.0000,0.0000,0.0000,0.0000,0.0000,0.0000,0.0000,0.0000,23.11,26.07,30,-7.930,1,216.6
604.475,+0.0458,+0.1222,-0.0150,0.0567,-0.3811,2.487,-8.085,-1.026,-1.381,0.0000,0.0000,0.0000,0.0000,0.0000,0.0000,0.0000,0.0000,23.11,26.07,30,-7.930,1,216.6
604.517,+0.0458,+0.0667,-0.0150,0.0567,-0.3811,2.350,-8.225,-1.494,-1.259,0.0000,0.0000,0.0000,0.0000,0.0000,0.0000,0.0000,0.0000,23.11,26.08,30,-7.930,1,216.6
604.543,+0.0131,+0.0667,-0.0200,0.0600,-0.3889,2.350,-8.225,-1.494,-1.259,0.0000,0.0000,0.0000,0.0000,0.0000,0.0000,0.0000,0.0000,22.62,26.08,30,-7.300,1,211.4
604.576,+0.0175,+0.0200,-0.0250,0.0622,-0.3933,2.115,-8.434,-1.275,-1.264,0.0000,0.0000,0.0000,0.0000,0.0000,0.0000,0.0000,0.0000,22.62,26.08,30,-7.180,1,211.4
604.611,+0.0172,+0.0194,-0.0250,0.0633,-0.3967,2.113,-8.437,-1.146,-1.265,0.0000,0.0000,0.0000,0.0000,0.0000,0.0000,0.0000,0.0000,22.62,26.08,30,-7.180,1,211.4
604.654,+0.0188,+0.0223,-0.0250,0.0633,-0.3967,2.113,-8.437,-1.146,-1.265,0.0000,0.0000,0.0000,0.0000,0.0000,0.0000,0.0000,0.0000,22.62,26.08,30,-7.180,1,211.4
604.682,+0.0375,-0.0510,-0.0250,0.0633,-0.3967,2.113,-8.437,-1.146,-1.265,0.0000,0.0000,0.0000,0.0000,0.0000,0.0000,0.0000,0.0000,22.62,26.08,30,-7.180,1,211.4
604.716,+0.0375,+0.0026,-0.0250,0.0633,-0.3967,2.113,-8.437,-1.146,-1.265,0.0000,0.0000,0.0000,0.0000,0.0000,0.0000,0.0000,0.0000,22.62,26.08,30,-7.180,1,211.4
604.746,+0.0375,-0.0055,-0.0250,0.0633,-0.3967,2.113,-8.437,-1.146,-1.265,0.0000,0.0000,0.0000,0.0000,0.0000,0.0000,0.0000,0.0000,22.62,26.10,30,-7.180,1,211.4
604.803,+0.0375,+0.0123,-0.0250,0.0622,-0.3800,1.941,-8.068,-0.041,2.379,0.0000,0.0000,0.0000,0.0000,0.0000,0.0000,0.0000,0.0000,21.97,26.10,30,-7.750,1,204.9
604.836,+0.0375,-0.0087,-0.0250,0.0622,-0.3778,1.941,-8.064,-0.028,2.155,0.0000,0.0000,0.0000,0.0000,0.0000,0.0000,0.0000,0.0000,21.97,26.10,30,-7.720,1,204.9
604.861,+0.0713,+0.0333,-0.0250,0.0633,-0.3767,1.932,-7.995,-0.198,1.288,0.0000,0.0000,0.0000,0.0000,0.0000,0.0000,0.0000,0.0000,21.97,26.12,30,-8.380,1,204.9
604.902,+0.0396,-0.0053,-0.0250,0.0633,-0.3767,1.932,-7.995,-0.198,1.288,0.0000,0.0000,0.0000,0.0000,0.0000,0.0000,0.0000,0.0000,21.97,26.12,30,-8.380,1,204.9
604.923,+0.0396,-0.0388,-0.0250,0.0633,-0.3767,1.932,-7.995,-0.198,1.288,0.0000,0.0000,0.0000,0.0000,0.0000,0.0000,0.0000,0.0000,21.97,26.12,30,-8.380,1,204.9
604.962,+0.0622,-0.0143,-0.0250,0.0633,-0.3767,1.932,-7.995,-0.198,1.288,0.0000,0.0000,0.0000,0.0000,0.0000,0.0000,0.0000,0.0000,21.97,26.12,30,-8.380,1,204.9
604.990,+0.0417,-0.0307,-0.0250,0.0633,-0.3767,1.932,-7.995,-0.198,1.288,0.0000,0.0000,0.0000,0.0000,0.0000,0.0000,0.0000,0.0000,21.97,26.12,30,-8.380,1,204.9
605.020,+0.0417,-0.0334,-0.0250,0.0633,-0.3767,1.932,-7.995,-0.198,1.288,0.0000,0.0000,0.0000,0.0000,0.0000,0.0000,0.0000,0.0000,21.97,26.13,30,-8.380,1,204.9
605.053,+0.0417,+0.0148,-0.0300,0.0622,-0.3489,1.799,-7.703,0.080,1.777,0.0000,0.0000,0.0000,0.0000,0.0000,0.0000,0.0000,0.0000,21.46,26.14,30,-8.320,1,199.6
605.098,+0.0417,+0.0498,-0.0300,0.0622,-0.3467,1.856,-7.604,1.242,-0.227,0.0000,0.0000,0.0000,0.0000,0.0000,0.0000,0.0000,0.0000,21.11,26.14,30,-8.650,1,195.8
605.128,+0.0417,+0.0689,-0.0300,0.0633,-0.3589,1.856,-7.604,1.242,-0.227,0.0000,0.0000,0.0000,0.0000,0.0000,0.0000,0.0000,0.0000,21.11,26.14,30,-8.440,1,195.8
605.155,+0.0417,+0.1360,-0.0300,0.0633,-0.3589,1.856,-7.604,1.242,-0.227,0.0000,0.0000,0.0000,0.0000,0.0000,0.0000,0.0000,0.0000,21.11,26.14,30,-8.440,1,195.8
605.199,+0.0217,+0.1362,-0.0300,0.0633,-0.3589,1.856,-7.604,1.242,-0.227,0.0000,0.0000,0.0000,0.0000,0.0000,0.0000,0.0000,0.0000,21.11,26.14,30,-8.440,1,195.8
605.225,+0.0396,+0.2127,-0.0300,0.0633,-0.3589,1.856,-7.604,1.242,-0.227,0.0000,0.0000,0.0000,0.0000,0.0000,0.0000,0.0000,0.0000,21.11,26.14,30,-8.440,1,195.8
605.254,+0.0396,+0.1561,-0.0300,0.0633,-0.3589,1.856,-7.604,1.242,-0.227,0.0000,0.0000,0.0000,0.0000,0.0000,0.0000,0.0000,0.0000,21.11,26.14,30,-8.440,1,195.8
605.286,+0.0396,+0.1557,-0.0300,0.0633,-0.3589,1.929,-8.050,0.710,-4.967,0.0000,0.0000,0.0000,0.0000,0.0000,0.0000,0.0000,0.0000,21.11,26.15,30,-8.440,1,195.8
605.314,+0.0091,+0.1750,-0.0300,0.0678,-0.3922,1.930,-8.062,0.722,-5.668,0.0000,0.0000,0.0000,0.0000,0.0000,0.0000,0.0000,0.0000,21.11,26.15,30,-7.680,1,195.8
605.347,+0.0375,+0.1671,-0.0300,0.0678,-0.3989,2.002,-8.539,1.022,-3.859,0.0000,0.0000,0.0000,0.0000,0.0000,0.0000,0.0000,0.0000,20.63,26.15,30,-7.010,1,190.4
605.378,+0.0106,+0.1294,-0.0300,0.0667,-0.4022,2.002,-8.539,1.022,-3.859,0.0000,0.0000,0.0000,0.0000,0.0000,0.0000,0.0000,0.0000,20.63,26.15,30,-6.940,1,190.4
605.414,+0.0354,+0.1723,-0.0300,0.0667,-0.4022,2.002,-8.539,1.022,-3.859,0.0000,0.0000,0.0000,0.0000,0.0000,0.0000,0.0000,0.0000,20.63,26.15,30,-6.940,1,190.4
605.448,+0.0354,+0.1825,-0.0300,0.0667,-0.4022,2.002,-8.539,1.022,-3.859,0.0000,0.0000,0.0000,0.0000,0.0000,0.0000,0.0000,0.0000,20.63,26.15,30,-6.940,1,190.4
605.478,+0.0354,+0.1510,-0.0300,0.0667,-0.4022,2.002,-8.539,1.022,-3.859,0.0000,0.0000,0.0000,0.0000,0.0000,0.0000,0.0000,0.0000,20.63,26.15,30,-6.940,1,190.4
605.512,+0.0354,+0.1926,-0.0300,0.0667,-0.4022,2.002,-8.539,1.022,-3.859,0.0000,0.0000,0.0000,0.0000,0.0000,0.0000,0.0000,0.0000,20.63,26.15,30,-6.940,1,190.4
605.544,+0.0081,+0.1111,-0.0250,0.0678,-0.4233,2.168,-8.945,1.424,-2.422,0.0000,0.0000,0.0000,0.0000,0.0000,0.0000,0.0000,0.0000,20.63,26.15,30,-6.330,1,190.4
605.589,+0.0333,+0.0764,-0.0250,0.0678,-0.4344,2.352,-9.223,2.296,-2.815,0.0000,0.0000,0.0000,0.0000,0.0000,0.0000,0.0000,0.0000,20.11,26.15,30,-6.170,1,185.2
605.619,+0.0051,+0.0070,-0.0250,0.0678,-0.4344,2.352,-9.223,2.296,-2.815,0.0000,0.0000,0.0000,0.0000,0.0000,0.0000,0.0000,0.0000,20.11,26.15,30,-6.170,1,185.2
605.690,+0.0179,+0.0054,-0.0250,0.0678,-0.4344,2.352,-9.223,2.296,-2.815,0.0000,0.0000,0.0000,0.0000,0.0000,0.0000,0.0000,0.0000,20.11,26.15,30,-6.170,1,185.2
605.725,+0.0050,-0.1300,-0.0250,0.0678,-0.4344,2.352,-9.223,2.296,-2.815,0.0000,0.0000,0.0000,0.0000,0.0000,0.0000,0.0000,0.0000,20.11,26.15,30,-6.170,1,185.2
605.751,-0.0066,-0.1726,-0.0250,0.0678,-0.4344,2.352,-9.223,2.296,-2.815,0.0000,0.0000,0.0000,0.0000,0.0000,0.0000,0.0000,0.0000,20.11,26.17,30,-6.170,1,185.2
605.778,+0.0250,-0.1718,-0.0050,0.0511,-0.4000,2.505,-9.152,2.492,7.155,0.0000,0.0000,0.0000,0.0000,0.0000,0.0000,0.0000,0.0000,19.38,26.17,30,-6.460,1,178.7
605.811,+0.0250,-0.1013,0.0000,0.0456,-0.3811,2.634,-8.707,3.083,9.525,0.0000,0.0000,0.0000,0.0000,0.0000,0.0000,0.0000,0.0000,19.38,26.17,30,-6.740,1,178.7
605.842,+0.0250,-0.1194,0.0050,0.0389,-0.3611,2.770,-8.296,3.255,8.223,0.0000,0.0000,0.0000,0.0000,0.0000,0.0000,0.0000,0.0000,19.38,26.20,29,-9.950,1,178.7
605.876,+0.0250,-0.1214,0.0050,0.0367,-0.3433,2.776,-8.279,3.251,8.282,0.0000,0.0000,0.0000,0.0000,0.0000,0.0000,0.0000,0.0000,19.38,26.20,29,-10.080,1,178.7
605.908,+0.0250,-0.1385,0.0050,0.0367,-0.3433,2.776,-8.279,3.251,8.282,0.0000,0.0000,0.0000,0.0000,0.0000,0.0000,0.0000,0.0000,19.38,26.20,29,-10.080,1,178.7
605.960,+0.0250,-0.0996,0.0050,0.0367,-0.3433,2.776,-8.279,3.251,8.282,0.0000,0.0000,0.0000,0.0000,0.0000,0.0000,0.0000,0.0000,19.38,26.20,29,-10.080,1,178.7
605.994,+0.0250,-0.1103,0.0050,0.0367,-0.3433,2.776,-8.279,3.251,8.282,0.0000,0.0000,0.0000,0.0000,0.0000,0.0000,0.0000,0.0000,19.38,26.20,29,-10.080,1,178.7
606.025,+0.0250,-0.1241,0.0100,0.0333,-0.3400,3.186,-7.539,2.565,3.744,0.0000,0.0000,0.0000,0.0000,0.0000,0.0000,0.0000,0.0000,19.38,26.24,29,-8.860,1,178.7
606.091,+0.0110,-0.0831,0.0000,0.0367,-0.3233,2.832,-6.786,-4.589,2.320,0.0000,0.0000,0.0000,0.0000,0.0000,0.0000,0.0000,0.0000,18.50,26.25,29,-9.350,1,169.5
606.120,+0.0527,+0.0653,0.0050,0.0367,-0.3300,2.832,-6.786,-4.589,2.320,0.0000,0.0000,0.0000,0.0000,0.0000,0.0000,0.0000,0.0000,18.50,26.25,29,-9.060,1,169.5
606.150,+0.0534,+0.0678,0.0050,0.0367,-0.3300,2.832,-6.786,-4.589,2.320,0.0000,0.0000,0.0000,0.0000,0.0000,0.0000,0.0000,0.0000,18.50,26.25,29,-9.060,1,169.5
606.180,+0.0555,+0.1256,0.0050,0.0367,-0.3300,2.832,-6.786,-4.589,2.320,0.0000,0.0000,0.0000,0.0000,0.0000,0.0000,0.0000,0.0000,18.50,26.25,29,-9.060,1,169.5
606.217,+0.0524,+0.1092,0.0050,0.0367,-0.3300,2.832,-6.786,-4.589,2.320,0.0000,0.0000,0.0000,0.0000,0.0000,0.0000,0.0000,0.0000,18.50,26.25,29,-9.060,1,169.5
606.248,+0.0590,+0.1443,0.0050,0.0367,-0.3300,2.832,-6.786,-4.589,2.320,0.0000,0.0000,0.0000,0.0000,0.0000,0.0000,0.0000,0.0000,18.50,26.25,29,-9.060,1,169.5
606.285,+0.0565,+0.0898,0.0050,0.0367,-0.3300,2.600,-6.877,-5.106,-4.465,0.0000,0.0000,0.0000,0.0000,0.0000,0.0000,0.0000,0.0000,18.50,26.26,29,-9.070,1,169.5
606.314,+0.0354,+0.1746,0.0000,0.0467,-0.3667,1.982,-7.552,-6.947,-6.554,0.0000,0.0000,0.0000,0.0000,0.0000,0.0000,0.0000,0.0000,18.09,26.24,29,-7.740,1,164.2
606.348,+0.0102,+0.1156,-0.0050,0.0489,-0.3778,1.592,-7.834,-7.691,-4.325,0.0000,0.0000,0.0000,0.0000,0.0000,0.0000,0.0000,0.0000,18.09,26.24,29,-7.680,1,164.2
606.385,+0.0333,+0.1171,-0.0100,0.0522,-0.3811,1.592,-7.834,-7.691,-4.325,0.0000,0.0000,0.0000,0.0000,0.0000,0.0000,0.0000,0.0000,18.09,26.24,29,-7.100,1,164.2
606.408,-0.0032,+0.1708,-0.0100,0.0522,-0.3811,1.592,-7.834,-7.691,-4.325,0.0000,0.0000,0.0000,0.0000,0.0000,0.0000,0.0000,0.0000,18.09,26.24,29,-7.100,1,164.2
606.446,+0.0085,+0.0886,-0.0100,0.0522,-0.3811,1.592,-7.834,-7.691,-4.325,0.0000,0.0000,0.0000,0.0000,0.0000,0.0000,0.0000,0.0000,18.09,26.24,29,-7.100,1,164.2
606.477,-0.0259,+0.1008,-0.0100,0.0522,-0.3811,1.592,-7.834,-7.691,-4.325,0.0000,0.0000,0.0000,0.0000,0.0000,0.0000,0.0000,0.0000,18.09,26.24,29,-7.100,1,164.2
606.540,-0.0046,+0.0556,-0.0200,0.0600,-0.3956,0.835,-8.151,-6.787,-2.292,0.0000,0.0000,0.0000,0.0000,0.0000,0.0000,0.0000,0.0000,17.63,26.22,29,-6.480,1,158.9
606.568,-0.0088,+0.0556,-0.0200,0.0611,-0.4011,0.247,-8.385,-4.591,-0.834,0.0000,0.0000,0.0000,0.0000,0.0000,0.0000,0.0000,0.0000,17.63,26.22,29,-6.390,1,158.9
606.594,-0.0144,-0.0624,-0.0250,0.0622,-0.3933,0.016,-8.380,-3.422,0.979,0.0000,0.0000,0.0000,0.0000,0.0000,0.0000,0.0000,0.0000,17.63,26.22,29,-7.070,1,158.9
606.620,-0.0155,-0.0090,-0.0250,0.0622,-0.3933,0.016,-8.380,-3.422,0.979,0.0000,0.0000,0.0000,0.0000,0.0000,0.0000,0.0000,0.0000,17.63,26.22,29,-7.070,1,158.9
606.674,+0.0146,+0.0148,-0.0250,0.0622,-0.3933,0.016,-8.380,-3.422,0.979,0.0000,0.0000,0.0000,0.0000,0.0000,0.0000,0.0000,0.0000,17.63,26.22,29,-7.070,1,158.9
606.712,+0.0614,-0.0425,-0.0250,0.0622,-0.3933,0.016,-8.380,-3.422,0.979,0.0000,0.0000,0.0000,0.0000,0.0000,0.0000,0.0000,0.0000,17.63,26.22,29,-7.070,1,158.9
606.816,+0.0381,+0.0161,-0.0250,0.0611,-0.3811,-0.410,-7.894,-2.686,1.615,0.0000,0.0000,0.0000,0.0000,0.0000,0.0000,0.0000,0.0000,16.98,26.23,29,-7.860,1,152.2
606.847,+0.0770,-0.0665,-0.0250,0.0622,-0.3756,-0.413,-7.893,-2.944,1.399,0.0000,0.0000,0.0000,0.0000,0.0000,0.0000,0.0000,0.0000,16.98,26.23,29,-7.860,1,152.2
606.882,+0.0774,-0.0225,-0.0300,0.0644,-0.3733,-0.566,-7.843,-3.263,1.257,0.0000,0.0000,0.0000,0.0000,0.0000,0.0000,0.0000,0.0000,16.98,26.23,29,-8.170,1,152.2
606.918,+0.0551,-0.0661,-0.0300,0.0644,-0.3733,-0.566,-7.843,-3.263,1.257,0.0000,0.0000,0.0000,0.0000,0.0000,0.0000,0.0000,0.0000,16.98,26.23,29,-8.170,1,152.2
606.951,+0.0333,-0.0351,-0.0300,0.0644,-0.3733,-0.566,-7.843,-3.263,1.257,0.0000,0.0000,0.0000,0.0000,0.0000,0.0000,0.0000,0.0000,16.98,26.23,29,-8.170,1,152.2
606.979,+0.0333,+0.0074,-0.0300,0.0644,-0.3733,-0.566,-7.843,-3.263,1.257,0.0000,0.0000,0.0000,0.0000,0.0000,0.0000,0.0000,0.0000,16.98,26.23,29,-8.170,1,152.2
607.046,+0.0195,-0.0171,-0.0350,0.0678,-0.3678,-0.688,-7.768,-1.859,1.482,0.0000,0.0000,0.0000,0.0000,0.0000,0.0000,0.0000,0.0000,16.48,26.25,29,-7.680,1,146.9
607.084,+0.0083,+0.0037,-0.0400,0.0700,-0.3656,-0.963,-7.608,-1.361,0.366,0.0000,0.0000,0.0000,0.0000,0.0000,0.0000,0.0000,0.0000,16.48,26.25,29,-8.470,1,146.9
607.114,+0.0008,+0.0037,-0.0350,0.0700,-0.3656,-1.017,-7.603,-0.338,0.125,0.0000,0.0000,0.0000,0.0000,0.0000,0.0000,0.0000,0.0000,16.25,26.25,29,-8.210,1,144.4
607.203,+0.0161,-0.0159,-0.0350,0.0700,-0.3656,-1.017,-7.603,-0.338,0.125,0.0000,0.0000,0.0000,0.0000,0.0000,0.0000,0.0000,0.0000,16.25,26.25,29,-8.210,1,144.4
607.233,+0.0531,-0.0499,-0.0350,0.0700,-0.3656,-1.017,-7.603,-0.338,0.125,0.0000,0.0000,0.0000,0.0000,0.0000,0.0000,0.0000,0.0000,16.25,26.25,29,-8.210,1,144.4
607.263,+0.0271,-0.0037,-0.0350,0.0700,-0.3656,-1.017,-7.603,-0.338,0.125,0.0000,0.0000,0.0000,0.0000,0.0000,0.0000,0.0000,0.0000,16.25,26.25,29,-8.210,1,144.4
607.291,+0.0876,-0.0575,-0.0350,0.0644,-0.3422,-0.925,-7.576,1.925,0.693,0.0000,0.0000,0.0000,0.0000,0.0000,0.0000,0.0000,0.0000,16.25,26.24,29,-10.560,1,144.4
607.319,+0.0620,-0.0074,-0.0300,0.0611,-0.3300,-0.824,-7.536,1.951,1.035,0.0000,0.0000,0.0000,0.0000,0.0000,0.0000,0.0000,0.0000,15.78,26.24,28,-10.690,1,138.9
607.355,+0.0575,-0.0504,-0.0300,0.0600,-0.3222,-0.732,-7.484,1.404,1.176,0.0000,0.0000,0.0000,0.0000,0.0000,0.0000,0.0000,0.0000,15.78,26.24,28,-8.630,1,138.9
607.381,+0.0674,-0.0111,-0.0300,0.0600,-0.3267,-0.732,-7.484,1.404,1.176,0.0000,0.0000,0.0000,0.0000,0.0000,0.0000,0.0000,0.0000,15.78,26.24,28,-8.630,1,138.9
607.410,+0.0675,-0.0111,-0.0300,0.0600,-0.3267,-0.732,-7.484,1.404,1.176,0.0000,0.0000,0.0000,0.0000,0.0000,0.0000,0.0000,0.0000,15.78,26.24,28,-8.630,1,138.9
607.450,+0.0614,+0.0277,-0.0300,0.0600,-0.3267,-0.732,-7.484,1.404,1.176,0.0000,0.0000,0.0000,0.0000,0.0000,0.0000,0.0000,0.0000,15.78,26.24,28,-8.630,1,138.9
607.480,+0.0699,+0.0929,-0.0300,0.0600,-0.3267,-0.732,-7.484,1.404,1.176,0.0000,0.0000,0.0000,0.0000,0.0000,0.0000,0.0000,0.0000,15.78,26.24,28,-8.630,1,138.9
607.515,+0.0437,+0.1302,-0.0300,0.0600,-0.3267,-0.732,-7.484,1.404,1.176,0.0000,0.0000,0.0000,0.0000,0.0000,0.0000,0.0000,0.0000,15.78,26.23,28,-8.630,1,138.9
607.554,+0.0662,+0.1307,-0.0350,0.0633,-0.3233,-0.366,-7.332,2.903,-1.329,0.0000,0.0000,0.0000,0.0000,0.0000,0.0000,0.0000,0.0000,15.23,26.23,28,-9.140,1,132.4
607.588,+0.0205,+0.2020,-0.0300,0.0667,-0.3689,-0.138,-7.927,2.287,-7.508,0.0000,0.0000,0.0000,0.0000,0.0000,0.0000,0.0000,0.0000,15.23,26.23,28,-8.790,1,132.4
607.616,+0.0437,+0.2025,-0.0300,0.0667,-0.3778,-0.138,-7.927,2.287,-7.508,0.0000,0.0000,0.0000,0.0000,0.0000,0.0000,0.0000,0.0000,15.23,26.23,28,-8.440,1,132.4
607.669,+0.0437,+0.1687,-0.0300,0.0667,-0.3778,-0.138,-7.927,2.287,-7.508,0.0000,0.0000,0.0000,0.0000,0.0000,0.0000,0.0000,0.0000,15.23,26.23,28,-8.440,1,132.4
607.707,+0.0210,+0.2245,-0.0300,0.0667,-0.3778,-0.138,-7.927,2.287,-7.508,0.0000,0.0000,0.0000,0.0000,0.0000,0.0000,0.0000,0.0000,15.23,26.23,28,-8.440,1,132.4
607.747,+0.0417,+0.1951,-0.0300,0.0667,-0.3778,-0.138,-7.927,2.287,-7.508,0.0000,0.0000,0.0000,0.0000,0.0000,0.0000,0.0000,0.0000,15.23,26.23,28,-8.440,1,132.4
607.789,+0.0417,+0.2011,-0.0250,0.0667,-0.4044,0.141,-8.656,3.323,-5.869,0.0000,0.0000,0.0000,0.0000,0.0000,0.0000,0.0000,0.0000,14.75,26.20,29,-7.360,1,126.9
607.815,+0.0417,+0.2143,-0.0250,0.0667,-0.4044,0.332,-8.917,3.957,-4.158,0.0000,0.0000,0.0000,0.0000,0.0000,0.0000,0.0000,0.0000,14.75,26.20,29,-6.570,1,126.9
607.856,+0.0630,+0.2214,-0.0250,0.0667,-0.4178,0.513,-9.103,4.129,-3.747,0.0000,0.0000,0.0000,0.0000,0.0000,0.0000,0.0000,0.0000,14.75,26.19,29,-6.190,1,126.9
607.930,+0.0437,+0.2098,-0.0200,0.0656,-0.4233,0.513,-9.103,4.129,-3.747,0.0000,0.0000,0.0000,0.0000,0.0000,0.0000,0.0000,0.0000,14.75,26.19,29,-6.190,1,126.9
607.965,+0.0190,+0.0894,-0.0200,0.0656,-0.4233,0.513,-9.103,4.129,-3.747,0.0000,0.0000,0.0000,0.0000,0.0000,0.0000,0.0000,0.0000,14.75,26.19,29,-6.190,1,126.9
607.991,+0.0417,+0.0153,-0.0200,0.0656,-0.4233,0.513,-9.103,4.129,-3.747,0.0000,0.0000,0.0000,0.0000,0.0000,0.0000,0.0000,0.0000,14.75,26.19,29,-6.190,1,126.9
608.034,+0.0211,+0.0124,-0.0200,0.0656,-0.4233,0.983,-9.740,1.787,-4.068,0.0000,0.0000,0.0000,0.0000,0.0000,0.0000,0.0000,0.0000,14.75,26.18,29,-6.190,1,126.9
608.073,+0.0173,-0.0871,-0.0200,0.0656,-0.4367,1.014,-9.844,0.041,0.357,0.0000,0.0000,0.0000,0.0000,0.0000,0.0000,0.0000,0.0000,13.89,26.18,29,-5.760,1,119.0
608.106,+0.0116,-0.0919,-0.0200,0.0656,-0.4433,1.013,-9.844,0.048,0.350,0.0000,0.0000,0.0000,0.0000,0.0000,0.0000,0.0000,0.0000,13.72,26.18,29,-5.760,1,117.6
608.133,+0.0675,-0.2070,-0.0200,0.0656,-0.4433,1.013,-9.844,0.048,0.350,0.0000,0.0000,0.0000,0.0000,0.0000,0.0000,0.0000,0.0000,13.72,26.18,29,-5.760,1,117.6
608.161,+0.0375,-0.1564,-0.0200,0.0656,-0.4433,1.013,-9.844,0.048,0.350,0.0000,0.0000,0.0000,0.0000,0.0000,0.0000,0.0000,0.0000,13.72,26.18,29,-5.760,1,117.6
608.200,+0.0375,-0.1542,-0.0200,0.0656,-0.4433,1.013,-9.844,0.048,0.350,0.0000,0.0000,0.0000,0.0000,0.0000,0.0000,0.0000,0.0000,13.72,26.18,29,-5.760,1,117.6
608.231,+0.0648,-0.1680,-0.0200,0.0656,-0.4433,1.013,-9.844,0.048,0.350,0.0000,0.0000,0.0000,0.0000,0.0000,0.0000,0.0000,0.0000,13.72,26.18,29,-5.760,1,117.6
608.263,+0.0669,-0.1346,-0.0200,0.0656,-0.4433,1.013,-9.844,0.048,0.350,0.0000,0.0000,0.0000,0.0000,0.0000,0.0000,0.0000,0.0000,13.72,26.23,29,-5.760,1,117.6
608.289,+0.0737,-0.1708,-0.0150,0.0544,-0.3744,1.654,-7.761,2.206,5.292,0.0000,0.0000,0.0000,0.0000,0.0000,0.0000,0.0000,0.0000,13.72,26.25,28,-7.450,1,117.6
608.316,+0.0749,-0.1771,-0.0150,0.0533,-0.3644,1.654,-7.761,2.206,5.292,0.0000,0.0000,0.0000,0.0000,0.0000,0.0000,0.0000,0.0000,13.12,26.28,28,-9.520,1,112.3
608.346,+0.0458,-0.2264,-0.0150,0.0533,-0.3511,1.803,-7.270,0.915,4.893,0.0000,0.0000,0.0000,0.0000,0.0000,0.0000,0.0000,0.0000,13.12,26.28,28,-9.200,1,112.3
608.399,+0.0458,-0.1585,-0.0150,0.0511,-0.3400,1.803,-7.270,0.915,4.893,0.0000,0.0000,0.0000,0.0000,0.0000,0.0000,0.0000,0.0000,13.12,26.28,28,-9.200,1,112.3
608.428,+0.0171,-0.2053,-0.0150,0.0511,-0.3400,1.803,-7.270,0.915,4.893,0.0000,0.0000,0.0000,0.0000,0.0000,0.0000,0.0000,0.0000,13.12,26.28,28,-9.200,1,112.3
608.454,+0.0437,-0.1226,-0.0150,0.0511,-0.3400,1.803,-7.270,0.915,4.893,0.0000,0.0000,0.0000,0.0000,0.0000,0.0000,0.0000,0.0000,13.12,26.28,28,-9.200,1,112.3
608.486,+0.0437,-0.1612,-0.0150,0.0511,-0.3400,1.803,-7.270,0.915,4.893,0.0000,0.0000,0.0000,0.0000,0.0000,0.0000,0.0000,0.0000,13.12,26.28,28,-9.200,1,112.3
608.519,+0.0437,-0.1197,-0.0150,0.0511,-0.3400,1.832,-6.992,0.578,5.488,0.0000,0.0000,0.0000,0.0000,0.0000,0.0000,0.0000,0.0000,13.12,26.29,27,-9.200,1,112.3
608.549,+0.0730,-0.0257,-0.0150,0.0522,-0.3144,1.802,-6.467,-0.284,4.306,0.0000,0.0000,0.0000,0.0000,0.0000,0.0000,0.0000,0.0000,12.63,26.29,27,-10.200,1,106.8
608.583,+0.0458,-0.0295,-0.0150,0.0500,-0.3033,1.801,-6.459,-0.310,4.024,0.0000,0.0000,0.0000,0.0000,0.0000,0.0000,0.0000,0.0000,12.63,26.29,27,-9.680,1,106.8
608.632,+0.0642,-0.0378,-0.0150,0.0489,-0.3178,1.807,-6.383,0.328,0.222,0.0000,0.0000,0.0000,0.0000,0.0000,0.0000,0.0000,0.0000,12.63,26.29,27,-9.440,1,106.8
608.658,+0.0479,+0.1052,-0.0150,0.0489,-0.3178,1.807,-6.383,0.328,0.222,0.0000,0.0000,0.0000,0.0000,0.0000,0.0000,0.0000,0.0000,12.63,26.29,27,-9.440,1,106.8
608.692,+0.0224,+0.0350,-0.0150,0.0489,-0.3178,1.807,-6.383,0.328,0.222,0.0000,0.0000,0.0000,0.0000,0.0000,0.0000,0.0000,0.0000,12.63,26.29,27,-9.440,1,106.8
608.719,+0.0458,+0.0636,-0.0150,0.0489,-0.3178,1.807,-6.383,0.328,0.222,0.0000,0.0000,0.0000,0.0000,0.0000,0.0000,0.0000,0.0000,12.63,26.29,27,-9.440,1,106.8
608.786,+0.0319,+0.0087,-0.0200,0.0556,-0.3422,1.551,-6.974,-2.267,-4.685,0.0000,0.0000,0.0000,0.0000,0.0000,0.0000,0.0000,0.0000,12.15,26.26,27,-8.710,1,100.1
608.818,+0.0174,+0.0602,-0.0200,0.0556,-0.3467,1.546,-6.983,-2.263,-4.533,0.0000,0.0000,0.0000,0.0000,0.0000,0.0000,0.0000,0.0000,12.15,26.26,27,-8.760,1,100.1
608.860,+0.0204,+0.0119,-0.0200,0.0567,-0.3478,1.351,-7.301,-1.173,-2.026,0.0000,0.0000,0.0000,0.0000,0.0000,0.0000,0.0000,0.0000,12.15,26.24,28,-8.130,1,100.1
608.884,+0.0049,+0.0394,-0.0200,0.0578,-0.3511,1.351,-7.301,-1.173,-2.026,0.0000,0.0000,0.0000,0.0000,0.0000,0.0000,0.0000,0.0000,12.15,26.24,28,-8.130,1,100.1
608.930,+0.0375,+0.0497,-0.0200,0.0578,-0.3511,1.351,-7.301,-1.173,-2.026,0.0000,0.0000,0.0000,0.0000,0.0000,0.0000,0.0000,0.0000,12.15,26.24,28,-8.130,1,100.1
608.965,+0.0375,+0.0336,-0.0200,0.0578,-0.3511,1.351,-7.301,-1.173,-2.026,0.0000,0.0000,0.0000,0.0000,0.0000,0.0000,0.0000,0.0000,12.15,26.24,28,-8.130,1,100.1
608.989,+0.0716,+0.0533,-0.0200,0.0578,-0.3511,1.351,-7.301,-1.173,-2.026,0.0000,0.0000,0.0000,0.0000,0.0000,0.0000,0.0000,0.0000,12.15,26.24,28,-8.130,1,100.1
609.017,+0.0396,+0.0514,-0.0200,0.0578,-0.3511,1.351,-7.301,-1.173,-2.026,0.0000,0.0000,0.0000,0.0000,0.0000,0.0000,0.0000,0.0000,12.15,26.21,27,-8.130,1,100.1
609.046,+0.0685,+0.0513,-0.0200,0.0578,-0.3622,1.325,-7.477,0.607,-1.740,0.0000,0.0000,0.0000,0.0000,0.0000,0.0000,0.0000,0.0000,11.74,26.20,27,-7.830,1,94.8
609.076,+0.0704,+0.0548,-0.0150,0.0544,-0.3678,1.382,-7.828,-0.106,-2.454,0.0000,0.0000,0.0000,0.0000,0.0000,0.0000,0.0000,0.0000,11.74,26.20,27,-7.880,1,94.8
609.150,+0.0437,+0.0756,-0.0100,0.0522,-0.3722,1.358,-7.955,-0.647,-2.411,0.0000,0.0000,0.0000,0.0000,0.0000,0.0000,0.0000,0.0000,11.41,26.20,27,-8.000,1,90.8
609.186,+0.0437,+0.0612,-0.0100,0.0522,-0.3722,1.358,-7.955,-0.647,-2.411,0.0000,0.0000,0.0000,0.0000,0.0000,0.0000,0.0000,0.0000,11.41,26.20,27,-8.000,1,90.8
609.219,+0.0437,+0.0689,-0.0100,0.0522,-0.3722,1.358,-7.955,-0.647,-2.411,0.0000,0.0000,0.0000,0.0000,0.0000,0.0000,0.0000,0.0000,11.41,26.20,27,-8.000,1,90.8
609.244,+0.0437,+0.0846,-0.0100,0.0522,-0.3722,1.358,-7.955,-0.647,-2.411,0.0000,0.0000,0.0000,0.0000,0.0000,0.0000,0.0000,0.0000,11.41,26.20,27,-8.000,1,90.8
609.282,+0.0207,+0.0706,-0.0100,0.0522,-0.3722,1.306,-8.084,-1.121,-2.327,0.0000,0.0000,0.0000,0.0000,0.0000,0.0000,0.0000,0.0000,11.41,26.17,28,-8.000,1,90.8
609.328,+0.0417,+0.0676,-0.0150,0.0567,-0.3856,1.136,-8.341,-1.745,-2.381,0.0000,0.0000,0.0000,0.0000,0.0000,0.0000,0.0000,0.0000,10.92,26.17,28,-7.510,1,85.5
609.355,+0.0100,-0.0193,-0.0150,0.0578,-0.3889,1.131,-8.345,-2.269,-2.299,0.0000,0.0000,0.0000,0.0000,0.0000,0.0000,0.0000,0.0000,10.92,26.17,28,-7.600,1,85.5
609.384,+0.0396,+0.0333,-0.0150,0.0578,-0.3889,1.131,-8.345,-2.269,-2.299,0.0000,0.0000,0.0000,0.0000,0.0000,0.0000,0.0000,0.0000,10.92,26.17,28,-7.600,1,85.5
609.423,+0.0173,-0.0063,-0.0150,0.0578,-0.3889,1.131,-8.345,-2.269,-2.299,0.0000,0.0000,0.0000,0.0000,0.0000,0.0000,0.0000,0.0000,10.92,26.17,28,-7.600,1,85.5
609.454,+0.0375,-0.0675,-0.0150,0.0578,-0.3889,1.131,-8.345,-2.269,-2.299,0.0000,0.0000,0.0000,0.0000,0.0000,0.0000,0.0000,0.0000,10.92,26.17,28,-7.600,1,85.5
609.486,+0.0375,-0.0265,-0.0150,0.0578,-0.3889,1.131,-8.345,-2.269,-2.299,0.0000,0.0000,0.0000,0.0000,0.0000,0.0000,0.0000,0.0000,10.92,26.17,28,-7.600,1,85.5
609.516,+0.0656,-0.0315,-0.0150,0.0578,-0.3889,0.811,-8.429,-1.245,2.777,0.0000,0.0000,0.0000,0.0000,0.0000,0.0000,0.0000,0.0000,10.92,26.16,28,-7.600,1,85.5
609.560,+0.0396,-0.0209,-0.0150,0.0567,-0.3678,0.739,-8.270,-1.095,2.977,0.0000,0.0000,0.0000,0.0000,0.0000,0.0000,0.0000,0.0000,10.39,26.16,27,-8.220,1,80.1
609.585,+0.0736,-0.0493,-0.0200,0.0578,-0.3689,0.682,-8.156,-1.157,1.929,0.0000,0.0000,0.0000,0.0000,0.0000,0.0000,0.0000,0.0000,10.39,26.16,27,-10.550,1,80.1
609.614,+0.0417,-0.0450,-0.0200,0.0556,-0.3533,0.682,-8.156,-1.157,1.929,0.0000,0.0000,0.0000,0.0000,0.0000,0.0000,0.0000,0.0000,10.39,26.16,27,-10.550,1,80.1
609.648,+0.0666,+0.0037,-0.0200,0.0556,-0.3533,0.682,-8.156,-1.157,1.929,0.0000,0.0000,0.0000,0.0000,0.0000,0.0000,0.0000,0.0000,10.39,26.16,27,-10.550,1,80.1
609.689,+0.0437,-0.0348,-0.0200,0.0556,-0.3533,0.682,-8.156,-1.157,1.929,0.0000,0.0000,0.0000,0.0000,0.0000,0.0000,0.0000,0.0000,10.39,26.16,27,-10.550,1,80.1
609.718,+0.0437,-0.0516,-0.0200,0.0556,-0.3533,0.682,-8.156,-1.157,1.929,0.0000,0.0000,0.0000,0.0000,0.0000,0.0000,0.0000,0.0000,10.39,26.16,27,-10.550,1,80.1
609.783,+0.0437,-0.0290,-0.0250,0.0611,-0.3589,0.285,-7.969,-1.934,1.239,0.0000,0.0000,0.0000,0.0000,0.0000,0.0000,0.0000,0.0000,9.86,26.18,27,-8.670,1,74.7
609.815,+0.0437,-0.0074,-0.0250,0.0622,-0.3556,0.233,-7.913,-0.879,1.268,0.0000,0.0000,0.0000,0.0000,0.0000,0.0000,0.0000,0.0000,9.86,26.18,27,-10.700,1,74.7
609.846,+0.0437,-0.0074,-0.0250,0.0611,-0.3456,0.211,-7.865,-0.304,1.001,0.0000,0.0000,0.0000,0.0000,0.0000,0.0000,0.0000,0.0000,9.86,26.18,26,-8.690,1,74.7
609.893,+0.0437,-0.0074,-0.0300,0.0611,-0.3433,0.211,-7.865,-0.304,1.001,0.0000,0.0000,0.0000,0.0000,0.0000,0.0000,0.0000,0.0000,9.86,26.18,26,-8.690,1,74.7
609.943,+0.0437,+0.0242,-0.0300,0.0611,-0.3433,0.211,-7.865,-0.304,1.001,0.0000,0.0000,0.0000,0.0000,0.0000,0.0000,0.0000,0.0000,9.86,26.18,26,-8.690,1,74.7
609.970,+0.0122,+0.0523,-0.0300,0.0611,-0.3433,0.211,-7.865,-0.304,1.001,0.0000,0.0000,0.0000,0.0000,0.0000,0.0000,0.0000,0.0000,9.86,26.18,26,-8.690,1,74.7
609.996,+0.0417,+0.0578,-0.0300,0.0611,-0.3433,0.211,-7.865,-0.304,1.001,0.0000,0.0000,0.0000,0.0000,0.0000,0.0000,0.0000,0.0000,9.86,26.18,26,-8.690,1,74.7
610.027,+0.0417,+0.0037,-0.0300,0.0633,-0.3522,0.203,-7.862,-0.168,-0.771,0.0000,0.0000,0.0000,0.0000,0.0000,0.0000,0.0000,0.0000,9.86,26.18,27,-10.900,1,74.7
610.059,+0.0417,+0.0514,-0.0300,0.0622,-0.3400,0.195,-8.088,0.517,-2.391,0.0000,0.0000,0.0000,0.0000,0.0000,0.0000,0.0000,0.0000,9.26,26.18,26,-11.090,1,68.3
610.090,+0.0695,+0.0074,-0.0300,0.0622,-0.3311,0.219,-8.191,0.804,-1.789,0.0000,0.0000,0.0000,0.0000,0.0000,0.0000,0.0000,0.0000,8.89,26.18,26,-11.220,1,64.3
610.117,+0.0437,+0.0624,-0.0300,0.0622,-0.3444,0.259,-8.272,0.921,-1.092,0.0000,0.0000,0.0000,0.0000,0.0000,0.0000,0.0000,0.0000,8.89,26.18,26,-8.330,1,64.3
610.194,+0.0562,+0.0111,-0.0300,0.0622,-0.3444,0.259,-8.272,0.921,-1.092,0.0000,0.0000,0.0000,0.0000,0.0000,0.0000,0.0000,0.0000,8.89,26.18,26,-8.330,1,64.3
610.227,+0.0458,+0.0573,-0.0300,0.0622,-0.3444,0.259,-8.272,0.921,-1.092,0.0000,0.0000,0.0000,0.0000,0.0000,0.0000,0.0000,0.0000,8.89,26.18,26,-8.330,1,64.3
610.253,+0.0779,+0.0148,-0.0300,0.0622,-0.3444,0.259,-8.272,0.921,-1.092,0.0000,0.0000,0.0000,0.0000,0.0000,0.0000,0.0000,0.0000,8.89,26.18,26,-8.330,1,64.3
610.282,+0.0479,+0.0667,-0.0300,0.0622,-0.3444,0.337,-8.363,0.631,-0.682,0.0000,0.0000,0.0000,0.0000,0.0000,0.0000,0.0000,0.0000,8.89,26.16,27,-11.350,1,64.3
610.321,+0.0704,+0.0584,-0.0300,0.0622,-0.3511,0.402,-8.395,1.987,-0.617,0.0000,0.0000,0.0000,0.0000,0.0000,0.0000,0.0000,0.0000,8.49,26.16,27,-8.360,1,60.3
610.356,+0.0500,+0.0662,-0.0300,0.0633,-0.3633,0.509,-8.445,2.249,-1.232,0.0000,0.0000,0.0000,0.0000,0.0000,0.0000,0.0000,0.0000,8.49,26.16,27,-8.780,1,60.3
610.399,+0.0500,+0.0991,-0.0300,0.0633,-0.3633,0.509,-8.445,2.249,-1.232,0.0000,0.0000,0.0000,0.0000,0.0000,0.0000,0.0000,0.0000,8.49,26.16,27,-8.780,1,60.3
610.438,+0.0500,+0.0732,-0.0300,0.0633,-0.3633,0.509,-8.445,2.249,-1.232,0.0000,0.0000,0.0000,0.0000,0.0000,0.0000,0.0000,0.0000,8.49,26.16,27,-8.780,1,60.3
610.466,+0.0203,+0.0899,-0.0300,0.0633,-0.3633,0.509,-8.445,2.249,-1.232,0.0000,0.0000,0.0000,0.0000,0.0000,0.0000,0.0000,0.0000,8.49,26.16,27,-8.780,1,60.3
610.494,+0.0479,+0.0947,-0.0300,0.0633,-0.3633,0.509,-8.445,2.249,-1.232,0.0000,0.0000,0.0000,0.0000,0.0000,0.0000,0.0000,0.0000,8.49,26.16,27,-8.780,1,60.3
610.521,+0.0479,+0.1008,-0.0300,0.0633,-0.3633,0.788,-8.811,2.051,-3.163,0.0000,0.0000,0.0000,0.0000,0.0000,0.0000,0.0000,0.0000,8.49,26.16,27,-8.780,1,60.3
610.552,+0.0203,+0.0973,-0.0300,0.0644,-0.3822,0.896,-8.974,2.524,-2.933,0.0000,0.0000,0.0000,0.0000,0.0000,0.0000,0.0000,0.0000,7.84,26.16,27,-8.280,1,53.9
610.589,+0.0693,+0.1353,-0.0250,0.0644,-0.3889,1.016,-9.109,2.917,-2.485,0.0000,0.0000,0.0000,0.0000,0.0000,0.0000,0.0000,0.0000,7.84,26.16,27,-8.060,1,53.9
610.617,+0.0479,+0.1138,-0.0250,0.0644,-0.3889,1.016,-9.109,2.917,-2.485,0.0000,0.0000,0.0000,0.0000,0.0000,0.0000,0.0000,0.0000,7.84,26.16,27,-8.060,1,53.9
610.639,+0.0479,+0.0630,-0.0250,0.0644,-0.3889,1.016,-9.109,2.917,-2.485,0.0000,0.0000,0.0000,0.0000,0.0000,0.0000,0.0000,0.0000,7.84,26.16,27,-8.060,1,53.9
610.682,+0.0479,+0.0992,-0.0250,0.0644,-0.3889,1.016,-9.109,2.917,-2.485,0.0000,0.0000,0.0000,0.0000,0.0000,0.0000,0.0000,0.0000,7.84,26.16,27,-8.060,1,53.9
610.713,+0.0479,+0.0667,-0.0250,0.0644,-0.3889,1.016,-9.109,2.917,-2.485,0.0000,0.0000,0.0000,0.0000,0.0000,0.0000,0.0000,0.0000,7.84,26.16,27,-8.060,1,53.9
610.800,+0.0479,+0.0667,-0.0200,0.0622,-0.4044,1.580,-9.527,2.015,-1.116,0.0000,0.0000,0.0000,0.0000,0.0000,0.0000,0.0000,0.0000,7.12,26.17,27,-7.480,0,47.5
610.824,+0.0479,+0.0667,-0.0200,0.0600,-0.3822,1.671,-9.488,2.337,3.270,0.0000,0.0000,0.0000,0.0000,0.0000,0.0000,0.0000,0.0000,7.12,26.17,27,-7.900,0,47.5
610.854,+0.0479,+0.0667,-0.0200,0.0589,-0.3744,1.792,-9.244,2.409,5.276,0.0000,0.0000,0.0000,0.0000,0.0000,0.0000,0.0000,0.0000,7.12,26.17,27,-7.530,0,47.5
610.882,-0.4114,-0.3776,-0.0200,0.0589,-0.3744,1.792,-9.244,2.409,5.276,0.0000,0.0000,0.0000,0.0000,0.0000,0.0000,0.0000,0.0000,7.12,26.17,27,-7.530,1,47.5
610.970,-0.0938,-0.0704,-0.0150,0.0578,-0.3800,2.155,-8.577,0.957,1.336,0.0000,0.0000,0.0000,0.0000,0.0000,0.0000,0.0000,0.0000,6.50,26.22,27,-7.670,1,42.2
611.096,-0.1105,-0.1001,0.0050,0.0378,-0.3489,2.189,-8.518,0.732,1.441,0.0000,0.0000,0.0000,0.0000,0.0000,0.0000,0.0000,0.0000,6.21,26.22,27,-11.810,1,39.6
611.220,-0.1317,-0.1379,0.0050,0.0344,-0.3322,2.237,-8.292,0.103,1.526,0.0000,0.0000,0.0000,0.0000,0.0000,0.0000,0.0000,0.0000,5.54,26.26,26,-9.480,1,33.1
611.349,-0.1558,-0.1514,0.0050,0.0356,-0.3333,2.224,-8.170,-0.004,1.264,0.0000,0.0000,0.0000,0.0000,0.0000,0.0000,0.0000,0.0000,5.54,26.26,26,-9.830,1,33.1
611.472,-0.1442,-0.1678,0.0050,0.0356,-0.3222,1.839,-7.965,-4.157,0.858,0.0000,0.0000,0.0000,0.0000,0.0000,0.0000,0.0000,0.0000,5.02,26.26,26,-10.390,1,27.9
611.590,-0.1162,-0.1222,0.0100,0.0322,-0.3167,1.830,-7.964,-4.202,0.828,0.0000,0.0000,0.0000,0.0000,0.0000,0.0000,0.0000,0.0000,5.02,26.26,26,-10.640,1,27.9
611.711,-0.1143,-0.0763,0.0050,0.0378,-0.3422,1.139,-8.686,-5.848,-6.060,0.0000,0.0000,0.0000,0.0000,0.0000,0.0000,0.0000,0.0000,4.63,26.26,25,-11.090,1,23.8
611.835,-0.1208,-0.0205,0.0000,0.0400,-0.3378,0.492,-9.178,-6.718,-3.627,0.0000,0.0000,0.0000,0.0000,0.0000,0.0000,0.0000,0.0000,4.63,26.23,25,-10.830,1,23.8
611.964,-0.1290,+0.0131,-0.0050,0.0489,-0.3578,-0.741,-9.907,-4.755,-3.398,0.0000,0.0000,0.0000,0.0000,0.0000,0.0000,0.0000,0.0000,3.78,26.22,26,-10.660,1,15.9
612.089,-0.1313,+0.0719,-0.0100,0.0511,-0.3667,-1.184,-10.210,-4.465,-2.789,0.0000,0.0000,0.0000,0.0000,0.0000,0.0000,0.0000,0.0000,3.45,26.22,26,-10.190,1,13.3
612.213,-0.1313,+0.0719,-0.0100,0.0511,-0.3667,-1.184,-10.210,-4.465,-2.789,0.0000,0.0000,0.0000,0.0000,0.0000,0.0000,0.0000,0.0000,3.45,26.22,26,-10.190,0,13.3
612.285,-0.1313,+0.0719,-0.0100,0.0511,-0.3667,-1.678,-10.513,-5.280,-2.717,0.0000,0.0000,0.0000,0.0000,0.0000,0.0000,0.0000,0.0000,3.45,26.23,26,-10.190,0,13.3
612.312,-0.1313,+0.0719,-0.0150,0.0567,-0.3833,-1.952,-10.665,-5.706,-2.792,0.0000,0.0000,0.0000,0.0000,0.0000,0.0000,0.0000,0.0000,3.45,26.23,26,-9.890,0,13.3
612.343,+0.0622,-0.6212,0.0900,0.0378,0.8822,26.122,47.787,319.032,94.887,0.0000,0.0000,0.0000,0.0000,0.0000,0.0000,0.0000,0.0000,1.84,19.03,18,-9.120,1,3.6
612.794,+0.0622,-0.6212,-0.7850,0.5511,-0.1933,-169.452,41.008,-201.322,184.117,0.0000,0.0000,0.0000,0.0000,0.0000,0.0000,0.0000,0.0000,-0.72,15.60,18,-16.440,0,11.2
613.168,+0.0622,-0.6212,-0.7850,0.5511,-0.1933,-169.452,41.008,-201.322,184.117,0.0000,0.0000,0.0000,0.0000,0.0000,0.0000,0.0000,0.0000,-0.72,15.60,18,-16.440,0,11.2
613.195,+0.0622,-0.6212,-0.7850,0.5511,-0.1933,-169.452,41.008,-201.322,184.117,0.0000,0.0000,0.0000,0.0000,0.0000,0.0000,0.0000,0.0000,-0.72,15.60,18,-16.440,0,11.2
613.235,+0.0622,-0.6212,-0.7850,0.5511,-0.1933,-169.452,41.008,-201.322,184.117,0.0000,0.0000,0.0000,0.0000,0.0000,0.0000,0.0000,0.0000,-0.72,15.60,18,-16.440,0,11.2
613.261,+0.0622,-0.6212,-0.7850,0.5511,-0.1933,158.871,14.201,-286.695,267.562,0.0000,0.0000,0.0000,0.0000,0.0000,0.0000,0.0000,0.0000,-0.72,12.86,18,-17.330,0,11.2
613.300,+0.0622,-0.6212,-0.6200,0.3978,0.6533,114.737,-10.139,-350.447,135.952,0.0000,0.0000,0.0000,0.0000,0.0000,0.0000,0.0000,0.0000,-0.72,12.78,18,-10.460,0,11.2
613.325,+0.0622,-0.6212,0.1850,0.1089,1.1089,114.088,-10.096,-305.709,121.694,0.0000,0.0000,0.0000,0.0000,0.0000,0.0000,0.0000,0.0000,-1.40,8.42,19,-10.460,0,13.6
613.360,+0.0622,-0.6212,0.3600,0.0544,1.0544,114.088,-10.096,-305.709,121.694,0.0000,0.0000,0.0000,0.0000,0.0000,0.0000,0.0000,0.0000,-1.40,8.42,19,-10.200,0,13.6
613.388,+0.0622,-0.6212,0.3600,0.0544,1.0544,114.088,-10.096,-305.709,121.694,0.0000,0.0000,0.0000,0.0000,0.0000,0.0000,0.0000,0.0000,-1.40,8.42,19,-10.200,0,13.6
