timestamp_s,errorx,errory,aileron,elevator,rudder,roll_deg,pitch_deg,roll_rate_dps,pitch_rate_dps,pid_roll_desired,pid_roll_P,pid_roll_I,pid_roll_D,pid_pitch_desired,pid_pitch_P,pid_pitch_I,pid_pitch_D,alt_rel_m,groundspeed_ms,throttle_pct,nav_pitch_deg,target_locked,dist_m
4141.373,+0.9896,-0.6481,-0.0467,-0.0443,-0.5929,0.313,-4.818,1.861,0.300,0.0000,0.0000,0.0000,0.0000,0.0000,0.0000,0.0000,0.0000,86.63,24.51,45,-0.360,1,693.3
4141.399,+0.9896,-0.7054,-0.0467,-0.0471,-0.5986,0.407,-4.805,1.835,0.267,0.0000,0.0000,0.0000,0.0000,0.0000,0.0000,0.0000,0.0000,86.63,24.51,45,-0.510,1,693.3
4141.431,+1.0000,-0.6519,-0.0467,-0.0486,-0.6029,0.501,-4.794,1.836,0.248,0.0000,0.0000,0.0000,0.0000,0.0000,0.0000,0.0000,0.0000,86.63,24.51,45,-0.670,1,693.3
4141.463,+1.0000,-0.6519,-0.0533,-0.0429,-0.6029,0.591,-4.784,1.452,0.111,0.0000,0.0000,0.0000,0.0000,0.0000,0.0000,0.0000,0.0000,86.63,24.51,45,-1.020,1,693.3
4141.498,+0.9938,-0.6519,-0.0600,-0.0386,-0.6014,0.635,-4.796,0.631,-0.261,0.0000,0.0000,0.0000,0.0000,0.0000,0.0000,0.0000,0.0000,86.63,24.51,45,-1.360,1,693.3
4141.533,+1.0000,-0.6519,-0.0600,-0.0386,-0.6014,0.633,-4.807,-0.216,0.219,0.0000,0.0000,0.0000,0.0000,0.0000,0.0000,0.0000,0.0000,86.38,24.51,45,-1.670,1,687.1
4141.571,+1.0000,-0.6918,-0.0667,-0.0329,-0.5929,0.631,-4.806,-0.494,0.461,0.0000,0.0000,0.0000,0.0000,0.0000,0.0000,0.0000,0.0000,86.38,24.52,44,-1.980,1,687.1
4141.600,+0.9979,-0.7083,-0.0667,-0.0329,-0.5929,0.600,-4.742,-0.581,2.085,0.0000,0.0000,0.0000,0.0000,0.0000,0.0000,0.0000,0.0000,86.38,24.52,44,-2.300,1,687.1
4141.629,+0.9979,-0.6593,-0.0733,-0.0286,-0.5829,0.600,-4.742,-0.581,2.085,0.0000,0.0000,0.0000,0.0000,0.0000,0.0000,0.0000,0.0000,86.38,24.52,44,-2.300,1,687.1
4141.655,+0.9979,-0.7168,-0.0733,-0.0286,-0.5829,0.600,-4.742,-0.581,2.085,0.0000,0.0000,0.0000,0.0000,0.0000,0.0000,0.0000,0.0000,86.38,24.52,44,-2.300,1,687.1
4141.748,+0.9979,-0.6818,-0.0733,-0.0286,-0.5829,0.600,-4.742,-0.581,2.085,0.0000,0.0000,0.0000,0.0000,0.0000,0.0000,0.0000,0.0000,86.38,24.52,44,-2.300,1,687.1
4141.792,+0.9979,-0.6667,-0.0800,-0.0214,-0.5529,0.648,-4.255,0.804,6.963,0.0000,0.0000,0.0000,0.0000,0.0000,0.0000,0.0000,0.0000,86.38,24.53,44,-3.070,1,687.1
4141.826,+0.9979,-0.7121,-0.0800,-0.0214,-0.5529,0.676,-3.872,0.424,7.049,0.0000,0.0000,0.0000,0.0000,0.0000,0.0000,0.0000,0.0000,86.20,24.53,44,-3.070,1,682.4
4141.901,+0.9979,-0.6704,-0.0933,-0.0043,-0.5157,0.665,-3.530,-0.581,5.579,0.0000,0.0000,0.0000,0.0000,0.0000,0.0000,0.0000,0.0000,86.20,24.54,44,-4.780,1,682.4
4141.921,+0.9979,-0.7429,-0.1000,-0.0000,-0.5086,0.620,-3.303,-1.284,4.412,0.0000,0.0000,0.0000,0.0000,0.0000,0.0000,0.0000,0.0000,86.20,24.54,44,-5.270,1,682.4
4141.972,+0.9979,-0.6741,-0.1067,0.0043,-0.4986,0.544,-3.110,-1.777,3.768,0.0000,0.0000,0.0000,0.0000,0.0000,0.0000,0.0000,0.0000,86.08,24.54,44,-5.810,1,678.7
4142.004,+0.9979,-0.7211,-0.1067,0.0086,-0.4857,0.453,-2.941,-1.943,3.655,0.0000,0.0000,0.0000,0.0000,0.0000,0.0000,0.0000,0.0000,86.08,24.54,44,-6.280,1,678.7
4142.031,+0.9979,-0.6778,-0.1133,0.0129,-0.4729,0.449,-2.934,-1.993,3.623,0.0000,0.0000,0.0000,0.0000,0.0000,0.0000,0.0000,0.0000,86.08,24.54,44,-6.950,1,678.7
4142.071,+0.9979,-0.6778,-0.1133,0.0171,-0.4571,0.391,-2.734,-0.014,4.657,0.0000,0.0000,0.0000,0.0000,0.0000,0.0000,0.0000,0.0000,86.08,24.54,44,-7.380,0,678.7
4142.130,+0.9979,-0.6778,-0.1200,0.0200,-0.4486,0.656,-2.362,3.965,0.055,0.0000,0.0000,0.0000,0.0000,0.0000,0.0000,0.0000,0.0000,86.01,24.53,43,-8.370,0,673.9
4142.178,+0.9979,-0.6778,-0.1200,0.0200,-0.4486,0.656,-2.362,3.965,0.055,0.0000,0.0000,0.0000,0.0000,0.0000,0.0000,0.0000,0.0000,86.01,24.53,43,-8.370,0,673.9
4142.198,-1.0000,-0.0229,-0.1200,0.0200,-0.4486,0.656,-2.362,3.965,0.055,0.0000,0.0000,0.0000,0.0000,0.0000,0.0000,0.0000,0.0000,86.01,24.53,43,-8.370,1,673.9
4142.254,-0.2333,-0.4778,-0.1200,0.0200,-0.4600,1.039,-2.965,5.034,-8.692,0.0000,0.0000,0.0000,0.0000,0.0000,0.0000,0.0000,0.0000,86.01,24.51,43,-9.060,1,673.9
4142.280,-0.2333,-0.4193,-0.1200,0.0200,-0.4600,1.325,-3.368,6.554,-7.185,0.0000,0.0000,0.0000,0.0000,0.0000,0.0000,0.0000,0.0000,86.01,24.51,43,-9.420,1,673.9
4142.316,-0.2570,-0.4320,0.0133,-0.0771,-0.4629,1.672,-3.663,7.741,-4.701,0.0000,0.0000,0.0000,0.0000,0.0000,0.0000,0.0000,0.0000,86.01,24.50,43,-7.420,1,673.9
4142.338,-0.2354,-0.4010,0.0133,-0.0771,-0.4629,1.672,-3.663,7.741,-4.701,0.0000,0.0000,0.0000,0.0000,0.0000,0.0000,0.0000,0.0000,85.99,24.50,43,-7.420,1,668.0
4142.365,-0.2663,-0.4118,-0.0467,-0.0314,-0.4571,2.118,-3.867,8.354,-2.728,0.0000,0.0000,0.0000,0.0000,0.0000,0.0000,0.0000,0.0000,85.99,24.50,43,-8.310,1,668.0
4142.398,-0.2375,-0.4163,-0.0467,-0.0343,-0.4571,2.600,-3.964,11.180,-1.260,0.0000,0.0000,0.0000,0.0000,0.0000,0.0000,0.0000,0.0000,85.99,24.50,43,-8.660,1,668.0
4142.452,-0.2375,-0.4295,-0.0333,-0.0429,-0.4514,3.202,-4.032,11.647,-1.708,0.0000,0.0000,0.0000,0.0000,0.0000,0.0000,0.0000,0.0000,85.99,24.50,43,-9.270,1,668.0
4142.479,-0.2057,-0.3989,-0.0333,-0.0429,-0.4514,3.226,-4.036,12.041,-1.962,0.0000,0.0000,0.0000,0.0000,0.0000,0.0000,0.0000,0.0000,85.99,24.50,43,-9.270,1,668.0
4142.511,-0.1824,-0.4047,-0.0267,-0.0457,-0.4486,3.226,-4.036,12.041,-1.962,0.0000,0.0000,0.0000,0.0000,0.0000,0.0000,0.0000,0.0000,85.92,24.51,42,-9.580,1,664.2
4142.541,-0.1738,-0.3970,-0.0200,-0.0486,-0.4514,3.837,-4.185,11.202,-3.808,0.0000,0.0000,0.0000,0.0000,0.0000,0.0000,0.0000,0.0000,85.92,24.51,42,-9.940,1,664.2
4142.567,-0.1629,-0.3873,-0.0267,-0.0457,-0.4486,4.342,-4.358,10.064,-4.016,0.0000,0.0000,0.0000,0.0000,0.0000,0.0000,0.0000,0.0000,85.92,24.51,42,-10.150,1,664.2
4142.614,-0.1655,-0.3727,-0.0200,-0.0471,-0.4443,4.835,-4.551,8.722,-3.850,0.0000,0.0000,0.0000,0.0000,0.0000,0.0000,0.0000,0.0000,85.92,24.52,42,-10.390,1,664.2
4142.650,-0.1694,-0.3493,-0.0200,-0.0471,-0.4443,4.835,-4.551,8.722,-3.850,0.0000,0.0000,0.0000,0.0000,0.0000,0.0000,0.0000,0.0000,85.92,24.52,42,-10.390,1,664.2
4142.694,-0.1723,-0.3902,-0.0200,-0.0471,-0.4443,4.835,-4.551,8.722,-3.850,0.0000,0.0000,0.0000,0.0000,0.0000,0.0000,0.0000,0.0000,85.92,24.52,42,-10.390,1,664.2
4142.741,-0.2083,-0.3550,-0.0200,-0.0471,-0.4443,4.835,-4.551,8.722,-3.850,0.0000,0.0000,0.0000,0.0000,0.0000,0.0000,0.0000,0.0000,85.92,24.52,42,-10.390,1,664.2
4142.782,-0.2083,-0.3769,-0.0133,-0.0514,-0.4400,5.634,-4.905,7.932,-3.511,0.0000,0.0000,0.0000,0.0000,0.0000,0.0000,0.0000,0.0000,85.92,24.52,42,-10.810,1,664.2
4142.811,-0.2382,-0.3580,-0.0133,-0.0514,-0.4400,5.634,-4.905,7.932,-3.511,0.0000,0.0000,0.0000,0.0000,0.0000,0.0000,0.0000,0.0000,85.73,24.53,42,-10.810,1,658.1
4142.841,-0.2671,-0.3067,-0.0133,-0.0543,-0.4400,6.055,-5.101,8.512,-3.458,0.0000,0.0000,0.0000,0.0000,0.0000,0.0000,0.0000,0.0000,85.73,24.53,42,-10.920,1,658.1
4142.867,-0.2803,-0.3416,-0.0067,-0.0571,-0.4371,6.055,-5.101,8.512,-3.458,0.0000,0.0000,0.0000,0.0000,0.0000,0.0000,0.0000,0.0000,85.73,24.54,41,-11.340,1,658.1
4142.914,-0.2563,-0.2962,0.0000,-0.0629,-0.4400,6.802,-5.829,-0.283,-5.586,0.0000,0.0000,0.0000,0.0000,0.0000,0.0000,0.0000,0.0000,85.73,24.54,41,-11.830,1,658.1
4142.952,-0.2688,-0.2628,0.0000,-0.0629,-0.4371,6.802,-5.829,-0.283,-5.586,0.0000,0.0000,0.0000,0.0000,0.0000,0.0000,0.0000,0.0000,85.51,24.57,41,-12.050,1,653.3
4142.983,-0.2547,-0.2270,0.0000,-0.0671,-0.4386,6.797,-5.853,-1.038,-5.555,0.0000,0.0000,0.0000,0.0000,0.0000,0.0000,0.0000,0.0000,85.51,24.57,41,-12.240,1,653.3
4143.009,-0.2292,-0.1877,0.0000,-0.0657,-0.4371,6.734,-6.186,-1.482,-7.273,0.0000,0.0000,0.0000,0.0000,0.0000,0.0000,0.0000,0.0000,85.51,24.58,41,-12.240,1,653.3
4143.041,-0.2292,-0.1590,0.0000,-0.0671,-0.4443,6.646,-6.541,-2.434,-7.734,0.0000,0.0000,0.0000,0.0000,0.0000,0.0000,0.0000,0.0000,85.51,24.58,41,-12.140,1,653.3
4143.069,-0.2292,-0.1241,0.0000,-0.0671,-0.4471,6.646,-6.541,-2.434,-7.734,0.0000,0.0000,0.0000,0.0000,0.0000,0.0000,0.0000,0.0000,85.51,24.58,41,-12.140,1,653.3
4143.097,-0.1983,-0.1578,0.0000,-0.0657,-0.4514,6.509,-6.887,-3.719,-7.428,0.0000,0.0000,0.0000,0.0000,0.0000,0.0000,0.0000,0.0000,85.51,24.61,41,-11.900,1,653.3
4143.149,-0.2099,-0.1275,0.0000,-0.0657,-0.4571,6.307,-7.217,-5.028,-6.883,0.0000,0.0000,0.0000,0.0000,0.0000,0.0000,0.0000,0.0000,85.29,24.61,41,-11.610,1,649.7
4143.178,-0.2250,-0.0809,0.0000,-0.0657,-0.4571,6.307,-7.217,-5.028,-6.883,0.0000,0.0000,0.0000,0.0000,0.0000,0.0000,0.0000,0.0000,85.29,24.61,41,-11.610,1,649.7
4143.213,-0.2004,-0.1430,0.0000,-0.0657,-0.4571,6.022,-7.555,-6.000,-6.463,0.0000,0.0000,0.0000,0.0000,0.0000,0.0000,0.0000,0.0000,85.29,24.61,41,-11.740,1,649.7
4143.244,-0.2229,-0.0657,-0.0067,-0.0614,-0.4614,5.720,-7.865,-6.886,-6.645,0.0000,0.0000,0.0000,0.0000,0.0000,0.0000,0.0000,0.0000,85.29,24.64,41,-11.740,1,649.7
4143.265,-0.2625,-0.0371,-0.0067,-0.0629,-0.4657,5.720,-7.865,-6.886,-6.645,0.0000,0.0000,0.0000,0.0000,0.0000,0.0000,0.0000,0.0000,85.29,24.64,41,-11.800,1,649.7
4143.330,-0.2393,-0.0592,-0.0067,-0.0614,-0.4814,4.885,-8.625,-8.273,-7.433,0.0000,0.0000,0.0000,0.0000,0.0000,0.0000,0.0000,0.0000,84.79,24.70,41,-11.600,1,643.6
4143.364,-0.3027,+0.0130,0.0000,-0.0686,-0.4886,4.477,-8.986,-7.166,-6.126,0.0000,0.0000,0.0000,0.0000,0.0000,0.0000,0.0000,0.0000,84.79,24.70,41,-11.030,1,643.6
4143.395,-0.2896,+0.0076,0.0000,-0.0700,-0.4957,4.477,-8.986,-7.166,-6.126,0.0000,0.0000,0.0000,0.0000,0.0000,0.0000,0.0000,0.0000,84.79,24.72,41,-10.700,1,643.6
4143.422,-0.2690,-0.0099,-0.0067,-0.0671,-0.4986,4.153,-9.248,-6.796,-5.402,0.0000,0.0000,0.0000,0.0000,0.0000,0.0000,0.0000,0.0000,84.79,24.72,41,-10.700,1,643.6
4143.457,-0.2642,+0.0083,0.0000,-0.0714,-0.5000,3.834,-9.481,-6.572,-4.715,0.0000,0.0000,0.0000,0.0000,0.0000,0.0000,0.0000,0.0000,84.79,24.72,41,-11.950,1,643.6
4143.518,-0.2568,-0.0177,0.0000,-0.0671,-0.4957,3.489,-9.718,-6.806,-4.560,0.0000,0.0000,0.0000,0.0000,0.0000,0.0000,0.0000,0.0000,84.26,24.79,41,-12.060,1,638.8
4143.547,-0.2151,-0.0314,-0.0067,-0.0643,-0.4871,3.117,-9.960,-7.216,-4.638,0.0000,0.0000,0.0000,0.0000,0.0000,0.0000,0.0000,0.0000,84.26,24.79,41,-13.810,1,638.8
4143.589,-0.2417,-0.0129,-0.0067,-0.0643,-0.4786,3.103,-9.969,-7.557,-4.728,0.0000,0.0000,0.0000,0.0000,0.0000,0.0000,0.0000,0.0000,84.26,24.85,41,-14.580,1,638.8
4143.616,-0.2109,-0.0053,-0.0133,-0.0571,-0.4857,2.754,-10.186,-8.186,-4.908,0.0000,0.0000,0.0000,0.0000,0.0000,0.0000,0.0000,0.0000,84.26,24.85,41,-12.200,1,638.8
4143.640,-0.2396,+0.0201,-0.0133,-0.0571,-0.4857,2.754,-10.186,-8.186,-4.908,0.0000,0.0000,0.0000,0.0000,0.0000,0.0000,0.0000,0.0000,84.26,24.85,41,-12.200,1,638.8
4143.662,-0.2016,-0.0325,-0.0133,-0.0571,-0.4857,2.754,-10.186,-8.186,-4.908,0.0000,0.0000,0.0000,0.0000,0.0000,0.0000,0.0000,0.0000,84.26,24.85,41,-12.200,1,638.8
4143.689,-0.2060,+0.0715,-0.0133,-0.0571,-0.4857,2.754,-10.186,-8.186,-4.908,0.0000,0.0000,0.0000,0.0000,0.0000,0.0000,0.0000,0.0000,84.26,24.85,41,-12.200,1,638.8
4143.772,-0.2354,+0.0588,-0.0133,-0.0600,-0.5000,1.906,-10.700,-8.533,-5.249,0.0000,0.0000,0.0000,0.0000,0.0000,0.0000,0.0000,0.0000,84.26,24.85,41,-11.110,1,638.8
4143.792,-0.2354,+0.0168,-0.0200,-0.0586,-0.5071,1.906,-10.700,-8.533,-5.249,0.0000,0.0000,0.0000,0.0000,0.0000,0.0000,0.0000,0.0000,84.26,24.92,41,-12.260,1,638.8
4143.822,-0.2634,+0.0934,-0.0200,-0.0586,-0.5071,1.889,-10.711,-8.499,-5.296,0.0000,0.0000,0.0000,0.0000,0.0000,0.0000,0.0000,0.0000,83.62,24.92,41,-12.260,1,633.8
4143.885,-0.2375,+0.0340,-0.0200,-0.0600,-0.5371,1.440,-10.958,-8.675,-4.234,0.0000,0.0000,0.0000,0.0000,0.0000,0.0000,0.0000,0.0000,83.62,24.96,42,-9.490,1,633.8
4143.923,-0.2605,+0.0075,-0.0133,-0.0657,-0.5486,0.659,-11.252,-7.178,-2.019,0.0000,0.0000,0.0000,0.0000,0.0000,0.0000,0.0000,0.0000,83.62,24.96,42,-9.300,1,633.8
4143.954,-0.2396,+0.0188,-0.0133,-0.0657,-0.5486,0.659,-11.252,-7.178,-2.019,0.0000,0.0000,0.0000,0.0000,0.0000,0.0000,0.0000,0.0000,83.09,25.03,42,-9.300,1,630.1
4143.987,-0.2132,+0.0680,-0.0133,-0.0657,-0.5543,-0.015,-11.445,-6.426,-1.999,0.0000,0.0000,0.0000,0.0000,0.0000,0.0000,0.0000,0.0000,83.09,25.03,42,-9.200,1,630.1
4144.027,-0.2156,+0.0593,-0.0200,-0.0614,-0.5529,-0.299,-11.542,-6.495,-2.130,0.0000,0.0000,0.0000,0.0000,0.0000,0.0000,0.0000,0.0000,83.09,25.11,41,-10.690,1,630.1
4144.067,-0.2135,+0.0669,-0.0267,-0.0571,-0.5543,-0.632,-11.662,-6.815,-2.239,0.0000,0.0000,0.0000,0.0000,0.0000,0.0000,0.0000,0.0000,83.09,25.11,41,-9.940,1,630.1
4144.094,-0.1719,-0.0037,-0.0267,-0.0586,-0.5586,-0.951,-11.770,-6.434,-1.852,0.0000,0.0000,0.0000,0.0000,0.0000,0.0000,0.0000,0.0000,83.09,25.25,42,-9.480,1,630.1
4144.127,-0.2025,+0.0437,-0.0267,-0.0586,-0.5586,-0.963,-11.774,-6.331,-1.771,0.0000,0.0000,0.0000,0.0000,0.0000,0.0000,0.0000,0.0000,82.14,25.25,42,-9.480,1,623.9
4144.151,-0.1925,+0.0614,-0.0267,-0.0586,-0.5643,-0.963,-11.774,-6.331,-1.771,0.0000,0.0000,0.0000,0.0000,0.0000,0.0000,0.0000,0.0000,82.14,25.25,42,-9.240,1,623.9
4144.187,-0.2009,+0.0037,-0.0267,-0.0586,-0.5643,-0.963,-11.774,-6.331,-1.771,0.0000,0.0000,0.0000,0.0000,0.0000,0.0000,0.0000,0.0000,82.14,25.25,42,-9.240,1,623.9
4144.223,-0.2229,+0.0037,-0.0333,-0.0514,-0.5457,-1.271,-11.851,-7.162,-0.332,0.0000,0.0000,0.0000,0.0000,0.0000,0.0000,0.0000,0.0000,82.14,25.25,42,-12.600,1,623.9
4144.269,-0.2036,-0.0306,-0.0333,-0.0514,-0.5371,-1.611,-11.799,-7.379,1.672,0.0000,0.0000,0.0000,0.0000,0.0000,0.0000,0.0000,0.0000,82.14,25.30,41,-10.800,1,623.9
4144.295,-0.2208,-0.1159,-0.0333,-0.0514,-0.5229,-2.237,-11.226,-5.417,6.359,0.0000,0.0000,0.0000,0.0000,0.0000,0.0000,0.0000,0.0000,82.14,25.30,41,-11.860,1,623.9
4144.333,-0.1981,-0.1285,-0.0267,-0.0500,-0.5043,-2.237,-11.226,-5.417,6.359,0.0000,0.0000,0.0000,0.0000,0.0000,0.0000,0.0000,0.0000,81.32,25.46,40,-13.720,1,618.8
4144.411,-0.2065,-0.0838,-0.0333,-0.0457,-0.4971,-2.712,-10.716,-5.115,4.430,0.0000,0.0000,0.0000,0.0000,0.0000,0.0000,0.0000,0.0000,81.32,25.52,41,-11.770,1,618.8
4144.438,-0.2167,-0.2000,-0.0333,-0.0457,-0.4971,-2.967,-10.526,-5.407,3.707,0.0000,0.0000,0.0000,0.0000,0.0000,0.0000,0.0000,0.0000,81.32,25.52,41,-11.770,1,618.8
4144.464,-0.1848,-0.1540,-0.0333,-0.0443,-0.4986,-2.967,-10.526,-5.407,3.707,0.0000,0.0000,0.0000,0.0000,0.0000,0.0000,0.0000,0.0000,81.32,25.52,41,-11.640,1,618.8
4144.494,-0.1853,-0.1524,-0.0333,-0.0457,-0.4971,-3.235,-10.356,-5.894,3.640,0.0000,0.0000,0.0000,0.0000,0.0000,0.0000,0.0000,0.0000,81.32,25.69,41,-11.280,1,618.8
4144.521,-0.1503,-0.1662,-0.0333,-0.0457,-0.4971,-3.235,-10.356,-5.894,3.640,0.0000,0.0000,0.0000,0.0000,0.0000,0.0000,0.0000,0.0000,80.57,25.69,41,-11.280,1,613.7
4144.570,-0.1540,-0.1595,-0.0400,-0.0414,-0.4871,-3.528,-10.165,-5.663,4.350,0.0000,0.0000,0.0000,0.0000,0.0000,0.0000,0.0000,0.0000,80.57,25.74,40,-11.780,1,613.7
4144.594,-0.1670,-0.1989,-0.0400,-0.0414,-0.4871,-3.754,-9.954,-4.915,4.843,0.0000,0.0000,0.0000,0.0000,0.0000,0.0000,0.0000,0.0000,80.57,25.74,40,-11.780,1,613.7
4144.627,-0.1482,-0.2197,-0.0467,-0.0357,-0.4814,-3.754,-9.954,-4.915,4.843,0.0000,0.0000,0.0000,0.0000,0.0000,0.0000,0.0000,0.0000,80.57,25.74,40,-11.900,1,613.7
4144.657,-0.1373,-0.1967,-0.0467,-0.0357,-0.4814,-3.754,-9.954,-4.915,4.843,0.0000,0.0000,0.0000,0.0000,0.0000,0.0000,0.0000,0.0000,80.57,25.74,40,-11.900,1,613.7
4144.734,-0.1670,-0.1658,-0.0467,-0.0357,-0.4814,-3.754,-9.954,-4.915,4.843,0.0000,0.0000,0.0000,0.0000,0.0000,0.0000,0.0000,0.0000,80.57,25.74,40,-11.900,1,613.7
4144.761,-0.1248,-0.1668,-0.0467,-0.0357,-0.4814,-3.936,-9.735,-4.098,4.730,0.0000,0.0000,0.0000,0.0000,0.0000,0.0000,0.0000,0.0000,80.57,25.74,40,-12.060,1,613.7
4144.794,-0.1573,-0.1611,-0.0400,-0.0371,-0.4771,-4.103,-9.548,-3.376,3.268,0.0000,0.0000,0.0000,0.0000,0.0000,0.0000,0.0000,0.0000,80.57,25.88,40,-12.320,1,613.7
4144.815,-0.1410,-0.1185,-0.0400,-0.0371,-0.4771,-4.103,-9.548,-3.376,3.268,0.0000,0.0000,0.0000,0.0000,0.0000,0.0000,0.0000,0.0000,79.90,25.88,40,-12.320,1,608.6
4144.888,-0.1535,-0.1185,-0.0400,-0.0371,-0.4686,-4.453,-9.492,-4.078,-1.381,0.0000,0.0000,0.0000,0.0000,0.0000,0.0000,0.0000,0.0000,79.90,25.92,40,-12.150,1,608.6
4144.920,-0.1750,-0.0234,-0.0467,-0.0343,-0.4829,-4.637,-9.629,-3.824,-2.806,0.0000,0.0000,0.0000,0.0000,0.0000,0.0000,0.0000,0.0000,79.90,25.92,40,-11.690,1,608.6
4144.956,-0.1750,-0.0246,-0.0467,-0.0343,-0.4829,-4.637,-9.629,-3.824,-2.806,0.0000,0.0000,0.0000,0.0000,0.0000,0.0000,0.0000,0.0000,79.43,25.98,40,-11.690,1,604.7
4144.981,-0.1750,-0.0435,-0.0467,-0.0357,-0.4843,-4.794,-9.756,-2.651,-1.970,0.0000,0.0000,0.0000,0.0000,0.0000,0.0000,0.0000,0.0000,79.43,25.98,40,-11.470,1,604.7
4145.006,-0.1417,-0.0408,-0.0467,-0.0357,-0.4843,-4.794,-9.756,-2.651,-1.970,0.0000,0.0000,0.0000,0.0000,0.0000,0.0000,0.0000,0.0000,79.43,26.04,40,-11.470,1,604.7
4145.054,-0.1543,-0.0963,-0.0400,-0.0400,-0.4886,-4.968,-9.826,-1.035,0.560,0.0000,0.0000,0.0000,0.0000,0.0000,0.0000,0.0000,0.0000,79.43,26.04,40,-10.590,1,604.7
4145.075,-0.1708,-0.0257,-0.0400,-0.0400,-0.4886,-5.002,-9.800,-0.987,0.847,0.0000,0.0000,0.0000,0.0000,0.0000,0.0000,0.0000,0.0000,79.43,26.04,40,-10.590,1,604.7
4145.122,-0.1334,-0.0926,-0.0467,-0.0357,-0.4900,-5.002,-9.800,-0.987,0.847,0.0000,0.0000,0.0000,0.0000,0.0000,0.0000,0.0000,0.0000,78.79,26.10,40,-10.530,1,599.4
4145.151,-0.1371,-0.0926,-0.0400,-0.0400,-0.4914,-5.038,-9.773,-1.270,0.857,0.0000,0.0000,0.0000,0.0000,0.0000,0.0000,0.0000,0.0000,78.79,26.10,40,-10.590,1,599.4
4145.173,-0.0886,-0.0926,-0.0400,-0.0400,-0.4914,-5.038,-9.773,-1.270,0.857,0.0000,0.0000,0.0000,0.0000,0.0000,0.0000,0.0000,0.0000,78.79,26.10,40,-10.590,1,599.4
4145.212,-0.1157,-0.0926,-0.0400,-0.0400,-0.4914,-5.090,-9.761,-1.848,0.687,0.0000,0.0000,0.0000,0.0000,0.0000,0.0000,0.0000,0.0000,78.79,26.10,40,-10.590,1,599.4
4145.233,-0.0759,-0.1640,-0.0400,-0.0400,-0.4943,-5.090,-9.761,-1.848,0.687,0.0000,0.0000,0.0000,0.0000,0.0000,0.0000,0.0000,0.0000,78.79,26.16,40,-10.430,1,599.4
4145.262,-0.0939,-0.0963,-0.0467,-0.0357,-0.4929,-5.156,-9.751,-1.749,0.614,0.0000,0.0000,0.0000,0.0000,0.0000,0.0000,0.0000,0.0000,78.79,26.16,40,-10.810,1,599.4
4145.300,-0.0791,-0.0963,-0.0533,-0.0314,-0.4914,-5.208,-9.756,-1.561,0.155,0.0000,0.0000,0.0000,0.0000,0.0000,0.0000,0.0000,0.0000,78.79,26.16,40,-11.330,1,599.4
4145.332,-0.0878,-0.0963,-0.0533,-0.0314,-0.4886,-5.208,-9.756,-1.561,0.155,0.0000,0.0000,0.0000,0.0000,0.0000,0.0000,0.0000,0.0000,78.16,26.22,40,-11.330,1,594.2
4145.358,-0.1045,-0.0963,-0.0533,-0.0329,-0.4871,-5.267,-9.772,-1.645,0.037,0.0000,0.0000,0.0000,0.0000,0.0000,0.0000,0.0000,0.0000,78.16,26.22,40,-11.410,1,594.2
4145.395,-0.0891,-0.0963,-0.0533,-0.0314,-0.4829,-5.323,-9.773,-1.455,0.448,0.0000,0.0000,0.0000,0.0000,0.0000,0.0000,0.0000,0.0000,78.16,26.27,40,-11.270,1,594.2
4145.433,-0.0845,-0.1378,-0.0533,-0.0329,-0.4814,-5.408,-9.705,-0.916,1.121,0.0000,0.0000,0.0000,0.0000,0.0000,0.0000,0.0000,0.0000,78.16,26.27,40,-11.200,1,594.2
4145.462,-0.0977,-0.1000,-0.0533,-0.0329,-0.4814,-5.408,-9.705,-0.916,1.121,0.0000,0.0000,0.0000,0.0000,0.0000,0.0000,0.0000,0.0000,78.16,26.27,40,-11.170,1,594.2
4145.496,-0.0997,-0.1000,-0.0533,-0.0314,-0.4800,-5.431,-9.659,-0.702,1.153,0.0000,0.0000,0.0000,0.0000,0.0000,0.0000,0.0000,0.0000,78.16,26.36,40,-11.330,1,594.2
4145.526,-0.0945,-0.1505,-0.0533,-0.0314,-0.4800,-5.431,-9.659,-0.702,1.153,0.0000,0.0000,0.0000,0.0000,0.0000,0.0000,0.0000,0.0000,77.38,26.36,40,-11.330,1,587.7
4145.611,-0.0868,-0.1239,-0.0467,-0.0314,-0.4743,-5.424,-9.608,0.295,1.454,0.0000,0.0000,0.0000,0.0000,0.0000,0.0000,0.0000,0.0000,77.38,26.39,40,-11.560,1,587.7
4145.641,-0.0862,-0.1578,-0.0467,-0.0314,-0.4743,-5.424,-9.608,0.295,1.454,0.0000,0.0000,0.0000,0.0000,0.0000,0.0000,0.0000,0.0000,77.38,26.39,40,-11.560,1,587.7
4145.674,-0.0603,-0.1575,-0.0467,-0.0314,-0.4743,-5.424,-9.608,0.295,1.454,0.0000,0.0000,0.0000,0.0000,0.0000,0.0000,0.0000,0.0000,77.38,26.39,40,-11.560,1,587.7
4145.713,-0.0633,-0.1549,-0.0467,-0.0314,-0.4743,-5.424,-9.608,0.295,1.454,0.0000,0.0000,0.0000,0.0000,0.0000,0.0000,0.0000,0.0000,77.38,26.39,40,-11.560,1,587.7
4145.738,-0.0701,-0.1792,-0.0467,-0.0314,-0.4743,-5.424,-9.608,0.295,1.454,0.0000,0.0000,0.0000,0.0000,0.0000,0.0000,0.0000,0.0000,77.38,26.39,40,-11.560,1,587.7
4145.771,-0.0760,-0.1222,-0.0467,-0.0329,-0.4729,-5.423,-9.606,0.299,1.454,0.0000,0.0000,0.0000,0.0000,0.0000,0.0000,0.0000,0.0000,77.38,26.39,40,-11.700,1,587.7
4145.799,-0.0400,-0.1755,-0.0467,-0.0314,-0.4686,-5.381,-9.543,0.550,1.831,0.0000,0.0000,0.0000,0.0000,0.0000,0.0000,0.0000,0.0000,77.38,26.41,39,-11.580,1,587.7
4145.862,-0.0664,-0.1259,-0.0533,-0.0286,-0.4657,-5.299,-9.422,0.208,1.397,0.0000,0.0000,0.0000,0.0000,0.0000,0.0000,0.0000,0.0000,77.05,26.47,39,-11.810,1,585.0
4145.891,-0.0628,-0.1259,-0.0533,-0.0314,-0.4657,-5.285,-9.418,-0.190,0.003,0.0000,0.0000,0.0000,0.0000,0.0000,0.0000,0.0000,0.0000,77.05,26.47,39,-11.930,1,585.0
4145.963,-0.0500,-0.1494,-0.0533,-0.0286,-0.4629,-5.238,-9.436,0.516,0.317,0.0000,0.0000,0.0000,0.0000,0.0000,0.0000,0.0000,0.0000,76.31,26.54,39,-11.820,1,578.5
4146.001,-0.0605,-0.0891,-0.0467,-0.0314,-0.4600,-5.186,-9.421,0.845,0.628,0.0000,0.0000,0.0000,0.0000,0.0000,0.0000,0.0000,0.0000,76.31,26.59,39,-11.640,1,578.5
4146.046,-0.0617,-0.1607,-0.0467,-0.0300,-0.4614,-5.134,-9.400,0.694,0.698,0.0000,0.0000,0.0000,0.0000,0.0000,0.0000,0.0000,0.0000,76.31,26.59,39,-11.690,1,578.5
4146.083,-0.0322,-0.1296,-0.0467,-0.0300,-0.4614,-5.093,-9.385,0.509,0.624,0.0000,0.0000,0.0000,0.0000,0.0000,0.0000,0.0000,0.0000,76.31,26.59,39,-11.340,1,578.5
4146.103,-0.0336,-0.1296,-0.0467,-0.0314,-0.4629,-5.093,-9.385,0.509,0.624,0.0000,0.0000,0.0000,0.0000,0.0000,0.0000,0.0000,0.0000,76.31,26.63,39,-11.340,1,578.5
4146.174,-0.0462,-0.1534,-0.0467,-0.0329,-0.4614,-5.034,-9.383,0.779,0.222,0.0000,0.0000,0.0000,0.0000,0.0000,0.0000,0.0000,0.0000,75.71,26.63,39,-11.670,1,573.3
4146.203,-0.0108,-0.0818,-0.0467,-0.0329,-0.4614,-5.034,-9.383,0.779,0.222,0.0000,0.0000,0.0000,0.0000,0.0000,0.0000,0.0000,0.0000,75.71,26.63,39,-11.670,1,573.3
4146.238,-0.0153,-0.1296,-0.0533,-0.0300,-0.4643,-4.965,-9.426,0.726,-0.681,0.0000,0.0000,0.0000,0.0000,0.0000,0.0000,0.0000,0.0000,75.71,26.67,39,-11.600,1,573.3
4146.263,+0.0067,-0.0700,-0.0533,-0.0314,-0.4629,-4.965,-9.426,0.726,-0.681,0.0000,0.0000,0.0000,0.0000,0.0000,0.0000,0.0000,0.0000,75.71,26.67,39,-11.570,1,573.3
4146.293,+0.0022,-0.0740,-0.0467,-0.0314,-0.4657,-4.912,-9.625,-0.011,-1.949,0.0000,0.0000,0.0000,0.0000,0.0000,0.0000,0.0000,0.0000,75.71,26.67,39,-11.720,1,573.3
4146.317,+0.0173,-0.0605,-0.0533,-0.0286,-0.4686,-4.912,-9.625,-0.011,-1.949,0.0000,0.0000,0.0000,0.0000,0.0000,0.0000,0.0000,0.0000,75.71,26.71,39,-11.310,1,573.3
4146.354,-0.0244,-0.0767,-0.0533,-0.0286,-0.4686,-4.912,-9.625,-0.011,-1.949,0.0000,0.0000,0.0000,0.0000,0.0000,0.0000,0.0000,0.0000,75.09,26.71,39,-11.310,1,567.8
4146.402,-0.0090,-0.0821,-0.0733,-0.0171,-0.4686,-4.870,-9.820,0.387,-1.284,0.0000,0.0000,0.0000,0.0000,0.0000,0.0000,0.0000,0.0000,75.09,26.71,39,-10.970,1,567.8
4146.434,-0.0146,-0.1111,-0.0733,-0.0171,-0.4686,-4.827,-9.884,0.666,-1.021,0.0000,0.0000,0.0000,0.0000,0.0000,0.0000,0.0000,0.0000,75.09,26.75,39,-10.900,1,567.8
4146.471,-0.0164,-0.0700,-0.0667,-0.0171,-0.4743,-4.825,-9.886,0.820,-0.902,0.0000,0.0000,0.0000,0.0000,0.0000,0.0000,0.0000,0.0000,75.09,26.75,39,-10.910,1,567.8
4146.509,-0.0143,-0.0662,-0.0733,-0.0171,-0.4743,-4.767,-9.936,1.110,-0.783,0.0000,0.0000,0.0000,0.0000,0.0000,0.0000,0.0000,0.0000,74.45,26.79,39,-11.060,1,562.3
4146.531,+0.0026,-0.1037,-0.0733,-0.0171,-0.4743,-4.658,-9.977,2.575,-0.116,0.0000,0.0000,0.0000,0.0000,0.0000,0.0000,0.0000,0.0000,74.45,26.79,39,-11.050,1,562.3
4146.568,-0.0096,-0.1037,-0.0667,-0.0171,-0.4743,-4.483,-9.996,4.076,-0.308,0.0000,0.0000,0.0000,0.0000,0.0000,0.0000,0.0000,0.0000,74.45,26.79,39,-10.910,1,562.3
4146.599,+0.0233,-0.1037,-0.0667,-0.0171,-0.4743,-4.474,-9.997,4.010,-0.304,0.0000,0.0000,0.0000,0.0000,0.0000,0.0000,0.0000,0.0000,74.45,26.83,39,-11.090,1,562.3
4146.628,+0.0020,-0.0520,-0.0667,-0.0200,-0.4743,-4.474,-9.997,4.010,-0.304,0.0000,0.0000,0.0000,0.0000,0.0000,0.0000,0.0000,0.0000,74.45,26.83,39,-11.090,1,562.3
4146.676,-0.0063,-0.1000,-0.0667,-0.0200,-0.4743,-4.474,-9.997,4.010,-0.304,0.0000,0.0000,0.0000,0.0000,0.0000,0.0000,0.0000,0.0000,74.45,26.83,39,-11.090,1,562.3
4146.715,+0.0221,-0.1400,-0.0667,-0.0200,-0.4743,-4.474,-9.997,4.010,-0.304,0.0000,0.0000,0.0000,0.0000,0.0000,0.0000,0.0000,0.0000,74.45,26.83,39,-11.090,1,562.3
4146.738,-0.0187,-0.1037,-0.0667,-0.0200,-0.4743,-4.474,-9.997,4.010,-0.304,0.0000,0.0000,0.0000,0.0000,0.0000,0.0000,0.0000,0.0000,74.45,26.83,39,-11.090,1,562.3
4146.768,+0.0393,-0.1037,-0.0667,-0.0186,-0.4729,-4.053,-10.043,3.723,0.351,0.0000,0.0000,0.0000,0.0000,0.0000,0.0000,0.0000,0.0000,74.45,26.83,39,-11.180,1,562.3
4146.793,-0.0146,-0.1623,-0.0733,-0.0171,-0.4714,-4.053,-10.043,3.723,0.351,0.0000,0.0000,0.0000,0.0000,0.0000,0.0000,0.0000,0.0000,74.45,26.87,39,-11.000,1,562.3
4146.833,+0.0075,-0.1074,-0.0667,-0.0186,-0.4700,-3.847,-10.014,3.777,0.808,0.0000,0.0000,0.0000,0.0000,0.0000,0.0000,0.0000,0.0000,73.79,26.87,39,-10.980,1,557.0
4146.860,+0.0192,-0.1074,-0.0667,-0.0186,-0.4700,-3.632,-9.976,4.061,0.835,0.0000,0.0000,0.0000,0.0000,0.0000,0.0000,0.0000,0.0000,73.79,26.92,39,-11.260,1,557.0
4146.893,+0.0156,-0.1536,-0.0600,-0.0229,-0.4686,-3.388,-9.946,4.447,0.603,0.0000,0.0000,0.0000,0.0000,0.0000,0.0000,0.0000,0.0000,73.79,26.92,39,-11.350,1,557.0
4146.944,+0.0264,-0.1111,-0.0600,-0.0229,-0.4657,-3.140,-9.926,4.695,0.479,0.0000,0.0000,0.0000,0.0000,0.0000,0.0000,0.0000,0.0000,73.09,26.97,39,-11.530,1,551.3
4146.965,-0.0042,-0.1829,-0.0600,-0.0229,-0.4657,-2.900,-9.910,4.729,0.499,0.0000,0.0000,0.0000,0.0000,0.0000,0.0000,0.0000,0.0000,73.09,26.97,39,-11.390,1,551.3
4147.010,+0.0353,-0.1148,-0.0667,-0.0200,-0.4629,-2.890,-9.909,4.745,0.505,0.0000,0.0000,0.0000,0.0000,0.0000,0.0000,0.0000,0.0000,73.09,27.01,38,-11.640,1,551.3
4147.046,+0.0478,-0.1573,-0.0600,-0.0229,-0.4571,-2.460,-9.849,3.933,1.035,0.0000,0.0000,0.0000,0.0000,0.0000,0.0000,0.0000,0.0000,73.09,27.01,38,-11.920,1,551.3
4147.101,+0.0208,-0.1185,-0.0600,-0.0200,-0.4571,-2.254,-9.814,3.851,0.580,0.0000,0.0000,0.0000,0.0000,0.0000,0.0000,0.0000,0.0000,73.09,27.05,38,-11.610,1,551.3
4147.158,+0.0542,-0.1470,-0.0667,-0.0171,-0.4571,-2.066,-9.806,-0.123,0.014,0.0000,0.0000,0.0000,0.0000,0.0000,0.0000,0.0000,0.0000,72.45,27.05,38,-11.760,1,546.1
4147.185,+0.0432,-0.1222,-0.0667,-0.0171,-0.4571,-2.066,-9.806,-0.123,0.014,0.0000,0.0000,0.0000,0.0000,0.0000,0.0000,0.0000,0.0000,72.45,27.05,38,-11.760,1,546.1
4147.230,+0.0541,-0.1222,-0.0600,-0.0214,-0.4557,-1.870,-9.814,0.036,0.036,0.0000,0.0000,0.0000,0.0000,0.0000,0.0000,0.0000,0.0000,72.45,0.00,38,-11.670,1,546.1
4147.267,+0.0423,-0.1222,-0.0600,-0.0214,-0.4557,-1.870,-9.814,0.035,0.038,0.0000,0.0000,0.0000,0.0000,0.0000,0.0000,0.0000,0.0000,72.45,0.00,38,-11.530,1,546.1
4147.296,+0.0503,-0.0698,-0.0667,-0.0186,-0.4557,-1.511,-9.817,0.031,0.036,0.0000,0.0000,0.0000,0.0000,0.0000,0.0000,0.0000,0.0000,72.45,0.00,38,-11.560,1,546.1
4147.327,+0.0229,-0.1678,-0.0667,-0.0186,-0.4557,-1.511,-9.817,0.031,0.036,0.0000,0.0000,0.0000,0.0000,0.0000,0.0000,0.0000,0.0000,73.81,0.00,38,-11.510,1,540.5
4147.355,+0.0533,-0.1222,-0.0600,-0.0214,-0.4557,-1.318,-9.805,0.036,0.036,0.0000,0.0000,0.0000,0.0000,0.0000,0.0000,0.0000,0.0000,73.81,0.00,38,-11.480,1,540.5
4147.392,+0.0482,-0.1222,-0.0667,-0.0200,-0.4571,-1.127,-9.792,0.037,0.038,0.0000,0.0000,0.0000,0.0000,0.0000,0.0000,0.0000,0.0000,73.81,0.00,38,-11.120,1,540.5
4147.437,+0.0271,-0.1222,-0.0600,-0.0200,-0.4571,-0.936,-9.787,0.033,0.033,0.0000,0.0000,0.0000,0.0000,0.0000,0.0000,0.0000,0.0000,73.81,0.00,38,-11.430,1,540.5
4147.467,+0.0271,-0.1737,-0.0600,-0.0214,-0.4557,-0.936,-9.787,0.033,0.033,0.0000,0.0000,0.0000,0.0000,0.0000,0.0000,0.0000,0.0000,73.81,0.00,38,-11.450,1,540.5
4147.535,+0.0407,-0.1259,-0.0600,-0.0214,-0.4557,-0.557,-9.811,0.034,0.031,0.0000,0.0000,0.0000,0.0000,0.0000,0.0000,0.0000,0.0000,73.13,0.00,38,-11.670,1,534.9
4147.561,+0.0618,-0.0679,-0.0600,-0.0229,-0.4543,-0.557,-9.811,0.034,0.035,0.0000,0.0000,0.0000,0.0000,0.0000,0.0000,0.0000,0.0000,73.13,0.00,38,-11.900,1,534.9
4147.590,+0.0312,-0.0689,-0.0600,-0.0243,-0.4529,-0.557,-9.811,0.034,0.035,0.0000,0.0000,0.0000,0.0000,0.0000,0.0000,0.0000,0.0000,73.13,0.00,38,-11.900,1,534.9
4147.618,+0.0610,-0.1185,-0.0600,-0.0229,-0.4514,-0.368,-9.865,0.033,0.031,0.0000,0.0000,0.0000,0.0000,0.0000,0.0000,0.0000,0.0000,73.13,0.00,38,-11.680,1,534.9
4147.655,+0.0573,-0.1185,-0.0600,-0.0229,-0.4514,-0.368,-9.865,0.033,0.031,0.0000,0.0000,0.0000,0.0000,0.0000,0.0000,0.0000,0.0000,73.13,0.00,38,-11.680,1,534.9
4147.694,+0.0577,-0.0789,-0.0600,-0.0229,-0.4514,-0.368,-9.865,0.033,0.031,0.0000,0.0000,0.0000,0.0000,0.0000,0.0000,0.0000,0.0000,73.13,0.00,38,-11.680,1,534.9
4147.729,+0.0619,-0.1148,-0.0600,-0.0229,-0.4514,-0.368,-9.865,0.033,0.031,0.0000,0.0000,0.0000,0.0000,0.0000,0.0000,0.0000,0.0000,73.13,0.00,38,-11.680,1,534.9
4147.760,+0.0678,-0.0647,-0.0533,-0.0257,-0.4571,-0.201,-9.915,2.485,-0.693,0.0000,0.0000,0.0000,0.0000,0.0000,0.0000,0.0000,0.0000,73.13,0.00,38,-11.200,1,534.9
4147.791,+0.0417,-0.1111,-0.0600,-0.0243,-0.4586,-0.037,-9.955,3.294,-0.725,0.0000,0.0000,0.0000,0.0000,0.0000,0.0000,0.0000,0.0000,73.13,27.28,38,-11.190,1,534.9
4147.827,+0.0657,-0.1111,-0.0600,-0.0243,-0.4586,0.141,-9.986,3.306,-0.510,0.0000,0.0000,0.0000,0.0000,0.0000,0.0000,0.0000,0.0000,72.47,27.28,38,-11.320,1,529.5
4147.860,+0.0437,-0.0646,-0.0533,-0.0257,-0.4600,0.321,-10.009,3.383,-0.403,0.0000,0.0000,0.0000,0.0000,0.0000,0.0000,0.0000,0.0000,72.47,27.32,38,-11.110,1,529.5
4147.887,+0.0750,-0.1074,-0.0533,-0.0271,-0.4586,0.488,-10.028,3.472,-0.383,0.0000,0.0000,0.0000,0.0000,0.0000,0.0000,0.0000,0.0000,72.47,27.32,38,-11.260,1,529.5
4147.962,+0.0585,-0.1074,-0.0533,-0.0286,-0.4600,0.674,-10.050,3.593,-0.391,0.0000,0.0000,0.0000,0.0000,0.0000,0.0000,0.0000,0.0000,71.79,27.35,38,-11.260,1,524.0
4147.985,+0.0479,-0.1074,-0.0533,-0.0286,-0.4600,0.830,-10.058,2.679,0.116,0.0000,0.0000,0.0000,0.0000,0.0000,0.0000,0.0000,0.0000,71.79,27.35,38,-11.210,1,524.0
4148.024,+0.0706,-0.1074,-0.0533,-0.0271,-0.4586,0.967,-10.046,2.615,0.274,0.0000,0.0000,0.0000,0.0000,0.0000,0.0000,0.0000,0.0000,71.79,27.37,38,-11.250,1,524.0
4148.103,+0.0621,-0.1074,-0.0533,-0.0271,-0.4557,1.238,-10.002,2.520,0.586,0.0000,0.0000,0.0000,0.0000,0.0000,0.0000,0.0000,0.0000,71.79,27.43,38,-11.280,1,524.0
4148.139,+0.0521,-0.1499,-0.0533,-0.0271,-0.4557,1.243,-10.000,2.486,0.623,0.0000,0.0000,0.0000,0.0000,0.0000,0.0000,0.0000,0.0000,71.10,27.43,38,-11.280,1,518.5
4148.169,+0.0803,-0.1111,-0.0533,-0.0271,-0.4557,1.243,-10.000,2.486,0.623,0.0000,0.0000,0.0000,0.0000,0.0000,0.0000,0.0000,0.0000,71.10,27.43,38,-11.280,1,518.5
4148.196,+0.0854,-0.1111,-0.0533,-0.0271,-0.4557,1.243,-10.000,2.486,0.623,0.0000,0.0000,0.0000,0.0000,0.0000,0.0000,0.0000,0.0000,71.10,27.43,38,-11.280,1,518.5
4148.222,+0.0563,-0.1694,-0.0533,-0.0286,-0.4543,1.356,-9.973,2.349,0.612,0.0000,0.0000,0.0000,0.0000,0.0000,0.0000,0.0000,0.0000,71.10,27.43,38,-11.280,1,518.5
4148.259,+0.0799,-0.1148,-0.0467,-0.0300,-0.4529,1.361,-9.971,2.284,0.605,0.0000,0.0000,0.0000,0.0000,0.0000,0.0000,0.0000,0.0000,71.10,27.44,38,-11.450,1,518.5
4148.286,+0.0583,-0.1148,-0.0467,-0.0300,-0.4529,1.480,-9.943,2.086,0.497,0.0000,0.0000,0.0000,0.0000,0.0000,0.0000,0.0000,0.0000,71.10,27.44,38,-11.380,1,518.5
4148.341,+0.0747,-0.1148,-0.0467,-0.0286,-0.4514,1.582,-9.922,2.022,0.416,0.0000,0.0000,0.0000,0.0000,0.0000,0.0000,0.0000,0.0000,70.60,27.48,37,-11.590,1,514.4
4148.363,+0.0604,-0.1148,-0.0533,-0.0271,-0.4500,1.785,-9.890,1.713,0.142,0.0000,0.0000,0.0000,0.0000,0.0000,0.0000,0.0000,0.0000,70.60,27.48,37,-11.610,1,514.4
4148.396,+0.0604,-0.1148,-0.0467,-0.0300,-0.4500,1.785,-9.890,1.713,0.142,0.0000,0.0000,0.0000,0.0000,0.0000,0.0000,0.0000,0.0000,70.60,27.54,37,-11.480,1,514.4
4148.480,+0.0719,-0.1148,-0.0467,-0.0300,-0.4500,2.027,-9.871,1.463,-0.175,0.0000,0.0000,0.0000,0.0000,0.0000,0.0000,0.0000,0.0000,70.60,27.54,37,-11.380,1,514.4
4148.506,+0.0625,-0.1148,-0.0467,-0.0300,-0.4500,2.027,-9.871,1.463,-0.175,0.0000,0.0000,0.0000,0.0000,0.0000,0.0000,0.0000,0.0000,69.72,27.57,37,-11.380,1,507.4
4148.542,+0.0625,-0.1148,-0.0467,-0.0300,-0.4500,2.031,-9.872,1.461,-0.159,0.0000,0.0000,0.0000,0.0000,0.0000,0.0000,0.0000,0.0000,69.72,27.57,37,-11.380,1,507.4
4148.569,+0.0940,-0.1148,-0.0467,-0.0300,-0.4500,2.099,-9.883,1.371,-0.279,0.0000,0.0000,0.0000,0.0000,0.0000,0.0000,0.0000,0.0000,69.72,27.60,37,-11.370,1,507.4
4148.592,+0.0646,-0.1148,-0.0467,-0.0300,-0.4500,2.099,-9.883,1.371,-0.279,0.0000,0.0000,0.0000,0.0000,0.0000,0.0000,0.0000,0.0000,69.72,27.60,37,-11.370,1,507.4
4148.638,+0.0646,-0.1148,-0.0467,-0.0300,-0.4500,2.166,-9.895,1.272,-0.203,0.0000,0.0000,0.0000,0.0000,0.0000,0.0000,0.0000,0.0000,69.72,27.60,37,-11.370,1,507.4
4148.681,+0.0851,-0.1148,-0.0467,-0.0300,-0.4500,2.166,-9.895,1.272,-0.203,0.0000,0.0000,0.0000,0.0000,0.0000,0.0000,0.0000,0.0000,69.72,27.60,37,-11.370,1,507.4
4148.707,+0.0667,-0.1148,-0.0467,-0.0300,-0.4500,2.166,-9.895,1.272,-0.203,0.0000,0.0000,0.0000,0.0000,0.0000,0.0000,0.0000,0.0000,69.72,27.60,37,-11.370,1,507.4
4148.736,+0.0667,-0.1148,-0.0467,-0.0300,-0.4500,2.166,-9.895,1.272,-0.203,0.0000,0.0000,0.0000,0.0000,0.0000,0.0000,0.0000,0.0000,69.72,27.60,37,-11.370,1,507.4
4148.783,+0.0855,-0.1148,-0.0467,-0.0300,-0.4500,2.236,-9.902,1.189,-0.062,0.0000,0.0000,0.0000,0.0000,0.0000,0.0000,0.0000,0.0000,69.72,27.60,37,-11.370,1,507.4
4148.818,+0.0688,-0.1148,-0.0467,-0.0300,-0.4500,2.236,-9.902,1.189,-0.062,0.0000,0.0000,0.0000,0.0000,0.0000,0.0000,0.0000,0.0000,69.21,27.62,37,-11.370,1,503.2
4148.838,+0.0688,-0.1148,-0.0467,-0.0314,-0.4486,2.340,-9.906,0.691,-0.186,0.0000,0.0000,0.0000,0.0000,0.0000,0.0000,0.0000,0.0000,69.21,27.62,37,-11.370,1,503.2
4148.889,+0.0865,-0.0833,-0.0467,-0.0300,-0.4500,2.418,-9.948,0.846,-0.575,0.0000,0.0000,0.0000,0.0000,0.0000,0.0000,0.0000,0.0000,69.21,27.66,37,-11.370,1,503.2
4148.913,+0.0708,-0.1111,-0.0533,-0.0286,-0.4486,2.461,-9.978,0.857,-0.594,0.0000,0.0000,0.0000,0.0000,0.0000,0.0000,0.0000,0.0000,69.21,27.66,37,-11.370,1,503.2
4148.944,+0.0708,-0.1111,-0.0467,-0.0300,-0.4500,2.461,-9.978,0.857,-0.594,0.0000,0.0000,0.0000,0.0000,0.0000,0.0000,0.0000,0.0000,68.38,27.69,37,-11.370,1,496.5
4149.015,+0.0841,-0.0876,-0.0467,-0.0300,-0.4500,2.547,-10.022,0.739,-0.303,0.0000,0.0000,0.0000,0.0000,0.0000,0.0000,0.0000,0.0000,68.38,27.72,37,-11.270,1,496.5
4149.040,+0.0729,-0.1074,-0.0467,-0.0300,-0.4500,2.549,-10.023,0.749,-0.304,0.0000,0.0000,0.0000,0.0000,0.0000,0.0000,0.0000,0.0000,68.38,27.72,37,-11.320,1,496.5
4149.082,+0.0729,-0.1074,-0.0467,-0.0300,-0.4500,2.583,-10.035,0.698,-0.243,0.0000,0.0000,0.0000,0.0000,0.0000,0.0000,0.0000,0.0000,68.38,27.72,37,-11.170,1,496.5
4149.109,+0.0729,-0.0501,-0.0533,-0.0271,-0.4500,2.583,-10.035,0.698,-0.243,0.0000,0.0000,0.0000,0.0000,0.0000,0.0000,0.0000,0.0000,67.87,27.73,37,-11.170,1,492.4
4149.142,+0.0990,-0.1037,-0.0467,-0.0300,-0.4500,2.618,-10.047,0.682,-0.238,0.0000,0.0000,0.0000,0.0000,0.0000,0.0000,0.0000,0.0000,67.87,27.73,37,-11.230,1,492.4
4149.160,+0.0750,-0.1037,-0.0467,-0.0300,-0.4500,2.618,-10.047,0.682,-0.238,0.0000,0.0000,0.0000,0.0000,0.0000,0.0000,0.0000,0.0000,67.87,27.73,37,-11.230,1,492.4
4149.196,+0.0750,-0.1037,-0.0467,-0.0300,-0.4500,2.618,-10.047,0.682,-0.238,0.0000,0.0000,0.0000,0.0000,0.0000,0.0000,0.0000,0.0000,67.87,27.73,37,-11.230,1,492.4
4149.238,+0.0750,-0.1037,-0.0467,-0.0300,-0.4500,2.691,-10.073,0.745,-0.241,0.0000,0.0000,0.0000,0.0000,0.0000,0.0000,0.0000,0.0000,67.87,27.76,37,-11.030,1,492.4
4149.271,+0.0750,-0.1037,-0.0533,-0.0286,-0.4514,2.732,-10.086,0.801,-0.216,0.0000,0.0000,0.0000,0.0000,0.0000,0.0000,0.0000,0.0000,67.87,27.76,37,-11.000,1,492.4
4149.297,+0.1075,-0.1037,-0.0467,-0.0286,-0.4514,2.772,-10.096,0.841,-0.178,0.0000,0.0000,0.0000,0.0000,0.0000,0.0000,0.0000,0.0000,67.87,27.76,37,-11.190,1,492.4
4149.324,+0.0771,-0.1037,-0.0467,-0.0286,-0.4514,2.772,-10.096,0.841,-0.178,0.0000,0.0000,0.0000,0.0000,0.0000,0.0000,0.0000,0.0000,67.87,27.80,37,-11.190,1,492.4
4149.361,+0.0771,-0.1037,-0.0467,-0.0300,-0.4500,2.813,-10.104,0.860,-0.143,0.0000,0.0000,0.0000,0.0000,0.0000,0.0000,0.0000,0.0000,67.01,27.80,37,-11.220,1,485.5
4149.414,+0.0771,-0.1037,-0.0467,-0.0300,-0.4500,2.857,-10.110,0.867,-0.101,0.0000,0.0000,0.0000,0.0000,0.0000,0.0000,0.0000,0.0000,67.01,27.83,37,-11.240,1,485.5
4149.440,+0.0771,-0.1037,-0.0467,-0.0300,-0.4500,2.902,-10.115,0.841,-0.075,0.0000,0.0000,0.0000,0.0000,0.0000,0.0000,0.0000,0.0000,67.01,27.83,37,-11.240,1,485.5
4149.525,+0.0771,-0.0834,-0.0467,-0.0286,-0.4486,2.983,-10.122,0.808,-0.055,0.0000,0.0000,0.0000,0.0000,0.0000,0.0000,0.0000,0.0000,66.31,27.86,37,-11.240,1,480.0
4149.559,+0.0771,-0.1000,-0.0467,-0.0286,-0.4486,2.984,-10.122,0.791,-0.044,0.0000,0.0000,0.0000,0.0000,0.0000,0.0000,0.0000,0.0000,66.31,27.86,37,-11.240,1,480.0
4149.593,+0.0771,-0.1000,-0.0467,-0.0286,-0.4486,2.984,-10.122,0.791,-0.044,0.0000,0.0000,0.0000,0.0000,0.0000,0.0000,0.0000,0.0000,66.31,27.89,37,-11.240,1,480.0
4149.620,+0.0771,-0.1000,-0.0533,-0.0286,-0.4486,3.023,-10.125,0.790,-0.026,0.0000,0.0000,0.0000,0.0000,0.0000,0.0000,0.0000,0.0000,66.31,27.89,37,-11.100,1,480.0
4149.734,+0.0861,-0.1000,-0.0533,-0.0286,-0.4486,3.023,-10.125,0.790,-0.026,0.0000,0.0000,0.0000,0.0000,0.0000,0.0000,0.0000,0.0000,66.31,27.89,37,-11.100,1,480.0
4149.767,+0.0792,-0.1000,-0.0533,-0.0286,-0.4486,3.064,-10.126,0.807,-0.001,0.0000,0.0000,0.0000,0.0000,0.0000,0.0000,0.0000,0.0000,66.31,27.89,37,-11.150,1,480.0
4149.798,+0.0792,-0.1000,-0.0533,-0.0286,-0.4486,3.103,-10.127,0.827,0.027,0.0000,0.0000,0.0000,0.0000,0.0000,0.0000,0.0000,0.0000,66.31,27.91,37,-11.180,1,480.0
4149.826,+0.0792,-0.1000,-0.0533,-0.0286,-0.4486,3.105,-10.127,0.830,0.022,0.0000,0.0000,0.0000,0.0000,0.0000,0.0000,0.0000,0.0000,65.62,27.91,37,-11.180,1,474.5
4149.854,+0.1098,-0.1000,-0.0533,-0.0286,-0.4486,3.107,-10.127,0.824,0.019,0.0000,0.0000,0.0000,0.0000,0.0000,0.0000,0.0000,0.0000,65.62,27.91,37,-11.190,1,474.5
4149.888,+0.0813,-0.1000,-0.0533,-0.0271,-0.4471,3.146,-10.127,0.831,-0.021,0.0000,0.0000,0.0000,0.0000,0.0000,0.0000,0.0000,0.0000,65.62,27.93,36,-11.190,1,474.5
4149.936,+0.0813,-0.1000,-0.0533,-0.0286,-0.4486,3.232,-10.139,0.926,-0.124,0.0000,0.0000,0.0000,0.0000,0.0000,0.0000,0.0000,0.0000,65.62,27.95,36,-11.190,1,474.5
4149.963,+0.0813,-0.1000,-0.0533,-0.0286,-0.4486,3.281,-10.146,0.970,-0.058,0.0000,0.0000,0.0000,0.0000,0.0000,0.0000,0.0000,0.0000,65.08,27.95,36,-11.190,1,470.3
4150.006,+0.1020,-0.1000,-0.0533,-0.0271,-0.4471,3.332,-10.148,0.983,0.007,0.0000,0.0000,0.0000,0.0000,0.0000,0.0000,0.0000,0.0000,65.08,28.00,36,-11.190,1,470.3
4150.070,+0.0833,-0.1000,-0.0467,-0.0286,-0.4457,3.442,-10.142,1.388,0.283,0.0000,0.0000,0.0000,0.0000,0.0000,0.0000,0.0000,0.0000,65.08,28.00,36,-11.190,1,470.3
4150.100,+0.0833,-0.1000,-0.0533,-0.0257,-0.4457,3.445,-10.141,1.370,0.268,0.0000,0.0000,0.0000,0.0000,0.0000,0.0000,0.0000,0.0000,65.08,28.01,36,-11.190,1,470.3
4150.140,+0.0833,-0.1000,-0.0533,-0.0286,-0.4457,3.526,-10.125,1.798,0.281,0.0000,0.0000,0.0000,0.0000,0.0000,0.0000,0.0000,0.0000,64.32,28.01,36,-11.190,1,464.4
4150.171,+0.0833,-0.1000,-0.0533,-0.0286,-0.4457,3.526,-10.125,1.798,0.281,0.0000,0.0000,0.0000,0.0000,0.0000,0.0000,0.0000,0.0000,64.32,28.01,36,-11.190,1,464.4
4150.220,+0.1016,-0.1000,-0.0467,-0.0286,-0.4457,3.618,-10.116,1.954,0.203,0.0000,0.0000,0.0000,0.0000,0.0000,0.0000,0.0000,0.0000,64.32,28.04,36,-11.190,1,464.4
4150.254,+0.0854,-0.1000,-0.0467,-0.0286,-0.4457,3.719,-10.110,1.962,0.122,0.0000,0.0000,0.0000,0.0000,0.0000,0.0000,0.0000,0.0000,64.32,28.04,36,-11.200,1,464.4
4150.295,+0.0854,-0.1000,-0.0467,-0.0286,-0.4457,3.811,-10.108,2.025,0.071,0.0000,0.0000,0.0000,0.0000,0.0000,0.0000,0.0000,0.0000,64.32,28.04,36,-11.200,1,464.4
4150.384,+0.0744,-0.1000,-0.0467,-0.0300,-0.4443,4.023,-10.102,2.241,0.164,0.0000,0.0000,0.0000,0.0000,0.0000,0.0000,0.0000,0.0000,63.62,28.09,36,-11.200,1,458.8
4150.407,+0.0833,-0.1000,-0.0467,-0.0300,-0.4443,4.025,-10.102,2.260,0.177,0.0000,0.0000,0.0000,0.0000,0.0000,0.0000,0.0000,0.0000,63.62,28.09,36,-11.200,1,458.8
4150.449,+0.0833,-0.1000,-0.0467,-0.0300,-0.4443,4.138,-10.093,2.294,0.219,0.0000,0.0000,0.0000,0.0000,0.0000,0.0000,0.0000,0.0000,63.62,28.09,36,-11.200,1,458.8
4150.481,+0.0833,-0.1474,-0.0467,-0.0300,-0.4443,4.143,-10.093,2.311,0.241,0.0000,0.0000,0.0000,0.0000,0.0000,0.0000,0.0000,0.0000,63.62,28.09,36,-11.200,1,458.8
4150.512,+0.0833,-0.0538,-0.0467,-0.0286,-0.4429,4.143,-10.093,2.311,0.241,0.0000,0.0000,0.0000,0.0000,0.0000,0.0000,0.0000,0.0000,63.07,28.10,36,-11.200,1,454.5
4150.538,+0.0833,-0.1000,-0.0467,-0.0286,-0.4429,4.256,-10.082,1.957,0.160,0.0000,0.0000,0.0000,0.0000,0.0000,0.0000,0.0000,0.0000,63.07,28.10,36,-11.200,1,454.5
4150.582,+0.0833,-0.1000,-0.0467,-0.0286,-0.4429,4.343,-10.080,1.303,0.099,0.0000,0.0000,0.0000,0.0000,0.0000,0.0000,0.0000,0.0000,63.07,28.14,36,-11.140,1,454.5
4150.621,+0.0833,-0.1000,-0.0467,-0.0300,-0.4443,4.407,-10.082,1.170,-0.148,0.0000,0.0000,0.0000,0.0000,0.0000,0.0000,0.0000,0.0000,63.07,28.14,36,-11.050,1,454.5
4150.654,+0.0833,-0.1000,-0.0467,-0.0300,-0.4443,4.407,-10.082,1.170,-0.148,0.0000,0.0000,0.0000,0.0000,0.0000,0.0000,0.0000,0.0000,63.07,28.14,36,-11.050,1,454.5
4150.739,+0.0833,-0.1000,-0.0467,-0.0300,-0.4443,4.407,-10.082,1.170,-0.148,0.0000,0.0000,0.0000,0.0000,0.0000,0.0000,0.0000,0.0000,63.07,28.14,36,-11.050,1,454.5
4150.766,+0.0833,-0.1556,-0.0467,-0.0300,-0.4443,4.465,-10.094,0.989,-0.255,0.0000,0.0000,0.0000,0.0000,0.0000,0.0000,0.0000,0.0000,63.07,28.14,36,-11.130,1,454.5
4150.797,+0.0833,-0.0549,-0.0467,-0.0300,-0.4443,4.512,-10.106,0.836,-0.205,0.0000,0.0000,0.0000,0.0000,0.0000,0.0000,0.0000,0.0000,63.07,28.16,36,-11.170,1,454.5
4150.824,+0.0833,-0.1000,-0.0467,-0.0300,-0.4443,4.552,-10.116,0.759,-0.122,0.0000,0.0000,0.0000,0.0000,0.0000,0.0000,0.0000,0.0000,62.14,28.16,36,-11.170,1,447.2
4150.853,+0.0833,-0.1000,-0.0467,-0.0286,-0.4429,4.553,-10.116,0.761,-0.130,0.0000,0.0000,0.0000,0.0000,0.0000,0.0000,0.0000,0.0000,62.14,28.16,36,-11.190,1,447.2
4150.873,+0.0833,-0.1000,-0.0467,-0.0286,-0.4429,4.588,-10.124,0.778,-0.090,0.0000,0.0000,0.0000,0.0000,0.0000,0.0000,0.0000,0.0000,62.14,28.17,36,-11.190,1,447.2
4150.929,+0.0833,-0.1000,-0.0467,-0.0300,-0.4414,4.672,-10.137,1.010,-0.047,0.0000,0.0000,0.0000,0.0000,0.0000,0.0000,0.0000,0.0000,62.14,28.20,36,-11.240,1,447.2
4150.957,+0.0833,-0.1000,-0.0467,-0.0300,-0.4414,4.672,-10.137,1.010,-0.047,0.0000,0.0000,0.0000,0.0000,0.0000,0.0000,0.0000,0.0000,61.40,28.20,36,-11.240,1,441.3
4150.983,+0.0833,-0.1000,-0.0467,-0.0300,-0.4414,4.777,-10.146,1.186,0.015,0.0000,0.0000,0.0000,0.0000,0.0000,0.0000,0.0000,0.0000,61.40,28.20,36,-11.200,1,441.3
4151.022,+0.0833,-0.1000,-0.0467,-0.0300,-0.4414,4.831,-10.146,1.182,0.041,0.0000,0.0000,0.0000,0.0000,0.0000,0.0000,0.0000,0.0000,61.40,28.23,36,-11.200,1,441.3
4151.057,+0.0833,-0.1000,-0.0467,-0.0300,-0.4414,4.882,-10.149,1.103,-0.048,0.0000,0.0000,0.0000,0.0000,0.0000,0.0000,0.0000,0.0000,61.40,28.23,36,-11.200,1,441.3
4151.096,+0.0833,-0.0604,-0.0467,-0.0300,-0.4414,4.930,-10.157,1.051,-0.120,0.0000,0.0000,0.0000,0.0000,0.0000,0.0000,0.0000,0.0000,61.40,28.25,36,-11.200,1,441.3
4151.136,+0.0833,-0.0963,-0.0467,-0.0300,-0.4414,4.932,-10.157,1.042,-0.133,0.0000,0.0000,0.0000,0.0000,0.0000,0.0000,0.0000,0.0000,60.53,28.25,36,-11.200,1,434.5
4151.170,+0.0833,-0.0963,-0.0467,-0.0300,-0.4414,4.932,-10.157,1.042,-0.133,0.0000,0.0000,0.0000,0.0000,0.0000,0.0000,0.0000,0.0000,60.53,28.25,36,-11.200,1,434.5
4151.208,+0.0833,-0.0963,-0.0467,-0.0300,-0.4414,4.932,-10.157,1.042,-0.133,0.0000,0.0000,0.0000,0.0000,0.0000,0.0000,0.0000,0.0000,60.53,28.25,36,-11.200,1,434.5
4151.250,+0.0626,-0.0963,-0.0467,-0.0300,-0.4443,5.027,-10.174,1.033,-0.071,0.0000,0.0000,0.0000,0.0000,0.0000,0.0000,0.0000,0.0000,60.53,28.28,36,-10.960,1,434.5
4151.288,+0.0581,-0.0963,-0.0467,-0.0300,-0.4443,5.073,-10.179,1.059,-0.021,0.0000,0.0000,0.0000,0.0000,0.0000,0.0000,0.0000,0.0000,60.53,28.28,36,-11.060,1,434.5
4151.323,+0.0792,-0.0963,-0.0467,-0.0286,-0.4429,5.121,-10.183,1.080,-0.014,0.0000,0.0000,0.0000,0.0000,0.0000,0.0000,0.0000,0.0000,60.53,28.29,35,-11.110,1,434.5
4151.361,+0.0792,-0.0963,-0.0467,-0.0314,-0.4429,5.123,-10.183,1.109,0.016,0.0000,0.0000,0.0000,0.0000,0.0000,0.0000,0.0000,0.0000,59.82,28.29,35,-11.130,1,428.9
4151.450,+0.0792,-0.0963,-0.0467,-0.0300,-0.4414,5.231,-10.195,1.191,-0.134,0.0000,0.0000,0.0000,0.0000,0.0000,0.0000,0.0000,0.0000,59.82,28.30,35,-11.150,1,428.9
4151.487,+0.0559,-0.0963,-0.0467,-0.0300,-0.4414,5.281,-10.204,1.151,-0.130,0.0000,0.0000,0.0000,0.0000,0.0000,0.0000,0.0000,0.0000,59.82,28.30,35,-11.150,1,428.9
4151.520,+0.0771,-0.0963,-0.0467,-0.0300,-0.4414,5.281,-10.204,1.151,-0.130,0.0000,0.0000,0.0000,0.0000,0.0000,0.0000,0.0000,0.0000,59.29,28.32,35,-11.150,1,424.8
4151.547,+0.0771,-0.0963,-0.0467,-0.0300,-0.4414,5.331,-10.212,1.096,-0.098,0.0000,0.0000,0.0000,0.0000,0.0000,0.0000,0.0000,0.0000,59.29,28.32,35,-11.150,1,424.8
4151.593,+0.0771,-0.0963,-0.0467,-0.0329,-0.4414,5.382,-10.218,1.043,-0.053,0.0000,0.0000,0.0000,0.0000,0.0000,0.0000,0.0000,0.0000,59.29,28.34,35,-11.150,1,424.8
4151.622,+0.0771,-0.0963,-0.0467,-0.0300,-0.4414,5.428,-10.222,1.024,-0.013,0.0000,0.0000,0.0000,0.0000,0.0000,0.0000,0.0000,0.0000,59.29,28.34,35,-11.150,1,424.8
4151.652,+0.0771,-0.0963,-0.0467,-0.0300,-0.4414,5.428,-10.222,1.024,-0.013,0.0000,0.0000,0.0000,0.0000,0.0000,0.0000,0.0000,0.0000,59.29,28.34,35,-11.150,1,424.8
4151.689,+0.0771,-0.0963,-0.0467,-0.0300,-0.4414,5.428,-10.222,1.024,-0.013,0.0000,0.0000,0.0000,0.0000,0.0000,0.0000,0.0000,0.0000,59.29,28.34,35,-11.150,1,424.8
4151.740,+0.0594,-0.0648,-0.0467,-0.0300,-0.4414,5.428,-10.222,1.024,-0.013,0.0000,0.0000,0.0000,0.0000,0.0000,0.0000,0.0000,0.0000,59.29,28.34,35,-11.150,1,424.8
4151.812,+0.0750,-0.0926,-0.0467,-0.0300,-0.4414,5.521,-10.230,1.069,0.010,0.0000,0.0000,0.0000,0.0000,0.0000,0.0000,0.0000,0.0000,58.39,28.37,35,-11.150,1,417.8
4151.842,+0.0465,-0.0926,-0.0467,-0.0300,-0.4414,5.573,-10.236,1.155,-0.095,0.0000,0.0000,0.0000,0.0000,0.0000,0.0000,0.0000,0.0000,58.39,28.37,35,-11.150,1,417.8
4151.869,+0.0729,-0.0926,-0.0467,-0.0300,-0.4414,5.573,-10.236,1.155,-0.095,0.0000,0.0000,0.0000,0.0000,0.0000,0.0000,0.0000,0.0000,58.39,28.38,35,-11.150,1,417.8
4151.893,+0.0729,-0.0926,-0.0467,-0.0329,-0.4414,5.625,-10.247,1.170,-0.154,0.0000,0.0000,0.0000,0.0000,0.0000,0.0000,0.0000,0.0000,58.39,28.38,35,-11.020,1,417.8
4151.993,+0.0729,-0.0926,-0.0467,-0.0314,-0.4429,5.782,-10.273,1.060,-0.035,0.0000,0.0000,0.0000,0.0000,0.0000,0.0000,0.0000,0.0000,57.85,28.42,35,-11.090,1,413.6
4152.033,+0.0729,-0.0926,-0.0467,-0.0314,-0.4429,5.883,-10.283,1.068,-0.008,0.0000,0.0000,0.0000,0.0000,0.0000,0.0000,0.0000,0.0000,57.85,28.42,35,-11.100,1,413.6
4152.062,+0.0729,-0.0926,-0.0467,-0.0329,-0.4414,5.883,-10.283,1.068,-0.008,0.0000,0.0000,0.0000,0.0000,0.0000,0.0000,0.0000,0.0000,57.85,28.42,35,-11.100,1,413.6
4152.131,+0.0594,-0.0926,-0.0467,-0.0314,-0.4400,5.935,-10.289,1.105,-0.001,0.0000,0.0000,0.0000,0.0000,0.0000,0.0000,0.0000,0.0000,56.89,28.44,35,-11.110,1,406.2
4152.168,+0.0708,-0.0926,-0.0467,-0.0314,-0.4400,5.935,-10.289,1.105,-0.001,0.0000,0.0000,0.0000,0.0000,0.0000,0.0000,0.0000,0.0000,56.89,28.44,35,-11.110,1,406.2
4152.203,+0.0708,-0.0926,-0.0467,-0.0314,-0.4400,5.935,-10.289,1.105,-0.001,0.0000,0.0000,0.0000,0.0000,0.0000,0.0000,0.0000,0.0000,56.89,28.44,35,-11.110,1,406.2
4152.250,+0.0708,-0.0926,-0.0400,-0.0329,-0.4414,5.985,-10.294,1.148,0.020,0.0000,0.0000,0.0000,0.0000,0.0000,0.0000,0.0000,0.0000,56.89,28.45,35,-11.110,1,406.2
4152.274,+0.0362,-0.1542,-0.0400,-0.0329,-0.4414,6.039,-10.294,1.166,0.228,0.0000,0.0000,0.0000,0.0000,0.0000,0.0000,0.0000,0.0000,56.89,28.45,35,-11.110,1,406.2
4152.309,+0.0437,-0.0963,-0.0467,-0.0314,-0.4400,6.095,-10.281,1.215,0.468,0.0000,0.0000,0.0000,0.0000,0.0000,0.0000,0.0000,0.0000,56.89,28.47,35,-11.110,1,406.2
4152.336,+0.0667,-0.0963,-0.0467,-0.0314,-0.4400,6.095,-10.281,1.215,0.468,0.0000,0.0000,0.0000,0.0000,0.0000,0.0000,0.0000,0.0000,56.32,28.47,35,-11.110,1,401.8
4152.384,+0.0480,-0.0963,-0.0400,-0.0343,-0.4371,6.198,-10.245,1.192,0.457,0.0000,0.0000,0.0000,0.0000,0.0000,0.0000,0.0000,0.0000,56.32,28.49,35,-11.390,1,401.8
4152.408,+0.0646,-0.0963,-0.0467,-0.0314,-0.4371,6.247,-10.230,1.164,0.408,0.0000,0.0000,0.0000,0.0000,0.0000,0.0000,0.0000,0.0000,56.32,28.49,35,-11.260,1,401.8
4152.497,+0.0646,-0.0963,-0.0400,-0.0314,-0.4371,6.300,-10.216,1.124,0.361,0.0000,0.0000,0.0000,0.0000,0.0000,0.0000,0.0000,0.0000,56.32,28.51,35,-11.170,1,401.8
4152.530,+0.0646,-0.0963,-0.0400,-0.0314,-0.4371,6.302,-10.215,1.116,0.358,0.0000,0.0000,0.0000,0.0000,0.0000,0.0000,0.0000,0.0000,55.60,28.51,35,-11.160,1,396.3
4152.569,+0.0422,-0.1360,-0.0400,-0.0329,-0.4357,6.346,-10.204,1.110,0.359,0.0000,0.0000,0.0000,0.0000,0.0000,0.0000,0.0000,0.0000,55.60,28.52,35,-11.150,1,396.3
4152.597,+0.0318,-0.1000,-0.0400,-0.0329,-0.4357,6.387,-10.195,0.759,0.213,0.0000,0.0000,0.0000,0.0000,0.0000,0.0000,0.0000,0.0000,55.60,28.52,35,-11.150,1,396.3
4152.623,+0.0604,-0.0426,-0.0400,-0.0314,-0.4371,6.387,-10.195,0.759,0.213,0.0000,0.0000,0.0000,0.0000,0.0000,0.0000,0.0000,0.0000,55.60,28.52,35,-11.150,1,396.3
4152.668,+0.0604,-0.1310,-0.0400,-0.0314,-0.4371,6.387,-10.195,0.759,0.213,0.0000,0.0000,0.0000,0.0000,0.0000,0.0000,0.0000,0.0000,55.60,28.52,35,-11.150,1,396.3
4152.716,+0.0419,-0.0671,-0.0400,-0.0314,-0.4371,6.387,-10.195,0.759,0.213,0.0000,0.0000,0.0000,0.0000,0.0000,0.0000,0.0000,0.0000,55.60,28.52,35,-11.150,1,396.3
4152.754,+0.0583,-0.0963,-0.0400,-0.0314,-0.4371,6.409,-10.197,0.618,0.039,0.0000,0.0000,0.0000,0.0000,0.0000,0.0000,0.0000,0.0000,55.60,28.52,35,-11.150,1,396.3
4152.868,+0.0493,-0.0963,-0.0400,-0.0343,-0.4371,6.487,-10.245,0.515,-0.192,0.0000,0.0000,0.0000,0.0000,0.0000,0.0000,0.0000,0.0000,54.89,28.55,34,-11.090,1,390.8
4152.904,+0.0563,-0.0963,-0.0400,-0.0329,-0.4386,6.504,-10.266,0.416,-0.374,0.0000,0.0000,0.0000,0.0000,0.0000,0.0000,0.0000,0.0000,54.89,28.55,34,-11.110,1,390.8
4152.935,+0.0284,-0.0963,-0.0400,-0.0329,-0.4386,6.504,-10.267,0.411,-0.363,0.0000,0.0000,0.0000,0.0000,0.0000,0.0000,0.0000,0.0000,54.89,28.56,34,-11.130,1,390.8
4152.974,+0.0315,-0.0963,-0.0400,-0.0329,-0.4386,6.519,-10.294,0.479,-0.416,0.0000,0.0000,0.0000,0.0000,0.0000,0.0000,0.0000,0.0000,54.31,28.56,34,-11.140,1,386.2
4153.001,+0.0521,-0.0418,-0.0400,-0.0329,-0.4386,6.538,-10.321,0.579,-0.392,0.0000,0.0000,0.0000,0.0000,0.0000,0.0000,0.0000,0.0000,54.31,28.57,34,-11.150,1,386.2
4153.032,+0.0521,-0.0926,-0.0400,-0.0357,-0.4386,6.562,-10.345,0.712,-0.317,0.0000,0.0000,0.0000,0.0000,0.0000,0.0000,0.0000,0.0000,54.31,28.57,34,-11.150,1,386.2
4153.066,+0.0271,-0.0926,-0.0400,-0.0357,-0.4386,6.592,-10.365,0.790,-0.250,0.0000,0.0000,0.0000,0.0000,0.0000,0.0000,0.0000,0.0000,54.31,28.57,34,-11.150,1,386.2
4153.107,+0.0500,-0.0926,-0.0400,-0.0329,-0.4386,6.624,-10.381,0.811,-0.198,0.0000,0.0000,0.0000,0.0000,0.0000,0.0000,0.0000,0.0000,53.42,28.59,34,-10.990,1,379.4
4153.133,+0.0168,-0.0926,-0.0400,-0.0329,-0.4386,6.625,-10.381,0.816,-0.183,0.0000,0.0000,0.0000,0.0000,0.0000,0.0000,0.0000,0.0000,53.42,28.59,34,-11.050,1,379.4
4153.242,+0.0386,-0.0926,-0.0400,-0.0343,-0.4400,6.663,-10.395,0.158,0.183,0.0000,0.0000,0.0000,0.0000,0.0000,0.0000,0.0000,0.0000,53.42,28.61,34,-11.080,1,379.4
4153.288,+0.0458,-0.0926,-0.0400,-0.0357,-0.4386,6.664,-10.388,0.125,0.391,0.0000,0.0000,0.0000,0.0000,0.0000,0.0000,0.0000,0.0000,53.42,28.61,34,-11.100,1,379.4
4153.315,+0.0138,-0.1495,-0.0400,-0.0357,-0.4386,6.663,-10.370,0.094,0.434,0.0000,0.0000,0.0000,0.0000,0.0000,0.0000,0.0000,0.0000,53.42,28.62,34,-11.100,1,379.4
4153.395,+0.0437,-0.0963,-0.0400,-0.0357,-0.4357,6.657,-10.349,-0.066,0.495,0.0000,0.0000,0.0000,0.0000,0.0000,0.0000,0.0000,0.0000,52.68,28.64,34,-11.330,1,373.8
4153.432,+0.0203,-0.0963,-0.0400,-0.0371,-0.4343,6.646,-10.332,-0.124,0.376,0.0000,0.0000,0.0000,0.0000,0.0000,0.0000,0.0000,0.0000,52.68,28.64,34,-11.590,1,373.8
4153.459,+0.0417,-0.1525,-0.0400,-0.0329,-0.4329,6.633,-10.322,-0.116,0.347,0.0000,0.0000,0.0000,0.0000,0.0000,0.0000,0.0000,0.0000,52.68,28.64,34,-11.490,1,373.8
4153.489,+0.0134,-0.1000,-0.0400,-0.0357,-0.4329,6.632,-10.322,-0.111,0.292,0.0000,0.0000,0.0000,0.0000,0.0000,0.0000,0.0000,0.0000,52.68,28.64,34,-11.300,1,373.8
4153.532,+0.0396,-0.1000,-0.0400,-0.0357,-0.4329,6.621,-10.315,-0.060,0.273,0.0000,0.0000,0.0000,0.0000,0.0000,0.0000,0.0000,0.0000,52.11,28.65,34,-11.440,1,369.5
4153.566,+0.0141,-0.1000,-0.0400,-0.0357,-0.4329,6.613,-10.308,0.011,0.314,0.0000,0.0000,0.0000,0.0000,0.0000,0.0000,0.0000,0.0000,52.11,28.65,34,-11.300,1,369.5
4153.597,+0.0096,-0.1000,-0.0400,-0.0357,-0.4329,6.608,-10.300,0.140,0.228,0.0000,0.0000,0.0000,0.0000,0.0000,0.0000,0.0000,0.0000,52.11,28.67,34,-11.300,1,369.5
4153.625,+0.0354,-0.1000,-0.0400,-0.0329,-0.4329,6.608,-10.300,0.140,0.228,0.0000,0.0000,0.0000,0.0000,0.0000,0.0000,0.0000,0.0000,52.11,28.67,34,-11.240,1,369.5
4153.653,+0.0354,-0.1000,-0.0400,-0.0329,-0.4329,6.608,-10.300,0.140,0.228,0.0000,0.0000,0.0000,0.0000,0.0000,0.0000,0.0000,0.0000,52.11,28.67,34,-11.240,1,369.5
4153.690,+0.0354,-0.1000,-0.0400,-0.0329,-0.4329,6.608,-10.300,0.140,0.228,0.0000,0.0000,0.0000,0.0000,0.0000,0.0000,0.0000,0.0000,52.11,28.67,34,-11.240,1,369.5
4153.720,+0.0066,-0.1000,-0.0400,-0.0329,-0.4329,6.608,-10.300,0.140,0.228,0.0000,0.0000,0.0000,0.0000,0.0000,0.0000,0.0000,0.0000,52.11,28.67,34,-11.240,1,369.5
4153.750,+0.0333,-0.1000,-0.0400,-0.0329,-0.4329,6.608,-10.300,0.140,0.228,0.0000,0.0000,0.0000,0.0000,0.0000,0.0000,0.0000,0.0000,52.11,28.67,34,-11.240,1,369.5
4153.794,+0.0333,-0.0646,-0.0400,-0.0343,-0.4343,6.609,-10.311,-0.004,-0.247,0.0000,0.0000,0.0000,0.0000,0.0000,0.0000,0.0000,0.0000,52.11,28.68,34,-11.200,1,369.5
4153.823,+0.0045,-0.0963,-0.0400,-0.0343,-0.4343,6.602,-10.333,-0.069,-0.359,0.0000,0.0000,0.0000,0.0000,0.0000,0.0000,0.0000,0.0000,51.19,28.68,34,-11.200,1,362.4
4153.861,+0.0082,-0.0963,-0.0400,-0.0343,-0.4343,6.592,-10.355,-0.065,-0.282,0.0000,0.0000,0.0000,0.0000,0.0000,0.0000,0.0000,0.0000,51.19,28.70,34,-11.200,1,362.4
4153.937,+0.0292,-0.0963,-0.0133,-0.0529,-0.4386,6.549,-10.408,-0.381,-0.356,0.0000,0.0000,0.0000,0.0000,0.0000,0.0000,0.0000,0.0000,51.19,28.71,34,-11.020,1,362.4
4153.968,+0.0016,-0.0963,-0.0133,-0.0529,-0.4386,6.548,-10.409,-0.424,-0.400,0.0000,0.0000,0.0000,0.0000,0.0000,0.0000,0.0000,0.0000,50.25,28.71,34,-11.090,1,355.2
4153.999,+0.0271,-0.0963,-0.0067,-0.0557,-0.4386,6.547,-10.411,-0.424,-0.400,0.0000,0.0000,0.0000,0.0000,0.0000,0.0000,0.0000,0.0000,50.25,28.72,34,-11.130,1,355.2
4154.027,+0.0271,-0.0963,-0.0067,-0.0557,-0.4386,6.522,-10.436,-0.407,-0.455,0.0000,0.0000,0.0000,0.0000,0.0000,0.0000,0.0000,0.0000,50.25,28.72,34,-11.140,1,355.2
4154.064,+0.0036,-0.0963,-0.0067,-0.0571,-0.4400,6.498,-10.462,-0.402,-0.409,0.0000,0.0000,0.0000,0.0000,0.0000,0.0000,0.0000,0.0000,50.25,28.72,34,-11.150,1,355.2
4154.108,+0.0250,-0.1320,-0.0067,-0.0571,-0.4371,6.478,-10.469,-0.308,0.129,0.0000,0.0000,0.0000,0.0000,0.0000,0.0000,0.0000,0.0000,49.70,28.73,34,-11.150,1,351.0
4154.152,+0.0250,-0.1000,-0.0067,-0.0571,-0.4371,6.457,-10.448,-0.438,0.568,0.0000,0.0000,0.0000,0.0000,0.0000,0.0000,0.0000,0.0000,49.70,28.73,34,-11.150,1,351.0
4154.191,+0.0250,-0.1000,-0.0067,-0.0571,-0.4371,6.457,-10.448,-0.438,0.568,0.0000,0.0000,0.0000,0.0000,0.0000,0.0000,0.0000,0.0000,49.70,28.73,34,-11.150,1,351.0
4154.226,+0.0250,-0.1000,-0.0067,-0.0557,-0.4357,6.428,-10.420,-0.640,0.622,0.0000,0.0000,0.0000,0.0000,0.0000,0.0000,0.0000,0.0000,49.70,28.74,33,-11.290,1,351.0
4154.265,+0.0025,-0.1401,-0.0067,-0.0557,-0.4357,6.382,-10.396,-0.848,0.453,0.0000,0.0000,0.0000,0.0000,0.0000,0.0000,0.0000,0.0000,49.70,28.74,33,-11.320,1,351.0
4154.290,+0.0229,-0.1037,-0.0067,-0.0557,-0.4357,6.329,-10.384,-0.933,0.258,0.0000,0.0000,0.0000,0.0000,0.0000,0.0000,0.0000,0.0000,49.70,28.74,33,-11.250,1,351.0
4154.328,+0.0229,-0.0626,-0.0067,-0.0557,-0.4357,6.274,-10.382,-0.879,0.163,0.0000,0.0000,0.0000,0.0000,0.0000,0.0000,0.0000,0.0000,48.74,28.76,33,-11.220,1,343.8
4154.423,+0.0020,-0.1186,-0.0133,-0.0529,-0.4357,5.900,-10.430,-5.252,-0.422,0.0000,0.0000,0.0000,0.0000,0.0000,0.0000,0.0000,0.0000,48.74,28.77,33,-10.990,1,343.8
4154.446,+0.0187,-0.1037,-0.0133,-0.0529,-0.4386,5.889,-10.431,-5.237,-0.416,0.0000,0.0000,0.0000,0.0000,0.0000,0.0000,0.0000,0.0000,48.74,28.77,33,-10.850,1,343.8
4154.489,+0.0187,-0.1037,-0.0133,-0.0514,-0.4371,5.636,-10.450,-5.313,-0.197,0.0000,0.0000,0.0000,0.0000,0.0000,0.0000,0.0000,0.0000,48.74,28.77,33,-11.020,1,343.8
4154.522,+0.0187,-0.1037,-0.0133,-0.0514,-0.4371,5.636,-10.450,-5.313,-0.197,0.0000,0.0000,0.0000,0.0000,0.0000,0.0000,0.0000,0.0000,48.16,28.78,33,-11.020,1,339.3
4154.546,+0.0529,-0.0430,-0.0133,-0.0529,-0.4357,5.379,-10.444,-5.687,0.164,0.0000,0.0000,0.0000,0.0000,0.0000,0.0000,0.0000,0.0000,48.16,28.78,33,-11.140,1,339.3
4154.637,+0.0208,-0.1000,-0.0200,-0.0471,-0.4357,4.765,-10.410,-6.683,0.212,0.0000,0.0000,0.0000,0.0000,0.0000,0.0000,0.0000,0.0000,48.16,28.79,33,-10.980,1,339.3
4154.671,+0.0465,-0.1000,-0.0200,-0.0471,-0.4357,4.765,-10.410,-6.683,0.212,0.0000,0.0000,0.0000,0.0000,0.0000,0.0000,0.0000,0.0000,48.16,28.79,33,-10.980,1,339.3
4154.704,+0.0229,-0.1000,-0.0200,-0.0471,-0.4357,4.765,-10.410,-6.683,0.212,0.0000,0.0000,0.0000,0.0000,0.0000,0.0000,0.0000,0.0000,48.16,28.79,33,-10.980,1,339.3
4154.729,+0.0229,-0.1000,-0.0200,-0.0471,-0.4357,4.765,-10.410,-6.683,0.212,0.0000,0.0000,0.0000,0.0000,0.0000,0.0000,0.0000,0.0000,48.16,28.79,33,-10.980,1,339.3
4154.770,+0.0229,-0.1000,-0.0267,-0.0457,-0.4371,4.751,-10.410,-6.755,0.191,0.0000,0.0000,0.0000,0.0000,0.0000,0.0000,0.0000,0.0000,48.16,28.79,33,-10.720,1,339.3
4154.806,+0.0229,-0.1428,-0.0267,-0.0457,-0.4371,4.410,-10.406,-6.880,0.031,0.0000,0.0000,0.0000,0.0000,0.0000,0.0000,0.0000,0.0000,47.41,28.80,33,-10.600,1,333.6
4154.831,+0.0229,-0.0434,-0.0267,-0.0457,-0.4371,4.047,-10.413,-6.760,-0.122,0.0000,0.0000,0.0000,0.0000,0.0000,0.0000,0.0000,0.0000,47.41,28.80,33,-10.930,1,333.6
4154.865,-0.0025,-0.1000,-0.0267,-0.0457,-0.4371,3.706,-10.424,-6.067,-0.028,0.0000,0.0000,0.0000,0.0000,0.0000,0.0000,0.0000,0.0000,47.41,28.81,33,-11.080,1,333.6
4154.892,+0.0208,-0.1561,-0.0267,-0.0457,-0.4343,3.248,-10.452,-4.252,-0.193,0.0000,0.0000,0.0000,0.0000,0.0000,0.0000,0.0000,0.0000,47.41,28.81,33,-11.140,1,333.6
4154.938,+0.0208,-0.1037,-0.0267,-0.0443,-0.4329,3.239,-10.452,-4.187,-0.133,0.0000,0.0000,0.0000,0.0000,0.0000,0.0000,0.0000,0.0000,47.41,28.82,33,-11.070,1,333.6
4154.989,+0.0032,-0.1037,-0.0267,-0.0429,-0.4314,2.802,-10.428,-4.135,0.294,0.0000,0.0000,0.0000,0.0000,0.0000,0.0000,0.0000,0.0000,46.64,28.82,33,-11.480,1,327.7
4155.014,+0.0518,-0.1037,-0.0267,-0.0429,-0.4314,2.609,-10.417,-4.112,0.209,0.0000,0.0000,0.0000,0.0000,0.0000,0.0000,0.0000,0.0000,46.64,28.83,33,-11.480,1,327.7
4155.049,+0.0208,-0.1037,-0.0333,-0.0400,-0.4286,2.421,-10.409,-4.129,0.187,0.0000,0.0000,0.0000,0.0000,0.0000,0.0000,0.0000,0.0000,46.64,28.83,33,-11.290,1,327.7
4155.072,+0.0208,-0.1037,-0.0333,-0.0400,-0.4286,2.421,-10.409,-4.129,0.187,0.0000,0.0000,0.0000,0.0000,0.0000,0.0000,0.0000,0.0000,46.64,28.83,33,-11.290,1,327.7
4155.108,+0.0208,-0.1037,-0.0333,-0.0371,-0.4286,2.412,-10.408,-4.151,0.151,0.0000,0.0000,0.0000,0.0000,0.0000,0.0000,0.0000,0.0000,45.89,28.84,33,-11.260,1,322.0
4155.138,+0.0497,-0.1551,-0.0333,-0.0400,-0.4286,2.199,-10.401,-4.233,0.137,0.0000,0.0000,0.0000,0.0000,0.0000,0.0000,0.0000,0.0000,45.89,28.84,33,-11.250,1,322.0
4155.197,+0.0229,-0.1074,-0.0333,-0.0400,-0.4286,2.199,-10.401,-4.233,0.137,0.0000,0.0000,0.0000,0.0000,0.0000,0.0000,0.0000,0.0000,45.89,28.84,33,-11.250,1,322.0
4155.238,+0.0444,-0.1455,-0.0333,-0.0386,-0.4271,1.843,-10.354,-2.929,0.810,0.0000,0.0000,0.0000,0.0000,0.0000,0.0000,0.0000,0.0000,45.89,28.85,33,-11.240,1,322.0
4155.264,+0.0576,-0.1111,-0.0333,-0.0357,-0.4243,1.843,-10.354,-2.929,0.810,0.0000,0.0000,0.0000,0.0000,0.0000,0.0000,0.0000,0.0000,45.89,28.85,33,-11.450,1,322.0
4155.289,+0.0271,-0.1111,-0.0400,-0.0343,-0.4229,1.719,-10.321,-2.788,0.677,0.0000,0.0000,0.0000,0.0000,0.0000,0.0000,0.0000,0.0000,45.89,28.85,33,-11.680,1,322.0
4155.361,+0.0401,-0.1111,-0.0400,-0.0329,-0.4243,1.449,-10.305,-2.759,-0.199,0.0000,0.0000,0.0000,0.0000,0.0000,0.0000,0.0000,0.0000,44.98,28.86,33,-11.480,1,314.9
4155.392,+0.0011,-0.1111,-0.0333,-0.0357,-0.4243,1.447,-10.306,-2.812,-0.645,0.0000,0.0000,0.0000,0.0000,0.0000,0.0000,0.0000,0.0000,44.98,28.87,33,-11.390,1,314.9
4155.428,+0.0271,-0.1111,-0.0333,-0.0357,-0.4243,1.441,-10.307,-2.809,-0.636,0.0000,0.0000,0.0000,0.0000,0.0000,0.0000,0.0000,0.0000,44.98,28.87,33,-11.360,1,314.9
4155.469,+0.0485,-0.0730,-0.0400,-0.0343,-0.4257,1.308,-10.353,-2.472,-0.987,0.0000,0.0000,0.0000,0.0000,0.0000,0.0000,0.0000,0.0000,44.98,28.87,33,-11.340,1,314.9
4155.501,+0.0292,-0.1074,-0.0333,-0.0371,-0.4257,1.199,-10.397,-2.166,-0.776,0.0000,0.0000,0.0000,0.0000,0.0000,0.0000,0.0000,0.0000,44.98,28.87,33,-11.330,1,314.9
4155.527,+0.0292,-0.1074,-0.0333,-0.0371,-0.4257,1.199,-10.397,-2.166,-0.776,0.0000,0.0000,0.0000,0.0000,0.0000,0.0000,0.0000,0.0000,44.42,28.87,33,-11.330,1,310.5
4155.563,+0.0292,-0.1074,-0.0400,-0.0343,-0.4257,1.017,-10.441,-1.939,-0.244,0.0000,0.0000,0.0000,0.0000,0.0000,0.0000,0.0000,0.0000,44.42,28.87,33,-11.150,1,310.5
4155.591,+0.0593,-0.1074,-0.0400,-0.0343,-0.4257,1.017,-10.441,-1.939,-0.244,0.0000,0.0000,0.0000,0.0000,0.0000,0.0000,0.0000,0.0000,44.42,28.87,33,-11.150,1,310.5
4155.663,+0.0444,-0.1074,-0.0400,-0.0343,-0.4257,0.927,-10.448,-2.033,-0.107,0.0000,0.0000,0.0000,0.0000,0.0000,0.0000,0.0000,0.0000,44.42,28.87,33,-11.220,1,310.5
4155.695,+0.0600,-0.1074,-0.0400,-0.0343,-0.4257,0.927,-10.448,-2.033,-0.107,0.0000,0.0000,0.0000,0.0000,0.0000,0.0000,0.0000,0.0000,44.42,28.87,33,-11.220,1,310.5
4155.733,+0.0584,-0.1074,-0.0400,-0.0343,-0.4257,0.927,-10.448,-2.033,-0.107,0.0000,0.0000,0.0000,0.0000,0.0000,0.0000,0.0000,0.0000,44.42,28.87,33,-11.220,1,310.5
4155.759,+0.0693,-0.1074,-0.0400,-0.0343,-0.4257,0.837,-10.449,-1.426,0.204,0.0000,0.0000,0.0000,0.0000,0.0000,0.0000,0.0000,0.0000,44.42,28.87,33,-11.220,1,310.5
4155.828,+0.0532,-0.1074,-0.0400,-0.0314,-0.4257,0.797,-10.436,-0.956,0.255,0.0000,0.0000,0.0000,0.0000,0.0000,0.0000,0.0000,0.0000,43.68,28.88,32,-11.280,1,304.8
4155.848,+0.0417,-0.1074,-0.0400,-0.0329,-0.4243,0.765,-10.427,-0.864,0.158,0.0000,0.0000,0.0000,0.0000,0.0000,0.0000,0.0000,0.0000,43.68,28.88,32,-11.280,1,304.8
4155.887,+0.0639,-0.1074,-0.0400,-0.0314,-0.4257,0.727,-10.427,-0.959,-0.143,0.0000,0.0000,0.0000,0.0000,0.0000,0.0000,0.0000,0.0000,43.68,28.88,32,-11.280,1,304.8
4155.917,+0.0437,-0.0572,-0.0467,-0.0314,-0.4257,0.649,-10.491,-0.643,-0.726,0.0000,0.0000,0.0000,0.0000,0.0000,0.0000,0.0000,0.0000,43.68,28.88,32,-11.280,1,304.8
4155.949,+0.0437,-0.1037,-0.0400,-0.0314,-0.4257,0.649,-10.491,-0.643,-0.726,0.0000,0.0000,0.0000,0.0000,0.0000,0.0000,0.0000,0.0000,42.77,28.89,32,-11.280,1,297.8
4155.973,+0.0437,-0.1037,-0.0400,-0.0329,-0.4271,0.628,-10.527,-0.478,-0.672,0.0000,0.0000,0.0000,0.0000,0.0000,0.0000,0.0000,0.0000,42.77,28.89,32,-11.280,1,297.8
4156.042,+0.0573,-0.0796,-0.0400,-0.0314,-0.4257,0.622,-10.567,-0.154,-0.236,0.0000,0.0000,0.0000,0.0000,0.0000,0.0000,0.0000,0.0000,42.77,28.89,32,-11.190,1,297.8
4156.075,+0.0458,-0.1000,-0.0400,-0.0314,-0.4257,0.622,-10.567,-0.156,-0.234,0.0000,0.0000,0.0000,0.0000,0.0000,0.0000,0.0000,0.0000,42.77,28.89,32,-11.190,1,297.8
4156.102,+0.0772,-0.1000,-0.0400,-0.0314,-0.4257,0.622,-10.567,-0.156,-0.234,0.0000,0.0000,0.0000,0.0000,0.0000,0.0000,0.0000,0.0000,42.77,28.90,32,-11.220,1,297.8
4156.135,+0.0742,-0.1000,-0.0400,-0.0314,-0.4257,0.620,-10.579,-0.314,-0.220,0.0000,0.0000,0.0000,0.0000,0.0000,0.0000,0.0000,0.0000,42.17,28.90,32,-11.150,1,293.1
4156.178,+0.0701,-0.1000,-0.0467,-0.0300,-0.4271,0.620,-10.579,-0.314,-0.220,0.0000,0.0000,0.0000,0.0000,0.0000,0.0000,0.0000,0.0000,42.17,28.90,32,-11.150,1,293.1
4156.207,+0.0818,-0.1000,-0.0467,-0.0300,-0.4271,0.612,-10.591,-0.172,-0.356,0.0000,0.0000,0.0000,0.0000,0.0000,0.0000,0.0000,0.0000,42.17,28.90,32,-11.150,1,293.1
4156.237,+0.0825,-0.0496,-0.0467,-0.0286,-0.4257,0.636,-10.627,0.412,-0.892,0.0000,0.0000,0.0000,0.0000,0.0000,0.0000,0.0000,0.0000,42.17,28.90,32,-11.180,1,293.1
4156.269,+0.0834,-0.0963,-0.0467,-0.0286,-0.4286,0.636,-10.627,0.412,-0.892,0.0000,0.0000,0.0000,0.0000,0.0000,0.0000,0.0000,0.0000,42.17,28.90,32,-11.190,1,293.1
4156.312,+0.0583,-0.0602,-0.0467,-0.0286,-0.4286,0.689,-10.720,0.440,-0.937,0.0000,0.0000,0.0000,0.0000,0.0000,0.0000,0.0000,0.0000,42.17,28.91,32,-11.190,1,293.1
4156.335,+0.0948,-0.0926,-0.0467,-0.0286,-0.4286,0.689,-10.720,0.440,-0.937,0.0000,0.0000,0.0000,0.0000,0.0000,0.0000,0.0000,0.0000,41.23,28.91,32,-11.190,1,286.0
4156.372,+0.0604,-0.0505,-0.0467,-0.0286,-0.4314,0.721,-10.769,0.604,-0.880,0.0000,0.0000,0.0000,0.0000,0.0000,0.0000,0.0000,0.0000,41.23,28.91,32,-11.040,1,286.0
4156.398,+0.0925,-0.0889,-0.0467,-0.0286,-0.4314,0.722,-10.770,0.650,-0.863,0.0000,0.0000,0.0000,0.0000,0.0000,0.0000,0.0000,0.0000,41.23,28.91,32,-11.040,1,286.0
4156.429,+0.0625,-0.0392,-0.0467,-0.0314,-0.4314,0.766,-10.814,0.882,-0.757,0.0000,0.0000,0.0000,0.0000,0.0000,0.0000,0.0000,0.0000,41.23,28.91,32,-10.960,1,286.0
4156.466,+0.0625,-0.0852,-0.0467,-0.0314,-0.4343,0.816,-10.849,1.013,-0.686,0.0000,0.0000,0.0000,0.0000,0.0000,0.0000,0.0000,0.0000,41.23,28.91,32,-10.800,1,286.0
4156.491,+0.0971,-0.0852,-0.0467,-0.0314,-0.4343,0.889,-10.880,1.535,-0.403,0.0000,0.0000,0.0000,0.0000,0.0000,0.0000,0.0000,0.0000,41.23,28.91,32,-10.740,1,286.0
4156.534,+0.0646,-0.0852,-0.0467,-0.0314,-0.4343,0.976,-10.895,1.521,-0.317,0.0000,0.0000,0.0000,0.0000,0.0000,0.0000,0.0000,0.0000,40.42,28.91,32,-10.770,1,280.0
4156.564,+0.0933,-0.0342,-0.0467,-0.0286,-0.4343,0.980,-10.896,1.522,-0.225,0.0000,0.0000,0.0000,0.0000,0.0000,0.0000,0.0000,0.0000,40.42,28.91,32,-10.910,1,280.0
4156.592,+0.0667,-0.0815,-0.0467,-0.0286,-0.4343,0.980,-10.896,1.522,-0.225,0.0000,0.0000,0.0000,0.0000,0.0000,0.0000,0.0000,0.0000,40.42,28.92,32,-10.910,1,280.0
4156.623,+0.0950,-0.0815,-0.0467,-0.0314,-0.4343,1.052,-10.905,1.365,-0.137,0.0000,0.0000,0.0000,0.0000,0.0000,0.0000,0.0000,0.0000,40.42,28.92,32,-10.970,1,280.0
4156.660,+0.0923,-0.0815,-0.0467,-0.0314,-0.4343,1.052,-10.905,1.365,-0.137,0.0000,0.0000,0.0000,0.0000,0.0000,0.0000,0.0000,0.0000,40.42,28.92,32,-10.970,1,280.0
4156.722,+0.0856,-0.0815,-0.0467,-0.0314,-0.4343,1.052,-10.905,1.365,-0.137,0.0000,0.0000,0.0000,0.0000,0.0000,0.0000,0.0000,0.0000,40.42,28.92,32,-10.970,1,280.0
4156.763,+0.0729,-0.1195,-0.0467,-0.0314,-0.4343,1.119,-10.898,1.286,0.304,0.0000,0.0000,0.0000,0.0000,0.0000,0.0000,0.0000,0.0000,40.42,28.92,32,-10.840,1,280.0
4156.818,+0.0895,-0.0852,-0.0467,-0.0286,-0.4314,1.187,-10.866,1.263,0.754,0.0000,0.0000,0.0000,0.0000,0.0000,0.0000,0.0000,0.0000,39.65,28.93,32,-10.910,1,274.4
4156.841,+0.0750,-0.1496,-0.0467,-0.0286,-0.4314,1.255,-10.826,1.259,0.755,0.0000,0.0000,0.0000,0.0000,0.0000,0.0000,0.0000,0.0000,39.65,28.93,32,-10.950,1,274.4
4156.873,+0.1019,-0.0889,-0.0467,-0.0286,-0.4314,1.325,-10.794,1.288,0.514,0.0000,0.0000,0.0000,0.0000,0.0000,0.0000,0.0000,0.0000,39.65,28.94,32,-10.960,1,274.4
4156.905,+0.0771,-0.1365,-0.0467,-0.0300,-0.4300,1.398,-10.772,1.324,0.353,0.0000,0.0000,0.0000,0.0000,0.0000,0.0000,0.0000,0.0000,39.65,28.94,32,-11.220,1,274.4
4156.941,+0.0771,-0.0926,-0.0467,-0.0286,-0.4286,1.471,-10.756,1.355,0.329,0.0000,0.0000,0.0000,0.0000,0.0000,0.0000,0.0000,0.0000,39.65,28.95,32,-11.200,1,274.4
4156.963,+0.1141,-0.0926,-0.0467,-0.0286,-0.4286,1.474,-10.755,1.359,0.321,0.0000,0.0000,0.0000,0.0000,0.0000,0.0000,0.0000,0.0000,38.85,28.95,32,-11.200,1,268.5
4156.992,+0.0792,-0.0926,-0.0467,-0.0286,-0.4257,1.624,-10.716,1.358,0.421,0.0000,0.0000,0.0000,0.0000,0.0000,0.0000,0.0000,0.0000,38.85,28.95,32,-11.450,1,268.5
4157.041,+0.0974,-0.1251,-0.0467,-0.0286,-0.4257,1.702,-10.697,1.368,0.343,0.0000,0.0000,0.0000,0.0000,0.0000,0.0000,0.0000,0.0000,38.85,28.96,32,-11.210,1,268.5
4157.066,+0.1143,-0.0963,-0.0467,-0.0286,-0.4257,1.702,-10.697,1.368,0.343,0.0000,0.0000,0.0000,0.0000,0.0000,0.0000,0.0000,0.0000,38.85,28.96,32,-11.210,1,268.5
4157.102,+0.0833,-0.0963,-0.0467,-0.0300,-0.4271,1.705,-10.696,1.370,0.317,0.0000,0.0000,0.0000,0.0000,0.0000,0.0000,0.0000,0.0000,38.85,28.97,32,-11.150,1,268.5
4157.133,+0.1108,-0.0963,-0.0467,-0.0300,-0.4271,1.771,-10.684,1.248,0.121,0.0000,0.0000,0.0000,0.0000,0.0000,0.0000,0.0000,0.0000,38.22,28.97,32,-11.230,1,263.9
4157.158,+0.0854,-0.0963,-0.0467,-0.0257,-0.4257,1.771,-10.684,1.248,0.121,0.0000,0.0000,0.0000,0.0000,0.0000,0.0000,0.0000,0.0000,38.22,28.97,32,-11.230,1,263.9
4157.225,+0.0994,-0.0963,-0.0467,-0.0300,-0.4271,1.829,-10.697,1.164,-0.361,0.0000,0.0000,0.0000,0.0000,0.0000,0.0000,0.0000,0.0000,38.22,28.97,32,-11.180,1,263.9
4157.262,+0.0875,-0.0549,-0.0467,-0.0271,-0.4271,1.895,-10.728,1.286,-0.604,0.0000,0.0000,0.0000,0.0000,0.0000,0.0000,0.0000,0.0000,38.22,28.97,32,-11.170,1,263.9
4157.296,+0.0875,-0.0926,-0.0467,-0.0300,-0.4271,1.967,-10.757,1.502,-0.482,0.0000,0.0000,0.0000,0.0000,0.0000,0.0000,0.0000,0.0000,38.22,28.97,32,-11.160,1,263.9
4157.390,+0.0980,-0.0739,-0.0467,-0.0300,-0.4300,2.128,-10.785,1.739,-0.146,0.0000,0.0000,0.0000,0.0000,0.0000,0.0000,0.0000,0.0000,37.46,28.98,32,-11.050,1,258.2
4157.421,+0.0896,-0.0889,-0.0467,-0.0286,-0.4286,2.132,-10.786,1.741,-0.145,0.0000,0.0000,0.0000,0.0000,0.0000,0.0000,0.0000,0.0000,37.46,28.98,32,-11.080,1,258.2
4157.461,+0.0896,-0.0889,-0.0467,-0.0286,-0.4286,2.218,-10.791,1.730,-0.131,0.0000,0.0000,0.0000,0.0000,0.0000,0.0000,0.0000,0.0000,37.46,28.98,32,-11.020,1,258.2
4157.487,+0.0896,-0.0889,-0.0467,-0.0300,-0.4300,2.311,-10.796,1.677,-0.104,0.0000,0.0000,0.0000,0.0000,0.0000,0.0000,0.0000,0.0000,37.46,28.98,32,-11.000,1,258.2
4157.511,+0.1242,-0.0273,-0.0467,-0.0300,-0.4300,2.311,-10.796,1.677,-0.104,0.0000,0.0000,0.0000,0.0000,0.0000,0.0000,0.0000,0.0000,36.68,28.99,32,-11.000,1,252.4
4157.551,+0.1138,-0.0852,-0.0467,-0.0300,-0.4300,2.314,-10.796,1.601,-0.109,0.0000,0.0000,0.0000,0.0000,0.0000,0.0000,0.0000,0.0000,36.68,28.99,32,-11.040,1,252.4
4157.576,+0.0938,-0.0852,-0.0467,-0.0271,-0.4300,2.391,-10.801,1.476,-0.148,0.0000,0.0000,0.0000,0.0000,0.0000,0.0000,0.0000,0.0000,36.68,29.00,32,-10.800,1,252.4
4157.606,+0.1227,-0.0852,-0.0467,-0.0271,-0.4329,2.471,-10.810,1.384,-0.182,0.0000,0.0000,0.0000,0.0000,0.0000,0.0000,0.0000,0.0000,36.68,29.00,32,-10.770,1,252.4
4157.636,+0.0958,-0.0852,-0.0467,-0.0271,-0.4329,2.471,-10.810,1.384,-0.182,0.0000,0.0000,0.0000,0.0000,0.0000,0.0000,0.0000,0.0000,36.68,29.00,32,-10.770,1,252.4
4157.701,+0.1101,-0.0852,-0.0467,-0.0271,-0.4329,2.471,-10.810,1.384,-0.182,0.0000,0.0000,0.0000,0.0000,0.0000,0.0000,0.0000,0.0000,36.68,29.00,32,-10.770,1,252.4
4157.729,+0.0979,-0.0852,-0.0467,-0.0271,-0.4329,2.471,-10.810,1.384,-0.182,0.0000,0.0000,0.0000,0.0000,0.0000,0.0000,0.0000,0.0000,36.68,29.00,32,-10.770,1,252.4
4157.771,+0.0979,-0.0852,-0.0467,-0.0300,-0.4329,2.618,-10.824,1.437,-0.014,0.0000,0.0000,0.0000,0.0000,0.0000,0.0000,0.0000,0.0000,36.68,29.00,32,-10.910,1,252.4
4157.799,+0.1282,-0.0852,-0.0467,-0.0286,-0.4314,2.618,-10.824,1.437,-0.014,0.0000,0.0000,0.0000,0.0000,0.0000,0.0000,0.0000,0.0000,36.68,29.00,31,-10.970,1,252.4
4157.830,+0.1000,-0.0852,-0.0467,-0.0286,-0.4314,2.689,-10.823,1.471,0.049,0.0000,0.0000,0.0000,0.0000,0.0000,0.0000,0.0000,0.0000,35.88,29.00,31,-11.000,1,246.6
4157.881,+0.1176,-0.0852,-0.0467,-0.0286,-0.4314,2.843,-10.820,1.532,0.014,0.0000,0.0000,0.0000,0.0000,0.0000,0.0000,0.0000,0.0000,35.88,29.01,31,-11.010,1,246.6
4157.912,+0.1021,-0.0852,-0.0467,-0.0300,-0.4300,3.003,-10.821,1.539,-0.011,0.0000,0.0000,0.0000,0.0000,0.0000,0.0000,0.0000,0.0000,35.88,29.01,31,-11.020,1,246.6
4157.956,+0.1021,-0.0852,-0.0467,-0.0300,-0.4300,3.003,-10.821,1.539,-0.011,0.0000,0.0000,0.0000,0.0000,0.0000,0.0000,0.0000,0.0000,34.89,29.02,31,-11.020,1,239.3
4157.991,+0.1269,-0.0852,-0.0467,-0.0300,-0.4300,3.087,-10.822,1.513,0.009,0.0000,0.0000,0.0000,0.0000,0.0000,0.0000,0.0000,0.0000,34.89,29.02,31,-11.020,1,239.3
4158.023,+0.1042,-0.0852,-0.0467,-0.0300,-0.4300,3.158,-10.821,1.500,0.020,0.0000,0.0000,0.0000,0.0000,0.0000,0.0000,0.0000,0.0000,34.89,29.02,31,-11.020,1,239.3
4158.076,+0.1042,-0.0852,-0.0467,-0.0271,-0.4300,3.239,-10.814,1.481,0.272,0.0000,0.0000,0.0000,0.0000,0.0000,0.0000,0.0000,0.0000,34.89,29.02,31,-11.020,1,239.3
4158.105,+0.1333,-0.1370,-0.0467,-0.0286,-0.4286,3.239,-10.814,1.481,0.272,0.0000,0.0000,0.0000,0.0000,0.0000,0.0000,0.0000,0.0000,34.89,29.03,31,-11.020,1,239.3
4158.135,+0.1062,-0.0889,-0.0467,-0.0286,-0.4286,3.242,-10.813,1.482,0.277,0.0000,0.0000,0.0000,0.0000,0.0000,0.0000,0.0000,0.0000,34.28,29.03,31,-11.020,1,234.9
4158.180,+0.1062,-0.0889,-0.0467,-0.0286,-0.4286,3.242,-10.813,1.482,0.277,0.0000,0.0000,0.0000,0.0000,0.0000,0.0000,0.0000,0.0000,34.28,29.03,31,-11.020,1,234.9
4158.204,+0.1062,-0.0889,-0.0467,-0.0286,-0.4286,3.242,-10.813,1.482,0.277,0.0000,0.0000,0.0000,0.0000,0.0000,0.0000,0.0000,0.0000,34.28,29.03,31,-11.020,1,234.9
4158.233,+0.1062,-0.0889,-0.0533,-0.0271,-0.4271,3.317,-10.794,1.512,0.451,0.0000,0.0000,0.0000,0.0000,0.0000,0.0000,0.0000,0.0000,34.28,29.04,31,-11.230,1,234.9
4158.259,+0.1385,-0.0889,-0.0467,-0.0286,-0.4286,3.390,-10.773,1.530,0.437,0.0000,0.0000,0.0000,0.0000,0.0000,0.0000,0.0000,0.0000,34.28,29.04,31,-11.130,1,234.9
4158.315,+0.1083,-0.0889,-0.0467,-0.0286,-0.4286,3.550,-10.737,1.533,0.293,0.0000,0.0000,0.0000,0.0000,0.0000,0.0000,0.0000,0.0000,34.28,29.05,31,-11.080,1,234.9
4158.348,+0.1083,-0.1347,-0.0467,-0.0286,-0.4286,3.631,-10.723,1.524,0.287,0.0000,0.0000,0.0000,0.0000,0.0000,0.0000,0.0000,0.0000,33.47,29.05,31,-11.080,1,229.0
4158.376,+0.1083,-0.0926,-0.0467,-0.0286,-0.4257,3.717,-10.705,1.880,0.476,0.0000,0.0000,0.0000,0.0000,0.0000,0.0000,0.0000,0.0000,33.47,29.05,31,-11.060,1,229.0
4158.405,+0.1383,-0.0926,-0.0467,-0.0286,-0.4257,3.822,-10.672,2.067,0.666,0.0000,0.0000,0.0000,0.0000,0.0000,0.0000,0.0000,0.0000,33.47,29.05,31,-11.060,1,229.0
4158.438,+0.1104,-0.0926,-0.0467,-0.0286,-0.4257,3.919,-10.643,2.102,0.609,0.0000,0.0000,0.0000,0.0000,0.0000,0.0000,0.0000,0.0000,33.47,29.05,31,-11.250,1,229.0
4158.470,+0.1104,-0.0926,-0.0467,-0.0300,-0.4243,3.919,-10.643,2.102,0.609,0.0000,0.0000,0.0000,0.0000,0.0000,0.0000,0.0000,0.0000,33.47,29.05,31,-11.290,1,229.0
4158.511,+0.1104,-0.0926,-0.0533,-0.0257,-0.4229,3.923,-10.642,2.099,0.581,0.0000,0.0000,0.0000,0.0000,0.0000,0.0000,0.0000,0.0000,32.67,29.06,31,-11.190,1,223.1
4158.538,+0.1104,-0.0926,-0.0467,-0.0300,-0.4243,4.029,-10.622,2.028,0.272,0.0000,0.0000,0.0000,0.0000,0.0000,0.0000,0.0000,0.0000,32.67,29.06,31,-11.140,1,223.1
4158.590,+0.1278,-0.1234,-0.0467,-0.0300,-0.4243,4.134,-10.612,2.035,0.171,0.0000,0.0000,0.0000,0.0000,0.0000,0.0000,0.0000,0.0000,32.67,29.07,31,-11.120,1,223.1
4158.620,+0.1125,-0.0963,-0.0467,-0.0300,-0.4243,4.138,-10.612,2.033,0.173,0.0000,0.0000,0.0000,0.0000,0.0000,0.0000,0.0000,0.0000,32.67,29.07,31,-11.110,1,223.1
4158.658,+0.1125,-0.0963,-0.0467,-0.0300,-0.4243,4.138,-10.612,2.033,0.173,0.0000,0.0000,0.0000,0.0000,0.0000,0.0000,0.0000,0.0000,32.67,29.07,31,-11.110,1,223.1
4158.705,+0.1125,-0.0963,-0.0467,-0.0300,-0.4243,4.138,-10.612,2.033,0.173,0.0000,0.0000,0.0000,0.0000,0.0000,0.0000,0.0000,0.0000,32.67,29.07,31,-11.110,1,223.1
4158.729,+0.1125,-0.0963,-0.0467,-0.0300,-0.4243,4.138,-10.612,2.033,0.173,0.0000,0.0000,0.0000,0.0000,0.0000,0.0000,0.0000,0.0000,32.67,29.07,31,-11.110,1,223.1
4158.784,+0.1125,-0.0963,-0.0467,-0.0286,-0.4229,4.241,-10.604,2.065,0.211,0.0000,0.0000,0.0000,0.0000,0.0000,0.0000,0.0000,0.0000,32.67,29.07,31,-11.260,1,223.1
4158.818,+0.1125,-0.0963,-0.0467,-0.0286,-0.4229,4.241,-10.604,2.065,0.211,0.0000,0.0000,0.0000,0.0000,0.0000,0.0000,0.0000,0.0000,32.06,29.07,31,-11.260,1,218.5
4158.851,+0.1125,-0.0963,-0.0467,-0.0286,-0.4229,4.335,-10.594,2.106,0.289,0.0000,0.0000,0.0000,0.0000,0.0000,0.0000,0.0000,0.0000,32.06,29.07,31,-11.200,1,218.5
4158.880,+0.1125,-0.0963,-0.0467,-0.0286,-0.4229,4.442,-10.580,1.882,0.254,0.0000,0.0000,0.0000,0.0000,0.0000,0.0000,0.0000,0.0000,32.06,29.07,31,-11.170,1,218.5
4158.903,+0.1125,-0.0963,-0.0467,-0.0286,-0.4229,4.527,-10.576,1.600,-0.005,0.0000,0.0000,0.0000,0.0000,0.0000,0.0000,0.0000,0.0000,32.06,29.07,31,-11.160,1,218.5
4158.974,+0.1125,-0.0963,-0.0467,-0.0286,-0.4229,4.681,-10.585,1.641,-0.143,0.0000,0.0000,0.0000,0.0000,0.0000,0.0000,0.0000,0.0000,31.10,29.07,31,-11.150,1,211.3
4159.000,+0.1455,-0.0963,-0.0467,-0.0300,-0.4243,4.840,-10.635,1.492,-0.573,0.0000,0.0000,0.0000,0.0000,0.0000,0.0000,0.0000,0.0000,31.10,29.07,31,-11.150,1,211.3
4159.032,+0.1146,-0.0496,-0.0467,-0.0300,-0.4243,4.843,-10.636,1.440,-0.699,0.0000,0.0000,0.0000,0.0000,0.0000,0.0000,0.0000,0.0000,31.10,29.08,31,-11.150,1,211.3
4159.107,+0.1146,-0.0926,-0.0467,-0.0286,-0.4257,4.974,-10.701,1.485,-0.566,0.0000,0.0000,0.0000,0.0000,0.0000,0.0000,0.0000,0.0000,30.32,29.07,31,-10.960,1,205.5
4159.140,+0.1146,-0.0926,-0.0467,-0.0300,-0.4271,5.050,-10.729,1.558,-0.454,0.0000,0.0000,0.0000,0.0000,0.0000,0.0000,0.0000,0.0000,30.32,29.07,31,-10.760,1,205.5
4159.175,+0.1146,-0.0926,-0.0467,-0.0300,-0.4271,5.050,-10.729,1.558,-0.454,0.0000,0.0000,0.0000,0.0000,0.0000,0.0000,0.0000,0.0000,30.32,29.07,31,-10.760,1,205.5
4159.206,+0.1146,-0.0438,-0.0467,-0.0300,-0.4271,5.053,-10.730,1.586,-0.436,0.0000,0.0000,0.0000,0.0000,0.0000,0.0000,0.0000,0.0000,30.32,29.07,31,-10.760,1,205.5
4159.234,+0.1146,-0.0889,-0.0467,-0.0286,-0.4286,5.053,-10.730,1.586,-0.436,0.0000,0.0000,0.0000,0.0000,0.0000,0.0000,0.0000,0.0000,30.32,29.07,31,-10.840,1,205.5
4159.273,+0.1146,-0.0490,-0.0467,-0.0286,-0.4286,5.132,-10.754,1.662,-0.381,0.0000,0.0000,0.0000,0.0000,0.0000,0.0000,0.0000,0.0000,30.32,29.07,31,-10.990,1,205.5
4159.323,+0.1146,-0.0537,-0.0467,-0.0286,-0.4286,5.291,-10.797,1.683,-0.346,0.0000,0.0000,0.0000,0.0000,0.0000,0.0000,0.0000,0.0000,30.32,29.07,31,-10.940,1,205.5
4159.365,+0.1146,-0.0815,-0.0467,-0.0300,-0.4300,5.375,-10.813,1.641,-0.206,0.0000,0.0000,0.0000,0.0000,0.0000,0.0000,0.0000,0.0000,29.52,29.07,31,-10.850,1,199.6
4159.392,+0.1146,-0.0815,-0.0467,-0.0300,-0.4300,5.460,-10.819,1.712,0.115,0.0000,0.0000,0.0000,0.0000,0.0000,0.0000,0.0000,0.0000,29.52,29.08,31,-10.700,1,199.6
4159.481,+0.1146,-0.0815,-0.0467,-0.0300,-0.4300,5.547,-10.811,1.641,0.237,0.0000,0.0000,0.0000,0.0000,0.0000,0.0000,0.0000,0.0000,29.52,29.08,31,-10.910,1,199.6
4159.511,+0.1146,-0.0815,-0.0467,-0.0300,-0.4300,5.547,-10.811,1.641,0.237,0.0000,0.0000,0.0000,0.0000,0.0000,0.0000,0.0000,0.0000,28.88,29.08,30,-10.910,1,195.0
4159.541,+0.1146,-0.0815,-0.0467,-0.0300,-0.4300,5.623,-10.802,1.587,0.206,0.0000,0.0000,0.0000,0.0000,0.0000,0.0000,0.0000,0.0000,28.88,29.08,30,-10.950,1,195.0
4159.640,+0.1246,-0.0993,-0.0467,-0.0300,-0.4300,5.757,-10.801,1.463,0.030,0.0000,0.0000,0.0000,0.0000,0.0000,0.0000,0.0000,0.0000,28.88,29.08,30,-10.970,1,195.0
4159.677,+0.0929,-0.0852,-0.0467,-0.0300,-0.4300,5.757,-10.801,1.463,0.030,0.0000,0.0000,0.0000,0.0000,0.0000,0.0000,0.0000,0.0000,28.88,29.08,30,-10.970,1,195.0
4159.708,+0.1146,-0.0852,-0.0467,-0.0300,-0.4300,5.757,-10.801,1.463,0.030,0.0000,0.0000,0.0000,0.0000,0.0000,0.0000,0.0000,0.0000,28.88,29.08,30,-10.970,1,195.0
4159.735,+0.1146,-0.0852,-0.0467,-0.0300,-0.4300,5.757,-10.801,1.463,0.030,0.0000,0.0000,0.0000,0.0000,0.0000,0.0000,0.0000,0.0000,28.88,29.08,30,-10.970,1,195.0
4159.812,+0.1023,-0.0633,-0.0467,-0.0300,-0.4300,5.828,-10.806,1.465,-0.008,0.0000,0.0000,0.0000,0.0000,0.0000,0.0000,0.0000,0.0000,28.10,29.09,30,-10.970,1,189.3
4159.845,+0.1125,-0.0815,-0.0467,-0.0286,-0.4286,5.897,-10.811,1.551,0.000,0.0000,0.0000,0.0000,0.0000,0.0000,0.0000,0.0000,0.0000,28.10,29.09,30,-11.050,1,189.3
4159.879,+0.1125,-0.1270,-0.0467,-0.0286,-0.4286,5.974,-10.815,1.617,0.037,0.0000,0.0000,0.0000,0.0000,0.0000,0.0000,0.0000,0.0000,28.10,29.09,30,-11.030,1,189.3
4159.931,+0.1125,-0.0852,-0.0467,-0.0300,-0.4300,6.134,-10.817,1.665,0.088,0.0000,0.0000,0.0000,0.0000,0.0000,0.0000,0.0000,0.0000,28.10,29.09,30,-10.870,1,189.3
4159.959,+0.1125,-0.0852,-0.0467,-0.0300,-0.4300,6.134,-10.817,1.665,0.088,0.0000,0.0000,0.0000,0.0000,0.0000,0.0000,0.0000,0.0000,27.27,29.09,30,-10.870,1,183.3
4159.983,+0.1125,-0.0852,-0.0467,-0.0300,-0.4300,6.294,-10.811,1.569,0.261,0.0000,0.0000,0.0000,0.0000,0.0000,0.0000,0.0000,0.0000,27.27,29.09,30,-11.260,1,183.3
4160.010,+0.1125,-0.0852,-0.0467,-0.0300,-0.4271,6.367,-10.802,1.579,0.293,0.0000,0.0000,0.0000,0.0000,0.0000,0.0000,0.0000,0.0000,27.27,29.10,30,-11.120,1,183.3
4160.043,+0.1125,-0.0852,-0.0467,-0.0300,-0.4271,6.443,-10.793,1.610,0.282,0.0000,0.0000,0.0000,0.0000,0.0000,0.0000,0.0000,0.0000,27.27,29.10,30,-11.060,1,183.3
4160.076,+0.0868,-0.0852,-0.0467,-0.0300,-0.4271,6.515,-10.786,1.647,0.243,0.0000,0.0000,0.0000,0.0000,0.0000,0.0000,0.0000,0.0000,27.27,29.10,30,-11.060,1,183.3
4160.136,+0.1104,-0.0852,-0.0400,-0.0329,-0.4271,6.518,-10.786,1.654,0.238,0.0000,0.0000,0.0000,0.0000,0.0000,0.0000,0.0000,0.0000,26.25,29.10,30,-11.030,1,175.9
4160.159,+0.1104,-0.0852,-0.0400,-0.0329,-0.4271,6.518,-10.786,1.654,0.238,0.0000,0.0000,0.0000,0.0000,0.0000,0.0000,0.0000,0.0000,26.25,29.10,30,-11.030,1,175.9
4160.187,+0.0801,-0.0852,-0.0400,-0.0329,-0.4271,6.518,-10.786,1.654,0.238,0.0000,0.0000,0.0000,0.0000,0.0000,0.0000,0.0000,0.0000,26.25,29.10,30,-11.030,1,175.9
4160.216,+0.1083,-0.0852,-0.0400,-0.0329,-0.4271,6.588,-10.781,1.686,0.222,0.0000,0.0000,0.0000,0.0000,0.0000,0.0000,0.0000,0.0000,26.25,29.10,30,-11.020,1,175.9
4160.287,+0.0951,-0.1088,-0.0400,-0.0343,-0.4286,6.742,-10.769,1.679,0.255,0.0000,0.0000,0.0000,0.0000,0.0000,0.0000,0.0000,0.0000,26.25,29.11,30,-11.020,1,175.9
4160.312,+0.1062,-0.0889,-0.0400,-0.0314,-0.4286,6.823,-10.764,1.721,0.134,0.0000,0.0000,0.0000,0.0000,0.0000,0.0000,0.0000,0.0000,26.25,29.11,30,-11.020,1,175.9
4160.342,+0.1062,-0.0889,-0.0400,-0.0314,-0.4286,6.826,-10.764,1.721,0.111,0.0000,0.0000,0.0000,0.0000,0.0000,0.0000,0.0000,0.0000,25.45,29.11,30,-11.020,1,170.1
4160.370,+0.1062,-0.0889,-0.0400,-0.0343,-0.4286,6.906,-10.770,1.665,-0.125,0.0000,0.0000,0.0000,0.0000,0.0000,0.0000,0.0000,0.0000,25.45,29.11,30,-11.100,1,170.1
4160.407,+0.1062,-0.1313,-0.0400,-0.0329,-0.4271,6.985,-10.779,1.601,-0.025,0.0000,0.0000,0.0000,0.0000,0.0000,0.0000,0.0000,0.0000,25.45,29.11,30,-11.080,1,170.1
4160.440,+0.1062,-0.0926,-0.0400,-0.0329,-0.4271,7.058,-10.779,1.480,0.121,0.0000,0.0000,0.0000,0.0000,0.0000,0.0000,0.0000,0.0000,25.45,29.11,30,-11.080,1,170.1
4160.468,+0.1062,-0.0926,-0.0400,-0.0329,-0.4271,7.058,-10.779,1.480,0.121,0.0000,0.0000,0.0000,0.0000,0.0000,0.0000,0.0000,0.0000,25.45,29.11,30,-11.070,1,170.1
4160.504,+0.0821,-0.0926,-0.0400,-0.0329,-0.4271,7.060,-10.778,1.456,0.148,0.0000,0.0000,0.0000,0.0000,0.0000,0.0000,0.0000,0.0000,25.45,29.12,30,-11.350,1,170.1
4160.529,+0.1042,-0.0926,-0.0400,-0.0329,-0.4271,7.125,-10.774,1.368,0.201,0.0000,0.0000,0.0000,0.0000,0.0000,0.0000,0.0000,0.0000,24.82,29.12,30,-11.350,1,165.6
4160.572,+0.1042,-0.0926,-0.0400,-0.0357,-0.4271,7.189,-10.772,1.368,0.168,0.0000,0.0000,0.0000,0.0000,0.0000,0.0000,0.0000,0.0000,24.82,29.12,30,-11.150,1,165.6
4160.598,+0.1042,-0.0349,-0.0400,-0.0357,-0.4271,7.254,-10.773,1.460,0.122,0.0000,0.0000,0.0000,0.0000,0.0000,0.0000,0.0000,0.0000,24.82,29.12,30,-11.150,1,165.6
4160.661,+0.0895,-0.0889,-0.0400,-0.0343,-0.4257,7.254,-10.773,1.460,0.122,0.0000,0.0000,0.0000,0.0000,0.0000,0.0000,0.0000,0.0000,24.82,29.12,30,-11.130,1,165.6
4160.693,+0.1021,-0.0889,-0.0400,-0.0343,-0.4257,7.254,-10.773,1.460,0.122,0.0000,0.0000,0.0000,0.0000,0.0000,0.0000,0.0000,0.0000,24.82,29.12,30,-11.130,1,165.6
4160.772,+0.0900,-0.0889,-0.0400,-0.0343,-0.4257,7.365,-10.791,1.164,-0.061,0.0000,0.0000,0.0000,0.0000,0.0000,0.0000,0.0000,0.0000,24.82,29.12,30,-11.120,1,165.6
4160.811,+0.1000,-0.0889,-0.0400,-0.0343,-0.4286,7.365,-10.791,1.164,-0.061,0.0000,0.0000,0.0000,0.0000,0.0000,0.0000,0.0000,0.0000,23.80,29.12,30,-10.720,1,158.2
4160.838,+0.0683,-0.0889,-0.0333,-0.0371,-0.4314,7.393,-10.803,0.595,-0.002,0.0000,0.0000,0.0000,0.0000,0.0000,0.0000,0.0000,0.0000,23.80,29.12,30,-10.770,1,158.2
4160.869,+0.0979,-0.0889,-0.0400,-0.0357,-0.4300,7.393,-10.803,0.595,-0.002,0.0000,0.0000,0.0000,0.0000,0.0000,0.0000,0.0000,0.0000,23.80,29.12,30,-10.930,1,158.2
4160.898,+0.0979,-0.0889,-0.0400,-0.0357,-0.4300,7.416,-10.808,0.534,0.048,0.0000,0.0000,0.0000,0.0000,0.0000,0.0000,0.0000,0.0000,23.80,29.12,30,-11.040,1,158.2
4160.926,+0.0979,-0.0889,-0.0400,-0.0357,-0.4300,7.433,-10.811,0.455,0.056,0.0000,0.0000,0.0000,0.0000,0.0000,0.0000,0.0000,0.0000,23.80,29.12,30,-11.050,1,158.2
4160.965,+0.0759,-0.1280,-0.0400,-0.0357,-0.4300,7.445,-10.814,0.348,0.056,0.0000,0.0000,0.0000,0.0000,0.0000,0.0000,0.0000,0.0000,23.19,29.12,30,-11.060,1,153.8
4160.996,+0.0958,-0.0926,-0.0400,-0.0357,-0.4300,7.445,-10.815,0.327,0.043,0.0000,0.0000,0.0000,0.0000,0.0000,0.0000,0.0000,0.0000,23.19,29.13,30,-11.060,1,153.8
4161.027,+0.0681,-0.0926,-0.0400,-0.0357,-0.4300,7.453,-10.820,0.254,0.023,0.0000,0.0000,0.0000,0.0000,0.0000,0.0000,0.0000,0.0000,23.19,29.13,30,-11.060,1,153.8
4161.053,+0.0938,-0.0926,-0.0400,-0.0357,-0.4271,7.457,-10.827,0.248,-0.006,0.0000,0.0000,0.0000,0.0000,0.0000,0.0000,0.0000,0.0000,23.19,29.13,30,-11.190,1,153.8
4161.115,+0.0938,-0.0926,-0.0333,-0.0371,-0.4286,7.462,-10.836,0.307,-0.014,0.0000,0.0000,0.0000,0.0000,0.0000,0.0000,0.0000,0.0000,22.37,29.13,29,-11.140,1,147.9
4161.145,+0.0656,-0.0926,-0.0400,-0.0357,-0.4300,7.450,-10.856,-0.170,-0.343,0.0000,0.0000,0.0000,0.0000,0.0000,0.0000,0.0000,0.0000,22.37,29.13,29,-11.120,1,147.9
4161.180,+0.0917,-0.0926,-0.0400,-0.0357,-0.4300,7.450,-10.856,-0.170,-0.343,0.0000,0.0000,0.0000,0.0000,0.0000,0.0000,0.0000,0.0000,22.37,29.13,29,-11.120,1,147.9
4161.213,+0.0657,-0.0926,-0.0400,-0.0357,-0.4300,7.434,-10.885,-0.125,-0.375,0.0000,0.0000,0.0000,0.0000,0.0000,0.0000,0.0000,0.0000,22.37,29.13,29,-11.110,1,147.9
4161.242,+0.0896,-0.0399,-0.0400,-0.0357,-0.4300,7.433,-10.887,-0.106,-0.402,0.0000,0.0000,0.0000,0.0000,0.0000,0.0000,0.0000,0.0000,22.37,29.13,29,-11.110,1,147.9
4161.305,+0.0750,-0.0889,-0.0333,-0.0371,-0.4286,7.408,-10.918,-0.058,0.166,0.0000,0.0000,0.0000,0.0000,0.0000,0.0000,0.0000,0.0000,22.37,29.13,29,-11.110,1,147.9
4161.331,+0.0875,-0.0889,-0.0333,-0.0371,-0.4286,7.408,-10.918,-0.058,0.166,0.0000,0.0000,0.0000,0.0000,0.0000,0.0000,0.0000,0.0000,21.55,29.13,29,-11.110,1,142.0
4161.378,+0.0875,-0.0889,-0.0333,-0.0371,-0.4314,7.396,-10.913,-0.091,0.277,0.0000,0.0000,0.0000,0.0000,0.0000,0.0000,0.0000,0.0000,21.55,29.13,29,-10.790,1,142.0
4161.420,+0.0668,-0.1258,-0.0333,-0.0371,-0.4314,7.382,-10.907,-0.148,0.202,0.0000,0.0000,0.0000,0.0000,0.0000,0.0000,0.0000,0.0000,21.55,29.13,29,-10.940,1,142.0
4161.459,+0.0854,-0.0926,-0.0333,-0.0371,-0.4314,7.367,-10.907,-0.210,0.107,0.0000,0.0000,0.0000,0.0000,0.0000,0.0000,0.0000,0.0000,21.55,29.13,29,-11.010,1,142.0
4161.493,+0.0854,-0.0926,-0.0333,-0.0371,-0.4314,7.347,-10.910,-0.233,0.046,0.0000,0.0000,0.0000,0.0000,0.0000,0.0000,0.0000,0.0000,21.55,29.14,29,-11.190,1,142.0
4161.578,+0.0741,-0.0926,-0.0333,-0.0357,-0.4271,7.319,-10.893,-0.203,0.797,0.0000,0.0000,0.0000,0.0000,0.0000,0.0000,0.0000,0.0000,20.72,29.14,29,-11.160,1,136.0
4161.612,+0.0577,-0.1381,-0.0333,-0.0357,-0.4271,7.318,-10.892,-0.186,0.773,0.0000,0.0000,0.0000,0.0000,0.0000,0.0000,0.0000,0.0000,20.72,29.14,29,-11.130,1,136.0
4161.638,+0.0813,-0.0963,-0.0333,-0.0357,-0.4271,7.318,-10.892,-0.186,0.773,0.0000,0.0000,0.0000,0.0000,0.0000,0.0000,0.0000,0.0000,20.72,29.14,29,-11.130,1,136.0
4161.695,+0.0813,-0.1247,-0.0333,-0.0357,-0.4271,7.318,-10.892,-0.186,0.773,0.0000,0.0000,0.0000,0.0000,0.0000,0.0000,0.0000,0.0000,20.72,29.14,29,-11.130,1,136.0
4161.720,+0.0463,-0.1622,-0.0333,-0.0357,-0.4271,7.318,-10.892,-0.186,0.773,0.0000,0.0000,0.0000,0.0000,0.0000,0.0000,0.0000,0.0000,20.72,29.14,29,-11.130,1,136.0
4161.748,+0.0792,-0.1037,-0.0333,-0.0357,-0.4271,7.318,-10.892,-0.186,0.773,0.0000,0.0000,0.0000,0.0000,0.0000,0.0000,0.0000,0.0000,20.72,29.14,29,-11.130,1,136.0
4161.791,+0.0792,-0.1402,-0.0333,-0.0386,-0.4243,7.286,-10.820,-0.096,0.987,0.0000,0.0000,0.0000,0.0000,0.0000,0.0000,0.0000,0.0000,20.72,29.14,29,-11.420,1,136.0
4161.819,+0.0490,-0.1074,-0.0333,-0.0386,-0.4243,7.273,-10.774,-0.115,1.018,0.0000,0.0000,0.0000,0.0000,0.0000,0.0000,0.0000,0.0000,19.89,29.14,29,-11.420,1,130.1
4161.847,+0.0771,-0.1618,-0.0333,-0.0357,-0.4243,7.257,-10.730,-0.220,0.955,0.0000,0.0000,0.0000,0.0000,0.0000,0.0000,0.0000,0.0000,19.89,29.14,29,-11.390,1,130.1
4161.879,+0.0771,-0.1111,-0.0333,-0.0357,-0.4214,7.235,-10.691,-0.327,0.863,0.0000,0.0000,0.0000,0.0000,0.0000,0.0000,0.0000,0.0000,19.89,29.15,29,-11.460,1,130.1
4161.921,+0.0771,-0.1478,-0.0333,-0.0371,-0.4200,7.207,-10.654,-0.416,0.786,0.0000,0.0000,0.0000,0.0000,0.0000,0.0000,0.0000,0.0000,19.89,29.15,29,-11.460,1,130.1
4161.956,+0.0771,-0.1596,-0.0333,-0.0371,-0.4200,7.207,-10.654,-0.416,0.786,0.0000,0.0000,0.0000,0.0000,0.0000,0.0000,0.0000,0.0000,19.05,29.15,29,-11.460,1,124.1
4161.990,+0.0522,-0.1185,-0.0333,-0.0357,-0.4186,7.114,-10.609,-0.905,0.434,0.0000,0.0000,0.0000,0.0000,0.0000,0.0000,0.0000,0.0000,19.05,29.15,29,-11.500,1,124.1
4162.033,+0.0750,-0.1185,-0.0333,-0.0357,-0.4186,7.015,-10.625,-0.821,-0.368,0.0000,0.0000,0.0000,0.0000,0.0000,0.0000,0.0000,0.0000,19.05,29.16,29,-11.650,1,124.1
4162.076,+0.0545,-0.1550,-0.0333,-0.0357,-0.4186,7.013,-10.626,-0.885,-0.653,0.0000,0.0000,0.0000,0.0000,0.0000,0.0000,0.0000,0.0000,19.05,29.16,29,-11.640,1,124.1
4162.105,+0.0729,-0.1222,-0.0333,-0.0357,-0.4186,7.013,-10.626,-0.885,-0.653,0.0000,0.0000,0.0000,0.0000,0.0000,0.0000,0.0000,0.0000,19.05,29.16,29,-11.510,1,124.1
4162.134,+0.0437,-0.1222,-0.0400,-0.0343,-0.4200,6.963,-10.674,-0.864,-0.847,0.0000,0.0000,0.0000,0.0000,0.0000,0.0000,0.0000,0.0000,18.24,29.16,29,-11.460,1,118.1
4162.171,+0.0708,-0.0804,-0.0400,-0.0343,-0.4200,6.963,-10.674,-0.864,-0.847,0.0000,0.0000,0.0000,0.0000,0.0000,0.0000,0.0000,0.0000,18.24,29.16,29,-11.460,1,118.1
4162.211,+0.0490,-0.1185,-0.0333,-0.0343,-0.4200,6.913,-10.724,-0.809,-0.739,0.0000,0.0000,0.0000,0.0000,0.0000,0.0000,0.0000,0.0000,18.24,29.16,29,-11.550,1,118.1
4162.245,+0.0688,-0.1185,-0.0333,-0.0371,-0.4200,6.867,-10.759,-0.763,-0.591,0.0000,0.0000,0.0000,0.0000,0.0000,0.0000,0.0000,0.0000,18.24,29.15,29,-11.500,1,118.1
4162.275,+0.0688,-0.1185,-0.0333,-0.0371,-0.4200,6.865,-10.760,-0.733,-0.436,0.0000,0.0000,0.0000,0.0000,0.0000,0.0000,0.0000,0.0000,18.24,29.15,29,-11.500,1,118.1
4162.318,+0.0481,-0.1185,-0.0333,-0.0371,-0.4229,6.821,-10.785,-0.690,-0.284,0.0000,0.0000,0.0000,0.0000,0.0000,0.0000,0.0000,0.0000,18.24,29.15,29,-11.220,1,118.1
4162.343,+0.0667,-0.1185,-0.0333,-0.0371,-0.4229,6.780,-10.805,-0.676,-0.278,0.0000,0.0000,0.0000,0.0000,0.0000,0.0000,0.0000,0.0000,17.42,29.15,29,-11.330,1,112.1
4162.390,+0.0480,-0.0853,-0.0400,-0.0343,-0.4229,6.755,-10.834,-0.153,-0.624,0.0000,0.0000,0.0000,0.0000,0.0000,0.0000,0.0000,0.0000,17.42,29.14,29,-11.380,1,112.1
4162.429,+0.0646,-0.1148,-0.0333,-0.0357,-0.4243,6.742,-10.877,-0.156,-0.765,0.0000,0.0000,0.0000,0.0000,0.0000,0.0000,0.0000,0.0000,17.42,29.14,29,-11.400,1,112.1
4162.467,+0.0646,-0.1148,-0.0333,-0.0357,-0.4243,6.742,-10.877,-0.156,-0.765,0.0000,0.0000,0.0000,0.0000,0.0000,0.0000,0.0000,0.0000,17.42,29.14,29,-11.280,1,112.1
4162.494,+0.0646,-0.0597,-0.0333,-0.0357,-0.4243,6.728,-10.920,-0.197,-0.711,0.0000,0.0000,0.0000,0.0000,0.0000,0.0000,0.0000,0.0000,17.42,29.14,29,-11.250,1,112.1
4162.531,+0.0412,-0.1111,-0.0333,-0.0357,-0.4243,6.711,-10.959,-0.214,-0.648,0.0000,0.0000,0.0000,0.0000,0.0000,0.0000,0.0000,0.0000,16.59,29.14,29,-11.250,1,106.0
4162.575,+0.0625,-0.1111,-0.0400,-0.0357,-0.4271,6.711,-10.961,-0.225,-0.618,0.0000,0.0000,0.0000,0.0000,0.0000,0.0000,0.0000,0.0000,16.59,29.14,29,-10.980,1,106.0
4162.601,+0.0625,-0.1111,-0.0333,-0.0386,-0.4271,6.693,-10.995,-0.229,-0.565,0.0000,0.0000,0.0000,0.0000,0.0000,0.0000,0.0000,0.0000,16.59,29.14,29,-11.170,1,106.0
4162.632,+0.0625,-0.0618,-0.0333,-0.0386,-0.4271,6.693,-10.995,-0.229,-0.565,0.0000,0.0000,0.0000,0.0000,0.0000,0.0000,0.0000,0.0000,16.59,29.14,29,-11.170,1,106.0
4162.661,+0.0329,-0.1074,-0.0333,-0.0386,-0.4271,6.693,-10.995,-0.229,-0.565,0.0000,0.0000,0.0000,0.0000,0.0000,0.0000,0.0000,0.0000,16.59,29.14,29,-11.170,1,106.0
4162.720,+0.0450,-0.1074,-0.0333,-0.0386,-0.4271,6.693,-10.995,-0.229,-0.565,0.0000,0.0000,0.0000,0.0000,0.0000,0.0000,0.0000,0.0000,16.59,29.14,29,-11.170,1,106.0
4162.753,+0.0583,-0.1074,-0.0333,-0.0386,-0.4271,6.675,-11.029,-0.216,-0.543,0.0000,0.0000,0.0000,0.0000,0.0000,0.0000,0.0000,0.0000,16.59,29.14,29,-11.170,1,106.0
4162.868,+0.0494,-0.1074,-0.0333,-0.0386,-0.4300,6.631,-11.134,-0.123,-0.558,0.0000,0.0000,0.0000,0.0000,0.0000,0.0000,0.0000,0.0000,15.75,29.13,29,-11.190,1,100.0
4162.906,+0.0335,-0.1074,-0.0400,-0.0357,-0.4300,6.608,-11.165,-0.566,-0.341,0.0000,0.0000,0.0000,0.0000,0.0000,0.0000,0.0000,0.0000,15.75,29.13,29,-11.270,1,100.0
4162.947,+0.0542,-0.1074,-0.0400,-0.0357,-0.4300,6.608,-11.165,-0.566,-0.341,0.0000,0.0000,0.0000,0.0000,0.0000,0.0000,0.0000,0.0000,15.09,29.13,28,-11.280,1,95.4
4162.974,+0.0542,-0.1074,-0.0333,-0.0371,-0.4286,6.524,-11.170,-0.676,0.426,0.0000,0.0000,0.0000,0.0000,0.0000,0.0000,0.0000,0.0000,15.09,29.13,28,-11.280,1,95.4
4163.005,+0.0259,-0.1576,-0.0333,-0.0371,-0.4286,6.486,-11.133,-0.626,0.798,0.0000,0.0000,0.0000,0.0000,0.0000,0.0000,0.0000,0.0000,15.09,29.13,28,-11.280,1,95.4
4163.039,+0.0521,-0.1111,-0.0400,-0.0357,-0.4271,6.484,-11.131,-0.610,0.976,0.0000,0.0000,0.0000,0.0000,0.0000,0.0000,0.0000,0.0000,15.09,29.13,28,-11.280,1,95.4
4163.082,+0.0521,-0.1482,-0.0333,-0.0386,-0.4243,6.446,-11.086,-0.734,0.911,0.0000,0.0000,0.0000,0.0000,0.0000,0.0000,0.0000,0.0000,15.09,29.13,28,-11.620,1,95.4
4163.119,+0.0521,-0.1148,-0.0333,-0.0386,-0.4243,6.399,-11.048,-0.885,0.652,0.0000,0.0000,0.0000,0.0000,0.0000,0.0000,0.0000,0.0000,14.25,29.14,28,-11.620,1,89.5
4163.158,+0.0298,-0.1545,-0.0400,-0.0357,-0.4243,6.399,-11.048,-0.885,0.652,0.0000,0.0000,0.0000,0.0000,0.0000,0.0000,0.0000,0.0000,14.25,29.14,28,-11.460,1,89.5
4163.212,+0.0500,-0.1482,-0.0400,-0.0343,-0.4229,6.350,-11.025,-0.988,0.476,0.0000,0.0000,0.0000,0.0000,0.0000,0.0000,0.0000,0.0000,14.25,29.14,28,-11.630,1,89.5
4163.252,+0.0500,-0.1609,-0.0400,-0.0343,-0.4229,6.292,-11.007,-1.028,0.405,0.0000,0.0000,0.0000,0.0000,0.0000,0.0000,0.0000,0.0000,14.25,29.15,28,-11.490,1,89.5
4163.298,+0.0306,-0.1259,-0.0400,-0.0343,-0.4200,6.234,-10.990,-1.002,0.438,0.0000,0.0000,0.0000,0.0000,0.0000,0.0000,0.0000,0.0000,14.25,29.15,28,-11.750,1,89.5
4163.337,+0.0479,-0.1659,-0.0400,-0.0343,-0.4200,6.183,-10.974,-0.487,0.307,0.0000,0.0000,0.0000,0.0000,0.0000,0.0000,0.0000,0.0000,13.40,29.15,28,-11.750,1,83.6
4163.369,+0.0215,-0.1296,-0.0333,-0.0357,-0.4186,6.160,-10.973,-0.261,0.062,0.0000,0.0000,0.0000,0.0000,0.0000,0.0000,0.0000,0.0000,13.40,29.15,28,-11.740,1,83.6
4163.408,+0.0458,-0.1296,-0.0400,-0.0343,-0.4200,6.160,-10.973,-0.205,0.004,0.0000,0.0000,0.0000,0.0000,0.0000,0.0000,0.0000,0.0000,13.40,29.15,28,-11.770,1,83.6
4163.531,+0.0458,-0.1447,-0.0400,-0.0343,-0.4200,6.125,-11.003,-0.329,-0.576,0.0000,0.0000,0.0000,0.0000,0.0000,0.0000,0.0000,0.0000,12.57,29.15,28,-11.590,1,77.6
4163.574,+0.0253,-0.1333,-0.0400,-0.0343,-0.4200,6.105,-11.043,-0.274,-0.675,0.0000,0.0000,0.0000,0.0000,0.0000,0.0000,0.0000,0.0000,12.57,29.15,28,-11.570,1,77.6
4163.615,+0.0225,-0.1333,-0.0400,-0.0343,-0.4229,6.104,-11.044,-0.234,-0.738,0.0000,0.0000,0.0000,0.0000,0.0000,0.0000,0.0000,0.0000,12.57,29.15,28,-11.620,1,77.6
4163.659,+0.0216,-0.0977,-0.0400,-0.0343,-0.4229,6.104,-11.044,-0.234,-0.738,0.0000,0.0000,0.0000,0.0000,0.0000,0.0000,0.0000,0.0000,12.57,29.15,28,-11.620,1,77.6
4163.699,+0.0396,-0.1296,-0.0400,-0.0343,-0.4229,6.104,-11.044,-0.234,-0.738,0.0000,0.0000,0.0000,0.0000,0.0000,0.0000,0.0000,0.0000,12.57,29.15,28,-11.620,1,77.6
4163.732,+0.0141,-0.1750,-0.0400,-0.0343,-0.4229,6.104,-11.044,-0.234,-0.738,0.0000,0.0000,0.0000,0.0000,0.0000,0.0000,0.0000,0.0000,12.57,29.15,28,-11.620,1,77.6
4163.779,+0.0375,-0.1333,-0.0333,-0.0357,-0.4214,6.080,-11.115,0.009,-0.396,0.0000,0.0000,0.0000,0.0000,0.0000,0.0000,0.0000,0.0000,12.57,29.15,28,-11.610,1,77.6
4163.823,+0.0375,-0.1333,-0.0333,-0.0371,-0.4229,6.073,-11.154,0.021,-0.264,0.0000,0.0000,0.0000,0.0000,0.0000,0.0000,0.0000,0.0000,11.92,29.15,28,-11.460,1,73.1
4163.860,+0.0141,-0.1750,-0.0400,-0.0343,-0.4229,6.090,-11.161,0.504,0.047,0.0000,0.0000,0.0000,0.0000,0.0000,0.0000,0.0000,0.0000,11.92,29.15,28,-11.680,1,73.1
4163.906,+0.0354,-0.1370,-0.0400,-0.0357,-0.4214,6.129,-11.169,0.401,-0.191,0.0000,0.0000,0.0000,0.0000,0.0000,0.0000,0.0000,0.0000,11.92,29.15,28,-11.660,1,73.1
4163.974,+0.0217,-0.1614,-0.0333,-0.0386,-0.4214,6.155,-11.203,0.322,-0.300,0.0000,0.0000,0.0000,0.0000,0.0000,0.0000,0.0000,0.0000,10.88,29.15,28,-11.890,1,65.8
4164.020,+0.0333,-0.1407,-0.0333,-0.0357,-0.4214,6.166,-11.223,0.338,-0.269,0.0000,0.0000,0.0000,0.0000,0.0000,0.0000,0.0000,0.0000,10.88,29.15,28,-11.750,1,65.8
4164.081,+0.0182,-0.1407,-0.0333,-0.0357,-0.4214,6.179,-11.241,0.393,-0.237,0.0000,0.0000,0.0000,0.0000,0.0000,0.0000,0.0000,0.0000,10.02,29.15,28,-11.740,1,59.9
4164.134,+0.0143,-0.1709,-0.0333,-0.0357,-0.4214,6.180,-11.242,0.403,-0.231,0.0000,0.0000,0.0000,0.0000,0.0000,0.0000,0.0000,0.0000,10.02,29.15,28,-11.710,1,59.9
4164.209,+0.0165,-0.1670,-0.0333,-0.0371,-0.4229,6.204,-11.268,0.017,0.063,0.0000,0.0000,0.0000,0.0000,0.0000,0.0000,0.0000,0.0000,10.02,29.15,28,-11.700,1,59.9
4164.269,+0.0271,-0.1481,-0.0333,-0.0371,-0.4200,6.196,-11.264,-0.049,0.215,0.0000,0.0000,0.0000,0.0000,0.0000,0.0000,0.0000,0.0000,10.02,29.15,28,-11.940,1,59.9
4164.324,+0.0105,-0.1776,-0.0333,-0.0371,-0.4200,6.177,-11.254,-0.132,0.104,0.0000,0.0000,0.0000,0.0000,0.0000,0.0000,0.0000,0.0000,9.35,29.15,27,-11.970,1,55.2
4164.385,+0.0101,-0.1784,-0.0333,-0.0357,-0.4186,6.164,-11.256,-0.174,0.021,0.0000,0.0000,0.0000,0.0000,0.0000,0.0000,0.0000,0.0000,9.35,29.15,27,-11.830,1,55.2
4164.458,+0.0099,-0.1788,-0.0333,-0.0371,-0.4171,6.133,-11.264,-0.191,0.018,0.0000,0.0000,0.0000,0.0000,0.0000,0.0000,0.0000,0.0000,9.35,29.16,27,-12.070,1,55.2
4164.527,+0.0074,-0.2071,-0.0333,-0.0371,-0.4171,6.057,-11.297,0.024,0.020,0.0000,0.0000,0.0000,0.0000,0.0000,0.0000,0.0000,0.0000,8.26,0.00,27,-12.120,1,47.7
4164.620,-0.0025,-0.1855,-0.0333,-0.0371,-0.4171,6.057,-11.297,0.024,0.020,0.0000,0.0000,0.0000,0.0000,0.0000,0.0000,0.0000,0.0000,8.26,0.00,27,-12.130,1,47.7
4164.724,-0.0145,-0.2220,-0.0133,-0.0500,-0.4157,6.021,-11.320,0.022,0.020,0.0000,0.0000,0.0000,0.0000,0.0000,0.0000,0.0000,0.0000,9.61,0.00,27,-12.380,1,42.7
4164.837,-0.0099,-0.2139,0.0000,-0.0586,-0.4157,5.810,-11.459,0.024,0.021,0.0000,0.0000,0.0000,0.0000,0.0000,0.0000,0.0000,0.0000,8.72,0.00,27,-12.470,1,36.6
4164.980,-0.0187,-0.2296,-0.0067,-0.0543,-0.4143,5.366,-11.699,-5.266,-0.842,0.0000,0.0000,0.0000,0.0000,0.0000,0.0000,0.0000,0.0000,8.06,29.16,27,-12.570,1,32.2
4165.190,-0.0255,-0.3040,-0.0200,-0.0457,-0.4143,2.847,-11.927,-6.169,-1.024,0.0000,0.0000,0.0000,0.0000,0.0000,0.0000,0.0000,0.0000,6.09,29.17,27,-12.750,1,19.3
4165.549,+0.0153,-0.3437,0.0000,0.4286,1.1429,-13.717,44.268,62.230,25.038,0.0000,0.0000,0.0000,0.0000,0.0000,0.0000,0.0000,0.0000,5.87,11.92,18,-13.640,1,3.6
4166.676,-0.1187,-0.4185,0.0000,0.4286,1.1429,-13.717,44.268,62.230,25.038,0.0000,0.0000,0.0000,0.0000,0.0000,0.0000,0.0000,0.0000,5.87,11.92,18,-13.640,1,3.6
4166.743,-0.2705,-0.5166,0.0000,0.4286,1.1429,-13.717,44.268,62.230,25.038,0.0000,0.0000,0.0000,0.0000,0.0000,0.0000,0.0000,0.0000,5.87,11.92,18,-13.640,1,3.6
4166.774,-0.2525,-0.4826,0.0267,0.4286,1.1429,-11.695,45.139,60.734,18.139,0.0000,0.0000,0.0000,0.0000,0.0000,0.0000,0.0000,0.0000,5.87,11.92,18,-13.640,1,3.6
4166.797,-0.2594,-0.5667,0.0333,0.4286,1.1429,-11.695,45.139,60.734,18.139,0.0000,0.0000,0.0000,0.0000,0.0000,0.0000,0.0000,0.0000,5.87,11.69,18,-13.640,1,3.6
4166.836,-0.2247,-0.5256,0.0667,0.4286,1.1429,-8.889,45.851,57.677,11.735,0.0000,0.0000,0.0000,0.0000,0.0000,0.0000,0.0000,0.0000,6.51,11.69,18,-13.900,1,6.0
4166.875,-0.2296,-0.5711,0.0800,0.4286,1.1429,-1.302,46.720,43.754,2.652,0.0000,0.0000,0.0000,0.0000,0.0000,0.0000,0.0000,0.0000,6.51,11.04,18,-14.020,1,6.0
4166.894,-0.2960,-0.5384,0.2333,0.4057,1.1200,-1.133,46.727,43.933,2.763,0.0000,0.0000,0.0000,0.0000,0.0000,0.0000,0.0000,0.0000,6.51,11.04,18,-15.750,1,6.0
4166.984,-0.2514,-0.5637,0.3467,0.3629,1.0771,7.996,46.347,31.699,-3.844,0.0000,0.0000,0.0000,0.0000,0.0000,0.0000,0.0000,0.0000,6.73,10.84,18,-16.440,1,8.3
4167.015,-0.2449,-0.5835,0.4267,0.3300,1.0443,13.219,45.461,26.370,-6.622,0.0000,0.0000,0.0000,0.0000,0.0000,0.0000,0.0000,0.0000,6.73,10.46,18,-16.440,1,8.3
4167.047,-0.2737,-0.5874,0.5600,0.2786,0.9929,18.378,44.032,22.842,-8.556,0.0000,0.0000,0.0000,0.0000,0.0000,0.0000,0.0000,0.0000,6.73,10.46,18,-16.550,1,8.3
4167.091,-0.2797,-0.6063,0.6467,0.2457,0.9600,23.342,42.017,18.688,-10.950,0.0000,0.0000,0.0000,0.0000,0.0000,0.0000,0.0000,0.0000,6.73,10.11,18,-16.800,1,8.3
4167.123,-0.2621,-0.6067,0.6467,0.2457,0.9600,23.342,42.017,18.688,-10.950,0.0000,0.0000,0.0000,0.0000,0.0000,0.0000,0.0000,0.0000,6.56,10.11,18,-16.800,1,10.4
4167.157,-0.2894,-0.5641,0.7667,0.1957,0.9100,27.939,39.421,15.247,-13.222,0.0000,0.0000,0.0000,0.0000,0.0000,0.0000,0.0000,0.0000,6.56,10.11,18,-16.940,1,10.4
4167.201,-0.2894,-0.5641,0.7667,0.1957,0.9100,27.939,39.421,15.247,-13.222,0.0000,0.0000,0.0000,0.0000,0.0000,0.0000,0.0000,0.0000,6.56,10.11,18,-16.940,0,10.4
4167.233,-0.2894,-0.5641,0.9400,0.1271,0.8414,35.911,32.266,11.177,-16.732,0.0000,0.0000,0.0000,0.0000,0.0000,0.0000,0.0000,0.0000,6.56,9.82,18,-17.040,0,10.4
4167.274,-0.2894,-0.5641,0.9933,0.1086,0.8229,39.108,27.763,8.192,-20.912,0.0000,0.0000,0.0000,0.0000,0.0000,0.0000,0.0000,0.0000,6.56,9.82,18,-16.880,0,10.4
4167.319,-0.2894,-0.5641,1.0000,0.0829,0.7971,39.108,27.763,8.192,-20.912,0.0000,0.0000,0.0000,0.0000,0.0000,0.0000,0.0000,0.0000,6.02,9.58,18,-16.820,0,12.3
4167.363,-0.2894,-0.5641,1.0000,-0.1914,0.5229,43.713,17.678,7.455,-24.406,0.0000,0.0000,0.0000,0.0000,0.0000,0.0000,0.0000,0.0000,6.02,9.47,18,-16.770,0,12.3
4167.431,-0.2894,-0.5641,1.0000,-0.4029,0.2457,43.750,17.566,7.400,-25.700,0.0000,0.0000,0.0000,0.0000,0.0000,0.0000,0.0000,0.0000,6.02,9.47,18,-16.770,0,12.3
4167.478,-0.2894,-0.5641,1.0000,-0.5243,-0.0357,45.398,11.767,7.998,-28.415,0.0000,0.0000,0.0000,0.0000,0.0000,0.0000,0.0000,0.0000,6.02,9.33,18,-16.760,0,12.3
4167.550,-0.2894,-0.5641,1.0000,-0.7000,-0.5857,47.476,-0.553,11.138,-34.400,0.0000,0.0000,0.0000,0.0000,0.0000,0.0000,0.0000,0.0000,5.38,9.33,18,-16.760,0,13.7
4167.591,-0.2894,-0.5641,1.0000,-0.7000,-0.5857,47.476,-0.553,11.138,-34.400,0.0000,0.0000,0.0000,0.0000,0.0000,0.0000,0.0000,0.0000,5.38,9.25,18,-16.760,0,13.7
4168.411,+0.6604,-0.3519,-1.0000,0.5571,1.0143,-24.282,51.598,-179.248,216.548,0.0000,0.0000,0.0000,0.0000,0.0000,0.0000,0.0000,0.0000,0.53,3.09,49,13.420,1,20.4
4168.453,+0.6604,-0.3519,-1.0000,0.5571,1.0143,11.546,57.618,-122.751,-55.613,0.0000,0.0000,0.0000,0.0000,0.0000,0.0000,0.0000,0.0000,0.55,2.05,43,-0.560,1,20.9
4168.643,+0.6604,-0.3519,-1.0000,0.5571,1.0143,11.546,57.618,-122.751,-55.613,0.0000,0.0000,0.0000,0.0000,0.0000,0.0000,0.0000,0.0000,0.55,2.05,43,-0.560,1,20.9
4168.729,+0.6604,-0.3519,-0.4067,0.4657,1.1057,25.870,49.679,-83.450,-71.880,0.0000,0.0000,0.0000,0.0000,0.0000,0.0000,0.0000,0.0000,0.54,1.82,42,-0.850,1,21.3
4168.846,+0.0038,+0.0899,-0.2200,0.1686,0.2829,0.077,-4.042,5.897,0.230,0.0000,0.0000,0.0000,0.0000,0.0000,0.0000,0.0000,0.0000,0.32,0.06,41,-7.150,1,22.0
