timestamp_s,errorx,errory,aileron,elevator,rudder,roll_deg,pitch_deg,roll_rate_dps,pitch_rate_dps,pid_roll_desired,pid_roll_P,pid_roll_I,pid_roll_D,pid_pitch_desired,pid_pitch_P,pid_pitch_I,pid_pitch_D,alt_rel_m,groundspeed_ms,throttle_pct,nav_pitch_deg,target_locked,dist_m
2975.447,-0.2833,-0.2556,-0.0400,-0.0543,-0.6143,2.891,-2.040,-0.643,-0.030,0.0000,0.0000,0.0000,0.0000,0.0000,0.0000,0.0000,0.0000,50.49,22.79,44,-0.180,1,599.5
2975.476,-0.2833,-0.2556,-0.0400,-0.0543,-0.6143,2.891,-2.040,-0.643,-0.030,0.0000,0.0000,0.0000,0.0000,0.0000,0.0000,0.0000,0.0000,50.49,22.79,44,-0.180,1,594.9
2975.519,-0.2833,-0.2556,-0.0333,-0.0571,-0.6171,2.822,-2.045,-0.678,-0.044,0.0000,0.0000,0.0000,0.0000,0.0000,0.0000,0.0000,0.0000,50.49,22.79,44,-0.350,1,594.9
2975.542,-0.2833,-0.2556,-0.0333,-0.0571,-0.6171,2.822,-2.045,-0.678,-0.044,0.0000,0.0000,0.0000,0.0000,0.0000,0.0000,0.0000,0.0000,50.49,22.79,44,-0.350,1,594.9
2975.633,-0.2940,-0.2556,-0.0333,-0.0586,-0.6186,2.821,-2.045,-0.689,-0.060,0.0000,0.0000,0.0000,0.0000,0.0000,0.0000,0.0000,0.0000,50.49,22.79,44,-0.450,1,594.9
2975.655,-0.2854,-0.2556,-0.0333,-0.0586,-0.6186,2.821,-2.045,-0.689,-0.060,0.0000,0.0000,0.0000,0.0000,0.0000,0.0000,0.0000,0.0000,50.49,22.79,44,-0.450,1,594.9
2975.692,-0.2854,-0.2556,-0.0333,-0.0586,-0.6186,2.821,-2.045,-0.689,-0.060,0.0000,0.0000,0.0000,0.0000,0.0000,0.0000,0.0000,0.0000,50.49,22.79,44,-0.450,1,594.9
2975.731,-0.2854,-0.2556,-0.0333,-0.0586,-0.6186,2.785,-2.049,-0.689,-0.071,0.0000,0.0000,0.0000,0.0000,0.0000,0.0000,0.0000,0.0000,50.49,22.79,44,-0.670,1,594.9
2975.774,-0.3055,-0.2556,-0.0333,-0.0614,-0.6186,2.783,-2.049,-0.687,-0.068,0.0000,0.0000,0.0000,0.0000,0.0000,0.0000,0.0000,0.0000,50.50,22.78,44,-0.670,1,591.4
2975.807,-0.2875,-0.2556,-0.0267,-0.0614,-0.6157,2.750,-2.054,-0.744,-0.101,0.0000,0.0000,0.0000,0.0000,0.0000,0.0000,0.0000,0.0000,50.50,22.78,44,-0.910,1,591.4
2975.833,-0.3201,-0.1976,-0.0267,-0.0629,-0.6171,2.707,-2.063,-1.109,-0.312,0.0000,0.0000,0.0000,0.0000,0.0000,0.0000,0.0000,0.0000,50.50,22.78,44,-1.050,1,591.4
2975.877,-0.2896,-0.2519,-0.0267,-0.0629,-0.6114,2.465,-2.099,-2.936,-0.192,0.0000,0.0000,0.0000,0.0000,0.0000,0.0000,0.0000,0.0000,50.50,22.77,44,-1.340,1,591.4
2975.931,-0.2896,-0.2519,-0.0267,-0.0614,-0.6100,2.173,-2.089,-2.596,1.110,0.0000,0.0000,0.0000,0.0000,0.0000,0.0000,0.0000,0.0000,50.50,22.77,44,-1.500,1,586.9
2975.962,-0.2618,-0.3013,-0.0267,-0.0629,-0.6029,2.038,-1.997,-2.692,2.278,0.0000,0.0000,0.0000,0.0000,0.0000,0.0000,0.0000,0.0000,50.50,22.77,44,-1.550,1,586.9
2976.034,-0.2875,-0.2787,-0.0267,-0.0600,-0.5914,1.883,-1.866,-3.118,2.505,0.0000,0.0000,0.0000,0.0000,0.0000,0.0000,0.0000,0.0000,50.50,22.77,44,-2.280,1,586.9
2976.063,-0.2875,-0.3118,-0.0267,-0.0600,-0.5857,1.883,-1.866,-3.118,2.505,0.0000,0.0000,0.0000,0.0000,0.0000,0.0000,0.0000,0.0000,50.50,22.77,44,-2.280,1,582.3
2976.093,-0.2584,-0.2630,-0.0267,-0.0600,-0.5800,1.877,-1.861,-3.117,2.500,0.0000,0.0000,0.0000,0.0000,0.0000,0.0000,0.0000,0.0000,50.50,22.77,44,-2.550,1,582.3
2976.115,-0.2854,-0.3286,-0.0267,-0.0600,-0.5800,1.877,-1.861,-3.117,2.500,0.0000,0.0000,0.0000,0.0000,0.0000,0.0000,0.0000,0.0000,50.50,22.77,44,-2.550,1,582.3
2976.177,-0.2854,-0.2931,-0.0267,-0.0614,-0.5757,1.708,-1.744,-3.609,2.132,0.0000,0.0000,0.0000,0.0000,0.0000,0.0000,0.0000,0.0000,50.50,22.77,44,-2.790,1,582.3
2976.202,-0.2854,-0.2704,-0.0267,-0.0586,-0.5729,1.510,-1.648,-3.988,1.571,0.0000,0.0000,0.0000,0.0000,0.0000,0.0000,0.0000,0.0000,50.50,22.77,44,-2.990,1,582.3
2976.243,-0.2854,-0.3086,-0.0267,-0.0600,-0.5629,1.037,-1.554,-4.924,0.606,0.0000,0.0000,0.0000,0.0000,0.0000,0.0000,0.0000,0.0000,50.50,22.77,44,-3.590,1,582.3
2976.269,-0.2854,-0.2741,-0.0267,-0.0600,-0.5629,1.037,-1.554,-4.924,0.606,0.0000,0.0000,0.0000,0.0000,0.0000,0.0000,0.0000,0.0000,50.53,22.76,44,-3.590,1,577.8
2976.311,-0.3067,-0.2741,-0.0267,-0.0586,-0.5586,0.761,-1.534,-5.219,0.446,0.0000,0.0000,0.0000,0.0000,0.0000,0.0000,0.0000,0.0000,50.53,22.76,44,-4.060,1,577.8
2976.346,-0.2875,-0.2741,-0.0267,-0.0586,-0.5529,0.499,-1.509,-4.796,0.241,0.0000,0.0000,0.0000,0.0000,0.0000,0.0000,0.0000,0.0000,50.53,22.76,44,-4.060,1,577.8
2976.372,-0.2875,-0.2741,-0.0200,-0.0586,-0.5471,0.499,-1.509,-4.796,0.241,0.0000,0.0000,0.0000,0.0000,0.0000,0.0000,0.0000,0.0000,50.53,22.76,44,-4.250,1,577.8
2976.402,-0.2588,-0.2231,-0.0200,-0.0586,-0.5471,0.263,-1.524,-4.484,-0.691,0.0000,0.0000,0.0000,0.0000,0.0000,0.0000,0.0000,0.0000,50.53,22.76,44,-4.490,1,577.8
2976.445,-0.2854,-0.1971,-0.0200,-0.0586,-0.5471,0.018,-1.587,-4.951,-1.765,0.0000,0.0000,0.0000,0.0000,0.0000,0.0000,0.0000,0.0000,50.53,22.75,43,-4.750,1,577.8
2976.493,-0.2854,-0.2300,-0.0267,-0.0557,-0.5471,-0.253,-1.731,-5.226,-2.977,0.0000,0.0000,0.0000,0.0000,0.0000,0.0000,0.0000,0.0000,50.57,22.75,43,-4.820,1,573.2
2976.524,-0.2854,-0.1615,-0.0200,-0.0600,-0.5457,-0.527,-1.905,-5.168,-3.262,0.0000,0.0000,0.0000,0.0000,0.0000,0.0000,0.0000,0.0000,50.57,22.75,43,-4.890,1,573.2
2976.550,-0.2854,-0.1364,-0.0200,-0.0600,-0.5457,-0.788,-2.063,-4.969,-2.853,0.0000,0.0000,0.0000,0.0000,0.0000,0.0000,0.0000,0.0000,50.57,22.75,43,-4.890,1,573.2
2976.578,-0.2854,-0.1353,-0.0200,-0.0586,-0.5414,-0.788,-2.063,-4.969,-2.853,0.0000,0.0000,0.0000,0.0000,0.0000,0.0000,0.0000,0.0000,50.57,22.75,43,-5.140,1,573.2
2976.620,-0.2854,-0.1625,-0.0200,-0.0586,-0.5414,-0.788,-2.063,-4.969,-2.853,0.0000,0.0000,0.0000,0.0000,0.0000,0.0000,0.0000,0.0000,50.57,22.75,43,-5.140,1,573.2
2976.647,-0.2854,-0.1745,-0.0200,-0.0586,-0.5414,-0.788,-2.063,-4.969,-2.853,0.0000,0.0000,0.0000,0.0000,0.0000,0.0000,0.0000,0.0000,50.57,22.75,43,-5.140,1,573.2
2976.676,-0.2854,-0.1198,-0.0200,-0.0586,-0.5414,-0.788,-2.063,-4.969,-2.853,0.0000,0.0000,0.0000,0.0000,0.0000,0.0000,0.0000,0.0000,50.57,22.75,43,-5.140,1,573.2
2976.703,-0.2854,-0.1629,-0.0200,-0.0586,-0.5414,-1.037,-2.188,-4.738,-2.266,0.0000,0.0000,0.0000,0.0000,0.0000,0.0000,0.0000,0.0000,50.57,22.75,43,-5.140,1,573.2
2976.730,-0.2537,-0.1584,-0.0200,-0.0586,-0.5386,-1.047,-2.192,-4.672,-2.103,0.0000,0.0000,0.0000,0.0000,0.0000,0.0000,0.0000,0.0000,50.57,22.75,43,-5.250,1,573.2
2976.809,-0.2713,-0.1253,-0.0200,-0.0614,-0.5329,-1.286,-2.289,-4.475,-1.634,0.0000,0.0000,0.0000,0.0000,0.0000,0.0000,0.0000,0.0000,50.61,22.75,43,-5.720,1,568.5
2976.833,-0.2457,-0.0700,-0.0200,-0.0600,-0.5286,-1.531,-2.364,-4.758,-1.224,0.0000,0.0000,0.0000,0.0000,0.0000,0.0000,0.0000,0.0000,50.61,22.75,43,-5.880,1,568.5
2976.865,-0.2526,-0.0943,-0.0200,-0.0586,-0.5329,-1.778,-2.476,-4.722,-2.833,0.0000,0.0000,0.0000,0.0000,0.0000,0.0000,0.0000,0.0000,50.61,22.75,43,-6.160,1,568.5
2976.921,-0.2448,-0.0954,-0.0200,-0.0600,-0.5286,-2.016,-2.659,-4.883,-4.125,0.0000,0.0000,0.0000,0.0000,0.0000,0.0000,0.0000,0.0000,50.62,22.76,42,-6.570,1,565.0
2976.957,-0.2487,-0.0413,-0.0200,-0.0614,-0.5329,-2.244,-2.864,-5.004,-4.383,0.0000,0.0000,0.0000,0.0000,0.0000,0.0000,0.0000,0.0000,50.62,22.76,42,-6.480,1,565.0
2976.990,-0.2449,-0.0670,-0.0200,-0.0614,-0.5329,-2.788,-3.312,-5.355,-3.824,0.0000,0.0000,0.0000,0.0000,0.0000,0.0000,0.0000,0.0000,50.62,22.76,42,-6.790,1,565.0
2977.012,-0.2307,-0.0842,-0.0200,-0.0600,-0.5314,-2.788,-3.312,-5.355,-3.824,0.0000,0.0000,0.0000,0.0000,0.0000,0.0000,0.0000,0.0000,50.62,22.76,42,-6.790,1,565.0
2977.087,-0.2412,-0.0576,-0.0200,-0.0586,-0.5329,-3.363,-3.681,-5.709,-3.274,0.0000,0.0000,0.0000,0.0000,0.0000,0.0000,0.0000,0.0000,50.57,22.79,42,-6.940,1,559.4
2977.113,-0.2304,-0.0191,-0.0200,-0.0586,-0.5329,-3.363,-3.681,-5.709,-3.274,0.0000,0.0000,0.0000,0.0000,0.0000,0.0000,0.0000,0.0000,50.57,22.79,42,-6.940,1,559.4
2977.139,-0.2276,+0.0490,-0.0200,-0.0586,-0.5329,-3.363,-3.681,-5.709,-3.274,0.0000,0.0000,0.0000,0.0000,0.0000,0.0000,0.0000,0.0000,50.57,22.79,42,-6.940,1,559.4
2977.170,-0.2310,-0.0178,-0.0200,-0.0600,-0.5314,-3.374,-3.688,-5.761,-3.260,0.0000,0.0000,0.0000,0.0000,0.0000,0.0000,0.0000,0.0000,50.57,22.79,42,-7.220,1,559.4
2977.196,-0.2242,+0.0066,-0.0200,-0.0600,-0.5314,-3.657,-3.858,-5.730,-3.306,0.0000,0.0000,0.0000,0.0000,0.0000,0.0000,0.0000,0.0000,50.57,22.80,42,-7.220,1,559.4
2977.238,-0.2333,+0.0115,-0.0200,-0.0600,-0.5400,-4.190,-4.223,-5.393,-3.945,0.0000,0.0000,0.0000,0.0000,0.0000,0.0000,0.0000,0.0000,50.57,22.80,42,-6.930,1,559.4
2977.270,-0.2251,+0.0069,-0.0200,-0.0600,-0.5400,-4.190,-4.223,-5.393,-3.945,0.0000,0.0000,0.0000,0.0000,0.0000,0.0000,0.0000,0.0000,50.48,22.83,42,-6.930,1,554.9
2977.313,-0.2088,+0.0284,-0.0200,-0.0600,-0.5314,-4.733,-4.678,-5.357,-3.984,0.0000,0.0000,0.0000,0.0000,0.0000,0.0000,0.0000,0.0000,50.48,22.83,42,-8.030,1,554.9
2977.336,-0.2096,-0.0060,-0.0200,-0.0600,-0.5314,-4.733,-4.678,-5.357,-3.984,0.0000,0.0000,0.0000,0.0000,0.0000,0.0000,0.0000,0.0000,50.48,22.85,41,-8.030,1,554.9
2977.368,-0.1898,+0.0293,-0.0200,-0.0571,-0.5229,-5.014,-4.891,-5.445,-3.772,0.0000,0.0000,0.0000,0.0000,0.0000,0.0000,0.0000,0.0000,50.48,22.85,41,-9.600,1,554.9
2977.405,-0.2158,+0.0677,-0.0267,-0.0543,-0.5200,-5.024,-4.899,-5.555,-3.564,0.0000,0.0000,0.0000,0.0000,0.0000,0.0000,0.0000,0.0000,50.48,22.85,41,-9.520,1,554.9
2977.449,-0.1780,+0.0223,-0.0333,-0.0514,-0.5229,-5.298,-5.087,-5.751,-3.324,0.0000,0.0000,0.0000,0.0000,0.0000,0.0000,0.0000,0.0000,50.48,22.89,41,-8.310,1,554.9
2977.476,-0.1996,+0.0719,-0.0333,-0.0514,-0.5229,-5.596,-5.280,-5.872,-3.389,0.0000,0.0000,0.0000,0.0000,0.0000,0.0000,0.0000,0.0000,50.31,22.89,41,-8.310,1,550.2
2977.511,-0.1805,+0.0532,-0.0267,-0.0543,-0.5343,-5.607,-5.288,-5.955,-3.424,0.0000,0.0000,0.0000,0.0000,0.0000,0.0000,0.0000,0.0000,50.31,22.89,41,-7.490,1,550.2
2977.535,-0.1888,+0.0385,-0.0333,-0.0500,-0.5414,-5.607,-5.288,-5.955,-3.424,0.0000,0.0000,0.0000,0.0000,0.0000,0.0000,0.0000,0.0000,50.31,22.92,41,-7.280,1,550.2
2977.588,-0.1722,+0.0979,-0.0333,-0.0529,-0.5500,-5.905,-5.483,-5.950,-3.407,0.0000,0.0000,0.0000,0.0000,0.0000,0.0000,0.0000,0.0000,50.31,22.92,41,-6.960,1,550.2
2977.622,-0.1915,+0.0373,-0.0333,-0.0529,-0.5500,-5.905,-5.483,-5.950,-3.407,0.0000,0.0000,0.0000,0.0000,0.0000,0.0000,0.0000,0.0000,50.31,22.92,41,-6.960,1,550.2
2977.650,-0.1522,+0.1073,-0.0333,-0.0529,-0.5500,-5.905,-5.483,-5.950,-3.407,0.0000,0.0000,0.0000,0.0000,0.0000,0.0000,0.0000,0.0000,50.31,22.92,41,-6.960,1,550.2
2977.676,-0.1785,+0.1171,-0.0333,-0.0529,-0.5500,-5.905,-5.483,-5.950,-3.407,0.0000,0.0000,0.0000,0.0000,0.0000,0.0000,0.0000,0.0000,50.31,22.92,41,-6.960,1,550.2
2977.750,-0.1699,+0.0794,-0.0333,-0.0514,-0.5629,-6.213,-5.688,-5.813,-3.437,0.0000,0.0000,0.0000,0.0000,0.0000,0.0000,0.0000,0.0000,50.31,22.94,41,-7.010,1,550.2
2977.775,-0.1683,+0.1422,-0.0333,-0.0514,-0.5629,-6.477,-5.870,-5.806,-3.583,0.0000,0.0000,0.0000,0.0000,0.0000,0.0000,0.0000,0.0000,50.14,22.94,41,-6.850,1,546.6
2977.816,-0.1569,+0.1063,-0.0467,-0.0457,-0.5743,-6.752,-6.072,-5.745,-3.737,0.0000,0.0000,0.0000,0.0000,0.0000,0.0000,0.0000,0.0000,50.14,23.00,42,-6.640,1,546.6
2977.840,-0.1272,+0.1591,-0.0400,-0.0486,-0.5829,-7.045,-6.293,-5.620,-3.690,0.0000,0.0000,0.0000,0.0000,0.0000,0.0000,0.0000,0.0000,50.14,23.00,42,-6.240,1,546.6
2977.891,-0.1565,+0.1382,-0.0467,-0.0471,-0.5957,-7.311,-6.497,-5.507,-3.499,0.0000,0.0000,0.0000,0.0000,0.0000,0.0000,0.0000,0.0000,50.14,23.02,42,-5.880,1,546.6
2977.927,-0.1386,+0.1425,-0.0533,-0.0443,-0.6014,-7.809,-6.873,-4.120,-2.515,0.0000,0.0000,0.0000,0.0000,0.0000,0.0000,0.0000,0.0000,49.88,23.02,42,-5.740,1,542.1
2977.951,-0.1154,+0.0630,-0.0533,-0.0414,-0.6071,-7.809,-6.873,-4.120,-2.515,0.0000,0.0000,0.0000,0.0000,0.0000,0.0000,0.0000,0.0000,49.88,23.07,42,-5.360,1,542.1
2977.976,-0.1103,+0.1854,-0.0533,-0.0457,-0.6143,-7.994,-7.021,-3.937,-2.268,0.0000,0.0000,0.0000,0.0000,0.0000,0.0000,0.0000,0.0000,49.88,23.07,42,-5.210,1,542.1
2978.005,-0.1164,+0.1225,-0.0533,-0.0429,-0.6200,-8.001,-7.026,-3.797,-2.118,0.0000,0.0000,0.0000,0.0000,0.0000,0.0000,0.0000,0.0000,49.88,23.07,42,-5.120,1,542.1
2978.044,-0.1262,+0.1138,-0.0600,-0.0429,-0.6286,-8.128,-7.185,-2.181,-2.932,0.0000,0.0000,0.0000,0.0000,0.0000,0.0000,0.0000,0.0000,49.88,23.12,42,-5.070,1,542.1
2978.069,-0.0998,+0.0778,-0.0600,-0.0429,-0.6286,-8.128,-7.185,-2.181,-2.932,0.0000,0.0000,0.0000,0.0000,0.0000,0.0000,0.0000,0.0000,49.54,23.12,42,-5.070,1,537.4
2978.105,-0.1139,+0.0778,-0.0600,-0.0400,-0.6143,-8.245,-7.266,-2.228,1.244,0.0000,0.0000,0.0000,0.0000,0.0000,0.0000,0.0000,0.0000,49.54,23.12,42,-5.090,1,537.4
2978.134,-0.1291,-0.0260,-0.0600,-0.0400,-0.6143,-8.245,-7.266,-2.228,1.244,0.0000,0.0000,0.0000,0.0000,0.0000,0.0000,0.0000,0.0000,49.54,23.12,42,-5.090,1,537.4
2978.174,-0.1124,-0.0076,-0.0600,-0.0414,-0.6071,-8.332,-7.137,-1.838,3.586,0.0000,0.0000,0.0000,0.0000,0.0000,0.0000,0.0000,0.0000,49.54,23.12,42,-5.110,1,537.4
2978.230,-0.1033,+0.0051,-0.0600,-0.0400,-0.6057,-8.452,-6.717,-1.206,3.976,0.0000,0.0000,0.0000,0.0000,0.0000,0.0000,0.0000,0.0000,49.54,23.18,42,-7.320,1,537.4
2978.258,-0.1154,-0.0527,-0.0600,-0.0386,-0.5929,-8.452,-6.717,-1.206,3.976,0.0000,0.0000,0.0000,0.0000,0.0000,0.0000,0.0000,0.0000,49.15,23.25,41,-7.320,1,532.6
2978.288,-0.0869,-0.0528,-0.0600,-0.0343,-0.5743,-8.454,-6.710,-1.201,3.976,0.0000,0.0000,0.0000,0.0000,0.0000,0.0000,0.0000,0.0000,49.15,23.25,41,-8.740,1,532.6
2978.312,-0.0692,-0.0843,-0.0600,-0.0343,-0.5743,-8.495,-6.583,-1.119,2.758,0.0000,0.0000,0.0000,0.0000,0.0000,0.0000,0.0000,0.0000,49.15,23.25,41,-8.620,1,532.6
2978.346,-0.0849,-0.0116,-0.0600,-0.0329,-0.5643,-8.495,-6.583,-1.119,2.758,0.0000,0.0000,0.0000,0.0000,0.0000,0.0000,0.0000,0.0000,49.15,23.31,41,-8.620,1,532.6
2978.395,-0.0590,-0.0346,-0.0667,-0.0300,-0.5586,-8.543,-6.441,0.023,2.014,0.0000,0.0000,0.0000,0.0000,0.0000,0.0000,0.0000,0.0000,49.15,23.31,41,-7.640,1,532.6
2978.427,-0.0691,-0.0256,-0.0667,-0.0300,-0.5586,-8.524,-6.383,-0.066,2.097,0.0000,0.0000,0.0000,0.0000,0.0000,0.0000,0.0000,0.0000,49.15,23.31,41,-7.640,1,532.6
2978.450,-0.0438,-0.0481,-0.0667,-0.0314,-0.5600,-8.524,-6.383,-0.066,2.097,0.0000,0.0000,0.0000,0.0000,0.0000,0.0000,0.0000,0.0000,49.15,23.37,41,-7.310,1,532.6
2978.479,-0.0280,-0.0878,-0.0667,-0.0314,-0.5600,-8.524,-6.383,-0.066,2.097,0.0000,0.0000,0.0000,0.0000,0.0000,0.0000,0.0000,0.0000,48.79,23.37,41,-7.310,1,527.9
2978.516,-0.0382,-0.0341,-0.0733,-0.0257,-0.5657,-8.533,-6.289,-0.976,0.488,0.0000,0.0000,0.0000,0.0000,0.0000,0.0000,0.0000,0.0000,48.79,23.37,41,-7.370,1,527.9
2978.547,-0.0465,+0.0037,-0.0733,-0.0257,-0.5657,-8.568,-6.326,-0.813,-0.277,0.0000,0.0000,0.0000,0.0000,0.0000,0.0000,0.0000,0.0000,48.79,23.42,41,-7.370,1,527.9
2978.578,-0.0414,+0.0037,-0.0733,-0.0229,-0.5657,-8.568,-6.326,-0.813,-0.277,0.0000,0.0000,0.0000,0.0000,0.0000,0.0000,0.0000,0.0000,48.79,23.42,41,-7.750,1,527.9
2978.602,-0.0245,+0.0037,-0.0733,-0.0229,-0.5657,-8.568,-6.326,-0.813,-0.277,0.0000,0.0000,0.0000,0.0000,0.0000,0.0000,0.0000,0.0000,48.79,23.42,41,-7.750,1,527.9
2978.637,-0.0400,+0.0037,-0.0733,-0.0229,-0.5657,-8.568,-6.326,-0.813,-0.277,0.0000,0.0000,0.0000,0.0000,0.0000,0.0000,0.0000,0.0000,48.79,23.42,41,-7.750,1,527.9
2978.676,-0.0411,+0.0037,-0.0733,-0.0229,-0.5657,-8.568,-6.326,-0.813,-0.277,0.0000,0.0000,0.0000,0.0000,0.0000,0.0000,0.0000,0.0000,48.79,23.42,41,-7.750,1,527.9
2978.712,-0.0572,+0.0037,-0.0733,-0.0257,-0.5657,-8.569,-6.328,-0.775,-0.501,0.0000,0.0000,0.0000,0.0000,0.0000,0.0000,0.0000,0.0000,48.79,23.42,41,-7.580,1,527.9
2978.748,-0.0310,-0.0391,-0.0733,-0.0257,-0.5543,-8.584,-6.382,0.042,0.029,0.0000,0.0000,0.0000,0.0000,0.0000,0.0000,0.0000,0.0000,48.79,0.00,41,-9.140,1,527.9
2978.772,-0.0750,+0.0000,-0.0733,-0.0257,-0.5543,-8.567,-6.418,0.005,0.008,0.0000,0.0000,0.0000,0.0000,0.0000,0.0000,0.0000,0.0000,50.48,0.00,41,-9.140,1,522.5
2978.840,-0.0339,-0.0244,-0.0733,-0.0214,-0.5214,-8.390,-6.383,0.011,0.005,0.0000,0.0000,0.0000,0.0000,0.0000,0.0000,0.0000,0.0000,50.48,0.00,40,-10.720,1,522.5
2978.879,-0.0246,-0.0430,-0.0667,-0.0243,-0.5129,-8.210,-6.348,0.011,0.008,0.0000,0.0000,0.0000,0.0000,0.0000,0.0000,0.0000,0.0000,50.48,0.00,40,-10.530,1,522.5
2978.912,-0.0122,-0.0074,-0.0667,-0.0243,-0.5129,-8.210,-6.348,0.007,0.013,0.0000,0.0000,0.0000,0.0000,0.0000,0.0000,0.0000,0.0000,50.14,0.00,40,-10.530,1,517.6
2978.935,+0.0132,-0.0074,-0.0667,-0.0243,-0.5071,-8.037,-6.345,0.008,0.007,0.0000,0.0000,0.0000,0.0000,0.0000,0.0000,0.0000,0.0000,50.14,0.00,40,-9.690,1,517.6
2978.963,+0.0331,+0.0455,-0.0733,-0.0214,-0.5100,-7.897,-6.404,0.005,0.010,0.0000,0.0000,0.0000,0.0000,0.0000,0.0000,0.0000,0.0000,50.14,0.00,40,-9.690,1,517.6
2979.003,+0.0389,+0.0358,-0.0800,-0.0171,-0.5114,-7.767,-6.524,0.000,0.008,0.0000,0.0000,0.0000,0.0000,0.0000,0.0000,0.0000,0.0000,50.14,0.00,40,-10.600,1,517.6
2979.030,-0.0109,+0.0000,-0.0800,-0.0171,-0.5114,-7.641,-6.653,0.006,0.014,0.0000,0.0000,0.0000,0.0000,0.0000,0.0000,0.0000,0.0000,50.14,0.00,40,-10.600,1,517.6
2979.105,+0.0115,+0.0227,-0.0800,-0.0157,-0.5243,-7.524,-6.748,0.006,0.006,0.0000,0.0000,0.0000,0.0000,0.0000,0.0000,0.0000,0.0000,49.82,0.00,40,-8.530,1,513.0
2979.137,+0.0222,+0.0512,-0.0800,-0.0157,-0.5243,-7.524,-6.748,0.006,0.006,0.0000,0.0000,0.0000,0.0000,0.0000,0.0000,0.0000,0.0000,49.82,0.00,40,-8.530,1,513.0
2979.168,+0.0276,+0.0560,-0.0667,-0.0257,-0.5229,-7.380,-6.822,2.168,-0.592,0.0000,0.0000,0.0000,0.0000,0.0000,0.0000,0.0000,0.0000,49.82,0.00,40,-10.370,1,513.0
2979.204,+0.0258,+0.0544,-0.0733,-0.0229,-0.5171,-7.374,-6.825,2.752,-0.758,0.0000,0.0000,0.0000,0.0000,0.0000,0.0000,0.0000,0.0000,49.82,23.70,40,-10.100,1,513.0
2979.229,+0.0147,+0.0148,-0.0733,-0.0214,-0.5214,-7.212,-6.872,3.101,-0.372,0.0000,0.0000,0.0000,0.0000,0.0000,0.0000,0.0000,0.0000,49.82,23.70,40,-9.080,1,513.0
2979.302,+0.0349,+0.0377,-0.0733,-0.0214,-0.5271,-7.036,-6.907,3.304,-0.258,0.0000,0.0000,0.0000,0.0000,0.0000,0.0000,0.0000,0.0000,49.47,23.75,40,-8.510,1,508.2
2979.324,-0.0083,+0.0185,-0.0733,-0.0243,-0.5329,-7.029,-6.908,3.356,-0.229,0.0000,0.0000,0.0000,0.0000,0.0000,0.0000,0.0000,0.0000,49.47,23.75,40,-8.230,1,508.2
2979.348,+0.0612,+0.0185,-0.0667,-0.0271,-0.5386,-6.852,-6.941,3.855,-0.376,0.0000,0.0000,0.0000,0.0000,0.0000,0.0000,0.0000,0.0000,49.47,23.78,40,-8.360,1,508.2
2979.379,+0.0516,+0.0681,-0.0667,-0.0271,-0.5414,-6.638,-6.992,4.067,-0.773,0.0000,0.0000,0.0000,0.0000,0.0000,0.0000,0.0000,0.0000,49.47,23.78,40,-8.320,1,508.2
2979.403,+0.0353,+0.0222,-0.0667,-0.0271,-0.5414,-6.404,-7.092,3.979,-1.633,0.0000,0.0000,0.0000,0.0000,0.0000,0.0000,0.0000,0.0000,49.47,23.78,40,-8.320,1,508.2
2979.440,+0.0712,+0.0632,-0.0733,-0.0257,-0.5486,-6.195,-7.228,3.610,-2.153,0.0000,0.0000,0.0000,0.0000,0.0000,0.0000,0.0000,0.0000,49.47,23.78,40,-8.170,1,508.2
2979.467,+0.0733,+0.0837,-0.0733,-0.0257,-0.5486,-6.195,-7.228,3.610,-2.153,0.0000,0.0000,0.0000,0.0000,0.0000,0.0000,0.0000,0.0000,49.09,23.85,40,-8.170,1,503.3
2979.504,+0.0814,+0.0705,-0.0667,-0.0286,-0.5514,-6.017,-7.359,3.329,-2.092,0.0000,0.0000,0.0000,0.0000,0.0000,0.0000,0.0000,0.0000,49.09,23.85,40,-8.240,1,503.3
2979.543,+0.0868,+0.0736,-0.0733,-0.0257,-0.5543,-6.010,-7.364,3.199,-1.987,0.0000,0.0000,0.0000,0.0000,0.0000,0.0000,0.0000,0.0000,49.09,23.89,40,-7.900,1,503.3
2979.585,+0.0670,+0.0743,-0.0733,-0.0257,-0.5571,-5.850,-7.467,2.900,-1.407,0.0000,0.0000,0.0000,0.0000,0.0000,0.0000,0.0000,0.0000,49.09,23.89,40,-7.710,1,503.3
2979.609,+0.0634,+0.0407,-0.0733,-0.0257,-0.5571,-5.850,-7.467,2.900,-1.407,0.0000,0.0000,0.0000,0.0000,0.0000,0.0000,0.0000,0.0000,49.09,23.89,40,-7.710,1,503.3
2979.635,+0.0983,+0.1003,-0.0733,-0.0257,-0.5571,-5.850,-7.467,2.900,-1.407,0.0000,0.0000,0.0000,0.0000,0.0000,0.0000,0.0000,0.0000,49.09,23.89,40,-7.710,1,503.3
2979.682,+0.0728,+0.0777,-0.0733,-0.0257,-0.5571,-5.850,-7.467,2.900,-1.407,0.0000,0.0000,0.0000,0.0000,0.0000,0.0000,0.0000,0.0000,49.09,23.89,40,-7.710,1,503.3
2979.722,+0.0835,+0.0872,-0.0733,-0.0257,-0.5600,-5.701,-7.547,2.677,-1.200,0.0000,0.0000,0.0000,0.0000,0.0000,0.0000,0.0000,0.0000,49.09,23.89,40,-7.620,1,503.3
2979.758,+0.0677,+0.0519,-0.0667,-0.0286,-0.5629,-5.701,-7.547,2.677,-1.200,0.0000,0.0000,0.0000,0.0000,0.0000,0.0000,0.0000,0.0000,48.80,23.92,40,-7.540,1,499.8
2979.785,+0.0774,+0.0519,-0.0667,-0.0300,-0.5671,-5.580,-7.641,1.888,-1.598,0.0000,0.0000,0.0000,0.0000,0.0000,0.0000,0.0000,0.0000,48.80,23.92,40,-7.610,1,499.8
2979.812,+0.0792,+0.0519,-0.0733,-0.0271,-0.5700,-5.483,-7.729,1.657,-1.391,0.0000,0.0000,0.0000,0.0000,0.0000,0.0000,0.0000,0.0000,48.80,23.99,40,-7.290,1,499.8
2979.843,+0.0774,+0.0519,-0.0667,-0.0300,-0.5700,-5.279,-7.781,2.346,0.680,0.0000,0.0000,0.0000,0.0000,0.0000,0.0000,0.0000,0.0000,48.80,23.99,40,-7.280,1,499.8
2979.882,+0.0973,+0.0117,-0.0667,-0.0300,-0.5671,-5.141,-7.729,2.614,1.389,0.0000,0.0000,0.0000,0.0000,0.0000,0.0000,0.0000,0.0000,48.80,24.04,40,-7.340,1,499.8
2979.912,+0.0846,-0.0022,-0.0667,-0.0300,-0.5671,-5.001,-7.671,2.656,1.461,0.0000,0.0000,0.0000,0.0000,0.0000,0.0000,0.0000,0.0000,48.27,24.04,40,-7.340,1,494.0
2979.940,+0.1185,-0.0090,-0.0667,-0.0300,-0.5671,-4.995,-7.669,2.654,1.453,0.0000,0.0000,0.0000,0.0000,0.0000,0.0000,0.0000,0.0000,48.27,24.04,40,-7.390,1,494.0
2979.969,+0.1222,+0.0407,-0.0667,-0.0300,-0.5671,-4.847,-7.621,2.454,1.061,0.0000,0.0000,0.0000,0.0000,0.0000,0.0000,0.0000,0.0000,48.27,24.10,40,-7.650,1,494.0
2980.041,+0.1059,+0.0175,-0.0733,-0.0243,-0.5529,-4.591,-7.571,2.052,0.894,0.0000,0.0000,0.0000,0.0000,0.0000,0.0000,0.0000,0.0000,48.27,24.16,40,-8.210,1,494.0
2980.069,+0.1337,-0.0169,-0.0733,-0.0243,-0.5529,-4.591,-7.571,2.052,0.894,0.0000,0.0000,0.0000,0.0000,0.0000,0.0000,0.0000,0.0000,47.84,24.16,40,-8.210,1,489.1
2980.101,+0.1307,-0.0143,-0.0733,-0.0243,-0.5529,-4.588,-7.570,1.986,0.931,0.0000,0.0000,0.0000,0.0000,0.0000,0.0000,0.0000,0.0000,47.84,24.16,40,-7.850,1,489.1
2980.134,+0.1073,-0.0167,-0.0733,-0.0243,-0.5529,-4.588,-7.570,1.986,0.931,0.0000,0.0000,0.0000,0.0000,0.0000,0.0000,0.0000,0.0000,47.84,24.16,40,-7.850,1,489.1
2980.169,+0.1330,-0.0182,-0.0733,-0.0243,-0.5529,-4.491,-7.536,1.635,1.143,0.0000,0.0000,0.0000,0.0000,0.0000,0.0000,0.0000,0.0000,47.84,24.16,40,-7.850,1,489.1
2980.214,+0.1270,-0.0481,-0.0733,-0.0229,-0.5486,-4.307,-7.352,1.669,2.848,0.0000,0.0000,0.0000,0.0000,0.0000,0.0000,0.0000,0.0000,47.84,24.21,40,-8.060,1,489.1
2980.244,+0.1196,-0.0349,-0.0733,-0.0229,-0.5400,-4.215,-7.222,1.830,2.959,0.0000,0.0000,0.0000,0.0000,0.0000,0.0000,0.0000,0.0000,47.84,24.27,40,-8.240,1,489.1
2980.271,+0.1258,-0.0458,-0.0733,-0.0229,-0.5400,-4.215,-7.222,1.830,2.959,0.0000,0.0000,0.0000,0.0000,0.0000,0.0000,0.0000,0.0000,47.41,24.27,40,-8.240,1,484.3
2980.322,+0.1309,-0.0549,-0.0733,-0.0243,-0.5329,-3.998,-6.969,2.148,2.512,0.0000,0.0000,0.0000,0.0000,0.0000,0.0000,0.0000,0.0000,47.41,24.27,40,-8.480,1,484.3
2980.349,+0.1314,-0.0558,-0.0733,-0.0243,-0.5329,-3.993,-6.965,2.187,2.451,0.0000,0.0000,0.0000,0.0000,0.0000,0.0000,0.0000,0.0000,47.41,24.32,40,-8.480,1,484.3
2980.385,+0.1258,-0.0459,-0.0733,-0.0229,-0.5286,-3.858,-6.851,2.581,2.488,0.0000,0.0000,0.0000,0.0000,0.0000,0.0000,0.0000,0.0000,47.41,24.32,40,-8.600,1,484.3
2980.411,+0.1377,-0.0671,-0.0733,-0.0214,-0.5243,-3.858,-6.851,2.581,2.488,0.0000,0.0000,0.0000,0.0000,0.0000,0.0000,0.0000,0.0000,47.41,24.32,40,-8.740,1,484.3
2980.435,+0.1406,-0.0721,-0.0733,-0.0214,-0.5243,-3.716,-6.739,2.928,2.508,0.0000,0.0000,0.0000,0.0000,0.0000,0.0000,0.0000,0.0000,47.41,24.32,40,-8.830,1,484.3
2980.516,+0.1439,-0.0570,-0.0733,-0.0214,-0.5157,-3.527,-6.639,3.372,1.538,0.0000,0.0000,0.0000,0.0000,0.0000,0.0000,0.0000,0.0000,47.01,24.37,39,-9.070,1,479.5
2980.543,+0.1773,-0.0779,-0.0733,-0.0214,-0.5157,-3.527,-6.639,3.372,1.538,0.0000,0.0000,0.0000,0.0000,0.0000,0.0000,0.0000,0.0000,47.01,24.39,39,-9.070,1,479.5
2980.582,+0.1640,-0.0259,-0.0733,-0.0214,-0.5129,-3.352,-6.593,3.253,1.337,0.0000,0.0000,0.0000,0.0000,0.0000,0.0000,0.0000,0.0000,47.01,24.39,39,-9.160,1,479.5
2980.607,+0.1902,-0.0259,-0.0733,-0.0214,-0.5129,-3.352,-6.593,3.253,1.337,0.0000,0.0000,0.0000,0.0000,0.0000,0.0000,0.0000,0.0000,47.01,24.39,39,-9.160,1,479.5
2980.645,+0.1500,+0.0148,-0.0733,-0.0214,-0.5129,-3.352,-6.593,3.253,1.337,0.0000,0.0000,0.0000,0.0000,0.0000,0.0000,0.0000,0.0000,47.01,24.39,39,-9.160,1,479.5
2980.671,+0.1616,-0.0222,-0.0733,-0.0214,-0.5129,-3.352,-6.593,3.253,1.337,0.0000,0.0000,0.0000,0.0000,0.0000,0.0000,0.0000,0.0000,47.01,24.39,39,-9.160,1,479.5
2980.702,+0.1586,+0.0264,-0.0733,-0.0214,-0.5129,-3.352,-6.593,3.253,1.337,0.0000,0.0000,0.0000,0.0000,0.0000,0.0000,0.0000,0.0000,47.01,24.39,39,-9.160,1,479.5
2980.741,+0.1333,-0.0185,-0.0733,-0.0186,-0.5129,-3.217,-6.587,2.104,-0.505,0.0000,0.0000,0.0000,0.0000,0.0000,0.0000,0.0000,0.0000,47.01,24.43,39,-9.120,1,479.5
2980.773,+0.1609,+0.0305,-0.0733,-0.0186,-0.5129,-3.102,-6.654,2.042,-1.512,0.0000,0.0000,0.0000,0.0000,0.0000,0.0000,0.0000,0.0000,46.73,24.43,39,-9.120,1,475.7
2980.801,+0.1354,-0.0148,-0.0733,-0.0214,-0.5186,-2.990,-6.731,2.431,-1.430,0.0000,0.0000,0.0000,0.0000,0.0000,0.0000,0.0000,0.0000,46.73,24.43,39,-8.580,1,475.7
2980.838,+0.1591,-0.0148,-0.0733,-0.0214,-0.5186,-2.677,-6.819,3.667,-0.211,0.0000,0.0000,0.0000,0.0000,0.0000,0.0000,0.0000,0.0000,46.73,24.49,39,-8.480,1,475.7
2980.877,+0.1600,+0.0252,-0.0733,-0.0214,-0.5186,-2.489,-6.821,4.108,0.153,0.0000,0.0000,0.0000,0.0000,0.0000,0.0000,0.0000,0.0000,46.73,24.49,39,-8.410,1,475.7
2980.949,+0.1526,-0.0111,-0.0667,-0.0243,-0.5214,-2.003,-6.835,4.831,-0.627,0.0000,0.0000,0.0000,0.0000,0.0000,0.0000,0.0000,0.0000,46.27,24.56,39,-8.620,1,469.6
2980.977,+0.2017,+0.0423,-0.0667,-0.0243,-0.5214,-1.993,-6.836,4.822,-0.615,0.0000,0.0000,0.0000,0.0000,0.0000,0.0000,0.0000,0.0000,46.27,24.56,39,-8.380,1,469.6
2981.006,+0.1760,+0.0462,-0.0667,-0.0243,-0.5214,-1.983,-6.837,4.826,-0.615,0.0000,0.0000,0.0000,0.0000,0.0000,0.0000,0.0000,0.0000,46.27,24.56,39,-8.250,1,469.6
2981.087,+0.1833,+0.0173,-0.0733,-0.0229,-0.5257,-1.553,-6.949,3.915,-0.973,0.0000,0.0000,0.0000,0.0000,0.0000,0.0000,0.0000,0.0000,45.99,24.57,39,-8.030,1,466.0
2981.114,+0.1851,+0.0000,-0.0733,-0.0229,-0.5257,-1.553,-6.949,3.915,-0.973,0.0000,0.0000,0.0000,0.0000,0.0000,0.0000,0.0000,0.0000,45.99,24.57,39,-8.030,1,466.0
2981.139,+0.2242,+0.0604,-0.0733,-0.0229,-0.5257,-1.553,-6.949,3.915,-0.973,0.0000,0.0000,0.0000,0.0000,0.0000,0.0000,0.0000,0.0000,45.99,24.57,39,-8.030,1,466.0
2981.173,+0.2109,+0.0486,-0.0667,-0.0243,-0.5271,-1.364,-6.993,3.439,-0.660,0.0000,0.0000,0.0000,0.0000,0.0000,0.0000,0.0000,0.0000,45.99,24.57,39,-7.920,1,466.0
2981.204,+0.1928,+0.0074,-0.0733,-0.0229,-0.5286,-1.184,-7.024,3.087,-0.435,0.0000,0.0000,0.0000,0.0000,0.0000,0.0000,0.0000,0.0000,45.99,24.62,39,-8.050,1,466.0
2981.244,+0.2098,+0.0458,-0.0733,-0.0200,-0.5229,-0.874,-7.068,3.108,-0.432,0.0000,0.0000,0.0000,0.0000,0.0000,0.0000,0.0000,0.0000,45.99,24.66,39,-8.200,1,466.0
2981.270,+0.1708,+0.0111,-0.0733,-0.0200,-0.5229,-0.874,-7.068,3.108,-0.432,0.0000,0.0000,0.0000,0.0000,0.0000,0.0000,0.0000,0.0000,45.51,24.66,39,-8.200,1,459.8
2981.302,+0.1979,+0.0111,-0.0733,-0.0214,-0.5129,-0.727,-7.085,3.064,-0.307,0.0000,0.0000,0.0000,0.0000,0.0000,0.0000,0.0000,0.0000,45.51,24.66,39,-10.180,1,459.8
2981.354,+0.1729,+0.0419,-0.0733,-0.0214,-0.5129,-0.551,-7.103,3.304,-0.356,0.0000,0.0000,0.0000,0.0000,0.0000,0.0000,0.0000,0.0000,45.51,24.69,39,-8.660,1,459.8
2981.385,+0.1729,+0.0148,-0.0667,-0.0229,-0.5143,-0.544,-7.104,3.304,-0.349,0.0000,0.0000,0.0000,0.0000,0.0000,0.0000,0.0000,0.0000,45.51,24.69,39,-8.660,1,459.8
2981.415,+0.1729,+0.0148,-0.0733,-0.0229,-0.5171,-0.544,-7.104,3.304,-0.349,0.0000,0.0000,0.0000,0.0000,0.0000,0.0000,0.0000,0.0000,45.51,24.69,39,-8.520,1,459.8
2981.443,+0.1729,+0.0148,-0.0667,-0.0243,-0.5186,-0.383,-7.114,3.788,-0.100,0.0000,0.0000,0.0000,0.0000,0.0000,0.0000,0.0000,0.0000,45.51,24.71,39,-8.350,1,459.8
2981.471,+0.2027,+0.0148,-0.0667,-0.0243,-0.5186,-0.383,-7.114,3.788,-0.100,0.0000,0.0000,0.0000,0.0000,0.0000,0.0000,0.0000,0.0000,45.22,24.71,39,-8.350,1,456.1
2981.519,+0.1936,+0.0148,-0.0667,-0.0257,-0.5200,0.013,-7.112,4.215,0.089,0.0000,0.0000,0.0000,0.0000,0.0000,0.0000,0.0000,0.0000,45.22,24.71,39,-8.330,1,456.1
2981.542,+0.1771,+0.0148,-0.0667,-0.0257,-0.5200,0.013,-7.112,4.215,0.089,0.0000,0.0000,0.0000,0.0000,0.0000,0.0000,0.0000,0.0000,45.22,24.75,39,-8.330,1,456.1
2981.573,+0.2048,+0.0148,-0.0733,-0.0229,-0.5200,0.220,-7.106,4.184,0.138,0.0000,0.0000,0.0000,0.0000,0.0000,0.0000,0.0000,0.0000,45.22,24.75,39,-8.320,1,456.1
2981.610,+0.2023,+0.0148,-0.0733,-0.0229,-0.5200,0.220,-7.106,4.184,0.138,0.0000,0.0000,0.0000,0.0000,0.0000,0.0000,0.0000,0.0000,45.22,24.75,39,-8.320,1,456.1
2981.637,+0.2126,+0.0148,-0.0733,-0.0229,-0.5200,0.220,-7.106,4.184,0.138,0.0000,0.0000,0.0000,0.0000,0.0000,0.0000,0.0000,0.0000,45.22,24.75,39,-8.320,1,456.1
2981.683,+0.2029,+0.0148,-0.0733,-0.0229,-0.5200,0.220,-7.106,4.184,0.138,0.0000,0.0000,0.0000,0.0000,0.0000,0.0000,0.0000,0.0000,45.22,24.75,39,-8.320,1,456.1
2981.710,+0.2165,+0.0148,-0.0733,-0.0229,-0.5200,0.417,-7.097,3.994,0.189,0.0000,0.0000,0.0000,0.0000,0.0000,0.0000,0.0000,0.0000,45.22,24.75,39,-8.310,1,456.1
2981.742,+0.1875,+0.0148,-0.0667,-0.0229,-0.5200,0.606,-7.087,3.635,0.184,0.0000,0.0000,0.0000,0.0000,0.0000,0.0000,0.0000,0.0000,45.22,24.80,39,-8.300,1,456.1
2981.775,+0.2139,+0.0618,-0.0667,-0.0229,-0.5200,0.770,-7.081,2.828,0.112,0.0000,0.0000,0.0000,0.0000,0.0000,0.0000,0.0000,0.0000,44.73,24.80,39,-8.300,1,450.2
2981.798,+0.2250,+0.0185,-0.0667,-0.0229,-0.5200,0.776,-7.081,2.586,0.098,0.0000,0.0000,0.0000,0.0000,0.0000,0.0000,0.0000,0.0000,44.73,24.80,39,-8.280,1,450.2
2981.847,+0.1917,+0.0185,-0.0667,-0.0229,-0.5200,1.024,-7.078,2.269,-0.187,0.0000,0.0000,0.0000,0.0000,0.0000,0.0000,0.0000,0.0000,44.73,24.84,39,-8.270,1,450.2
2981.868,+0.1917,+0.0185,-0.0667,-0.0257,-0.5200,1.145,-7.091,2.355,-0.217,0.0000,0.0000,0.0000,0.0000,0.0000,0.0000,0.0000,0.0000,44.73,24.84,39,-8.060,1,450.2
2981.947,+0.2037,+0.0185,-0.0667,-0.0257,-0.5200,1.402,-7.096,2.632,-0.018,0.0000,0.0000,0.0000,0.0000,0.0000,0.0000,0.0000,0.0000,44.31,24.91,38,-8.140,1,445.1
2981.974,+0.2251,+0.0185,-0.0667,-0.0257,-0.5200,1.408,-7.096,2.667,-0.011,0.0000,0.0000,0.0000,0.0000,0.0000,0.0000,0.0000,0.0000,44.31,24.91,38,-8.140,1,445.1
2982.004,+0.1958,+0.0185,-0.0667,-0.0257,-0.5200,1.413,-7.096,2.660,-0.014,0.0000,0.0000,0.0000,0.0000,0.0000,0.0000,0.0000,0.0000,44.31,24.91,38,-8.130,1,445.1
2982.034,+0.1958,+0.0185,-0.0667,-0.0257,-0.5200,1.544,-7.096,2.818,0.010,0.0000,0.0000,0.0000,0.0000,0.0000,0.0000,0.0000,0.0000,44.31,24.91,38,-8.120,1,445.1
2982.073,+0.2186,+0.0589,-0.0733,-0.0214,-0.5186,1.544,-7.096,2.818,0.010,0.0000,0.0000,0.0000,0.0000,0.0000,0.0000,0.0000,0.0000,44.00,24.92,38,-8.120,1,441.3
2982.113,+0.1979,+0.0222,-0.0667,-0.0257,-0.5200,1.680,-7.095,2.909,0.036,0.0000,0.0000,0.0000,0.0000,0.0000,0.0000,0.0000,0.0000,44.00,24.92,38,-8.110,1,441.3
2982.134,+0.1979,+0.0222,-0.0667,-0.0257,-0.5200,1.680,-7.095,2.909,0.036,0.0000,0.0000,0.0000,0.0000,0.0000,0.0000,0.0000,0.0000,44.00,24.92,38,-8.110,1,441.3
2982.166,+0.2244,+0.0222,-0.0667,-0.0257,-0.5200,1.827,-7.092,2.941,0.082,0.0000,0.0000,0.0000,0.0000,0.0000,0.0000,0.0000,0.0000,44.00,24.92,38,-8.100,1,441.3
2982.205,+0.2000,+0.0222,-0.0733,-0.0229,-0.5200,1.980,-7.087,2.920,0.105,0.0000,0.0000,0.0000,0.0000,0.0000,0.0000,0.0000,0.0000,44.00,24.96,38,-7.810,1,441.3
2982.256,+0.2175,+0.0222,-0.0733,-0.0229,-0.5200,2.270,-7.070,2.802,0.171,0.0000,0.0000,0.0000,0.0000,0.0000,0.0000,0.0000,0.0000,44.00,25.00,38,-7.940,1,441.3
2982.295,+0.2021,+0.0222,-0.0667,-0.0257,-0.5200,2.402,-7.059,2.658,0.199,0.0000,0.0000,0.0000,0.0000,0.0000,0.0000,0.0000,0.0000,43.50,25.00,38,-7.950,1,435.1
2982.331,+0.2261,+0.0222,-0.0667,-0.0229,-0.5200,2.530,-7.047,2.569,0.232,0.0000,0.0000,0.0000,0.0000,0.0000,0.0000,0.0000,0.0000,43.50,25.04,38,-7.940,1,435.1
2982.412,+0.2160,+0.0222,-0.0733,-0.0214,-0.5186,2.652,-7.034,2.481,0.263,0.0000,0.0000,0.0000,0.0000,0.0000,0.0000,0.0000,0.0000,43.50,25.04,38,-7.920,1,435.1
2982.454,+0.2062,+0.0222,-0.0733,-0.0214,-0.5186,2.785,-7.020,2.505,0.285,0.0000,0.0000,0.0000,0.0000,0.0000,0.0000,0.0000,0.0000,43.50,25.07,38,-7.900,1,435.1
2982.482,+0.2062,+0.0222,-0.0733,-0.0214,-0.5186,2.904,-7.007,2.526,0.281,0.0000,0.0000,0.0000,0.0000,0.0000,0.0000,0.0000,0.0000,43.10,25.07,38,-7.890,1,430.2
2982.506,+0.2062,+0.0222,-0.0667,-0.0243,-0.5186,2.904,-7.007,2.526,0.281,0.0000,0.0000,0.0000,0.0000,0.0000,0.0000,0.0000,0.0000,43.10,25.07,38,-7.890,1,430.2
2982.578,+0.2193,+0.0222,-0.0667,-0.0243,-0.5186,3.034,-6.993,2.691,0.324,0.0000,0.0000,0.0000,0.0000,0.0000,0.0000,0.0000,0.0000,43.10,25.10,38,-7.860,1,430.2
2982.602,+0.2083,+0.0222,-0.0667,-0.0243,-0.5186,3.034,-6.993,2.691,0.324,0.0000,0.0000,0.0000,0.0000,0.0000,0.0000,0.0000,0.0000,43.10,25.10,38,-7.860,1,430.2
2982.631,+0.2083,+0.0222,-0.0667,-0.0243,-0.5186,3.034,-6.993,2.691,0.324,0.0000,0.0000,0.0000,0.0000,0.0000,0.0000,0.0000,0.0000,43.10,25.10,38,-7.860,1,430.2
2982.659,+0.2083,+0.0222,-0.0667,-0.0243,-0.5186,3.034,-6.993,2.691,0.324,0.0000,0.0000,0.0000,0.0000,0.0000,0.0000,0.0000,0.0000,43.10,25.10,38,-7.860,1,430.2
2982.685,+0.2083,+0.0222,-0.0667,-0.0243,-0.5186,3.034,-6.993,2.691,0.324,0.0000,0.0000,0.0000,0.0000,0.0000,0.0000,0.0000,0.0000,43.10,25.10,38,-7.860,1,430.2
2982.715,+0.2083,+0.0222,-0.0667,-0.0243,-0.5186,3.176,-6.977,2.800,0.341,0.0000,0.0000,0.0000,0.0000,0.0000,0.0000,0.0000,0.0000,43.10,25.10,38,-7.840,1,430.2
2982.753,+0.2083,+0.0222,-0.0667,-0.0229,-0.5171,3.318,-6.960,2.858,0.367,0.0000,0.0000,0.0000,0.0000,0.0000,0.0000,0.0000,0.0000,43.10,25.13,38,-7.820,1,430.2
2982.782,+0.2083,+0.0222,-0.0667,-0.0229,-0.5171,3.454,-6.943,2.912,0.396,0.0000,0.0000,0.0000,0.0000,0.0000,0.0000,0.0000,0.0000,42.70,25.13,38,-7.810,1,425.2
2982.808,+0.2415,+0.0222,-0.0667,-0.0229,-0.5171,3.460,-6.942,2.917,0.404,0.0000,0.0000,0.0000,0.0000,0.0000,0.0000,0.0000,0.0000,42.70,25.13,38,-7.790,1,425.2
2982.847,+0.2104,+0.0222,-0.0667,-0.0229,-0.5171,3.742,-6.901,2.873,0.461,0.0000,0.0000,0.0000,0.0000,0.0000,0.0000,0.0000,0.0000,42.70,25.16,38,-7.780,1,425.2
2982.873,+0.1779,+0.0222,-0.0667,-0.0243,-0.5157,3.891,-6.877,2.829,0.486,0.0000,0.0000,0.0000,0.0000,0.0000,0.0000,0.0000,0.0000,42.70,25.16,38,-7.740,1,425.2
2982.912,+0.2083,+0.0222,-0.0667,-0.0243,-0.5157,4.022,-6.854,2.770,0.504,0.0000,0.0000,0.0000,0.0000,0.0000,0.0000,0.0000,0.0000,42.30,25.18,38,-7.740,1,420.2
2982.940,+0.2083,-0.0321,-0.0733,-0.0200,-0.5143,4.154,-6.830,2.743,0.529,0.0000,0.0000,0.0000,0.0000,0.0000,0.0000,0.0000,0.0000,42.30,25.18,38,-7.710,1,420.2
2982.976,+0.2083,+0.0185,-0.0600,-0.0271,-0.5157,4.281,-6.807,2.736,0.537,0.0000,0.0000,0.0000,0.0000,0.0000,0.0000,0.0000,0.0000,42.30,25.21,38,-7.700,1,420.2
2983.025,+0.2083,+0.0185,-0.0667,-0.0243,-0.5129,4.413,-6.783,2.819,0.554,0.0000,0.0000,0.0000,0.0000,0.0000,0.0000,0.0000,0.0000,42.30,25.21,38,-7.900,1,420.2
2983.056,+0.2083,+0.0185,-0.0667,-0.0229,-0.5114,4.413,-6.783,2.819,0.554,0.0000,0.0000,0.0000,0.0000,0.0000,0.0000,0.0000,0.0000,42.30,25.23,38,-7.950,1,420.2
2983.083,+0.2083,+0.0185,-0.0667,-0.0229,-0.5114,4.548,-6.757,2.828,0.587,0.0000,0.0000,0.0000,0.0000,0.0000,0.0000,0.0000,0.0000,41.92,25.23,38,-7.830,1,415.4
2983.168,+0.2083,-0.0018,-0.0667,-0.0229,-0.5114,4.682,-6.730,2.798,0.622,0.0000,0.0000,0.0000,0.0000,0.0000,0.0000,0.0000,0.0000,41.92,25.23,38,-7.760,1,415.4
2983.214,+0.2083,+0.0148,-0.0667,-0.0243,-0.5100,4.832,-6.698,2.772,0.646,0.0000,0.0000,0.0000,0.0000,0.0000,0.0000,0.0000,0.0000,41.92,25.27,38,-7.700,1,415.4
2983.245,+0.2083,+0.0148,-0.0667,-0.0229,-0.5000,4.952,-6.671,2.756,0.651,0.0000,0.0000,0.0000,0.0000,0.0000,0.0000,0.0000,0.0000,41.92,25.28,37,-9.680,1,415.4
2983.272,+0.2083,+0.0148,-0.0667,-0.0229,-0.5000,4.952,-6.671,2.756,0.651,0.0000,0.0000,0.0000,0.0000,0.0000,0.0000,0.0000,0.0000,41.55,25.28,37,-9.680,1,410.5
2983.327,+0.1920,+0.0148,-0.0667,-0.0214,-0.4900,5.224,-6.610,2.753,0.680,0.0000,0.0000,0.0000,0.0000,0.0000,0.0000,0.0000,0.0000,41.55,25.31,37,-8.650,1,410.5
2983.351,+0.2062,-0.0475,-0.0667,-0.0214,-0.4900,5.229,-6.609,2.763,0.690,0.0000,0.0000,0.0000,0.0000,0.0000,0.0000,0.0000,0.0000,41.55,25.31,37,-8.290,1,410.5
2983.383,+0.2062,+0.0111,-0.0667,-0.0214,-0.4929,5.229,-6.609,2.763,0.690,0.0000,0.0000,0.0000,0.0000,0.0000,0.0000,0.0000,0.0000,41.55,25.31,37,-8.290,1,410.5
2983.409,+0.2062,+0.0111,-0.0667,-0.0243,-0.4957,5.496,-6.548,2.815,0.740,0.0000,0.0000,0.0000,0.0000,0.0000,0.0000,0.0000,0.0000,41.55,25.31,37,-8.120,1,410.5
2983.475,+0.1923,+0.0111,-0.0667,-0.0229,-0.4943,5.501,-6.547,2.820,0.741,0.0000,0.0000,0.0000,0.0000,0.0000,0.0000,0.0000,0.0000,41.16,25.33,37,-8.240,1,405.4
2983.501,+0.2042,+0.0111,-0.0667,-0.0229,-0.4971,5.652,-6.524,3.111,0.101,0.0000,0.0000,0.0000,0.0000,0.0000,0.0000,0.0000,0.0000,41.16,25.33,37,-8.120,1,405.4
2983.562,+0.2042,+0.0111,-0.0667,-0.0243,-0.5014,5.796,-6.538,3.038,-0.503,0.0000,0.0000,0.0000,0.0000,0.0000,0.0000,0.0000,0.0000,41.16,25.35,37,-8.040,1,405.4
2983.595,+0.2042,+0.0575,-0.0667,-0.0243,-0.5014,5.796,-6.538,3.038,-0.503,0.0000,0.0000,0.0000,0.0000,0.0000,0.0000,0.0000,0.0000,41.16,25.35,37,-8.040,1,405.4
2983.620,+0.2042,+0.0148,-0.0667,-0.0243,-0.5014,5.796,-6.538,3.038,-0.503,0.0000,0.0000,0.0000,0.0000,0.0000,0.0000,0.0000,0.0000,41.16,25.35,37,-8.040,1,405.4
2983.658,+0.1816,+0.0550,-0.0667,-0.0243,-0.5014,5.796,-6.538,3.038,-0.503,0.0000,0.0000,0.0000,0.0000,0.0000,0.0000,0.0000,0.0000,41.16,25.35,37,-8.040,1,405.4
2983.682,+0.2021,+0.0817,-0.0667,-0.0243,-0.5014,5.796,-6.538,3.038,-0.503,0.0000,0.0000,0.0000,0.0000,0.0000,0.0000,0.0000,0.0000,41.16,25.35,37,-8.040,1,405.4
2983.722,+0.1799,+0.0616,-0.0667,-0.0229,-0.5057,6.051,-6.697,2.440,-1.743,0.0000,0.0000,0.0000,0.0000,0.0000,0.0000,0.0000,0.0000,41.16,25.35,37,-8.020,1,405.4
2983.753,+0.1728,+0.0744,-0.0667,-0.0229,-0.5057,6.051,-6.697,2.440,-1.743,0.0000,0.0000,0.0000,0.0000,0.0000,0.0000,0.0000,0.0000,41.16,25.36,37,-8.010,1,405.4
2983.788,+0.1729,+0.0296,-0.0667,-0.0243,-0.5071,6.292,-6.854,2.867,-1.212,0.0000,0.0000,0.0000,0.0000,0.0000,0.0000,0.0000,0.0000,40.79,25.36,37,-7.850,1,400.3
2983.812,+0.1958,+0.0908,-0.0600,-0.0257,-0.5086,6.292,-6.854,2.867,-1.212,0.0000,0.0000,0.0000,0.0000,0.0000,0.0000,0.0000,0.0000,40.79,25.38,37,-7.720,1,400.3
2983.850,+0.1730,+0.0739,-0.0600,-0.0271,-0.5157,6.453,-6.917,3.232,-0.819,0.0000,0.0000,0.0000,0.0000,0.0000,0.0000,0.0000,0.0000,40.79,25.38,37,-7.290,1,400.3
2983.913,+0.1791,+0.0630,-0.0600,-0.0286,-0.5171,6.800,-7.008,3.532,-0.623,0.0000,0.0000,0.0000,0.0000,0.0000,0.0000,0.0000,0.0000,40.41,25.40,37,-7.330,1,395.3
2983.954,+0.1917,+0.0793,-0.0600,-0.0300,-0.5214,6.962,-7.045,3.461,-0.634,0.0000,0.0000,0.0000,0.0000,0.0000,0.0000,0.0000,0.0000,40.41,25.42,37,-7.020,1,395.3
2983.988,+0.1667,+0.0444,-0.0600,-0.0300,-0.5243,7.124,-7.072,3.064,0.007,0.0000,0.0000,0.0000,0.0000,0.0000,0.0000,0.0000,0.0000,40.41,25.42,37,-6.970,1,395.3
2984.013,+0.1896,+0.0444,-0.0600,-0.0300,-0.5243,7.124,-7.072,3.064,0.007,0.0000,0.0000,0.0000,0.0000,0.0000,0.0000,0.0000,0.0000,40.41,25.42,37,-6.970,1,395.3
2984.060,+0.1706,+0.0444,-0.0600,-0.0286,-0.5229,7.273,-7.063,3.215,0.947,0.0000,0.0000,0.0000,0.0000,0.0000,0.0000,0.0000,0.0000,39.99,25.44,37,-6.840,1,390.2
2984.086,+0.1875,+0.0444,-0.0600,-0.0286,-0.5229,7.446,-6.986,3.433,2.120,0.0000,0.0000,0.0000,0.0000,0.0000,0.0000,0.0000,0.0000,39.99,25.44,37,-7.000,1,390.2
2984.119,+0.1614,+0.0444,-0.0600,-0.0300,-0.5186,7.446,-6.986,3.433,2.120,0.0000,0.0000,0.0000,0.0000,0.0000,0.0000,0.0000,0.0000,39.99,25.44,37,-7.000,1,390.2
2984.147,+0.1854,-0.0089,-0.0600,-0.0300,-0.5186,7.446,-6.986,3.433,2.120,0.0000,0.0000,0.0000,0.0000,0.0000,0.0000,0.0000,0.0000,39.99,25.44,37,-7.000,1,390.2
2984.173,+0.1854,-0.0162,-0.0600,-0.0314,-0.5200,7.608,-6.887,3.268,1.997,0.0000,0.0000,0.0000,0.0000,0.0000,0.0000,0.0000,0.0000,39.99,25.44,37,-7.050,1,390.2
2984.276,+0.1756,+0.0196,-0.0600,-0.0300,-0.5186,7.905,-6.766,2.754,0.842,0.0000,0.0000,0.0000,0.0000,0.0000,0.0000,0.0000,0.0000,39.57,25.49,37,-7.410,1,384.9
2984.307,+0.1554,-0.0163,-0.0600,-0.0286,-0.5143,8.022,-6.740,2.762,0.865,0.0000,0.0000,0.0000,0.0000,0.0000,0.0000,0.0000,0.0000,39.57,25.49,37,-7.610,1,384.9
2984.335,+0.1514,-0.0234,-0.0600,-0.0286,-0.5114,8.022,-6.740,2.762,0.865,0.0000,0.0000,0.0000,0.0000,0.0000,0.0000,0.0000,0.0000,39.57,25.50,37,-7.700,1,384.9
2984.372,+0.1557,-0.0158,-0.0600,-0.0314,-0.5114,8.027,-6.738,2.772,0.909,0.0000,0.0000,0.0000,0.0000,0.0000,0.0000,0.0000,0.0000,39.57,25.50,37,-7.500,1,384.9
2984.409,+0.1537,-0.0194,-0.0533,-0.0343,-0.5086,8.164,-6.696,2.782,1.239,0.0000,0.0000,0.0000,0.0000,0.0000,0.0000,0.0000,0.0000,39.57,25.50,37,-7.680,1,384.9
2984.434,+0.1408,+0.0185,-0.0533,-0.0343,-0.5086,8.288,-6.644,1.940,1.322,0.0000,0.0000,0.0000,0.0000,0.0000,0.0000,0.0000,0.0000,39.57,25.50,37,-7.680,1,384.9
2984.473,+0.1504,-0.0215,-0.0533,-0.0329,-0.5071,8.288,-6.644,1.940,1.322,0.0000,0.0000,0.0000,0.0000,0.0000,0.0000,0.0000,0.0000,39.27,25.52,37,-7.760,1,381.0
2984.520,+0.1331,+0.0148,-0.0533,-0.0343,-0.5057,8.417,-6.553,1.514,1.154,0.0000,0.0000,0.0000,0.0000,0.0000,0.0000,0.0000,0.0000,39.27,25.52,37,-7.560,1,381.0
2984.581,+0.1516,-0.0119,-0.0533,-0.0329,-0.5043,8.488,-6.522,1.729,0.961,0.0000,0.0000,0.0000,0.0000,0.0000,0.0000,0.0000,0.0000,39.27,25.55,37,-7.730,1,381.0
2984.610,+0.1352,-0.0412,-0.0533,-0.0329,-0.5043,8.488,-6.522,1.729,0.961,0.0000,0.0000,0.0000,0.0000,0.0000,0.0000,0.0000,0.0000,39.27,25.55,37,-7.730,1,381.0
2984.640,+0.1341,+0.0074,-0.0533,-0.0329,-0.5043,8.488,-6.522,1.729,0.961,0.0000,0.0000,0.0000,0.0000,0.0000,0.0000,0.0000,0.0000,39.27,25.55,37,-7.730,1,381.0
2984.687,+0.1416,-0.0260,-0.0533,-0.0329,-0.5043,8.488,-6.522,1.729,0.961,0.0000,0.0000,0.0000,0.0000,0.0000,0.0000,0.0000,0.0000,39.27,25.55,37,-7.730,1,381.0
2984.728,+0.1583,+0.0037,-0.0467,-0.0357,-0.5043,8.650,-6.442,1.750,1.186,0.0000,0.0000,0.0000,0.0000,0.0000,0.0000,0.0000,0.0000,39.27,25.55,37,-7.590,1,381.0
2984.753,+0.1242,-0.0571,-0.0533,-0.0343,-0.5029,8.650,-6.442,1.750,1.186,0.0000,0.0000,0.0000,0.0000,0.0000,0.0000,0.0000,0.0000,38.80,25.57,37,-7.590,1,374.8
2984.788,+0.1317,+0.0000,-0.0467,-0.0357,-0.5014,8.725,-6.391,1.518,1.276,0.0000,0.0000,0.0000,0.0000,0.0000,0.0000,0.0000,0.0000,38.80,25.57,37,-7.800,1,374.8
2984.814,+0.1542,-0.0591,-0.0467,-0.0357,-0.4900,8.725,-6.391,1.518,1.276,0.0000,0.0000,0.0000,0.0000,0.0000,0.0000,0.0000,0.0000,38.80,25.58,36,-9.590,1,374.8
2984.840,+0.1217,-0.0615,-0.0467,-0.0343,-0.4857,8.844,-6.293,0.783,1.019,0.0000,0.0000,0.0000,0.0000,0.0000,0.0000,0.0000,0.0000,38.80,25.58,36,-8.790,1,374.8
2984.885,+0.1324,-0.0074,-0.0467,-0.0357,-0.4786,8.866,-6.259,0.441,1.081,0.0000,0.0000,0.0000,0.0000,0.0000,0.0000,0.0000,0.0000,38.80,25.60,36,-9.000,1,374.8
2984.930,+0.1500,-0.0424,-0.0533,-0.0314,-0.4743,8.879,-6.228,0.383,0.515,0.0000,0.0000,0.0000,0.0000,0.0000,0.0000,0.0000,0.0000,38.43,25.60,36,-9.440,1,369.6
2984.956,+0.1179,-0.0111,-0.0467,-0.0343,-0.4743,8.886,-6.252,0.261,-0.391,0.0000,0.0000,0.0000,0.0000,0.0000,0.0000,0.0000,0.0000,38.43,25.60,36,-9.120,1,369.6
2984.988,+0.1213,-0.0111,-0.0467,-0.0329,-0.4700,8.893,-6.307,0.266,-0.644,0.0000,0.0000,0.0000,0.0000,0.0000,0.0000,0.0000,0.0000,38.43,25.60,36,-10.420,1,369.6
2985.043,+0.1293,-0.0111,-0.0467,-0.0343,-0.4657,8.903,-6.350,0.403,-0.387,0.0000,0.0000,0.0000,0.0000,0.0000,0.0000,0.0000,0.0000,38.43,25.62,36,-9.300,1,369.6
2985.066,+0.1071,-0.0111,-0.0467,-0.0343,-0.4657,8.903,-6.350,0.403,-0.387,0.0000,0.0000,0.0000,0.0000,0.0000,0.0000,0.0000,0.0000,38.07,25.62,36,-9.300,1,364.4
2985.120,+0.1083,-0.0111,-0.0467,-0.0343,-0.4686,8.903,-6.350,0.443,-0.314,0.0000,0.0000,0.0000,0.0000,0.0000,0.0000,0.0000,0.0000,38.07,25.62,36,-8.900,1,364.4
2985.149,+0.1083,-0.0111,-0.0467,-0.0343,-0.4686,8.903,-6.350,0.443,-0.314,0.0000,0.0000,0.0000,0.0000,0.0000,0.0000,0.0000,0.0000,38.07,25.62,36,-8.900,1,364.4
2985.180,+0.1079,-0.0111,-0.0400,-0.0371,-0.4714,8.921,-6.375,0.597,-0.017,0.0000,0.0000,0.0000,0.0000,0.0000,0.0000,0.0000,0.0000,38.07,25.62,36,-8.730,1,364.4
2985.238,+0.1015,-0.0111,-0.0400,-0.0371,-0.4771,8.996,-6.401,0.447,0.098,0.0000,0.0000,0.0000,0.0000,0.0000,0.0000,0.0000,0.0000,38.07,25.62,36,-8.630,1,364.4
2985.277,+0.1069,+0.0285,-0.0400,-0.0371,-0.4771,8.996,-6.401,0.426,0.066,0.0000,0.0000,0.0000,0.0000,0.0000,0.0000,0.0000,0.0000,37.71,25.63,36,-8.630,1,359.3
2985.303,+0.0948,+0.0499,-0.0400,-0.0371,-0.4771,8.996,-6.401,0.426,0.066,0.0000,0.0000,0.0000,0.0000,0.0000,0.0000,0.0000,0.0000,37.71,25.63,36,-8.630,1,359.3
2985.382,+0.1129,-0.0037,-0.0400,-0.0400,-0.4857,9.044,-6.523,0.258,-1.764,0.0000,0.0000,0.0000,0.0000,0.0000,0.0000,0.0000,0.0000,37.71,25.64,36,-8.280,1,359.3
2985.408,+0.1229,+0.1115,-0.0400,-0.0400,-0.4914,9.036,-6.639,-0.448,-2.380,0.0000,0.0000,0.0000,0.0000,0.0000,0.0000,0.0000,0.0000,37.71,25.64,36,-8.040,1,359.3
2985.440,+0.1229,+0.0513,-0.0400,-0.0371,-0.4886,9.035,-6.644,-0.418,-2.358,0.0000,0.0000,0.0000,0.0000,0.0000,0.0000,0.0000,0.0000,37.71,25.65,35,-9.180,1,359.3
2985.469,+0.0931,+0.0604,-0.0400,-0.0371,-0.4886,9.035,-6.644,-0.418,-2.358,0.0000,0.0000,0.0000,0.0000,0.0000,0.0000,0.0000,0.0000,37.43,25.65,35,-9.180,1,355.3
2985.519,+0.1030,+0.0428,-0.0400,-0.0386,-0.4871,8.961,-6.889,-0.722,-2.034,0.0000,0.0000,0.0000,0.0000,0.0000,0.0000,0.0000,0.0000,37.43,25.65,35,-8.400,1,355.3
2985.548,+0.0589,+0.0680,-0.0400,-0.0386,-0.4871,8.924,-6.997,-0.508,-1.766,0.0000,0.0000,0.0000,0.0000,0.0000,0.0000,0.0000,0.0000,37.43,25.66,36,-8.400,1,355.3
2985.577,+0.1146,+0.0705,-0.0400,-0.0400,-0.4914,8.924,-6.997,-0.508,-1.766,0.0000,0.0000,0.0000,0.0000,0.0000,0.0000,0.0000,0.0000,37.43,25.66,36,-8.050,1,355.3
2985.621,+0.0744,+0.0579,-0.0400,-0.0400,-0.4914,8.924,-6.997,-0.508,-1.766,0.0000,0.0000,0.0000,0.0000,0.0000,0.0000,0.0000,0.0000,37.43,25.66,36,-8.050,1,355.3
2985.642,+0.0716,+0.0950,-0.0400,-0.0400,-0.4914,8.924,-6.997,-0.508,-1.766,0.0000,0.0000,0.0000,0.0000,0.0000,0.0000,0.0000,0.0000,37.43,25.66,36,-8.050,1,355.3
2985.680,+0.0623,+0.0705,-0.0400,-0.0400,-0.4914,8.924,-6.997,-0.508,-1.766,0.0000,0.0000,0.0000,0.0000,0.0000,0.0000,0.0000,0.0000,37.43,25.66,36,-8.050,1,355.3
2985.705,+0.0701,+0.0333,-0.0400,-0.0400,-0.4914,8.899,-7.099,-0.162,-1.635,0.0000,0.0000,0.0000,0.0000,0.0000,0.0000,0.0000,0.0000,37.43,25.66,36,-8.050,1,355.3
2985.748,+0.0814,+0.0701,-0.0400,-0.0400,-0.5000,8.891,-7.207,0.149,-1.606,0.0000,0.0000,0.0000,0.0000,0.0000,0.0000,0.0000,0.0000,37.43,25.67,36,-7.710,1,355.3
2985.776,+0.0404,+0.0900,-0.0400,-0.0400,-0.5000,8.900,-7.306,0.367,-1.613,0.0000,0.0000,0.0000,0.0000,0.0000,0.0000,0.0000,0.0000,36.95,25.67,36,-7.650,1,349.0
2985.807,+0.0677,+0.0907,-0.0333,-0.0457,-0.5086,8.900,-7.310,0.393,-1.617,0.0000,0.0000,0.0000,0.0000,0.0000,0.0000,0.0000,0.0000,36.95,25.68,36,-7.370,1,349.0
2985.865,+0.0780,+0.0444,-0.0400,-0.0443,-0.5129,8.846,-7.589,-0.735,-1.177,0.0000,0.0000,0.0000,0.0000,0.0000,0.0000,0.0000,0.0000,36.95,25.68,36,-7.700,1,349.0
2985.891,+0.0917,+0.0444,-0.0333,-0.0471,-0.5129,8.846,-7.589,-0.735,-1.177,0.0000,0.0000,0.0000,0.0000,0.0000,0.0000,0.0000,0.0000,36.95,25.70,36,-7.410,1,349.0
2985.945,+0.0748,+0.0745,-0.0400,-0.0443,-0.5157,8.796,-7.626,-0.698,0.302,0.0000,0.0000,0.0000,0.0000,0.0000,0.0000,0.0000,0.0000,36.52,25.71,36,-7.250,1,343.9
2985.978,+0.0896,+0.0020,-0.0400,-0.0429,-0.5086,8.761,-7.568,-0.719,2.130,0.0000,0.0000,0.0000,0.0000,0.0000,0.0000,0.0000,0.0000,36.52,25.71,36,-7.380,1,343.9
2986.007,+0.0599,-0.0609,-0.0400,-0.0414,-0.5100,8.715,-7.466,-0.988,2.284,0.0000,0.0000,0.0000,0.0000,0.0000,0.0000,0.0000,0.0000,36.52,25.71,36,-7.420,1,343.9
2986.041,+0.0875,-0.0074,-0.0400,-0.0414,-0.5071,8.648,-7.370,-1.412,1.874,0.0000,0.0000,0.0000,0.0000,0.0000,0.0000,0.0000,0.0000,36.52,25.71,36,-8.570,1,343.9
2986.079,+0.0875,-0.0075,-0.0400,-0.0414,-0.5071,8.558,-7.310,-1.775,1.129,0.0000,0.0000,0.0000,0.0000,0.0000,0.0000,0.0000,0.0000,36.07,25.74,35,-8.570,1,339.0
2986.103,+0.0524,+0.0296,-0.0400,-0.0443,-0.5014,8.558,-7.310,-1.775,1.129,0.0000,0.0000,0.0000,0.0000,0.0000,0.0000,0.0000,0.0000,36.07,25.74,35,-8.710,1,339.0
2986.132,+0.0854,-0.0238,-0.0400,-0.0443,-0.5014,8.558,-7.310,-1.775,1.129,0.0000,0.0000,0.0000,0.0000,0.0000,0.0000,0.0000,0.0000,36.07,25.74,35,-8.710,1,339.0
2986.167,+0.0607,-0.0180,-0.0400,-0.0443,-0.5014,8.450,-7.285,-1.962,0.572,0.0000,0.0000,0.0000,0.0000,0.0000,0.0000,0.0000,0.0000,36.07,25.74,35,-10.250,1,339.0
2986.200,+0.0575,+0.0222,-0.0400,-0.0414,-0.4814,8.339,-7.280,-1.947,0.383,0.0000,0.0000,0.0000,0.0000,0.0000,0.0000,0.0000,0.0000,36.07,25.76,35,-9.790,1,339.0
2986.234,+0.0562,+0.0222,-0.0400,-0.0386,-0.4814,8.233,-7.275,-1.695,0.501,0.0000,0.0000,0.0000,0.0000,0.0000,0.0000,0.0000,0.0000,36.07,25.76,35,-9.010,1,339.0
2986.270,+0.0551,-0.0206,-0.0400,-0.0400,-0.4829,8.233,-7.275,-1.695,0.501,0.0000,0.0000,0.0000,0.0000,0.0000,0.0000,0.0000,0.0000,35.61,25.78,35,-8.780,1,333.6
2986.301,+0.0490,+0.0185,-0.0400,-0.0400,-0.4857,8.144,-7.263,-1.468,0.661,0.0000,0.0000,0.0000,0.0000,0.0000,0.0000,0.0000,0.0000,35.61,25.78,35,-8.400,1,333.6
2986.391,+0.0532,-0.0009,-0.0400,-0.0414,-0.4871,8.065,-7.240,-1.173,0.845,0.0000,0.0000,0.0000,0.0000,0.0000,0.0000,0.0000,0.0000,35.61,25.80,35,-8.190,1,333.6
2986.420,+0.0125,+0.0148,-0.0400,-0.0414,-0.4900,8.065,-7.240,-1.173,0.845,0.0000,0.0000,0.0000,0.0000,0.0000,0.0000,0.0000,0.0000,35.61,25.80,35,-8.190,1,333.6
2986.446,+0.0341,+0.0148,-0.0400,-0.0414,-0.4929,7.990,-7.259,-1.274,0.247,0.0000,0.0000,0.0000,0.0000,0.0000,0.0000,0.0000,0.0000,35.61,25.81,35,-8.140,1,333.6
2986.482,+0.0408,+0.0148,-0.0400,-0.0414,-0.4929,7.986,-7.261,-1.412,-0.570,0.0000,0.0000,0.0000,0.0000,0.0000,0.0000,0.0000,0.0000,35.27,25.81,35,-8.940,1,329.7
2986.520,+0.0165,+0.0557,-0.0400,-0.0429,-0.4914,7.917,-7.325,-1.005,-1.068,0.0000,0.0000,0.0000,0.0000,0.0000,0.0000,0.0000,0.0000,35.27,25.81,35,-8.540,1,329.7
2986.545,+0.0241,+0.0185,-0.0400,-0.0429,-0.4914,7.870,-7.393,-0.566,-0.994,0.0000,0.0000,0.0000,0.0000,0.0000,0.0000,0.0000,0.0000,35.27,25.83,35,-8.540,1,329.7
2986.577,+0.0298,+0.0185,-0.0400,-0.0414,-0.4929,7.870,-7.393,-0.566,-0.994,0.0000,0.0000,0.0000,0.0000,0.0000,0.0000,0.0000,0.0000,35.27,25.83,35,-8.360,1,329.7
2986.604,+0.0222,+0.0754,-0.0400,-0.0414,-0.4929,7.870,-7.393,-0.566,-0.994,0.0000,0.0000,0.0000,0.0000,0.0000,0.0000,0.0000,0.0000,35.27,25.83,35,-8.360,1,329.7
2986.645,+0.0307,+0.0222,-0.0400,-0.0414,-0.4929,7.870,-7.393,-0.566,-0.994,0.0000,0.0000,0.0000,0.0000,0.0000,0.0000,0.0000,0.0000,35.27,25.83,35,-8.360,1,329.7
2986.679,+0.0248,+0.0222,-0.0400,-0.0414,-0.4929,7.870,-7.393,-0.566,-0.994,0.0000,0.0000,0.0000,0.0000,0.0000,0.0000,0.0000,0.0000,35.27,25.83,35,-8.360,1,329.7
2986.710,+0.0479,+0.0222,-0.0400,-0.0414,-0.4929,7.840,-7.452,-0.264,-0.606,0.0000,0.0000,0.0000,0.0000,0.0000,0.0000,0.0000,0.0000,35.27,25.83,35,-8.360,1,329.7
2986.763,+0.0308,+0.0222,-0.0333,-0.0429,-0.4943,7.821,-7.487,-0.209,-0.223,0.0000,0.0000,0.0000,0.0000,0.0000,0.0000,0.0000,0.0000,34.82,25.85,35,-8.130,1,324.5
2986.838,+0.0332,+0.0222,-0.0400,-0.0443,-0.4986,7.776,-7.507,-0.609,0.010,0.0000,0.0000,0.0000,0.0000,0.0000,0.0000,0.0000,0.0000,34.82,25.88,35,-7.890,1,324.5
2986.865,+0.0437,+0.0222,-0.0400,-0.0443,-0.4986,7.680,-7.520,-1.108,-0.108,0.0000,0.0000,0.0000,0.0000,0.0000,0.0000,0.0000,0.0000,34.82,25.88,35,-7.970,1,324.5
2986.898,+0.0437,+0.0222,-0.0400,-0.0429,-0.5000,7.621,-7.534,-0.973,0.085,0.0000,0.0000,0.0000,0.0000,0.0000,0.0000,0.0000,0.0000,34.82,25.90,35,-7.970,1,324.5
2986.933,+0.0189,-0.0219,-0.0400,-0.0429,-0.5000,7.619,-7.534,-0.979,0.077,0.0000,0.0000,0.0000,0.0000,0.0000,0.0000,0.0000,0.0000,34.26,25.90,35,-7.960,1,318.0
2986.954,+0.0417,+0.0185,-0.0400,-0.0429,-0.5000,7.569,-7.524,-1.073,0.515,0.0000,0.0000,0.0000,0.0000,0.0000,0.0000,0.0000,0.0000,34.26,25.90,35,-7.950,1,318.0
2986.978,+0.0417,+0.0185,-0.0400,-0.0429,-0.4971,7.503,-7.499,-1.204,0.642,0.0000,0.0000,0.0000,0.0000,0.0000,0.0000,0.0000,0.0000,34.26,25.91,35,-7.950,1,318.0
2987.006,+0.0109,-0.0362,-0.0400,-0.0400,-0.4971,7.438,-7.476,-1.288,0.626,0.0000,0.0000,0.0000,0.0000,0.0000,0.0000,0.0000,0.0000,34.26,25.91,35,-8.100,1,318.0
2987.034,+0.0092,+0.0148,-0.0400,-0.0429,-0.4971,7.365,-7.458,-1.308,0.488,0.0000,0.0000,0.0000,0.0000,0.0000,0.0000,0.0000,0.0000,34.26,25.91,35,-8.020,1,318.0
2987.077,+0.0170,+0.0148,-0.0400,-0.0400,-0.4971,7.292,-7.448,-1.253,0.374,0.0000,0.0000,0.0000,0.0000,0.0000,0.0000,0.0000,0.0000,33.81,25.93,35,-8.020,1,312.9
2987.104,+0.0354,-0.0404,-0.0333,-0.0443,-0.4957,7.292,-7.448,-1.253,0.374,0.0000,0.0000,0.0000,0.0000,0.0000,0.0000,0.0000,0.0000,33.81,25.93,35,-8.360,1,312.9
2987.192,+0.0133,+0.0111,-0.0333,-0.0429,-0.4943,7.159,-7.424,-1.112,0.514,0.0000,0.0000,0.0000,0.0000,0.0000,0.0000,0.0000,0.0000,33.81,25.95,35,-8.160,1,312.9
2987.214,-0.0069,-0.0567,-0.0400,-0.0400,-0.4886,7.156,-7.423,-1.105,0.766,0.0000,0.0000,0.0000,0.0000,0.0000,0.0000,0.0000,0.0000,33.81,25.95,35,-8.520,1,312.9
2987.240,-0.0041,+0.0074,-0.0400,-0.0386,-0.4871,7.099,-7.391,-1.019,0.881,0.0000,0.0000,0.0000,0.0000,0.0000,0.0000,0.0000,0.0000,33.81,25.95,35,-8.640,1,312.9
2987.319,+0.0150,-0.0141,-0.0200,-0.0543,-0.4771,7.050,-7.354,-0.761,0.902,0.0000,0.0000,0.0000,0.0000,0.0000,0.0000,0.0000,0.0000,33.34,25.97,35,-10.320,1,307.6
2987.346,-0.0065,-0.0522,-0.0200,-0.0543,-0.4771,7.048,-7.352,-0.776,0.909,0.0000,0.0000,0.0000,0.0000,0.0000,0.0000,0.0000,0.0000,33.34,25.98,34,-10.320,1,307.6
2987.371,-0.0109,+0.0000,-0.0133,-0.0571,-0.4657,7.048,-7.352,-0.776,0.909,0.0000,0.0000,0.0000,0.0000,0.0000,0.0000,0.0000,0.0000,33.34,25.98,34,-11.140,1,307.6
2987.409,-0.0020,-0.0407,-0.0067,-0.0586,-0.4643,7.006,-7.321,-0.760,0.815,0.0000,0.0000,0.0000,0.0000,0.0000,0.0000,0.0000,0.0000,33.34,25.98,34,-9.860,1,307.6
2987.450,-0.0024,-0.0413,-0.0067,-0.0629,-0.4629,6.960,-7.286,-0.813,0.833,0.0000,0.0000,0.0000,0.0000,0.0000,0.0000,0.0000,0.0000,33.34,26.00,34,-10.410,1,307.6
2987.485,+0.0167,-0.0074,-0.0067,-0.0629,-0.4629,6.909,-7.255,-1.479,0.623,0.0000,0.0000,0.0000,0.0000,0.0000,0.0000,0.0000,0.0000,33.01,26.00,34,-10.430,1,303.6
2987.507,-0.0215,-0.0074,-0.0067,-0.0600,-0.4571,6.821,-7.241,-1.842,0.380,0.0000,0.0000,0.0000,0.0000,0.0000,0.0000,0.0000,0.0000,33.01,26.00,34,-10.430,1,303.6
2987.623,+0.0057,-0.0232,-0.0067,-0.0614,-0.4529,6.718,-7.235,-2.446,0.334,0.0000,0.0000,0.0000,0.0000,0.0000,0.0000,0.0000,0.0000,33.01,26.01,34,-11.180,1,303.6
2987.647,+0.0125,-0.0111,-0.0067,-0.0614,-0.4529,6.718,-7.235,-2.446,0.334,0.0000,0.0000,0.0000,0.0000,0.0000,0.0000,0.0000,0.0000,33.01,26.01,34,-11.180,1,303.6
2987.677,+0.0125,+0.0390,-0.0067,-0.0614,-0.4529,6.718,-7.235,-2.446,0.334,0.0000,0.0000,0.0000,0.0000,0.0000,0.0000,0.0000,0.0000,33.01,26.01,34,-11.180,1,303.6
2987.704,+0.0125,+0.0502,-0.0067,-0.0614,-0.4529,6.718,-7.235,-2.446,0.334,0.0000,0.0000,0.0000,0.0000,0.0000,0.0000,0.0000,0.0000,33.01,26.01,34,-11.180,1,303.6
2987.731,+0.0438,+0.0520,-0.0067,-0.0600,-0.4457,6.541,-7.235,-3.425,-0.565,0.0000,0.0000,0.0000,0.0000,0.0000,0.0000,0.0000,0.0000,33.01,26.01,34,-12.310,1,303.6
2987.764,-0.0110,+0.0456,-0.0067,-0.0586,-0.4386,6.541,-7.235,-3.425,-0.565,0.0000,0.0000,0.0000,0.0000,0.0000,0.0000,0.0000,0.0000,32.58,26.02,33,-12.310,1,298.6
2987.802,+0.0356,+0.0447,-0.0133,-0.0543,-0.4429,6.347,-7.303,-4.130,-1.927,0.0000,0.0000,0.0000,0.0000,0.0000,0.0000,0.0000,0.0000,32.58,26.02,33,-10.550,1,298.6
2987.833,-0.0129,+0.0563,-0.0133,-0.0543,-0.4514,6.122,-7.411,-4.748,-2.329,0.0000,0.0000,0.0000,0.0000,0.0000,0.0000,0.0000,0.0000,32.58,26.04,34,-9.710,1,298.6
2987.897,-0.0020,+0.0369,-0.0133,-0.0586,-0.4643,5.602,-7.613,-5.324,-1.641,0.0000,0.0000,0.0000,0.0000,0.0000,0.0000,0.0000,0.0000,32.14,26.04,34,-9.100,1,293.2
2987.919,+0.0104,+0.0824,-0.0133,-0.0586,-0.4643,5.329,-7.694,-5.166,-1.396,0.0000,0.0000,0.0000,0.0000,0.0000,0.0000,0.0000,0.0000,32.14,26.04,34,-9.010,1,293.2
2987.945,-0.0224,+0.0768,-0.0133,-0.0571,-0.4743,5.071,-7.771,-5.603,-1.669,0.0000,0.0000,0.0000,0.0000,0.0000,0.0000,0.0000,0.0000,32.14,26.06,34,-8.870,1,293.2
2987.969,+0.0083,+0.0836,-0.0200,-0.0543,-0.4771,4.788,-7.871,-5.438,-1.915,0.0000,0.0000,0.0000,0.0000,0.0000,0.0000,0.0000,0.0000,32.14,26.06,34,-8.870,1,293.2
2988.007,-0.0144,+0.0663,-0.0133,-0.0557,-0.4814,4.515,-7.980,-5.118,-1.993,0.0000,0.0000,0.0000,0.0000,0.0000,0.0000,0.0000,0.0000,32.14,26.06,34,-8.610,1,293.2
2988.031,+0.0063,+0.0927,-0.0133,-0.0557,-0.4814,4.263,-8.080,-4.933,-1.918,0.0000,0.0000,0.0000,0.0000,0.0000,0.0000,0.0000,0.0000,32.14,26.06,34,-8.450,1,293.2
2988.112,-0.0056,+0.0756,-0.0200,-0.0557,-0.4871,4.258,-8.082,-4.876,-1.874,0.0000,0.0000,0.0000,0.0000,0.0000,0.0000,0.0000,0.0000,31.55,26.07,34,-8.450,1,286.7
2988.139,-0.0277,+0.0975,-0.0200,-0.0557,-0.4871,4.258,-8.082,-4.876,-1.874,0.0000,0.0000,0.0000,0.0000,0.0000,0.0000,0.0000,0.0000,31.55,26.07,34,-8.450,1,286.7
2988.164,+0.0354,+0.0444,-0.0200,-0.0557,-0.4871,4.003,-8.177,-4.905,-1.751,0.0000,0.0000,0.0000,0.0000,0.0000,0.0000,0.0000,0.0000,31.55,26.07,34,-8.230,1,286.7
2988.202,+0.0042,+0.1252,-0.0267,-0.0500,-0.4929,3.993,-8.181,-4.904,-1.758,0.0000,0.0000,0.0000,0.0000,0.0000,0.0000,0.0000,0.0000,31.55,26.08,34,-8.100,1,286.7
2988.238,+0.0042,+0.0947,-0.0333,-0.0457,-0.4971,3.492,-8.340,-5.336,-1.586,0.0000,0.0000,0.0000,0.0000,0.0000,0.0000,0.0000,0.0000,31.55,26.08,34,-8.280,1,286.7
2988.292,+0.0042,+0.0854,-0.0333,-0.0457,-0.5000,3.218,-8.418,-5.600,-1.594,0.0000,0.0000,0.0000,0.0000,0.0000,0.0000,0.0000,0.0000,31.17,26.09,34,-7.810,1,282.7
2988.318,+0.0370,+0.0593,-0.0333,-0.0457,-0.5029,2.930,-8.500,-5.749,-1.652,0.0000,0.0000,0.0000,0.0000,0.0000,0.0000,0.0000,0.0000,31.17,26.11,34,-7.760,1,282.7
2988.350,+0.0063,+0.1063,-0.0333,-0.0457,-0.5029,2.669,-8.572,-5.057,-1.333,0.0000,0.0000,0.0000,0.0000,0.0000,0.0000,0.0000,0.0000,31.17,26.11,34,-7.740,1,282.7
2988.375,+0.0063,+0.0630,-0.0333,-0.0457,-0.5029,2.669,-8.572,-5.057,-1.333,0.0000,0.0000,0.0000,0.0000,0.0000,0.0000,0.0000,0.0000,31.17,26.11,34,-7.740,1,282.7
2988.409,+0.0063,+0.0630,-0.0333,-0.0443,-0.5043,2.434,-8.628,-4.444,-0.836,0.0000,0.0000,0.0000,0.0000,0.0000,0.0000,0.0000,0.0000,31.17,26.11,34,-7.900,1,282.7
2988.444,+0.0063,+0.1068,-0.0333,-0.0443,-0.5014,2.217,-8.622,-4.019,0.458,0.0000,0.0000,0.0000,0.0000,0.0000,0.0000,0.0000,0.0000,31.17,26.14,34,-7.800,1,282.7
2988.468,-0.0290,+0.0040,-0.0333,-0.0443,-0.5014,2.209,-8.621,-3.935,0.769,0.0000,0.0000,0.0000,0.0000,0.0000,0.0000,0.0000,0.0000,30.50,26.14,34,-7.800,1,276.1
2988.504,-0.0197,+0.0630,-0.0333,-0.0443,-0.5014,2.209,-8.621,-3.935,0.769,0.0000,0.0000,0.0000,0.0000,0.0000,0.0000,0.0000,0.0000,30.50,26.14,34,-7.840,1,276.1
2988.535,-0.0255,+0.0139,-0.0333,-0.0443,-0.5014,2.024,-8.570,-3.321,1.123,0.0000,0.0000,0.0000,0.0000,0.0000,0.0000,0.0000,0.0000,30.50,26.15,34,-7.530,1,276.1
2988.574,+0.0000,+0.0194,-0.0267,-0.0500,-0.4929,1.888,-8.478,-2.294,1.996,0.0000,0.0000,0.0000,0.0000,0.0000,0.0000,0.0000,0.0000,30.50,26.15,34,-8.570,1,276.1
2988.619,+0.0000,+0.0202,-0.0267,-0.0500,-0.4929,1.888,-8.478,-2.294,1.996,0.0000,0.0000,0.0000,0.0000,0.0000,0.0000,0.0000,0.0000,30.50,26.15,34,-8.570,1,276.1
2988.648,+0.0000,+0.0007,-0.0267,-0.0500,-0.4929,1.888,-8.478,-2.294,1.996,0.0000,0.0000,0.0000,0.0000,0.0000,0.0000,0.0000,0.0000,30.50,26.15,34,-8.570,1,276.1
2988.677,+0.0000,-0.0051,-0.0267,-0.0500,-0.4929,1.888,-8.478,-2.294,1.996,0.0000,0.0000,0.0000,0.0000,0.0000,0.0000,0.0000,0.0000,30.50,26.15,34,-8.570,1,276.1
2988.756,+0.0120,+0.0017,-0.0333,-0.0471,-0.4900,1.702,-8.262,-2.041,1.889,0.0000,0.0000,0.0000,0.0000,0.0000,0.0000,0.0000,0.0000,29.95,26.20,34,-8.370,1,270.7
2988.786,+0.0313,-0.0148,-0.0333,-0.0471,-0.4900,1.698,-8.258,-2.133,1.802,0.0000,0.0000,0.0000,0.0000,0.0000,0.0000,0.0000,0.0000,29.95,26.20,34,-8.350,1,270.7
2988.814,+0.0634,-0.0193,-0.0333,-0.0414,-0.4843,1.583,-8.173,-2.869,1.471,0.0000,0.0000,0.0000,0.0000,0.0000,0.0000,0.0000,0.0000,29.95,26.22,33,-9.510,1,270.7
2988.848,+0.0599,+0.0296,-0.0400,-0.0386,-0.4700,1.419,-8.095,-3.628,1.294,0.0000,0.0000,0.0000,0.0000,0.0000,0.0000,0.0000,0.0000,29.95,26.22,33,-10.880,1,270.7
2988.884,+0.0362,-0.0124,-0.0467,-0.0314,-0.4486,1.237,-8.031,-4.096,1.230,0.0000,0.0000,0.0000,0.0000,0.0000,0.0000,0.0000,0.0000,29.95,26.23,33,-11.040,1,270.7
2988.952,+0.0283,+0.0015,-0.0533,-0.0300,-0.4586,0.784,-7.945,-4.445,0.130,0.0000,0.0000,0.0000,0.0000,0.0000,0.0000,0.0000,0.0000,29.55,26.26,33,-9.360,1,266.6
2988.988,+0.0167,+0.0222,-0.0467,-0.0329,-0.4614,0.560,-7.965,-3.850,-0.451,0.0000,0.0000,0.0000,0.0000,0.0000,0.0000,0.0000,0.0000,29.55,26.26,33,-9.320,1,266.6
2989.012,+0.0167,+0.0222,-0.0467,-0.0329,-0.4643,0.560,-7.965,-3.850,-0.451,0.0000,0.0000,0.0000,0.0000,0.0000,0.0000,0.0000,0.0000,29.55,26.26,33,-9.300,1,266.6
2989.036,-0.0183,+0.0222,-0.0467,-0.0329,-0.4643,0.388,-7.983,-2.945,-0.218,0.0000,0.0000,0.0000,0.0000,0.0000,0.0000,0.0000,0.0000,29.55,26.26,33,-11.080,1,266.6
2989.131,+0.0146,+0.0222,-0.0467,-0.0329,-0.4529,0.251,-7.984,-2.369,0.106,0.0000,0.0000,0.0000,0.0000,0.0000,0.0000,0.0000,0.0000,29.04,26.27,33,-9.960,1,261.2
2989.157,+0.0146,+0.0222,-0.0467,-0.0329,-0.4529,0.251,-7.984,-2.369,0.106,0.0000,0.0000,0.0000,0.0000,0.0000,0.0000,0.0000,0.0000,29.04,26.27,33,-9.960,1,261.2
2989.184,+0.0146,+0.0222,-0.0400,-0.0371,-0.4571,0.247,-7.984,-2.231,0.179,0.0000,0.0000,0.0000,0.0000,0.0000,0.0000,0.0000,0.0000,29.04,26.28,33,-9.440,1,261.2
2989.222,+0.0372,-0.0179,-0.0467,-0.0329,-0.4614,0.155,-7.966,-1.877,0.524,0.0000,0.0000,0.0000,0.0000,0.0000,0.0000,0.0000,0.0000,29.04,26.28,33,-9.100,1,261.2
2989.256,+0.0167,+0.0185,-0.0467,-0.0329,-0.4614,0.155,-7.966,-1.877,0.524,0.0000,0.0000,0.0000,0.0000,0.0000,0.0000,0.0000,0.0000,29.04,26.28,33,-9.100,1,261.2
2989.287,+0.0444,+0.0185,-0.0467,-0.0314,-0.4629,0.062,-7.932,-1.947,0.734,0.0000,0.0000,0.0000,0.0000,0.0000,0.0000,0.0000,0.0000,29.04,26.29,33,-9.040,1,261.2
2989.313,+0.0514,-0.0395,-0.0467,-0.0314,-0.4629,-0.031,-7.895,-2.351,0.781,0.0000,0.0000,0.0000,0.0000,0.0000,0.0000,0.0000,0.0000,28.68,26.29,33,-9.040,1,257.2
2989.340,+0.0825,+0.0148,-0.0533,-0.0300,-0.4614,-0.141,-7.860,-2.731,0.759,0.0000,0.0000,0.0000,0.0000,0.0000,0.0000,0.0000,0.0000,28.68,26.29,33,-9.200,1,257.2
2989.386,+0.0444,-0.0196,-0.0533,-0.0271,-0.4614,-0.290,-7.824,-3.302,0.674,0.0000,0.0000,0.0000,0.0000,0.0000,0.0000,0.0000,0.0000,28.68,26.31,33,-9.100,1,257.2
2989.414,+0.0576,+0.0111,-0.0600,-0.0243,-0.4586,-0.418,-7.788,-2.091,0.626,0.0000,0.0000,0.0000,0.0000,0.0000,0.0000,0.0000,0.0000,28.68,26.31,33,-9.230,1,257.2
2989.438,+0.0646,+0.0111,-0.0533,-0.0271,-0.4586,-0.422,-7.787,-1.816,0.622,0.0000,0.0000,0.0000,0.0000,0.0000,0.0000,0.0000,0.0000,28.68,26.32,33,-9.280,1,257.2
2989.470,+0.0578,+0.0111,-0.0533,-0.0271,-0.4586,-0.422,-7.787,-1.816,0.622,0.0000,0.0000,0.0000,0.0000,0.0000,0.0000,0.0000,0.0000,28.21,26.32,33,-9.280,1,252.0
2989.503,+0.0333,+0.0582,-0.0533,-0.0257,-0.4600,-0.481,-7.773,-1.069,-0.140,0.0000,0.0000,0.0000,0.0000,0.0000,0.0000,0.0000,0.0000,28.21,26.32,33,-9.280,1,252.0
2989.586,+0.0449,+0.0354,-0.0533,-0.0286,-0.4686,-0.582,-7.908,-1.062,-2.813,0.0000,0.0000,0.0000,0.0000,0.0000,0.0000,0.0000,0.0000,28.21,26.33,33,-8.960,1,252.0
2989.611,+0.0354,+0.0796,-0.0533,-0.0286,-0.4686,-0.582,-7.908,-1.062,-2.813,0.0000,0.0000,0.0000,0.0000,0.0000,0.0000,0.0000,0.0000,28.21,26.33,33,-8.960,1,252.0
2989.640,+0.0354,+0.1244,-0.0533,-0.0286,-0.4686,-0.582,-7.908,-1.062,-2.813,0.0000,0.0000,0.0000,0.0000,0.0000,0.0000,0.0000,0.0000,28.21,26.33,33,-8.960,1,252.0
2989.710,+0.0354,+0.0773,-0.0533,-0.0286,-0.4686,-0.620,-8.061,-0.429,-3.160,0.0000,0.0000,0.0000,0.0000,0.0000,0.0000,0.0000,0.0000,28.21,26.33,33,-8.700,1,252.0
2989.732,+0.0354,+0.0370,-0.0533,-0.0271,-0.4757,-0.621,-8.068,-0.452,-3.148,0.0000,0.0000,0.0000,0.0000,0.0000,0.0000,0.0000,0.0000,28.21,26.33,33,-8.650,1,252.0
2989.764,+0.0618,+0.0840,-0.0533,-0.0271,-0.4757,-0.621,-8.068,-0.452,-3.148,0.0000,0.0000,0.0000,0.0000,0.0000,0.0000,0.0000,0.0000,27.73,26.34,33,-8.650,1,246.6
2989.787,+0.0375,+0.1048,-0.0533,-0.0286,-0.4771,-0.604,-8.318,0.634,-1.978,0.0000,0.0000,0.0000,0.0000,0.0000,0.0000,0.0000,0.0000,27.73,26.34,33,-8.500,1,246.6
2989.811,+0.0726,+0.1068,-0.0533,-0.0286,-0.4800,-0.604,-8.318,0.634,-1.978,0.0000,0.0000,0.0000,0.0000,0.0000,0.0000,0.0000,0.0000,27.73,26.34,33,-7.960,1,246.6
2989.862,+0.0573,+0.0481,-0.0533,-0.0300,-0.4871,-0.380,-8.488,1.623,-0.708,0.0000,0.0000,0.0000,0.0000,0.0000,0.0000,0.0000,0.0000,27.73,26.34,33,-8.000,1,246.6
2989.886,+0.0776,+0.0481,-0.0600,-0.0286,-0.4886,-0.380,-8.488,1.623,-0.708,0.0000,0.0000,0.0000,0.0000,0.0000,0.0000,0.0000,0.0000,27.73,26.35,33,-7.910,1,246.6
2989.918,+0.0973,+0.0481,-0.0600,-0.0286,-0.4886,-0.298,-8.512,1.230,-0.177,0.0000,0.0000,0.0000,0.0000,0.0000,0.0000,0.0000,0.0000,27.11,26.35,33,-7.680,1,240.0
2989.941,+0.0479,+0.0481,-0.0600,-0.0286,-0.4914,-0.295,-8.512,1.252,-0.203,0.0000,0.0000,0.0000,0.0000,0.0000,0.0000,0.0000,0.0000,27.11,26.35,33,-7.770,1,240.0
2989.971,+0.0766,+0.0481,-0.0600,-0.0271,-0.4871,-0.221,-8.492,1.237,0.771,0.0000,0.0000,0.0000,0.0000,0.0000,0.0000,0.0000,0.0000,27.11,26.37,33,-7.940,1,240.0
2990.029,+0.0812,+0.0481,-0.0533,-0.0300,-0.4871,-0.091,-8.405,1.095,0.721,0.0000,0.0000,0.0000,0.0000,0.0000,0.0000,0.0000,0.0000,27.11,26.37,33,-8.010,1,240.0
2990.063,+0.0542,+0.0026,-0.0600,-0.0271,-0.4871,-0.091,-8.405,1.095,0.721,0.0000,0.0000,0.0000,0.0000,0.0000,0.0000,0.0000,0.0000,26.57,26.38,33,-8.010,1,234.6
2990.099,+0.0783,+0.0444,-0.0600,-0.0271,-0.4871,-0.090,-8.405,1.092,0.676,0.0000,0.0000,0.0000,0.0000,0.0000,0.0000,0.0000,0.0000,26.57,26.38,33,-8.000,1,234.6
2990.160,+0.0713,+0.0177,-0.0600,-0.0271,-0.4871,-0.031,-8.381,1.210,0.343,0.0000,0.0000,0.0000,0.0000,0.0000,0.0000,0.0000,0.0000,26.57,26.38,33,-8.000,1,234.6
2990.192,+0.0583,+0.0407,-0.0533,-0.0286,-0.4829,0.044,-8.369,1.687,0.223,0.0000,0.0000,0.0000,0.0000,0.0000,0.0000,0.0000,0.0000,26.57,26.40,32,-9.270,1,234.6
2990.220,+0.0583,+0.0407,-0.0600,-0.0257,-0.4743,0.146,-8.353,2.057,0.391,0.0000,0.0000,0.0000,0.0000,0.0000,0.0000,0.0000,0.0000,26.57,26.40,32,-8.740,1,234.6
2990.291,+0.0716,+0.0407,-0.0533,-0.0286,-0.4743,0.363,-8.287,2.030,1.152,0.0000,0.0000,0.0000,0.0000,0.0000,0.0000,0.0000,0.0000,26.04,26.42,33,-8.340,1,229.2
2990.326,+0.0604,-0.0032,-0.0533,-0.0300,-0.4757,0.367,-8.285,2.028,1.134,0.0000,0.0000,0.0000,0.0000,0.0000,0.0000,0.0000,0.0000,26.04,26.43,33,-8.220,1,229.2
2990.351,+0.0935,-0.0219,-0.0533,-0.0271,-0.4757,0.471,-8.217,2.054,1.371,0.0000,0.0000,0.0000,0.0000,0.0000,0.0000,0.0000,0.0000,26.04,26.43,33,-8.150,1,229.2
2990.384,+0.0625,-0.0132,-0.0533,-0.0271,-0.4757,0.471,-8.217,2.054,1.371,0.0000,0.0000,0.0000,0.0000,0.0000,0.0000,0.0000,0.0000,26.04,26.43,33,-8.150,1,229.2
2990.419,+0.0873,+0.0296,-0.0533,-0.0271,-0.4671,0.476,-8.214,2.063,1.493,0.0000,0.0000,0.0000,0.0000,0.0000,0.0000,0.0000,0.0000,26.04,26.43,33,-10.260,1,229.2
2990.450,+0.0646,-0.0197,-0.0533,-0.0271,-0.4614,0.577,-8.144,2.083,1.477,0.0000,0.0000,0.0000,0.0000,0.0000,0.0000,0.0000,0.0000,26.04,26.44,32,-9.550,1,229.2
2990.475,+0.0986,-0.0346,-0.0533,-0.0271,-0.4614,0.577,-8.144,2.083,1.477,0.0000,0.0000,0.0000,0.0000,0.0000,0.0000,0.0000,0.0000,25.66,26.44,32,-9.550,1,225.3
2990.501,+0.0992,-0.0356,-0.0600,-0.0243,-0.4614,0.681,-8.076,2.079,1.339,0.0000,0.0000,0.0000,0.0000,0.0000,0.0000,0.0000,0.0000,25.66,26.44,32,-9.030,1,225.3
2990.552,+0.0862,+0.0185,-0.0533,-0.0271,-0.4614,0.899,-7.953,2.078,1.108,0.0000,0.0000,0.0000,0.0000,0.0000,0.0000,0.0000,0.0000,25.66,26.47,32,-9.060,1,225.3
2990.573,+0.0708,-0.0520,-0.0600,-0.0243,-0.4614,0.899,-7.953,2.078,1.108,0.0000,0.0000,0.0000,0.0000,0.0000,0.0000,0.0000,0.0000,25.66,26.47,32,-9.060,1,225.3
2990.619,+0.0901,-0.0194,-0.0600,-0.0243,-0.4614,0.899,-7.953,2.078,1.108,0.0000,0.0000,0.0000,0.0000,0.0000,0.0000,0.0000,0.0000,25.66,26.47,32,-9.060,1,225.3
2990.645,+0.0729,+0.0111,-0.0600,-0.0243,-0.4614,0.899,-7.953,2.078,1.108,0.0000,0.0000,0.0000,0.0000,0.0000,0.0000,0.0000,0.0000,25.66,26.47,32,-9.060,1,225.3
2990.675,+0.1013,-0.0393,-0.0600,-0.0243,-0.4614,0.899,-7.953,2.078,1.108,0.0000,0.0000,0.0000,0.0000,0.0000,0.0000,0.0000,0.0000,25.66,26.47,32,-9.060,1,225.3
2990.714,+0.0974,+0.0074,-0.0600,-0.0243,-0.4614,0.990,-7.905,1.629,0.860,0.0000,0.0000,0.0000,0.0000,0.0000,0.0000,0.0000,0.0000,25.66,26.47,32,-9.160,1,225.3
2990.746,+0.0771,+0.0547,-0.0533,-0.0271,-0.4586,1.074,-7.865,1.529,0.727,0.0000,0.0000,0.0000,0.0000,0.0000,0.0000,0.0000,0.0000,25.66,26.48,32,-9.120,1,225.3
2990.777,+0.1049,+0.0111,-0.0533,-0.0271,-0.4586,1.163,-7.837,1.765,0.068,0.0000,0.0000,0.0000,0.0000,0.0000,0.0000,0.0000,0.0000,25.05,26.48,32,-9.120,1,218.8
2990.799,+0.0792,+0.0777,-0.0533,-0.0257,-0.4600,1.247,-7.872,1.461,-1.063,0.0000,0.0000,0.0000,0.0000,0.0000,0.0000,0.0000,0.0000,25.05,26.48,32,-8.920,1,218.8
2990.829,+0.1074,+0.0651,-0.0533,-0.0271,-0.4643,1.250,-7.875,1.360,-1.455,0.0000,0.0000,0.0000,0.0000,0.0000,0.0000,0.0000,0.0000,25.05,26.49,32,-8.920,1,218.8
2990.877,+0.0813,+0.0515,-0.0600,-0.0257,-0.4629,1.387,-8.071,1.286,-1.910,0.0000,0.0000,0.0000,0.0000,0.0000,0.0000,0.0000,0.0000,25.05,26.49,32,-9.000,1,218.8
2990.948,+0.0945,+0.0458,-0.0600,-0.0243,-0.4700,1.536,-8.202,1.777,-0.931,0.0000,0.0000,0.0000,0.0000,0.0000,0.0000,0.0000,0.0000,24.56,26.50,32,-8.210,1,213.4
2990.976,+0.0833,+0.0259,-0.0533,-0.0286,-0.4743,1.540,-8.204,1.874,-0.820,0.0000,0.0000,0.0000,0.0000,0.0000,0.0000,0.0000,0.0000,24.56,26.50,32,-8.190,1,213.4
2990.997,+0.0833,+0.0958,-0.0533,-0.0286,-0.4743,1.636,-8.229,2.174,-0.500,0.0000,0.0000,0.0000,0.0000,0.0000,0.0000,0.0000,0.0000,24.56,26.50,32,-8.160,1,213.4
2991.045,+0.0833,+0.0296,-0.0533,-0.0286,-0.4771,1.759,-8.248,2.342,-0.377,0.0000,0.0000,0.0000,0.0000,0.0000,0.0000,0.0000,0.0000,24.56,26.50,32,-8.250,1,213.4
2991.076,+0.0833,+0.0296,-0.0533,-0.0286,-0.4771,1.761,-8.248,2.375,-0.365,0.0000,0.0000,0.0000,0.0000,0.0000,0.0000,0.0000,0.0000,24.07,26.50,32,-8.250,1,208.1
2991.101,+0.1179,+0.0910,-0.0533,-0.0300,-0.4786,1.761,-8.248,2.375,-0.365,0.0000,0.0000,0.0000,0.0000,0.0000,0.0000,0.0000,0.0000,24.07,26.50,32,-7.840,1,208.1
2991.129,+0.0854,+0.0333,-0.0533,-0.0300,-0.4786,1.761,-8.248,2.375,-0.365,0.0000,0.0000,0.0000,0.0000,0.0000,0.0000,0.0000,0.0000,24.07,26.50,32,-7.840,1,208.1
2991.176,+0.1043,+0.0333,-0.0533,-0.0300,-0.4814,1.884,-8.263,2.351,-0.275,0.0000,0.0000,0.0000,0.0000,0.0000,0.0000,0.0000,0.0000,24.07,26.51,32,-7.890,1,208.1
2991.208,+0.0875,+0.0333,-0.0600,-0.0271,-0.4814,2.138,-8.276,2.454,0.131,0.0000,0.0000,0.0000,0.0000,0.0000,0.0000,0.0000,0.0000,24.07,26.51,32,-7.830,1,208.1
2991.243,+0.1121,+0.0333,-0.0533,-0.0286,-0.4800,2.264,-8.251,2.369,0.457,0.0000,0.0000,0.0000,0.0000,0.0000,0.0000,0.0000,0.0000,24.07,26.52,32,-7.990,1,208.1
2991.270,+0.0896,+0.0333,-0.0533,-0.0286,-0.4800,2.264,-8.251,2.369,0.457,0.0000,0.0000,0.0000,0.0000,0.0000,0.0000,0.0000,0.0000,23.54,26.52,32,-7.990,1,202.7
2991.350,+0.1015,+0.0121,-0.0533,-0.0286,-0.4800,2.480,-8.192,1.802,0.418,0.0000,0.0000,0.0000,0.0000,0.0000,0.0000,0.0000,0.0000,23.54,26.53,32,-8.040,1,202.7
2991.380,+0.1198,+0.0296,-0.0533,-0.0314,-0.4800,2.480,-8.192,1.802,0.418,0.0000,0.0000,0.0000,0.0000,0.0000,0.0000,0.0000,0.0000,23.54,26.53,32,-8.040,1,202.7
2991.405,+0.0938,-0.0306,-0.0533,-0.0300,-0.4786,2.484,-8.191,1.813,0.420,0.0000,0.0000,0.0000,0.0000,0.0000,0.0000,0.0000,0.0000,23.54,26.53,32,-8.020,1,202.7
2991.461,+0.1101,+0.0259,-0.0600,-0.0271,-0.4786,2.573,-8.173,1.700,0.262,0.0000,0.0000,0.0000,0.0000,0.0000,0.0000,0.0000,0.0000,23.15,26.54,32,-8.080,1,198.6
2991.482,+0.0958,+0.0259,-0.0600,-0.0271,-0.4786,2.663,-8.162,1.746,0.168,0.0000,0.0000,0.0000,0.0000,0.0000,0.0000,0.0000,0.0000,23.15,26.54,32,-8.460,1,198.6
2991.511,+0.0958,+0.0259,-0.0533,-0.0286,-0.4771,2.740,-8.163,1.418,-0.180,0.0000,0.0000,0.0000,0.0000,0.0000,0.0000,0.0000,0.0000,23.15,26.54,32,-8.420,1,198.6
2991.535,+0.0958,+0.0259,-0.0533,-0.0286,-0.4771,2.740,-8.163,1.418,-0.180,0.0000,0.0000,0.0000,0.0000,0.0000,0.0000,0.0000,0.0000,23.15,26.55,32,-8.420,1,198.6
2991.569,+0.0958,+0.0259,-0.0533,-0.0286,-0.4771,2.810,-8.174,1.564,-0.245,0.0000,0.0000,0.0000,0.0000,0.0000,0.0000,0.0000,0.0000,23.15,26.55,32,-8.230,1,198.6
2991.645,+0.1084,+0.0036,-0.0533,-0.0286,-0.4771,2.810,-8.174,1.564,-0.245,0.0000,0.0000,0.0000,0.0000,0.0000,0.0000,0.0000,0.0000,23.15,26.55,32,-8.230,1,198.6
2991.674,+0.0979,+0.0222,-0.0533,-0.0286,-0.4771,2.810,-8.174,1.564,-0.245,0.0000,0.0000,0.0000,0.0000,0.0000,0.0000,0.0000,0.0000,23.15,26.55,32,-8.230,1,198.6
2991.703,+0.0979,+0.0222,-0.0533,-0.0286,-0.4771,2.810,-8.174,1.564,-0.245,0.0000,0.0000,0.0000,0.0000,0.0000,0.0000,0.0000,0.0000,23.15,26.55,32,-8.230,1,198.6
2991.767,+0.0979,-0.0032,-0.0533,-0.0300,-0.4757,2.980,-8.164,1.792,0.525,0.0000,0.0000,0.0000,0.0000,0.0000,0.0000,0.0000,0.0000,22.50,26.56,32,-8.090,1,191.9
2991.801,+0.0979,+0.0185,-0.0533,-0.0300,-0.4757,3.075,-8.132,1.820,0.634,0.0000,0.0000,0.0000,0.0000,0.0000,0.0000,0.0000,0.0000,22.50,26.56,32,-10.110,1,191.9
2991.839,+0.0979,+0.0185,-0.0533,-0.0286,-0.4629,3.171,-8.097,1.798,0.625,0.0000,0.0000,0.0000,0.0000,0.0000,0.0000,0.0000,0.0000,22.50,26.57,31,-9.090,1,191.9
2991.868,+0.1278,+0.0185,-0.0533,-0.0286,-0.4657,3.260,-8.068,1.710,0.522,0.0000,0.0000,0.0000,0.0000,0.0000,0.0000,0.0000,0.0000,22.50,26.57,31,-10.420,1,191.9
2991.957,+0.1000,-0.0009,-0.0600,-0.0243,-0.4586,3.426,-8.023,1.514,0.398,0.0000,0.0000,0.0000,0.0000,0.0000,0.0000,0.0000,0.0000,22.11,26.59,31,-8.830,1,187.8
2991.993,+0.1240,+0.0148,-0.0600,-0.0257,-0.4629,3.506,-8.001,1.467,0.407,0.0000,0.0000,0.0000,0.0000,0.0000,0.0000,0.0000,0.0000,22.11,26.59,31,-8.510,1,187.8
2992.023,+0.1021,+0.0148,-0.0600,-0.0257,-0.4629,3.506,-8.001,1.467,0.407,0.0000,0.0000,0.0000,0.0000,0.0000,0.0000,0.0000,0.0000,22.11,26.59,31,-8.510,1,187.8
2992.102,+0.1141,+0.0148,-0.0533,-0.0271,-0.4557,3.658,-7.968,1.662,-0.109,0.0000,0.0000,0.0000,0.0000,0.0000,0.0000,0.0000,0.0000,21.59,26.60,31,-9.450,1,182.3
2992.127,+0.1042,+0.0148,-0.0533,-0.0271,-0.4557,3.658,-7.968,1.662,-0.109,0.0000,0.0000,0.0000,0.0000,0.0000,0.0000,0.0000,0.0000,21.59,26.60,31,-9.450,1,182.3
2992.153,+0.1042,+0.0725,-0.0533,-0.0271,-0.4557,3.658,-7.968,1.662,-0.109,0.0000,0.0000,0.0000,0.0000,0.0000,0.0000,0.0000,0.0000,21.59,26.60,31,-9.450,1,182.3
2992.185,+0.1042,+0.0185,-0.0533,-0.0286,-0.4571,3.660,-7.969,1.710,-0.262,0.0000,0.0000,0.0000,0.0000,0.0000,0.0000,0.0000,0.0000,21.59,26.60,31,-8.990,1,182.3
2992.209,+0.1042,+0.0803,-0.0533,-0.0271,-0.4643,3.824,-8.140,1.602,-2.183,0.0000,0.0000,0.0000,0.0000,0.0000,0.0000,0.0000,0.0000,21.59,26.60,31,-8.790,1,182.3
2992.246,+0.1042,+0.0639,-0.0533,-0.0300,-0.4700,3.902,-8.242,1.637,-2.065,0.0000,0.0000,0.0000,0.0000,0.0000,0.0000,0.0000,0.0000,21.59,26.60,31,-8.450,1,182.3
2992.282,+0.1042,+0.0694,-0.0533,-0.0300,-0.4700,3.905,-8.245,1.653,-1.958,0.0000,0.0000,0.0000,0.0000,0.0000,0.0000,0.0000,0.0000,21.10,26.60,31,-8.240,1,177.0
2992.310,+0.1042,+0.0296,-0.0533,-0.0300,-0.4729,3.983,-8.324,1.695,-1.451,0.0000,0.0000,0.0000,0.0000,0.0000,0.0000,0.0000,0.0000,21.10,26.60,31,-8.240,1,177.0
2992.351,+0.1042,+0.0671,-0.0533,-0.0300,-0.4757,4.072,-8.390,1.732,-1.071,0.0000,0.0000,0.0000,0.0000,0.0000,0.0000,0.0000,0.0000,21.10,26.61,32,-7.920,1,177.0
2992.412,+0.1042,+0.0602,-0.0533,-0.0300,-0.4814,4.160,-8.442,1.762,-0.955,0.0000,0.0000,0.0000,0.0000,0.0000,0.0000,0.0000,0.0000,21.10,26.61,32,-8.100,1,177.0
2992.436,+0.1042,+0.0996,-0.0533,-0.0300,-0.4814,4.248,-8.492,1.782,-1.008,0.0000,0.0000,0.0000,0.0000,0.0000,0.0000,0.0000,0.0000,21.10,26.61,32,-7.910,1,177.0
2992.474,+0.1042,+0.0407,-0.0533,-0.0314,-0.4829,4.248,-8.492,1.782,-1.008,0.0000,0.0000,0.0000,0.0000,0.0000,0.0000,0.0000,0.0000,20.57,26.61,32,-7.910,1,171.6
2992.509,+0.0797,+0.0843,-0.0533,-0.0314,-0.4857,4.422,-8.591,1.563,-0.452,0.0000,0.0000,0.0000,0.0000,0.0000,0.0000,0.0000,0.0000,20.57,26.61,32,-7.830,1,171.6
2992.536,+0.1021,+0.0444,-0.0533,-0.0314,-0.4886,4.422,-8.591,1.563,-0.452,0.0000,0.0000,0.0000,0.0000,0.0000,0.0000,0.0000,0.0000,20.57,26.62,32,-7.510,1,171.6
2992.568,+0.1021,+0.0444,-0.0533,-0.0314,-0.4829,4.514,-8.575,1.968,1.067,0.0000,0.0000,0.0000,0.0000,0.0000,0.0000,0.0000,0.0000,20.57,26.62,32,-7.740,1,171.6
2992.615,+0.1021,+0.0444,-0.0533,-0.0314,-0.4829,4.514,-8.575,1.968,1.067,0.0000,0.0000,0.0000,0.0000,0.0000,0.0000,0.0000,0.0000,20.57,26.62,32,-7.740,1,171.6
2992.656,+0.1021,+0.0068,-0.0533,-0.0314,-0.4829,4.514,-8.575,1.968,1.067,0.0000,0.0000,0.0000,0.0000,0.0000,0.0000,0.0000,0.0000,20.57,26.62,32,-7.740,1,171.6
2992.685,+0.1021,-0.0120,-0.0533,-0.0314,-0.4829,4.514,-8.575,1.968,1.067,0.0000,0.0000,0.0000,0.0000,0.0000,0.0000,0.0000,0.0000,20.57,26.62,32,-7.740,1,171.6
2992.716,+0.1021,+0.0370,-0.0533,-0.0329,-0.4843,4.615,-8.504,1.949,1.464,0.0000,0.0000,0.0000,0.0000,0.0000,0.0000,0.0000,0.0000,20.57,26.62,32,-7.680,1,171.6
2992.742,+0.1340,-0.0198,-0.0533,-0.0329,-0.4843,4.619,-8.501,1.944,1.584,0.0000,0.0000,0.0000,0.0000,0.0000,0.0000,0.0000,0.0000,20.57,26.63,31,-7.750,1,171.6
2992.787,+0.1042,-0.0014,-0.0533,-0.0329,-0.4843,4.799,-8.369,1.701,1.071,0.0000,0.0000,0.0000,0.0000,0.0000,0.0000,0.0000,0.0000,20.00,26.63,31,-7.760,1,166.0
2992.825,+0.1042,+0.0296,-0.0533,-0.0314,-0.4800,4.802,-8.368,1.641,0.916,0.0000,0.0000,0.0000,0.0000,0.0000,0.0000,0.0000,0.0000,20.00,26.64,31,-8.760,1,166.0
2992.856,+0.1042,+0.0296,-0.0533,-0.0271,-0.4757,4.928,-8.318,0.919,0.176,0.0000,0.0000,0.0000,0.0000,0.0000,0.0000,0.0000,0.0000,20.00,26.64,31,-8.520,1,166.0
2992.880,+0.1042,-0.0336,-0.0533,-0.0300,-0.4729,4.928,-8.318,0.919,0.176,0.0000,0.0000,0.0000,0.0000,0.0000,0.0000,0.0000,0.0000,20.00,26.66,31,-9.570,1,166.0
2992.982,+0.1042,+0.0259,-0.0533,-0.0286,-0.4600,5.018,-8.298,0.927,0.474,0.0000,0.0000,0.0000,0.0000,0.0000,0.0000,0.0000,0.0000,19.45,26.67,31,-9.220,1,160.6
2993.008,+0.0716,-0.0320,-0.0533,-0.0286,-0.4600,5.020,-8.297,0.929,0.474,0.0000,0.0000,0.0000,0.0000,0.0000,0.0000,0.0000,0.0000,19.45,26.67,31,-9.150,1,160.6
2993.034,+0.1021,+0.0222,-0.0533,-0.0286,-0.4600,5.062,-8.277,1.065,0.562,0.0000,0.0000,0.0000,0.0000,0.0000,0.0000,0.0000,0.0000,19.45,26.67,31,-8.890,1,160.6
2993.104,+0.1021,+0.0222,-0.0467,-0.0314,-0.4629,5.118,-8.251,1.273,0.613,0.0000,0.0000,0.0000,0.0000,0.0000,0.0000,0.0000,0.0000,19.05,26.67,31,-8.840,1,156.6
2993.141,+0.0782,-0.0202,-0.0467,-0.0314,-0.4629,5.118,-8.251,1.273,0.613,0.0000,0.0000,0.0000,0.0000,0.0000,0.0000,0.0000,0.0000,19.05,26.67,31,-8.840,1,156.6
2993.172,+0.1000,+0.0185,-0.0533,-0.0300,-0.4643,5.185,-8.225,1.451,0.609,0.0000,0.0000,0.0000,0.0000,0.0000,0.0000,0.0000,0.0000,19.05,26.68,31,-8.610,1,156.6
2993.224,+0.0827,-0.0122,-0.0467,-0.0329,-0.4671,5.256,-8.199,1.553,0.601,0.0000,0.0000,0.0000,0.0000,0.0000,0.0000,0.0000,0.0000,19.05,26.68,31,-8.610,1,156.6
2993.256,+0.0979,+0.0148,-0.0533,-0.0300,-0.4671,5.334,-8.170,1.496,0.607,0.0000,0.0000,0.0000,0.0000,0.0000,0.0000,0.0000,0.0000,19.05,26.69,31,-8.630,1,156.6
2993.281,+0.0979,-0.0450,-0.0533,-0.0300,-0.4671,5.411,-8.139,1.733,0.768,0.0000,0.0000,0.0000,0.0000,0.0000,0.0000,0.0000,0.0000,18.52,26.69,31,-8.650,1,151.1
2993.308,+0.0979,-0.0463,-0.0467,-0.0314,-0.4657,5.501,-8.094,1.743,0.994,0.0000,0.0000,0.0000,0.0000,0.0000,0.0000,0.0000,0.0000,18.52,26.69,31,-8.650,1,151.1
2993.387,+0.0979,+0.0074,-0.0533,-0.0286,-0.4629,5.674,-8.028,1.642,-0.087,0.0000,0.0000,0.0000,0.0000,0.0000,0.0000,0.0000,0.0000,18.52,26.70,31,-8.960,1,151.1
2993.419,+0.0979,+0.0074,-0.0533,-0.0300,-0.4643,5.674,-8.028,1.642,-0.087,0.0000,0.0000,0.0000,0.0000,0.0000,0.0000,0.0000,0.0000,18.52,26.70,31,-9.140,1,151.1
2993.448,+0.0979,+0.0074,-0.0533,-0.0286,-0.4600,5.677,-8.028,1.646,-0.044,0.0000,0.0000,0.0000,0.0000,0.0000,0.0000,0.0000,0.0000,18.52,26.70,30,-9.240,1,151.1
2993.471,+0.0979,+0.0074,-0.0533,-0.0286,-0.4600,5.677,-8.028,1.646,-0.044,0.0000,0.0000,0.0000,0.0000,0.0000,0.0000,0.0000,0.0000,17.98,26.70,30,-9.240,1,145.6
2993.546,+0.0979,-0.0150,-0.0533,-0.0271,-0.4414,5.897,-8.095,1.505,-0.200,0.0000,0.0000,0.0000,0.0000,0.0000,0.0000,0.0000,0.0000,17.98,26.71,30,-11.670,1,145.6
2993.569,+0.0979,+0.0037,-0.0533,-0.0271,-0.4300,5.897,-8.095,1.505,-0.200,0.0000,0.0000,0.0000,0.0000,0.0000,0.0000,0.0000,0.0000,17.98,26.71,30,-12.130,1,145.6
2993.614,+0.0781,+0.0037,-0.0533,-0.0271,-0.4300,5.897,-8.095,1.505,-0.200,0.0000,0.0000,0.0000,0.0000,0.0000,0.0000,0.0000,0.0000,17.98,26.71,30,-12.130,1,145.6
2993.655,+0.0958,+0.0037,-0.0533,-0.0271,-0.4300,5.897,-8.095,1.505,-0.200,0.0000,0.0000,0.0000,0.0000,0.0000,0.0000,0.0000,0.0000,17.98,26.71,30,-12.130,1,145.6
2993.679,+0.0958,+0.0037,-0.0533,-0.0271,-0.4300,5.897,-8.095,1.505,-0.200,0.0000,0.0000,0.0000,0.0000,0.0000,0.0000,0.0000,0.0000,17.98,26.71,30,-12.130,1,145.6
2993.709,+0.0958,+0.0037,-0.0533,-0.0271,-0.4300,5.972,-8.105,1.566,-0.085,0.0000,0.0000,0.0000,0.0000,0.0000,0.0000,0.0000,0.0000,17.98,26.71,30,-11.400,1,145.6
2993.736,+0.0652,+0.0037,-0.0467,-0.0271,-0.4271,5.975,-8.105,1.601,0.009,0.0000,0.0000,0.0000,0.0000,0.0000,0.0000,0.0000,0.0000,17.98,26.71,30,-11.420,1,145.6
2993.771,+0.0938,+0.0482,-0.0467,-0.0271,-0.4271,5.975,-8.105,1.601,0.009,0.0000,0.0000,0.0000,0.0000,0.0000,0.0000,0.0000,0.0000,17.47,26.71,30,-11.420,1,140.2
2993.822,+0.0762,+0.0698,-0.0467,-0.0257,-0.4143,6.140,-8.109,1.835,0.116,0.0000,0.0000,0.0000,0.0000,0.0000,0.0000,0.0000,0.0000,17.47,26.71,29,-12.720,1,140.2
2993.843,+0.0519,+0.0854,-0.0467,-0.0257,-0.4114,6.329,-8.262,1.374,-3.680,0.0000,0.0000,0.0000,0.0000,0.0000,0.0000,0.0000,0.0000,17.47,26.71,29,-13.030,1,140.2
2993.873,+0.0896,+0.1213,-0.0467,-0.0271,-0.4186,6.397,-8.484,1.482,-4.398,0.0000,0.0000,0.0000,0.0000,0.0000,0.0000,0.0000,0.0000,17.47,26.71,29,-11.950,1,140.2
2993.943,+0.0762,+0.0972,-0.0400,-0.0343,-0.4429,6.565,-8.918,2.047,-3.818,0.0000,0.0000,0.0000,0.0000,0.0000,0.0000,0.0000,0.0000,16.81,26.71,30,-9.600,1,133.4
2993.974,+0.0875,+0.0861,-0.0467,-0.0314,-0.4543,6.569,-8.925,2.204,-3.473,0.0000,0.0000,0.0000,0.0000,0.0000,0.0000,0.0000,0.0000,16.81,26.71,30,-8.960,1,133.4
2994.001,+0.0564,+0.1513,-0.0467,-0.0343,-0.4657,6.573,-8.932,2.201,-3.482,0.0000,0.0000,0.0000,0.0000,0.0000,0.0000,0.0000,0.0000,16.81,26.71,30,-8.720,1,133.4
2994.031,+0.0569,+0.1495,-0.0467,-0.0343,-0.4657,6.681,-9.089,2.522,-2.698,0.0000,0.0000,0.0000,0.0000,0.0000,0.0000,0.0000,0.0000,16.81,26.71,30,-8.680,1,133.4
2994.095,+0.0689,+0.1324,-0.0400,-0.0386,-0.4786,6.787,-9.233,2.074,-2.615,0.0000,0.0000,0.0000,0.0000,0.0000,0.0000,0.0000,0.0000,16.40,26.71,30,-8.210,1,129.3
2994.115,+0.0384,+0.1428,-0.0400,-0.0386,-0.4786,6.787,-9.233,2.074,-2.615,0.0000,0.0000,0.0000,0.0000,0.0000,0.0000,0.0000,0.0000,16.40,26.71,30,-8.210,1,129.3
2994.167,+0.0792,+0.1315,-0.0400,-0.0386,-0.4871,6.877,-9.378,1.771,-2.741,0.0000,0.0000,0.0000,0.0000,0.0000,0.0000,0.0000,0.0000,16.40,26.71,30,-7.940,1,129.3
2994.194,+0.0792,+0.1327,-0.0400,-0.0386,-0.4871,6.958,-9.530,1.507,-2.987,0.0000,0.0000,0.0000,0.0000,0.0000,0.0000,0.0000,0.0000,16.40,26.71,31,-7.940,1,129.3
2994.219,+0.0792,+0.1416,-0.0400,-0.0429,-0.4943,7.045,-9.632,1.565,-1.451,0.0000,0.0000,0.0000,0.0000,0.0000,0.0000,0.0000,0.0000,16.40,26.71,31,-7.720,1,129.3
2994.270,+0.0969,+0.1167,-0.0467,-0.0371,-0.4943,7.115,-9.639,0.954,-0.097,0.0000,0.0000,0.0000,0.0000,0.0000,0.0000,0.0000,0.0000,15.61,26.72,31,-7.650,1,122.4
2994.303,+0.1071,+0.0889,-0.0467,-0.0386,-0.4986,7.137,-9.619,0.154,0.164,0.0000,0.0000,0.0000,0.0000,0.0000,0.0000,0.0000,0.0000,15.61,26.72,31,-7.550,1,122.4
2994.330,+0.1147,+0.0889,-0.0467,-0.0386,-0.5014,7.137,-9.619,0.154,0.164,0.0000,0.0000,0.0000,0.0000,0.0000,0.0000,0.0000,0.0000,15.61,26.73,31,-7.420,1,122.4
2994.371,+0.0854,+0.0889,-0.0467,-0.0371,-0.5029,7.137,-9.619,-0.118,0.167,0.0000,0.0000,0.0000,0.0000,0.0000,0.0000,0.0000,0.0000,15.61,26.73,31,-7.600,1,122.4
2994.419,+0.0854,+0.0889,-0.0467,-0.0357,-0.5043,7.074,-9.672,-0.700,-1.092,0.0000,0.0000,0.0000,0.0000,0.0000,0.0000,0.0000,0.0000,15.61,26.73,31,-7.720,1,122.4
2994.452,+0.0854,+0.1358,-0.0467,-0.0386,-0.5071,7.074,-9.672,-0.700,-1.092,0.0000,0.0000,0.0000,0.0000,0.0000,0.0000,0.0000,0.0000,15.61,26.75,31,-7.740,1,122.4
2994.479,+0.0547,+0.0926,-0.0467,-0.0386,-0.5071,7.035,-9.749,-0.518,-1.216,0.0000,0.0000,0.0000,0.0000,0.0000,0.0000,0.0000,0.0000,15.10,26.75,31,-7.710,1,118.3
2994.542,+0.0686,+0.0926,-0.0467,-0.0400,-0.5114,7.033,-9.753,-0.327,-1.378,0.0000,0.0000,0.0000,0.0000,0.0000,0.0000,0.0000,0.0000,15.10,26.76,31,-7.470,1,118.3
2994.567,+0.0470,+0.1534,-0.0400,-0.0429,-0.5143,7.002,-9.848,-0.173,-1.650,0.0000,0.0000,0.0000,0.0000,0.0000,0.0000,0.0000,0.0000,15.10,26.76,31,-7.480,1,118.3
2994.591,+0.0446,+0.0963,-0.0400,-0.0429,-0.5143,7.002,-9.848,-0.173,-1.650,0.0000,0.0000,0.0000,0.0000,0.0000,0.0000,0.0000,0.0000,15.10,26.76,31,-7.480,1,118.3
2994.624,+0.0252,+0.0963,-0.0400,-0.0429,-0.5143,7.002,-9.848,-0.173,-1.650,0.0000,0.0000,0.0000,0.0000,0.0000,0.0000,0.0000,0.0000,15.10,26.76,31,-7.480,1,118.3
2994.652,+0.0113,+0.0415,-0.0400,-0.0429,-0.5143,7.002,-9.848,-0.173,-1.650,0.0000,0.0000,0.0000,0.0000,0.0000,0.0000,0.0000,0.0000,15.10,26.76,31,-7.480,1,118.3
2994.680,+0.0383,-0.0155,-0.0400,-0.0429,-0.5143,7.002,-9.848,-0.173,-1.650,0.0000,0.0000,0.0000,0.0000,0.0000,0.0000,0.0000,0.0000,15.10,26.76,31,-7.480,1,118.3
2994.707,+0.0350,+0.0289,-0.0400,-0.0429,-0.5143,6.985,-9.935,-0.220,-0.435,0.0000,0.0000,0.0000,0.0000,0.0000,0.0000,0.0000,0.0000,15.10,26.76,31,-7.480,1,118.3
2994.751,+0.0249,-0.0244,-0.0400,-0.0414,-0.5071,6.956,-9.902,0.195,2.251,0.0000,0.0000,0.0000,0.0000,0.0000,0.0000,0.0000,0.0000,15.10,26.78,31,-7.160,1,118.3
2994.795,+0.0604,-0.0016,-0.0400,-0.0429,-0.5000,7.057,-9.466,1.713,5.126,0.0000,0.0000,0.0000,0.0000,0.0000,0.0000,0.0000,0.0000,14.41,26.78,31,-7.200,1,112.7
2994.825,+0.0604,-0.0881,-0.0333,-0.0471,-0.5014,7.125,-9.248,1.326,4.051,0.0000,0.0000,0.0000,0.0000,0.0000,0.0000,0.0000,0.0000,14.41,26.82,30,-7.400,1,112.7
2994.854,+0.0604,-0.0008,-0.0400,-0.0443,-0.4957,7.128,-9.241,1.227,3.754,0.0000,0.0000,0.0000,0.0000,0.0000,0.0000,0.0000,0.0000,14.41,26.82,30,-7.990,1,112.7
2994.883,+0.0604,-0.0543,-0.0333,-0.0443,-0.4929,7.172,-9.081,0.524,2.716,0.0000,0.0000,0.0000,0.0000,0.0000,0.0000,0.0000,0.0000,14.41,26.86,30,-8.340,1,112.7
2994.925,+0.0604,-0.0344,-0.0400,-0.0386,-0.4786,7.183,-8.932,-0.221,2.645,0.0000,0.0000,0.0000,0.0000,0.0000,0.0000,0.0000,0.0000,13.73,26.86,30,-10.200,1,107.2
2994.959,+0.0859,-0.0573,-0.0400,-0.0371,-0.4686,7.123,-8.781,-1.863,3.301,0.0000,0.0000,0.0000,0.0000,0.0000,0.0000,0.0000,0.0000,13.73,26.89,30,-10.620,1,107.2
2994.983,+0.0625,-0.0969,-0.0400,-0.0357,-0.4614,7.015,-8.611,-2.042,3.166,0.0000,0.0000,0.0000,0.0000,0.0000,0.0000,0.0000,0.0000,13.73,26.89,30,-9.910,1,107.2
2995.018,+0.0625,-0.0698,-0.0400,-0.0357,-0.4586,7.015,-8.611,-2.042,3.166,0.0000,0.0000,0.0000,0.0000,0.0000,0.0000,0.0000,0.0000,13.73,26.89,30,-9.530,1,107.2
2995.048,+0.0625,-0.0396,-0.0400,-0.0357,-0.4586,6.903,-8.474,-2.006,2.503,0.0000,0.0000,0.0000,0.0000,0.0000,0.0000,0.0000,0.0000,13.73,26.91,30,-9.640,1,107.2
2995.079,+0.0352,-0.0896,-0.0400,-0.0357,-0.4586,6.798,-8.369,-1.816,2.316,0.0000,0.0000,0.0000,0.0000,0.0000,0.0000,0.0000,0.0000,13.11,26.91,30,-9.720,1,101.7
2995.111,+0.0336,-0.0476,-0.0400,-0.0357,-0.4557,6.798,-8.369,-1.816,2.316,0.0000,0.0000,0.0000,0.0000,0.0000,0.0000,0.0000,0.0000,13.11,26.91,30,-9.720,1,101.7
2995.200,+0.0473,-0.0626,-0.0400,-0.0371,-0.4514,6.707,-8.268,-1.295,2.219,0.0000,0.0000,0.0000,0.0000,0.0000,0.0000,0.0000,0.0000,13.11,26.93,29,-9.820,1,101.7
2995.237,+0.0329,-0.0563,-0.0400,-0.0357,-0.4471,6.637,-8.157,-0.941,2.417,0.0000,0.0000,0.0000,0.0000,0.0000,0.0000,0.0000,0.0000,13.11,26.93,29,-9.610,1,101.7
2995.266,+0.0248,-0.1231,-0.0400,-0.0357,-0.4471,6.637,-8.157,-0.941,2.417,0.0000,0.0000,0.0000,0.0000,0.0000,0.0000,0.0000,0.0000,12.67,26.93,29,-9.610,1,97.4
2995.297,+0.0250,-0.1222,-0.0400,-0.0329,-0.4443,6.590,-8.043,-0.733,2.621,0.0000,0.0000,0.0000,0.0000,0.0000,0.0000,0.0000,0.0000,12.67,26.93,29,-9.710,1,97.4
2995.326,+0.0199,-0.0869,-0.0400,-0.0343,-0.4429,6.551,-7.926,-0.738,2.693,0.0000,0.0000,0.0000,0.0000,0.0000,0.0000,0.0000,0.0000,12.67,26.94,29,-9.740,1,97.4
2995.355,+0.0479,-0.1407,-0.0400,-0.0343,-0.4371,6.507,-7.792,-0.859,2.732,0.0000,0.0000,0.0000,0.0000,0.0000,0.0000,0.0000,0.0000,12.67,26.94,29,-10.230,1,97.4
2995.385,+0.0479,-0.0955,-0.0400,-0.0343,-0.4371,6.453,-7.656,-1.087,2.714,0.0000,0.0000,0.0000,0.0000,0.0000,0.0000,0.0000,0.0000,12.67,26.94,29,-10.230,1,97.4
2995.417,+0.0214,-0.1425,-0.0400,-0.0343,-0.4314,6.453,-7.656,-1.087,2.714,0.0000,0.0000,0.0000,0.0000,0.0000,0.0000,0.0000,0.0000,12.67,26.94,29,-10.350,1,97.4
2995.442,+0.0458,-0.1158,-0.0467,-0.0300,-0.4271,6.392,-7.525,-1.027,2.508,0.0000,0.0000,0.0000,0.0000,0.0000,0.0000,0.0000,0.0000,12.67,26.95,29,-10.730,1,97.4
2995.475,+0.0458,-0.1509,-0.0467,-0.0300,-0.4271,6.358,-7.453,-0.684,0.856,0.0000,0.0000,0.0000,0.0000,0.0000,0.0000,0.0000,0.0000,12.04,26.95,29,-10.830,1,90.8
2995.520,+0.0458,-0.1017,-0.0467,-0.0314,-0.4314,6.291,-7.540,-1.230,-1.823,0.0000,0.0000,0.0000,0.0000,0.0000,0.0000,0.0000,0.0000,12.04,26.94,28,-10.950,1,90.8
2995.551,+0.0458,-0.0203,-0.0467,-0.0300,-0.4300,6.287,-7.547,-1.662,-3.327,0.0000,0.0000,0.0000,0.0000,0.0000,0.0000,0.0000,0.0000,12.04,26.94,28,-11.210,1,90.8
2995.594,+0.0254,-0.0667,-0.0467,-0.0300,-0.4300,6.287,-7.547,-1.662,-3.327,0.0000,0.0000,0.0000,0.0000,0.0000,0.0000,0.0000,0.0000,12.04,26.94,28,-11.210,1,90.8
2995.628,+0.0437,+0.0242,-0.0467,-0.0300,-0.4300,6.287,-7.547,-1.662,-3.327,0.0000,0.0000,0.0000,0.0000,0.0000,0.0000,0.0000,0.0000,12.04,26.94,28,-11.210,1,90.8
2995.659,+0.0163,-0.0104,-0.0467,-0.0300,-0.4300,6.287,-7.547,-1.662,-3.327,0.0000,0.0000,0.0000,0.0000,0.0000,0.0000,0.0000,0.0000,12.04,26.94,28,-11.210,1,90.8
2995.692,+0.0160,+0.0356,-0.0467,-0.0300,-0.4300,6.287,-7.547,-1.662,-3.327,0.0000,0.0000,0.0000,0.0000,0.0000,0.0000,0.0000,0.0000,12.04,26.94,28,-11.210,1,90.8
2995.723,+0.0115,+0.0018,-0.0467,-0.0314,-0.4314,6.200,-7.776,-1.390,-4.452,0.0000,0.0000,0.0000,0.0000,0.0000,0.0000,0.0000,0.0000,12.04,26.94,28,-10.450,1,90.8
2995.752,+0.0082,+0.0077,-0.0467,-0.0300,-0.4329,6.200,-7.776,-1.390,-4.452,0.0000,0.0000,0.0000,0.0000,0.0000,0.0000,0.0000,0.0000,11.68,26.94,29,-10.450,1,86.6
2995.784,-0.0173,+0.0061,-0.0400,-0.0343,-0.4343,6.110,-8.150,-0.125,-2.527,0.0000,0.0000,0.0000,0.0000,0.0000,0.0000,0.0000,0.0000,11.68,26.94,29,-10.070,1,86.6
2995.824,+0.0092,-0.0370,-0.0400,-0.0357,-0.4386,6.112,-8.266,0.706,-1.483,0.0000,0.0000,0.0000,0.0000,0.0000,0.0000,0.0000,0.0000,11.68,26.91,29,-9.790,1,86.6
2995.864,+0.0292,+0.0022,-0.0200,-0.0471,-0.4329,6.238,-8.399,1.593,-1.290,0.0000,0.0000,0.0000,0.0000,0.0000,0.0000,0.0000,0.0000,11.68,26.91,29,-12.130,1,86.6
2995.892,+0.0292,+0.0198,-0.0200,-0.0471,-0.4329,6.238,-8.399,1.593,-1.290,0.0000,0.0000,0.0000,0.0000,0.0000,0.0000,0.0000,0.0000,11.05,26.90,28,-12.130,1,79.8
2995.944,+0.0117,-0.0296,-0.0133,-0.0529,-0.4271,6.311,-8.478,1.329,-2.075,0.0000,0.0000,0.0000,0.0000,0.0000,0.0000,0.0000,0.0000,11.05,26.89,28,-11.450,1,79.8
2995.978,+0.0271,+0.0586,-0.0133,-0.0529,-0.4300,6.400,-8.755,0.597,-2.989,0.0000,0.0000,0.0000,0.0000,0.0000,0.0000,0.0000,0.0000,11.05,26.89,28,-11.260,1,79.8
2996.013,+0.0271,+0.0223,-0.0133,-0.0543,-0.4371,6.400,-8.755,0.597,-2.989,0.0000,0.0000,0.0000,0.0000,0.0000,0.0000,0.0000,0.0000,11.05,26.89,28,-10.420,1,79.8
2996.045,+0.0271,+0.0284,-0.0067,-0.0571,-0.4429,6.401,-8.761,0.433,-3.057,0.0000,0.0000,0.0000,0.0000,0.0000,0.0000,0.0000,0.0000,11.05,26.89,28,-10.380,1,79.8
2996.078,+0.0271,+0.0323,-0.0067,-0.0571,-0.4486,6.416,-8.898,0.232,-2.885,0.0000,0.0000,0.0000,0.0000,0.0000,0.0000,0.0000,0.0000,10.65,26.89,28,-9.920,1,75.7
2996.112,+0.0018,+0.0790,-0.0067,-0.0571,-0.4486,6.416,-8.898,0.232,-2.885,0.0000,0.0000,0.0000,0.0000,0.0000,0.0000,0.0000,0.0000,10.65,26.89,28,-9.920,1,75.7
2996.144,+0.0250,+0.0444,-0.0067,-0.0571,-0.4486,6.416,-8.898,0.232,-2.885,0.0000,0.0000,0.0000,0.0000,0.0000,0.0000,0.0000,0.0000,10.65,26.89,28,-9.920,1,75.7
2996.179,+0.0005,+0.0436,-0.0067,-0.0586,-0.4529,6.437,-9.185,0.530,-2.474,0.0000,0.0000,0.0000,0.0000,0.0000,0.0000,0.0000,0.0000,10.65,26.88,29,-9.770,1,75.7
2996.243,-0.0058,+0.0547,-0.0133,-0.0571,-0.4686,6.148,-9.495,-4.427,-2.551,0.0000,0.0000,0.0000,0.0000,0.0000,0.0000,0.0000,0.0000,10.65,26.88,29,-9.310,1,75.7
2996.282,-0.0041,+0.0517,-0.0133,-0.0586,-0.4729,6.139,-9.500,-4.413,-2.558,0.0000,0.0000,0.0000,0.0000,0.0000,0.0000,0.0000,0.0000,9.91,26.88,29,-9.310,1,69.0
2996.317,-0.0076,+0.0580,-0.0133,-0.0571,-0.4743,5.910,-9.633,-4.224,-2.219,0.0000,0.0000,0.0000,0.0000,0.0000,0.0000,0.0000,0.0000,9.91,26.88,29,-9.250,1,69.0
2996.389,+0.0014,+0.0185,-0.0133,-0.0571,-0.4743,5.703,-9.684,-4.108,-0.184,0.0000,0.0000,0.0000,0.0000,0.0000,0.0000,0.0000,0.0000,9.91,26.88,29,-9.110,1,69.0
2996.434,+0.0321,+0.0185,-0.0133,-0.0571,-0.4743,5.695,-9.684,-4.106,-0.190,0.0000,0.0000,0.0000,0.0000,0.0000,0.0000,0.0000,0.0000,9.91,26.88,29,-9.040,1,69.0
2996.473,+0.0369,-0.0211,-0.0133,-0.0557,-0.4729,5.492,-9.660,-4.953,0.595,0.0000,0.0000,0.0000,0.0000,0.0000,0.0000,0.0000,0.0000,9.58,26.88,29,-9.260,1,66.1
2996.539,+0.0167,+0.0148,-0.0200,-0.0529,-0.4729,4.899,-9.621,-6.652,-0.435,0.0000,0.0000,0.0000,0.0000,0.0000,0.0000,0.0000,0.0000,9.58,26.90,29,-9.660,1,66.1
2996.579,+0.0167,-0.0242,-0.0200,-0.0529,-0.4729,4.899,-9.621,-6.652,-0.435,0.0000,0.0000,0.0000,0.0000,0.0000,0.0000,0.0000,0.0000,9.58,26.90,29,-9.660,1,66.1
2996.634,+0.0001,+0.0111,-0.0200,-0.0529,-0.4729,4.899,-9.621,-6.652,-0.435,0.0000,0.0000,0.0000,0.0000,0.0000,0.0000,0.0000,0.0000,9.58,26.90,29,-9.660,1,66.1
2996.701,-0.0133,+0.0111,-0.0200,-0.0514,-0.4714,4.206,-9.720,-6.615,-1.276,0.0000,0.0000,0.0000,0.0000,0.0000,0.0000,0.0000,0.0000,9.58,26.90,29,-9.810,1,66.1
2996.747,-0.0278,+0.0111,-0.0200,-0.0529,-0.4729,3.886,-9.793,-5.623,-1.413,0.0000,0.0000,0.0000,0.0000,0.0000,0.0000,0.0000,0.0000,8.75,26.92,29,-9.630,1,59.3
2996.801,-0.0105,-0.0186,-0.0200,-0.0486,-0.4686,3.341,-9.842,-4.498,0.829,0.0000,0.0000,0.0000,0.0000,0.0000,0.0000,0.0000,0.0000,8.75,26.94,29,-9.720,1,59.3
2996.868,-0.0099,-0.0425,-0.0200,-0.0514,-0.4657,3.119,-9.773,-3.852,1.746,0.0000,0.0000,0.0000,0.0000,0.0000,0.0000,0.0000,0.0000,8.08,26.95,29,-9.580,1,53.8
2996.932,-0.0123,-0.0513,-0.0267,-0.0471,-0.4614,2.542,-9.521,-4.554,1.318,0.0000,0.0000,0.0000,0.0000,0.0000,0.0000,0.0000,0.0000,8.08,26.97,28,-9.940,1,53.8
2996.993,+0.0000,-0.0875,-0.0267,-0.0457,-0.4543,2.121,-9.359,-4.305,1.541,0.0000,0.0000,0.0000,0.0000,0.0000,0.0000,0.0000,0.0000,8.08,26.97,28,-10.230,1,53.8
2997.068,+0.0126,-0.0857,-0.0267,-0.0443,-0.4529,2.117,-9.357,-4.284,1.481,0.0000,0.0000,0.0000,0.0000,0.0000,0.0000,0.0000,0.0000,7.27,27.00,28,-10.330,1,47.1
2997.152,+0.0136,-0.0909,-0.0333,-0.0400,-0.4457,1.897,-9.292,-4.218,0.952,0.0000,0.0000,0.0000,0.0000,0.0000,0.0000,0.0000,0.0000,7.27,27.01,28,-10.830,1,47.1
2997.227,-0.0085,-0.0859,-0.0333,-0.0400,-0.4400,1.306,-9.320,0.023,0.004,0.0000,0.0000,0.0000,0.0000,0.0000,0.0000,0.0000,0.0000,8.81,0.00,28,-11.050,1,43.3
2997.329,-0.0176,-0.1183,-0.0333,-0.0400,-0.4371,0.907,-9.287,0.000,0.002,0.0000,0.0000,0.0000,0.0000,0.0000,0.0000,0.0000,0.0000,8.81,0.00,28,-11.040,1,43.3
2997.431,-0.0119,-0.1504,-0.0333,-0.0386,-0.4300,0.611,-9.217,0.004,0.005,0.0000,0.0000,0.0000,0.0000,0.0000,0.0000,0.0000,0.0000,8.17,0.00,27,-11.360,1,37.8
2997.599,-0.0178,-0.1540,-0.0333,-0.0371,-0.4286,0.384,-9.517,0.005,0.004,0.0000,0.0000,0.0000,0.0000,0.0000,0.0000,0.0000,0.0000,7.56,0.00,27,-11.530,1,32.3
2997.794,-0.0329,-0.1474,-0.0400,-0.0371,-0.4371,-0.056,-10.295,-1.738,-2.466,0.0000,0.0000,0.0000,0.0000,0.0000,0.0000,0.0000,0.0000,6.23,27.07,27,-11.840,1,21.1
2998.168,-0.1384,-0.0663,0.2267,0.4086,1.1229,-2.902,53.113,63.618,12.936,0.0000,0.0000,0.0000,0.0000,0.0000,0.0000,0.0000,0.0000,6.47,11.00,18,-11.760,1,6.6
2999.487,-0.1313,-0.0926,0.3667,0.3543,1.0686,5.677,53.761,52.493,3.290,0.0000,0.0000,0.0000,0.0000,0.0000,0.0000,0.0000,0.0000,6.47,11.00,18,-11.440,1,6.6
2999.547,-0.1924,-0.0926,0.4267,0.3300,1.0443,5.876,53.759,51.122,2.195,0.0000,0.0000,0.0000,0.0000,0.0000,0.0000,0.0000,0.0000,6.47,10.60,18,-11.080,1,6.6
2999.584,-0.1858,-0.0926,0.4267,0.3300,1.0443,5.876,53.759,51.122,2.195,0.0000,0.0000,0.0000,0.0000,0.0000,0.0000,0.0000,0.0000,6.47,10.60,18,-11.080,1,6.6
2999.615,-0.1716,-0.0926,0.4267,0.3300,1.0443,5.876,53.759,51.122,2.195,0.0000,0.0000,0.0000,0.0000,0.0000,0.0000,0.0000,0.0000,6.47,10.60,18,-11.080,1,6.6
2999.643,-0.2069,-0.0926,0.4267,0.3300,1.0443,5.876,53.759,51.122,2.195,0.0000,0.0000,0.0000,0.0000,0.0000,0.0000,0.0000,0.0000,6.47,10.60,18,-11.080,1,6.6
2999.677,-0.2002,-0.0926,0.4267,0.3300,1.0443,5.876,53.759,51.122,2.195,0.0000,0.0000,0.0000,0.0000,0.0000,0.0000,0.0000,0.0000,6.47,10.60,18,-11.080,1,6.6
2999.721,-0.1948,-0.0926,0.5000,0.3000,1.0143,16.422,52.729,39.641,-5.570,0.0000,0.0000,0.0000,0.0000,0.0000,0.0000,0.0000,0.0000,6.47,10.60,18,-11.100,1,6.6
2999.755,-0.2086,-0.0926,0.6133,0.2557,0.9700,16.422,52.729,39.641,-5.570,0.0000,0.0000,0.0000,0.0000,0.0000,0.0000,0.0000,0.0000,6.45,10.23,18,-11.100,1,8.7
2999.791,-0.2115,-0.0926,0.7200,0.2143,0.9286,27.720,49.495,31.700,-10.153,0.0000,0.0000,0.0000,0.0000,0.0000,0.0000,0.0000,0.0000,6.45,10.23,18,-11.110,1,8.7
2999.824,-0.2175,-0.0926,0.8400,0.1671,0.8814,27.943,49.404,30.068,-11.068,0.0000,0.0000,0.0000,0.0000,0.0000,0.0000,0.0000,0.0000,6.45,9.89,18,-11.110,1,8.7
2999.869,-0.2175,-0.0926,1.0000,0.1071,0.8214,38.092,43.590,22.150,-15.391,0.0000,0.0000,0.0000,0.0000,0.0000,0.0000,0.0000,0.0000,6.45,9.57,18,-11.110,0,8.7
2999.902,-0.2175,-0.0926,1.0000,0.1071,0.8214,42.314,39.810,19.173,-17.020,0.0000,0.0000,0.0000,0.0000,0.0000,0.0000,0.0000,0.0000,6.06,9.57,18,-11.110,0,10.6
2999.950,-0.2175,-0.0926,1.0000,0.1071,0.8214,46.001,35.415,16.805,-18.446,0.0000,0.0000,0.0000,0.0000,0.0000,0.0000,0.0000,0.0000,6.06,9.30,18,-11.110,0,10.6
2999.997,-0.2175,-0.0926,1.0000,-0.2114,0.5029,49.075,30.562,14.803,-19.871,0.0000,0.0000,0.0000,0.0000,0.0000,0.0000,0.0000,0.0000,6.06,9.30,18,-11.110,0,10.6
3000.033,-0.2175,-0.0926,1.0000,-0.4271,0.1900,51.725,25.002,13.392,-21.198,0.0000,0.0000,0.0000,0.0000,0.0000,0.0000,0.0000,0.0000,6.06,9.06,18,-11.110,0,10.6
3000.072,-0.2175,-0.0926,1.0000,-0.5886,-0.1886,53.733,19.424,12.609,-22.361,0.0000,0.0000,0.0000,0.0000,0.0000,0.0000,0.0000,0.0000,5.32,9.06,18,-11.110,0,12.5
3000.110,-0.2175,-0.0926,1.0000,-0.5886,-0.1886,53.733,19.424,12.609,-22.361,0.0000,0.0000,0.0000,0.0000,0.0000,0.0000,0.0000,0.0000,5.32,9.06,18,-11.110,0,12.5
3000.155,-0.2175,-0.0926,1.0000,-0.7329,-0.5214,55.454,13.053,12.433,-23.231,0.0000,0.0000,0.0000,0.0000,0.0000,0.0000,0.0000,0.0000,5.32,8.89,18,-11.110,0,12.5
3000.202,-0.2175,-0.0926,1.0000,-0.4586,-0.8271,56.711,6.737,12.626,-24.650,0.0000,0.0000,0.0000,0.0000,0.0000,0.0000,0.0000,0.0000,5.32,8.89,18,-11.110,0,12.5
3001.175,+0.1583,-0.2741,-1.0000,0.5571,1.0143,-23.962,55.811,-239.691,117.769,0.0000,0.0000,0.0000,0.0000,0.0000,0.0000,0.0000,0.0000,0.57,2.70,51,13.200,1,19.2
3001.227,+0.4685,+0.1242,-1.0000,0.5571,1.0143,-11.553,58.421,-196.290,-105.396,0.0000,0.0000,0.0000,0.0000,0.0000,0.0000,0.0000,0.0000,0.56,2.07,43,-0.360,1,19.6
3001.340,+0.4416,+0.0815,-1.0000,0.5571,1.0143,-3.026,53.400,-160.709,-148.957,0.0000,0.0000,0.0000,0.0000,0.0000,0.0000,0.0000,0.0000,0.56,2.07,43,-0.470,1,19.6
3001.410,+0.6138,+0.2969,-0.8200,0.5814,0.9900,9.022,32.609,-70.475,-230.835,0.0000,0.0000,0.0000,0.0000,0.0000,0.0000,0.0000,0.0000,0.56,1.89,43,-0.310,1,19.6
3001.442,+0.8132,+0.5290,0.0200,0.2114,0.6571,12.064,19.301,-25.330,-249.299,0.0000,0.0000,0.0000,0.0000,0.0000,0.0000,0.0000,0.0000,0.56,1.83,43,-0.190,1,19.6
3001.467,+0.7806,+0.4955,0.0200,0.2114,0.6571,12.064,19.301,-25.330,-249.299,0.0000,0.0000,0.0000,0.0000,0.0000,0.0000,0.0000,0.0000,0.45,1.83,43,-0.190,1,20.0
3001.574,+0.5647,+0.2492,-0.7400,0.5900,0.7386,8.759,-6.616,-74.296,23.818,0.0000,0.0000,0.0000,0.0000,0.0000,0.0000,0.0000,0.0000,0.45,1.30,44,0.990,1,20.0
3001.602,+0.3857,+0.4376,-0.7400,0.5900,0.7386,8.759,-6.616,-74.296,23.818,0.0000,0.0000,0.0000,0.0000,0.0000,0.0000,0.0000,0.0000,0.45,1.30,44,0.990,1,20.0
3001.636,+0.4146,+0.2113,-0.7400,0.5900,0.7386,8.759,-6.616,-74.296,23.818,0.0000,0.0000,0.0000,0.0000,0.0000,0.0000,0.0000,0.0000,0.45,1.30,44,0.990,1,20.0
3001.661,+0.1802,+0.0294,-0.7400,0.5900,0.7386,8.759,-6.616,-74.296,23.818,0.0000,0.0000,0.0000,0.0000,0.0000,0.0000,0.0000,0.0000,0.45,1.30,44,0.990,1,20.0
3001.758,+0.3282,+0.1216,-0.1733,0.1129,0.0529,5.406,-5.562,-59.340,27.308,0.0000,0.0000,0.0000,0.0000,0.0000,0.0000,0.0000,0.0000,0.32,1.00,44,1.260,1,20.3
