timestamp_s,errorx,errory,aileron,elevator,rudder,roll_deg,pitch_deg,roll_rate_dps,pitch_rate_dps,pid_roll_desired,pid_roll_P,pid_roll_I,pid_roll_D,pid_pitch_desired,pid_pitch_P,pid_pitch_I,pid_pitch_D,alt_rel_m,groundspeed_ms,throttle_pct,nav_pitch_deg,target_locked,dist_m
2291.433,+0.7562,-0.0889,-0.0533,-0.0429,-0.6086,-0.561,-3.426,-5.814,0.856,0.0000,0.0000,0.0000,0.0000,0.0000,0.0000,0.0000,0.0000,50.58,23.15,45,-0.180,1,893.1
2291.463,+0.8128,-0.1392,-0.0600,-0.0400,-0.6114,-0.855,-3.377,-5.495,0.998,0.0000,0.0000,0.0000,0.0000,0.0000,0.0000,0.0000,0.0000,50.58,23.15,45,-0.260,1,893.1
2291.501,+0.7836,-0.2160,-0.0600,-0.0371,-0.6143,-0.866,-3.375,-5.419,0.998,0.0000,0.0000,0.0000,0.0000,0.0000,0.0000,0.0000,0.0000,50.58,23.15,45,-0.290,1,893.1
2291.534,+0.7884,-0.1957,-0.0667,-0.0357,-0.6157,-1.114,-3.340,-5.098,0.701,0.0000,0.0000,0.0000,0.0000,0.0000,0.0000,0.0000,0.0000,50.58,23.15,45,-0.310,1,893.1
2291.620,+0.7759,-0.1513,-0.0667,-0.0357,-0.6157,-1.114,-3.340,-5.098,0.701,0.0000,0.0000,0.0000,0.0000,0.0000,0.0000,0.0000,0.0000,50.58,23.15,45,-0.310,1,893.1
2291.651,+0.8214,-0.1672,-0.0667,-0.0357,-0.6157,-1.114,-3.340,-5.098,0.701,0.0000,0.0000,0.0000,0.0000,0.0000,0.0000,0.0000,0.0000,50.58,23.15,45,-0.310,1,893.1
2291.679,+0.8013,-0.1763,-0.0667,-0.0357,-0.6157,-1.377,-3.317,-4.878,0.374,0.0000,0.0000,0.0000,0.0000,0.0000,0.0000,0.0000,0.0000,50.58,23.15,45,-0.400,1,893.1
2291.706,+0.8361,-0.1821,-0.0733,-0.0314,-0.6143,-1.589,-3.290,-2.748,1.142,0.0000,0.0000,0.0000,0.0000,0.0000,0.0000,0.0000,0.0000,50.58,23.15,45,-0.510,1,893.1
2291.730,+0.8123,-0.1923,-0.0733,-0.0314,-0.6143,-1.589,-3.290,-2.748,1.142,0.0000,0.0000,0.0000,0.0000,0.0000,0.0000,0.0000,0.0000,50.46,23.16,44,-0.510,1,888.6
2291.769,+0.8242,-0.2135,-0.0800,-0.0286,-0.6143,-1.675,-3.239,-0.902,0.879,0.0000,0.0000,0.0000,0.0000,0.0000,0.0000,0.0000,0.0000,50.46,23.16,44,-0.680,1,888.6
2291.805,+0.8073,-0.2260,-0.0867,-0.0243,-0.6100,-1.690,-3.209,-0.464,1.224,0.0000,0.0000,0.0000,0.0000,0.0000,0.0000,0.0000,0.0000,50.46,23.16,44,-0.760,1,888.6
2291.832,+0.8162,-0.2030,-0.0867,-0.0200,-0.6029,-1.752,-2.935,-0.486,3.128,0.0000,0.0000,0.0000,0.0000,0.0000,0.0000,0.0000,0.0000,50.46,23.16,44,-0.880,1,888.6
2291.871,+0.8103,-0.2328,-0.0933,-0.0171,-0.5971,-1.752,-2.935,-0.486,3.128,0.0000,0.0000,0.0000,0.0000,0.0000,0.0000,0.0000,0.0000,50.35,23.18,44,-1.010,1,884.3
2291.917,+0.8087,-0.2274,-0.1000,-0.0114,-0.5914,-1.762,-2.757,0.113,3.325,0.0000,0.0000,0.0000,0.0000,0.0000,0.0000,0.0000,0.0000,50.35,23.18,44,-1.340,1,884.3
2291.944,+0.8234,-0.2230,-0.1000,-0.0086,-0.5886,-1.748,-2.600,0.550,2.824,0.0000,0.0000,0.0000,0.0000,0.0000,0.0000,0.0000,0.0000,50.35,23.18,44,-1.510,1,884.3
2291.975,+0.8211,-0.2190,-0.1067,-0.0043,-0.5814,-1.748,-2.595,0.533,2.842,0.0000,0.0000,0.0000,0.0000,0.0000,0.0000,0.0000,0.0000,50.35,23.18,44,-1.690,1,884.3
2292.002,+0.8279,-0.2311,-0.1067,-0.0043,-0.5814,-1.716,-2.470,0.846,2.442,0.0000,0.0000,0.0000,0.0000,0.0000,0.0000,0.0000,0.0000,50.35,23.18,44,-1.690,1,884.3
2292.034,+0.8241,-0.2243,-0.1067,-0.0014,-0.5786,-1.716,-2.470,0.846,2.442,0.0000,0.0000,0.0000,0.0000,0.0000,0.0000,0.0000,0.0000,50.29,23.19,44,-1.850,1,881.0
2292.078,+0.8404,-0.2534,-0.1133,0.0014,-0.5729,-1.673,-2.353,0.938,2.302,0.0000,0.0000,0.0000,0.0000,0.0000,0.0000,0.0000,0.0000,50.29,23.19,44,-2.010,1,881.0
2292.101,+0.8406,-0.1889,-0.1133,0.0014,-0.5729,-1.673,-2.353,0.938,2.302,0.0000,0.0000,0.0000,0.0000,0.0000,0.0000,0.0000,0.0000,50.29,23.19,44,-2.010,1,881.0
2292.136,+0.8799,-0.2762,-0.1133,0.0014,-0.5729,-1.633,-2.241,0.818,2.351,0.0000,0.0000,0.0000,0.0000,0.0000,0.0000,0.0000,0.0000,50.29,23.19,44,-2.190,1,881.0
2292.173,+0.8600,-0.2385,-0.1200,0.0086,-0.5629,-1.604,-2.124,0.684,2.414,0.0000,0.0000,0.0000,0.0000,0.0000,0.0000,0.0000,0.0000,50.29,23.19,44,-2.420,1,881.0
2292.214,+0.8597,-0.2383,-0.1267,0.0157,-0.5471,-1.533,-1.995,3.571,3.103,0.0000,0.0000,0.0000,0.0000,0.0000,0.0000,0.0000,0.0000,50.29,23.19,44,-2.910,1,881.0
2292.238,+0.8901,-0.2037,-0.1267,0.0157,-0.5471,-1.533,-1.995,3.571,3.103,0.0000,0.0000,0.0000,0.0000,0.0000,0.0000,0.0000,0.0000,50.25,23.18,44,-2.910,1,876.6
2292.268,+0.9110,-0.2037,-0.1267,0.0157,-0.5443,-1.293,-1.862,5.095,2.623,0.0000,0.0000,0.0000,0.0000,0.0000,0.0000,0.0000,0.0000,50.25,23.18,44,-3.080,1,876.6
2292.303,+0.8802,-0.1602,-0.1333,0.0186,-0.5414,-1.013,-1.752,5.298,1.877,0.0000,0.0000,0.0000,0.0000,0.0000,0.0000,0.0000,0.0000,50.25,23.18,44,-3.210,1,876.6
2292.345,+0.8771,-0.1629,-0.1400,0.0214,-0.5471,-0.769,-1.763,4.822,-0.778,0.0000,0.0000,0.0000,0.0000,0.0000,0.0000,0.0000,0.0000,50.25,23.18,44,-3.330,1,876.6
2292.378,+0.8396,-0.1031,-0.1333,0.0200,-0.5486,-0.513,-1.880,5.264,-2.388,0.0000,0.0000,0.0000,0.0000,0.0000,0.0000,0.0000,0.0000,50.25,23.18,44,-3.410,1,876.6
2292.403,+0.8396,-0.0695,-0.1333,0.0200,-0.5486,-0.503,-1.885,5.421,-2.633,0.0000,0.0000,0.0000,0.0000,0.0000,0.0000,0.0000,0.0000,50.25,23.18,44,-3.490,1,876.6
2292.432,+0.8396,-0.0762,-0.1400,0.0200,-0.5457,-0.503,-1.885,5.421,-2.633,0.0000,0.0000,0.0000,0.0000,0.0000,0.0000,0.0000,0.0000,50.24,23.17,44,-3.490,1,872.2
2292.459,+0.8079,-0.0049,-0.1333,0.0186,-0.5443,-0.203,-2.018,6.514,-2.314,0.0000,0.0000,0.0000,0.0000,0.0000,0.0000,0.0000,0.0000,50.24,23.17,44,-3.390,1,872.2
2292.509,+0.8375,-0.0682,-0.1333,0.0214,-0.5414,0.118,-2.108,7.221,-1.656,0.0000,0.0000,0.0000,0.0000,0.0000,0.0000,0.0000,0.0000,50.24,23.16,44,-3.310,1,872.2
2292.547,+0.8375,-0.0294,-0.1333,0.0200,-0.5314,0.584,-2.139,9.506,-0.018,0.0000,0.0000,0.0000,0.0000,0.0000,0.0000,0.0000,0.0000,50.24,23.16,44,-4.180,1,872.2
2292.576,+0.8375,-0.0345,-0.1333,0.0200,-0.5314,0.584,-2.139,9.506,-0.018,0.0000,0.0000,0.0000,0.0000,0.0000,0.0000,0.0000,0.0000,50.24,23.16,44,-4.180,1,872.2
2292.606,+0.8375,+0.0174,-0.1333,0.0200,-0.5314,0.584,-2.139,9.506,-0.018,0.0000,0.0000,0.0000,0.0000,0.0000,0.0000,0.0000,0.0000,50.24,23.16,44,-4.180,1,872.2
2292.637,+0.8650,+0.0242,-0.1333,0.0200,-0.5314,0.584,-2.139,9.506,-0.018,0.0000,0.0000,0.0000,0.0000,0.0000,0.0000,0.0000,0.0000,50.24,23.16,44,-4.180,1,872.2
2292.686,+0.8579,+0.0520,-0.1333,0.0200,-0.5314,1.188,-2.117,11.816,0.412,0.0000,0.0000,0.0000,0.0000,0.0000,0.0000,0.0000,0.0000,50.24,23.16,44,-4.210,1,872.2
2292.706,+0.8831,+0.1286,-0.1333,0.0214,-0.5271,1.213,-2.116,12.561,0.430,0.0000,0.0000,0.0000,0.0000,0.0000,0.0000,0.0000,0.0000,50.24,23.16,44,-3.870,1,872.2
2292.741,+0.8684,+0.1374,-0.1333,0.0214,-0.5271,1.213,-2.116,12.561,0.430,0.0000,0.0000,0.0000,0.0000,0.0000,0.0000,0.0000,0.0000,50.24,23.16,43,-3.870,1,867.9
2292.817,+0.8708,+0.0704,-0.1400,0.0229,-0.5457,3.087,-2.383,11.306,-3.698,0.0000,0.0000,0.0000,0.0000,0.0000,0.0000,0.0000,0.0000,50.24,23.16,43,-3.370,1,867.9
2292.859,+0.8500,+0.2554,-0.1400,0.0214,-0.5586,3.660,-2.576,11.094,-3.594,0.0000,0.0000,0.0000,0.0000,0.0000,0.0000,0.0000,0.0000,50.24,23.16,43,-2.650,1,867.9
2292.925,+0.8641,+0.1901,-0.1400,0.0229,-0.5657,4.216,-2.750,11.097,-3.170,0.0000,0.0000,0.0000,0.0000,0.0000,0.0000,0.0000,0.0000,50.22,23.16,43,-2.740,1,863.6
2292.956,+0.8244,+0.2649,-0.1400,0.0200,-0.5743,4.798,-2.903,11.255,-2.612,0.0000,0.0000,0.0000,0.0000,0.0000,0.0000,0.0000,0.0000,50.22,23.16,43,-1.830,1,863.6
2292.982,+0.8175,+0.2682,-0.1400,0.0186,-0.5814,5.404,-3.035,11.844,-2.096,0.0000,0.0000,0.0000,0.0000,0.0000,0.0000,0.0000,0.0000,50.22,23.16,43,-1.350,1,863.6
2293.007,+0.8147,+0.2288,-0.1400,0.0186,-0.5814,6.045,-3.150,12.361,-1.801,0.0000,0.0000,0.0000,0.0000,0.0000,0.0000,0.0000,0.0000,50.22,23.16,43,-1.180,1,863.6
2293.038,+0.8177,+0.3130,-0.1333,0.0143,-0.5914,6.045,-3.150,12.361,-1.801,0.0000,0.0000,0.0000,0.0000,0.0000,0.0000,0.0000,0.0000,50.16,23.18,44,-1.180,1,859.2
2293.068,+0.8438,+0.2310,-0.1333,0.0114,-0.6000,6.654,-3.251,12.724,-1.729,0.0000,0.0000,0.0000,0.0000,0.0000,0.0000,0.0000,0.0000,50.16,23.18,44,-0.840,1,859.2
2293.142,+0.8181,+0.2750,-0.1333,0.0100,-0.6071,7.269,-3.352,12.782,-1.536,0.0000,0.0000,0.0000,0.0000,0.0000,0.0000,0.0000,0.0000,50.16,23.18,44,-0.830,1,859.2
2293.167,+0.7732,+0.2992,-0.1333,0.0100,-0.6071,7.932,-3.419,12.901,-0.572,0.0000,0.0000,0.0000,0.0000,0.0000,0.0000,0.0000,0.0000,50.16,23.19,44,-0.830,1,859.2
2293.200,+0.7834,+0.2721,-0.1333,0.0114,-0.6143,8.599,-3.390,13.130,1.366,0.0000,0.0000,0.0000,0.0000,0.0000,0.0000,0.0000,0.0000,50.16,23.19,44,-0.510,1,859.2
2293.239,+0.8086,+0.3053,-0.1267,0.0086,-0.6143,8.599,-3.390,13.130,1.366,0.0000,0.0000,0.0000,0.0000,0.0000,0.0000,0.0000,0.0000,50.05,23.20,44,-0.250,1,855.0
2293.273,+0.7787,+0.2490,-0.1200,0.0029,-0.6200,9.280,-3.308,12.943,1.997,0.0000,0.0000,0.0000,0.0000,0.0000,0.0000,0.0000,0.0000,50.05,23.20,44,0.130,1,855.0
2293.303,+0.7967,+0.2673,-0.1267,0.0043,-0.6271,9.938,-3.227,12.679,1.941,0.0000,0.0000,0.0000,0.0000,0.0000,0.0000,0.0000,0.0000,50.05,23.22,44,0.490,1,855.0
2293.335,+0.7957,+0.2708,-0.1200,0.0014,-0.6329,9.963,-3.224,12.470,1.784,0.0000,0.0000,0.0000,0.0000,0.0000,0.0000,0.0000,0.0000,50.05,23.22,44,0.630,1,855.0
2293.363,+0.7613,+0.2873,-0.1200,0.0014,-0.6329,10.529,-3.177,12.114,1.230,0.0000,0.0000,0.0000,0.0000,0.0000,0.0000,0.0000,0.0000,50.05,23.22,44,0.720,1,855.0
2293.403,+0.7945,+0.2678,-0.1200,-0.0000,-0.6400,11.087,-3.164,11.002,0.416,0.0000,0.0000,0.0000,0.0000,0.0000,0.0000,0.0000,0.0000,50.05,23.22,44,0.720,1,855.0
2293.444,+0.7718,+0.3104,-0.1200,-0.0000,-0.6486,11.087,-3.164,11.002,0.416,0.0000,0.0000,0.0000,0.0000,0.0000,0.0000,0.0000,0.0000,49.93,23.23,44,0.940,1,850.7
2293.468,+0.7410,+0.2691,-0.1133,-0.0071,-0.6557,11.568,-3.191,10.160,0.262,0.0000,0.0000,0.0000,0.0000,0.0000,0.0000,0.0000,0.0000,49.93,23.23,44,1.260,1,850.7
2293.496,+0.7451,+0.2655,-0.1200,-0.0029,-0.6600,11.586,-3.193,9.560,0.142,0.0000,0.0000,0.0000,0.0000,0.0000,0.0000,0.0000,0.0000,49.93,23.23,44,1.380,1,850.7
2293.538,+0.7605,+0.2888,-0.1067,-0.0129,-0.6643,12.025,-3.222,9.018,0.789,0.0000,0.0000,0.0000,0.0000,0.0000,0.0000,0.0000,0.0000,49.93,23.25,44,1.670,1,850.7
2293.572,+0.7214,+0.2222,-0.1067,-0.0129,-0.6643,12.025,-3.222,9.018,0.789,0.0000,0.0000,0.0000,0.0000,0.0000,0.0000,0.0000,0.0000,49.93,23.25,44,1.670,1,850.7
2293.594,+0.6807,+0.2222,-0.1067,-0.0129,-0.6643,12.025,-3.222,9.018,0.789,0.0000,0.0000,0.0000,0.0000,0.0000,0.0000,0.0000,0.0000,49.93,23.25,44,1.670,1,850.7
2293.631,+0.7140,+0.1799,-0.1067,-0.0129,-0.6643,12.025,-3.222,9.018,0.789,0.0000,0.0000,0.0000,0.0000,0.0000,0.0000,0.0000,0.0000,49.93,23.25,44,1.670,1,850.7
2293.664,+0.7001,+0.1717,-0.1067,-0.0129,-0.6643,12.025,-3.222,9.018,0.789,0.0000,0.0000,0.0000,0.0000,0.0000,0.0000,0.0000,0.0000,49.93,23.25,44,1.670,1,850.7
2293.703,+0.7072,+0.1759,-0.1067,-0.0129,-0.6586,12.938,-2.993,10.087,5.867,0.0000,0.0000,0.0000,0.0000,0.0000,0.0000,0.0000,0.0000,49.93,23.25,44,2.080,1,850.7
2293.735,+0.7122,+0.1142,-0.1067,-0.0129,-0.6557,12.938,-2.993,10.087,5.867,0.0000,0.0000,0.0000,0.0000,0.0000,0.0000,0.0000,0.0000,49.81,23.26,44,2.080,1,846.6
2293.768,+0.7103,+0.1573,-0.0933,-0.0243,-0.6586,13.430,-2.716,10.184,7.279,0.0000,0.0000,0.0000,0.0000,0.0000,0.0000,0.0000,0.0000,49.81,23.26,44,1.700,1,846.6
2293.794,+0.6943,+0.1431,-0.0933,-0.0200,-0.6543,13.893,-2.447,9.934,6.726,0.0000,0.0000,0.0000,0.0000,0.0000,0.0000,0.0000,0.0000,49.81,23.27,44,1.700,1,846.6
2293.827,+0.6747,+0.1492,-0.0867,-0.0243,-0.6557,14.418,-2.178,9.523,5.629,0.0000,0.0000,0.0000,0.0000,0.0000,0.0000,0.0000,0.0000,49.81,23.27,44,1.530,1,846.6
2293.856,+0.6898,+0.1409,-0.0867,-0.0257,-0.6543,14.902,-1.974,9.105,4.739,0.0000,0.0000,0.0000,0.0000,0.0000,0.0000,0.0000,0.0000,49.81,23.28,44,1.180,1,846.6
2293.933,+0.6694,+0.1669,-0.0800,-0.0314,-0.6514,15.584,-1.719,5.317,4.003,0.0000,0.0000,0.0000,0.0000,0.0000,0.0000,0.0000,0.0000,49.71,23.27,44,1.420,1,842.3
2293.969,+0.6589,+0.0994,-0.0800,-0.0314,-0.6514,15.828,-1.606,5.208,4.369,0.0000,0.0000,0.0000,0.0000,0.0000,0.0000,0.0000,0.0000,49.71,23.27,44,1.570,1,842.3
2294.011,+0.6410,+0.1031,-0.0733,-0.0343,-0.6457,16.124,-1.437,5.779,5.989,0.0000,0.0000,0.0000,0.0000,0.0000,0.0000,0.0000,0.0000,49.71,23.27,44,1.840,1,842.3
2294.036,+0.6492,+0.0504,-0.0733,-0.0343,-0.6457,16.124,-1.437,5.779,5.989,0.0000,0.0000,0.0000,0.0000,0.0000,0.0000,0.0000,0.0000,49.68,23.27,44,1.840,1,838.0
2294.059,+0.6415,+0.0368,-0.0667,-0.0371,-0.6400,16.404,-1.216,5.796,6.977,0.0000,0.0000,0.0000,0.0000,0.0000,0.0000,0.0000,0.0000,49.68,23.27,44,1.560,1,838.0
2294.109,+0.6362,+0.0915,-0.0667,-0.0371,-0.6400,16.404,-1.216,5.796,6.977,0.0000,0.0000,0.0000,0.0000,0.0000,0.0000,0.0000,0.0000,49.68,23.27,44,1.560,1,838.0
2294.134,+0.6335,+0.0298,-0.0667,-0.0371,-0.6400,16.719,-0.937,5.610,7.130,0.0000,0.0000,0.0000,0.0000,0.0000,0.0000,0.0000,0.0000,49.68,23.27,44,1.560,1,838.0
2294.171,+0.6253,+0.0153,-0.0600,-0.0400,-0.6314,16.984,-0.701,5.454,6.858,0.0000,0.0000,0.0000,0.0000,0.0000,0.0000,0.0000,0.0000,49.68,23.26,44,0.950,1,838.0
2294.215,+0.6284,+0.0571,-0.0600,-0.0414,-0.6271,17.254,-0.467,4.108,5.724,0.0000,0.0000,0.0000,0.0000,0.0000,0.0000,0.0000,0.0000,49.68,23.23,43,0.820,1,838.0
2294.241,+0.5856,+0.0064,-0.0600,-0.0414,-0.6271,17.254,-0.467,4.108,5.724,0.0000,0.0000,0.0000,0.0000,0.0000,0.0000,0.0000,0.0000,49.69,23.23,43,0.820,1,833.6
2294.266,+0.6104,-0.0038,-0.0600,-0.0414,-0.6214,17.426,-0.298,2.409,5.575,0.0000,0.0000,0.0000,0.0000,0.0000,0.0000,0.0000,0.0000,49.69,23.23,43,0.640,1,833.6
2294.302,+0.6014,-0.0197,-0.0600,-0.0414,-0.6186,17.544,-0.121,2.095,5.523,0.0000,0.0000,0.0000,0.0000,0.0000,0.0000,0.0000,0.0000,49.69,23.21,43,0.860,1,833.6
2294.343,+0.5799,+0.0191,-0.0533,-0.0429,-0.6086,17.657,0.009,2.108,4.504,0.0000,0.0000,0.0000,0.0000,0.0000,0.0000,0.0000,0.0000,49.69,23.21,43,-1.280,1,833.6
2294.369,+0.5947,-0.0242,-0.0533,-0.0429,-0.5943,17.662,0.014,2.113,4.286,0.0000,0.0000,0.0000,0.0000,0.0000,0.0000,0.0000,0.0000,49.69,23.21,43,-1.320,1,833.6
2294.399,+0.5682,-0.0204,-0.0533,-0.0429,-0.5943,17.780,0.108,1.999,3.692,0.0000,0.0000,0.0000,0.0000,0.0000,0.0000,0.0000,0.0000,49.69,23.21,43,-1.320,1,833.6
2294.431,+0.5661,+0.0256,-0.0467,-0.0457,-0.5943,17.780,0.108,1.999,3.692,0.0000,0.0000,0.0000,0.0000,0.0000,0.0000,0.0000,0.0000,49.69,23.18,43,-0.520,1,833.6
2294.482,+0.5718,+0.0083,-0.0467,-0.0471,-0.5957,17.994,0.270,1.743,3.794,0.0000,0.0000,0.0000,0.0000,0.0000,0.0000,0.0000,0.0000,49.77,23.18,43,-0.350,1,829.3
2294.518,+0.5609,-0.0229,-0.0467,-0.0486,-0.5943,17.994,0.270,1.743,3.794,0.0000,0.0000,0.0000,0.0000,0.0000,0.0000,0.0000,0.0000,49.77,23.14,43,-0.080,1,829.3
2294.549,+0.5445,+0.0066,-0.0467,-0.0486,-0.5971,17.999,0.273,1.711,3.862,0.0000,0.0000,0.0000,0.0000,0.0000,0.0000,0.0000,0.0000,49.77,23.14,43,0.160,1,829.3
2294.576,+0.5577,-0.0043,-0.0467,-0.0486,-0.5971,17.999,0.273,1.711,3.862,0.0000,0.0000,0.0000,0.0000,0.0000,0.0000,0.0000,0.0000,49.77,23.14,43,0.160,1,829.3
2294.601,+0.5148,-0.0726,-0.0467,-0.0486,-0.5971,17.999,0.273,1.711,3.862,0.0000,0.0000,0.0000,0.0000,0.0000,0.0000,0.0000,0.0000,49.77,23.14,43,0.160,1,829.3
2294.630,+0.5240,-0.0105,-0.0467,-0.0486,-0.5971,17.999,0.273,1.711,3.862,0.0000,0.0000,0.0000,0.0000,0.0000,0.0000,0.0000,0.0000,49.77,23.14,43,0.160,1,829.3
2294.668,+0.5113,-0.0868,-0.0467,-0.0486,-0.5971,17.999,0.273,1.711,3.862,0.0000,0.0000,0.0000,0.0000,0.0000,0.0000,0.0000,0.0000,49.77,23.14,43,0.160,1,829.3
2294.722,+0.5286,-0.0637,-0.0400,-0.0500,-0.5814,18.193,0.459,1.711,4.355,0.0000,0.0000,0.0000,0.0000,0.0000,0.0000,0.0000,0.0000,49.77,23.10,42,-1.510,1,829.3
2294.743,+0.4707,-0.0544,-0.0400,-0.0500,-0.5814,18.193,0.459,1.711,4.355,0.0000,0.0000,0.0000,0.0000,0.0000,0.0000,0.0000,0.0000,49.89,23.10,42,-1.510,1,824.9
2294.789,+0.5038,-0.0233,-0.0400,-0.0500,-0.5643,18.240,0.625,-0.539,4.186,0.0000,0.0000,0.0000,0.0000,0.0000,0.0000,0.0000,0.0000,49.89,23.07,42,-1.600,1,824.9
2294.812,+0.4999,-0.0575,-0.0333,-0.0514,-0.5657,18.237,0.697,-0.256,2.967,0.0000,0.0000,0.0000,0.0000,0.0000,0.0000,0.0000,0.0000,49.89,23.07,42,-1.300,1,824.9
2294.841,+0.4805,+0.0037,-0.0333,-0.0514,-0.5686,18.234,0.678,-0.461,0.706,0.0000,0.0000,0.0000,0.0000,0.0000,0.0000,0.0000,0.0000,49.89,23.07,42,-1.280,1,824.9
2294.871,+0.4784,-0.0462,-0.0333,-0.0571,-0.5771,18.234,0.678,-0.461,0.706,0.0000,0.0000,0.0000,0.0000,0.0000,0.0000,0.0000,0.0000,50.03,23.03,42,-1.280,1,820.7
2294.915,+0.4754,+0.0000,-0.0333,-0.0543,-0.5771,18.222,0.594,-0.591,-0.135,0.0000,0.0000,0.0000,0.0000,0.0000,0.0000,0.0000,0.0000,50.03,23.03,42,-1.180,1,820.7
2294.952,+0.4776,+0.0000,-0.0333,-0.0571,-0.5743,18.200,0.500,-0.776,0.041,0.0000,0.0000,0.0000,0.0000,0.0000,0.0000,0.0000,0.0000,50.03,22.99,42,-1.800,1,820.7
2294.976,+0.4726,+0.0000,-0.0333,-0.0557,-0.5700,18.171,0.427,-0.948,0.660,0.0000,0.0000,0.0000,0.0000,0.0000,0.0000,0.0000,0.0000,50.03,22.99,42,-2.410,1,820.7
2295.022,+0.4600,+0.0000,-0.0333,-0.0529,-0.5586,18.129,0.378,-1.787,0.992,0.0000,0.0000,0.0000,0.0000,0.0000,0.0000,0.0000,0.0000,50.03,22.95,41,-3.380,1,820.7
2295.046,+0.4579,+0.0000,-0.0333,-0.0529,-0.5586,18.129,0.378,-1.787,0.992,0.0000,0.0000,0.0000,0.0000,0.0000,0.0000,0.0000,0.0000,50.18,22.95,41,-3.380,1,816.4
2295.074,+0.4347,-0.0535,-0.0333,-0.0529,-0.5500,18.024,0.315,-2.771,0.572,0.0000,0.0000,0.0000,0.0000,0.0000,0.0000,0.0000,0.0000,50.18,22.95,41,-3.910,1,816.4
2295.116,+0.4346,-0.0037,-0.0333,-0.0529,-0.5500,18.024,0.315,-2.771,0.572,0.0000,0.0000,0.0000,0.0000,0.0000,0.0000,0.0000,0.0000,50.18,22.95,41,-3.910,1,816.4
2295.140,+0.4415,-0.0037,-0.0333,-0.0529,-0.5500,17.883,0.243,-3.552,0.687,0.0000,0.0000,0.0000,0.0000,0.0000,0.0000,0.0000,0.0000,50.18,22.95,41,-4.260,1,816.4
2295.170,+0.4189,-0.0037,-0.0267,-0.0543,-0.5429,17.738,0.152,-3.318,-0.129,0.0000,0.0000,0.0000,0.0000,0.0000,0.0000,0.0000,0.0000,50.18,22.92,41,-3.630,1,816.4
2295.223,+0.4157,-0.0037,-0.0333,-0.0529,-0.5414,17.582,0.015,-3.390,-1.270,0.0000,0.0000,0.0000,0.0000,0.0000,0.0000,0.0000,0.0000,50.18,22.89,41,-4.390,1,816.4
2295.264,+0.4253,-0.0037,-0.0267,-0.0543,-0.5371,17.421,-0.142,-3.473,-1.492,0.0000,0.0000,0.0000,0.0000,0.0000,0.0000,0.0000,0.0000,50.32,22.89,41,-4.810,1,812.1
2295.296,+0.4297,-0.0037,-0.0267,-0.0543,-0.5343,17.417,-0.145,-3.476,-1.486,0.0000,0.0000,0.0000,0.0000,0.0000,0.0000,0.0000,0.0000,50.32,22.87,41,-4.970,1,812.1
2295.327,+0.4235,-0.0037,-0.0267,-0.0543,-0.5343,17.255,-0.295,-3.584,-1.328,0.0000,0.0000,0.0000,0.0000,0.0000,0.0000,0.0000,0.0000,50.32,22.87,41,-5.340,1,812.1
2295.349,+0.3994,-0.0037,-0.0333,-0.0514,-0.5257,17.255,-0.295,-3.584,-1.328,0.0000,0.0000,0.0000,0.0000,0.0000,0.0000,0.0000,0.0000,50.32,22.87,41,-5.340,1,812.1
2295.379,+0.3856,-0.0037,-0.0333,-0.0486,-0.5200,17.083,-0.435,-3.695,-1.028,0.0000,0.0000,0.0000,0.0000,0.0000,0.0000,0.0000,0.0000,50.32,22.87,41,-5.550,1,812.1
2295.421,+0.3815,-0.0037,-0.0267,-0.0514,-0.5171,16.912,-0.559,-3.648,-0.783,0.0000,0.0000,0.0000,0.0000,0.0000,0.0000,0.0000,0.0000,50.32,22.85,41,-5.750,1,812.1
2295.455,+0.3785,-0.0037,-0.0267,-0.0514,-0.5171,16.751,-0.672,-3.537,-0.427,0.0000,0.0000,0.0000,0.0000,0.0000,0.0000,0.0000,0.0000,50.42,22.85,41,-5.950,1,807.7
2295.480,+0.3842,-0.0037,-0.0267,-0.0529,-0.5129,16.578,-0.772,-3.703,-0.183,0.0000,0.0000,0.0000,0.0000,0.0000,0.0000,0.0000,0.0000,50.42,22.85,41,-5.950,1,807.7
2295.514,+0.3688,-0.0037,-0.0267,-0.0514,-0.5086,16.578,-0.772,-3.703,-0.183,0.0000,0.0000,0.0000,0.0000,0.0000,0.0000,0.0000,0.0000,50.42,22.83,40,-6.140,1,807.7
2295.601,+0.3615,+0.0161,-0.0267,-0.0500,-0.5071,16.399,-0.883,-3.344,-0.904,0.0000,0.0000,0.0000,0.0000,0.0000,0.0000,0.0000,0.0000,50.42,22.83,40,-6.330,1,807.7
2295.627,+0.3594,+0.0583,-0.0267,-0.0500,-0.5071,16.399,-0.883,-3.344,-0.904,0.0000,0.0000,0.0000,0.0000,0.0000,0.0000,0.0000,0.0000,50.42,22.83,40,-6.330,1,807.7
2295.649,+0.3460,+0.1367,-0.0267,-0.0500,-0.5071,16.399,-0.883,-3.344,-0.904,0.0000,0.0000,0.0000,0.0000,0.0000,0.0000,0.0000,0.0000,50.42,22.83,40,-6.330,1,807.7
2295.681,+0.3619,+0.1085,-0.0267,-0.0500,-0.5071,16.231,-1.085,-3.652,-3.504,0.0000,0.0000,0.0000,0.0000,0.0000,0.0000,0.0000,0.0000,50.42,22.83,40,-6.330,1,807.7
2295.725,+0.3325,+0.1252,-0.0267,-0.0514,-0.5143,16.224,-1.096,-3.754,-4.158,0.0000,0.0000,0.0000,0.0000,0.0000,0.0000,0.0000,0.0000,50.49,22.81,40,-6.720,1,803.2
2295.753,+0.3432,+0.1381,-0.0267,-0.0514,-0.5143,16.048,-1.415,-3.730,-5.288,0.0000,0.0000,0.0000,0.0000,0.0000,0.0000,0.0000,0.0000,50.49,22.81,40,-6.910,1,803.2
2295.793,+0.3351,+0.1139,-0.0267,-0.0529,-0.5300,15.866,-1.785,-3.592,-5.788,0.0000,0.0000,0.0000,0.0000,0.0000,0.0000,0.0000,0.0000,50.49,22.81,41,-4.950,1,803.2
2295.815,+0.3157,+0.1832,-0.0267,-0.0543,-0.5486,15.692,-2.114,-3.482,-4.748,0.0000,0.0000,0.0000,0.0000,0.0000,0.0000,0.0000,0.0000,50.49,22.81,41,-3.510,1,803.2
2295.852,+0.3195,+0.0934,-0.0267,-0.0586,-0.5757,15.523,-2.392,-3.368,-3.781,0.0000,0.0000,0.0000,0.0000,0.0000,0.0000,0.0000,0.0000,50.49,22.81,41,-2.420,1,803.2
2295.902,+0.3117,+0.1193,-0.0267,-0.0600,-0.5886,15.180,-2.867,-3.586,-3.489,0.0000,0.0000,0.0000,0.0000,0.0000,0.0000,0.0000,0.0000,50.50,22.81,41,-2.220,1,798.9
2295.931,+0.2881,+0.1660,-0.0267,-0.0629,-0.6057,15.180,-2.867,-3.586,-3.489,0.0000,0.0000,0.0000,0.0000,0.0000,0.0000,0.0000,0.0000,50.50,22.81,42,-1.660,1,798.9
2295.973,+0.3062,+0.1445,-0.0267,-0.0629,-0.6143,14.813,-3.290,-3.388,-1.876,0.0000,0.0000,0.0000,0.0000,0.0000,0.0000,0.0000,0.0000,50.50,22.81,42,-1.960,1,798.9
2296.007,+0.2860,+0.0778,-0.0267,-0.0629,-0.6143,14.647,-3.404,-3.422,-1.011,0.0000,0.0000,0.0000,0.0000,0.0000,0.0000,0.0000,0.0000,50.50,22.81,42,-1.520,1,798.9
2296.059,+0.3038,+0.1088,-0.0267,-0.0643,-0.6186,14.452,-3.492,-3.665,-0.568,0.0000,0.0000,0.0000,0.0000,0.0000,0.0000,0.0000,0.0000,50.41,22.82,42,-1.400,1,793.4
2296.096,+0.3033,+0.0815,-0.0267,-0.0614,-0.6243,14.452,-3.492,-3.665,-0.568,0.0000,0.0000,0.0000,0.0000,0.0000,0.0000,0.0000,0.0000,50.41,22.82,42,-1.400,1,793.4
2296.155,+0.2992,+0.1091,-0.0267,-0.0643,-0.6271,14.444,-3.495,-3.723,-0.529,0.0000,0.0000,0.0000,0.0000,0.0000,0.0000,0.0000,0.0000,50.41,22.84,42,-1.760,1,793.4
2296.196,+0.2975,+0.0852,-0.0333,-0.0614,-0.6357,14.042,-3.678,-4.335,-1.367,0.0000,0.0000,0.0000,0.0000,0.0000,0.0000,0.0000,0.0000,50.41,22.84,42,-1.780,1,793.4
2296.230,+0.2843,+0.0852,-0.0333,-0.0614,-0.6386,14.042,-3.678,-4.335,-1.367,0.0000,0.0000,0.0000,0.0000,0.0000,0.0000,0.0000,0.0000,50.30,22.85,42,-1.680,1,790.0
2296.269,+0.2639,+0.0852,-0.0333,-0.0614,-0.6414,13.831,-3.799,-4.536,-1.826,0.0000,0.0000,0.0000,0.0000,0.0000,0.0000,0.0000,0.0000,50.30,22.85,42,-1.620,1,790.0
2296.314,+0.2654,+0.0852,-0.0333,-0.0629,-0.6457,13.603,-3.943,-4.599,-2.070,0.0000,0.0000,0.0000,0.0000,0.0000,0.0000,0.0000,0.0000,50.30,22.88,42,-1.620,1,790.0
2296.353,+0.2745,+0.0459,-0.0333,-0.0629,-0.6429,13.360,-4.073,-5.208,-0.457,0.0000,0.0000,0.0000,0.0000,0.0000,0.0000,0.0000,0.0000,50.30,22.88,42,-1.590,1,790.0
2296.384,+0.2324,-0.0159,-0.0333,-0.0614,-0.6243,13.113,-4.027,-4.073,4.413,0.0000,0.0000,0.0000,0.0000,0.0000,0.0000,0.0000,0.0000,50.30,22.88,42,-1.540,1,790.0
2296.410,+0.2425,-0.0429,-0.0333,-0.0586,-0.6214,12.902,-3.819,-3.887,5.531,0.0000,0.0000,0.0000,0.0000,0.0000,0.0000,0.0000,0.0000,50.30,22.88,42,-1.650,1,790.0
2296.453,+0.2629,-0.0434,-0.0333,-0.0586,-0.6214,12.717,-3.591,-3.674,5.890,0.0000,0.0000,0.0000,0.0000,0.0000,0.0000,0.0000,0.0000,50.08,22.91,42,-1.650,1,784.4
2296.475,+0.2236,-0.0803,-0.0333,-0.0614,-0.6186,12.717,-3.591,-3.674,5.890,0.0000,0.0000,0.0000,0.0000,0.0000,0.0000,0.0000,0.0000,50.08,22.91,42,-2.030,1,784.4
2296.517,+0.2335,-0.0626,-0.0333,-0.0600,-0.6114,12.532,-3.389,-3.645,4.649,0.0000,0.0000,0.0000,0.0000,0.0000,0.0000,0.0000,0.0000,50.08,22.93,41,-2.570,1,784.4
2296.543,+0.2575,-0.1340,-0.0333,-0.0600,-0.6086,12.532,-3.389,-3.645,4.649,0.0000,0.0000,0.0000,0.0000,0.0000,0.0000,0.0000,0.0000,50.08,22.93,41,-2.980,1,784.4
2296.569,+0.2550,-0.0897,-0.0333,-0.0600,-0.6086,12.532,-3.389,-3.645,4.649,0.0000,0.0000,0.0000,0.0000,0.0000,0.0000,0.0000,0.0000,50.08,22.93,41,-2.980,1,784.4
2296.606,+0.2378,-0.1085,-0.0333,-0.0600,-0.6086,12.532,-3.389,-3.645,4.649,0.0000,0.0000,0.0000,0.0000,0.0000,0.0000,0.0000,0.0000,50.08,22.93,41,-2.980,1,784.4
2296.653,+0.2435,-0.0597,-0.0333,-0.0600,-0.6086,12.532,-3.389,-3.645,4.649,0.0000,0.0000,0.0000,0.0000,0.0000,0.0000,0.0000,0.0000,50.08,22.93,41,-2.980,1,784.4
2296.680,+0.2452,-0.1134,-0.0333,-0.0600,-0.6086,12.532,-3.389,-3.645,4.649,0.0000,0.0000,0.0000,0.0000,0.0000,0.0000,0.0000,0.0000,50.08,22.93,41,-2.980,1,784.4
2296.707,+0.2436,-0.1189,-0.0333,-0.0600,-0.6086,12.351,-3.244,-3.750,3.741,0.0000,0.0000,0.0000,0.0000,0.0000,0.0000,0.0000,0.0000,50.08,22.93,41,-2.980,1,784.4
2296.761,+0.2394,-0.1041,-0.0400,-0.0529,-0.5957,12.168,-3.133,-3.696,3.042,0.0000,0.0000,0.0000,0.0000,0.0000,0.0000,0.0000,0.0000,49.92,22.95,41,-3.630,1,780.1
2296.797,+0.2451,-0.0679,-0.0400,-0.0514,-0.5886,11.978,-3.026,-3.721,2.771,0.0000,0.0000,0.0000,0.0000,0.0000,0.0000,0.0000,0.0000,49.92,22.95,41,-3.920,1,780.1
2296.820,+0.2293,-0.0296,-0.0400,-0.0529,-0.5814,11.978,-3.026,-3.721,2.771,0.0000,0.0000,0.0000,0.0000,0.0000,0.0000,0.0000,0.0000,49.92,22.97,41,-3.920,1,780.1
2296.857,+0.2179,-0.0711,-0.0400,-0.0486,-0.5743,11.593,-2.829,-3.914,2.133,0.0000,0.0000,0.0000,0.0000,0.0000,0.0000,0.0000,0.0000,49.92,22.97,41,-4.040,1,780.1
2296.882,+0.2260,-0.0333,-0.0400,-0.0471,-0.5700,11.593,-2.829,-3.914,2.133,0.0000,0.0000,0.0000,0.0000,0.0000,0.0000,0.0000,0.0000,49.92,22.97,41,-4.190,1,780.1
2296.919,+0.2119,-0.0746,-0.0400,-0.0471,-0.5700,11.374,-2.809,-4.318,0.420,0.0000,0.0000,0.0000,0.0000,0.0000,0.0000,0.0000,0.0000,49.82,22.97,41,-4.110,1,776.7
2296.956,+0.2076,-0.0784,-0.0400,-0.0471,-0.5757,11.169,-2.843,-4.174,-0.092,0.0000,0.0000,0.0000,0.0000,0.0000,0.0000,0.0000,0.0000,49.82,22.99,41,-3.740,1,776.7
2296.995,+0.1817,-0.0407,-0.0400,-0.0486,-0.5714,10.637,-2.916,-3.037,1.168,0.0000,0.0000,0.0000,0.0000,0.0000,0.0000,0.0000,0.0000,49.82,22.99,41,-3.870,1,776.7
2297.020,+0.2106,-0.0407,-0.0400,-0.0486,-0.5686,10.637,-2.916,-3.037,1.168,0.0000,0.0000,0.0000,0.0000,0.0000,0.0000,0.0000,0.0000,49.82,22.99,41,-4.020,1,776.7
2297.045,+0.1729,-0.1019,-0.0400,-0.0486,-0.5686,10.637,-2.916,-3.037,1.168,0.0000,0.0000,0.0000,0.0000,0.0000,0.0000,0.0000,0.0000,49.70,22.99,41,-4.020,1,771.1
2297.070,+0.1708,-0.1038,-0.0400,-0.0514,-0.5657,10.502,-2.889,-2.202,1.699,0.0000,0.0000,0.0000,0.0000,0.0000,0.0000,0.0000,0.0000,49.70,22.99,41,-3.980,1,771.1
2297.118,+0.1778,-0.0811,-0.0400,-0.0514,-0.5657,10.502,-2.889,-2.202,1.699,0.0000,0.0000,0.0000,0.0000,0.0000,0.0000,0.0000,0.0000,49.70,22.99,41,-3.980,1,771.1
2297.158,+0.2051,-0.0909,-0.0400,-0.0471,-0.5643,10.410,-2.834,-1.449,1.952,0.0000,0.0000,0.0000,0.0000,0.0000,0.0000,0.0000,0.0000,49.70,23.00,41,-3.870,1,771.1
2297.178,+0.1426,-0.0556,-0.0400,-0.0500,-0.5614,10.338,-2.770,-1.393,1.901,0.0000,0.0000,0.0000,0.0000,0.0000,0.0000,0.0000,0.0000,49.70,23.00,41,-4.280,1,771.1
2297.220,+0.2000,-0.0926,-0.0467,-0.0457,-0.5543,10.266,-2.710,-1.564,1.747,0.0000,0.0000,0.0000,0.0000,0.0000,0.0000,0.0000,0.0000,49.70,23.01,40,-4.480,1,771.1
2297.267,+0.1996,-0.0934,-0.0333,-0.0514,-0.5600,10.180,-2.680,-1.972,0.208,0.0000,0.0000,0.0000,0.0000,0.0000,0.0000,0.0000,0.0000,49.61,23.01,40,-4.330,1,766.6
2297.292,+0.1833,-0.0630,-0.0467,-0.0457,-0.5600,10.076,-2.729,-2.165,-0.651,0.0000,0.0000,0.0000,0.0000,0.0000,0.0000,0.0000,0.0000,49.61,23.01,40,-4.540,1,766.6
2297.317,+0.1811,-0.0630,-0.0467,-0.0457,-0.5600,10.076,-2.729,-2.165,-0.651,0.0000,0.0000,0.0000,0.0000,0.0000,0.0000,0.0000,0.0000,49.61,23.01,40,-4.540,1,766.6
2297.399,+0.1772,-0.0630,-0.0400,-0.0457,-0.5600,9.834,-2.932,-2.227,-1.229,0.0000,0.0000,0.0000,0.0000,0.0000,0.0000,0.0000,0.0000,49.61,23.01,40,-4.560,1,766.6
2297.429,+0.1782,-0.0131,-0.0400,-0.0457,-0.5600,9.834,-2.932,-2.227,-1.229,0.0000,0.0000,0.0000,0.0000,0.0000,0.0000,0.0000,0.0000,49.61,23.02,40,-4.540,1,766.6
2297.455,+0.1709,-0.0001,-0.0400,-0.0457,-0.5600,9.830,-2.936,-2.234,-1.240,0.0000,0.0000,0.0000,0.0000,0.0000,0.0000,0.0000,0.0000,49.53,23.02,40,-4.550,1,762.1
2297.481,+0.1366,-0.0556,-0.0467,-0.0457,-0.5600,9.726,-3.010,-2.017,-0.661,0.0000,0.0000,0.0000,0.0000,0.0000,0.0000,0.0000,0.0000,49.53,23.02,40,-4.550,1,762.1
2297.506,+0.1318,+0.0032,-0.0467,-0.0457,-0.5571,9.726,-3.010,-2.017,-0.661,0.0000,0.0000,0.0000,0.0000,0.0000,0.0000,0.0000,0.0000,49.53,23.02,40,-4.390,1,762.1
2297.553,+0.1560,-0.0519,-0.0400,-0.0500,-0.5529,9.631,-3.063,-1.779,-0.200,0.0000,0.0000,0.0000,0.0000,0.0000,0.0000,0.0000,0.0000,49.53,23.02,40,-5.080,1,762.1
2297.574,+0.1496,-0.0519,-0.0400,-0.0500,-0.5529,9.631,-3.063,-1.779,-0.200,0.0000,0.0000,0.0000,0.0000,0.0000,0.0000,0.0000,0.0000,49.53,23.02,40,-5.080,1,762.1
2297.600,+0.1224,-0.0519,-0.0400,-0.0500,-0.5529,9.631,-3.063,-1.779,-0.200,0.0000,0.0000,0.0000,0.0000,0.0000,0.0000,0.0000,0.0000,49.53,23.02,40,-5.080,1,762.1
2297.635,+0.1583,-0.0074,-0.0400,-0.0500,-0.5529,9.631,-3.063,-1.779,-0.200,0.0000,0.0000,0.0000,0.0000,0.0000,0.0000,0.0000,0.0000,49.53,23.02,40,-5.080,1,762.1
2297.667,+0.1545,-0.0481,-0.0400,-0.0500,-0.5529,9.631,-3.063,-1.779,-0.200,0.0000,0.0000,0.0000,0.0000,0.0000,0.0000,0.0000,0.0000,49.53,23.02,40,-5.080,1,762.1
2297.693,+0.1465,+0.0100,-0.0333,-0.0486,-0.5486,9.540,-3.102,-1.523,-0.003,0.0000,0.0000,0.0000,0.0000,0.0000,0.0000,0.0000,0.0000,49.53,23.02,40,-5.720,1,762.1
2297.728,+0.1285,-0.0444,-0.0400,-0.0457,-0.5429,9.471,-3.138,-1.316,-0.269,0.0000,0.0000,0.0000,0.0000,0.0000,0.0000,0.0000,0.0000,49.43,23.03,40,-5.790,1,757.6
2297.769,+0.1514,-0.0062,-0.0400,-0.0486,-0.5457,9.402,-3.198,-1.359,-1.046,0.0000,0.0000,0.0000,0.0000,0.0000,0.0000,0.0000,0.0000,49.43,23.03,40,-5.260,1,757.6
2297.799,+0.1421,+0.0103,-0.0333,-0.0486,-0.5486,9.402,-3.198,-1.359,-1.046,0.0000,0.0000,0.0000,0.0000,0.0000,0.0000,0.0000,0.0000,49.43,23.04,40,-5.130,1,757.6
2297.838,+0.1465,-0.0370,-0.0400,-0.0471,-0.5500,9.162,-3.474,-1.694,-1.344,0.0000,0.0000,0.0000,0.0000,0.0000,0.0000,0.0000,0.0000,49.43,23.05,40,-5.030,1,757.6
2297.875,+0.1430,+0.0051,-0.0400,-0.0471,-0.5500,9.162,-3.474,-1.694,-1.344,0.0000,0.0000,0.0000,0.0000,0.0000,0.0000,0.0000,0.0000,49.32,23.05,40,-5.030,1,753.0
2297.914,+0.1422,-0.0333,-0.0400,-0.0443,-0.5471,8.958,-3.637,-2.133,-1.153,0.0000,0.0000,0.0000,0.0000,0.0000,0.0000,0.0000,0.0000,49.32,23.05,40,-4.890,1,753.0
2297.959,+0.1431,+0.0011,-0.0467,-0.0429,-0.5514,8.707,-3.802,-2.537,-1.549,0.0000,0.0000,0.0000,0.0000,0.0000,0.0000,0.0000,0.0000,49.32,23.06,40,-5.920,1,753.0
2297.986,+0.1281,-0.0296,-0.0467,-0.0443,-0.5471,8.707,-3.802,-2.537,-1.549,0.0000,0.0000,0.0000,0.0000,0.0000,0.0000,0.0000,0.0000,49.32,23.06,40,-6.130,1,753.0
2298.012,+0.1267,+0.0266,-0.0467,-0.0414,-0.5443,8.702,-3.806,-2.547,-1.722,0.0000,0.0000,0.0000,0.0000,0.0000,0.0000,0.0000,0.0000,49.32,23.06,40,-6.580,1,753.0
2298.040,+0.0952,+0.0284,-0.0467,-0.0414,-0.5443,8.702,-3.806,-2.547,-1.722,0.0000,0.0000,0.0000,0.0000,0.0000,0.0000,0.0000,0.0000,49.19,23.07,39,-6.580,1,748.4
2298.140,+0.1320,-0.0044,-0.0467,-0.0429,-0.5429,8.429,-4.082,-2.615,-2.628,0.0000,0.0000,0.0000,0.0000,0.0000,0.0000,0.0000,0.0000,49.19,23.07,39,-5.480,1,748.4
2298.164,+0.1479,+0.0430,-0.0400,-0.0471,-0.5500,8.423,-4.088,-2.621,-2.619,0.0000,0.0000,0.0000,0.0000,0.0000,0.0000,0.0000,0.0000,49.19,23.09,40,-5.480,1,748.4
2298.196,+0.1210,+0.0331,-0.0400,-0.0471,-0.5643,8.418,-4.094,-2.620,-2.620,0.0000,0.0000,0.0000,0.0000,0.0000,0.0000,0.0000,0.0000,49.19,23.09,40,-4.780,1,748.4
2298.217,+0.1064,+0.0590,-0.0467,-0.0414,-0.5557,8.299,-4.224,-2.566,-2.489,0.0000,0.0000,0.0000,0.0000,0.0000,0.0000,0.0000,0.0000,49.19,23.10,39,-6.730,1,748.4
2298.260,+0.1234,+0.0288,-0.0467,-0.0429,-0.5571,8.170,-4.357,-2.507,-2.214,0.0000,0.0000,0.0000,0.0000,0.0000,0.0000,0.0000,0.0000,49.07,23.10,39,-5.580,1,745.0
2298.288,+0.1106,+0.0515,-0.0467,-0.0457,-0.5629,8.038,-4.484,-2.163,-1.831,0.0000,0.0000,0.0000,0.0000,0.0000,0.0000,0.0000,0.0000,49.07,23.10,39,-4.900,1,745.0
2298.315,+0.1081,+0.0560,-0.0467,-0.0457,-0.5629,8.038,-4.484,-2.163,-1.831,0.0000,0.0000,0.0000,0.0000,0.0000,0.0000,0.0000,0.0000,49.07,23.13,40,-4.900,1,745.0
2298.346,+0.1102,+0.0522,-0.0467,-0.0429,-0.5686,7.925,-4.589,-1.971,-1.505,0.0000,0.0000,0.0000,0.0000,0.0000,0.0000,0.0000,0.0000,49.07,23.13,40,-4.700,1,745.0
2298.370,+0.1002,+0.0699,-0.0467,-0.0457,-0.5743,7.827,-4.674,-1.953,-1.442,0.0000,0.0000,0.0000,0.0000,0.0000,0.0000,0.0000,0.0000,49.07,23.13,40,-4.500,1,745.0
2298.407,+0.0863,+0.0529,-0.0467,-0.0457,-0.5743,7.739,-4.756,-1.764,-1.278,0.0000,0.0000,0.0000,0.0000,0.0000,0.0000,0.0000,0.0000,49.07,23.13,40,-4.400,1,745.0
2298.435,+0.0988,+0.0688,-0.0467,-0.0457,-0.5800,7.739,-4.756,-1.764,-1.278,0.0000,0.0000,0.0000,0.0000,0.0000,0.0000,0.0000,0.0000,48.83,23.15,40,-4.400,1,739.3
2298.462,+0.0957,+0.0185,-0.0467,-0.0457,-0.5829,7.645,-4.830,-1.597,-0.907,0.0000,0.0000,0.0000,0.0000,0.0000,0.0000,0.0000,0.0000,48.83,23.15,40,-4.210,1,739.3
2298.543,+0.1012,+0.0608,-0.0467,-0.0457,-0.5886,7.483,-4.923,-1.353,-0.443,0.0000,0.0000,0.0000,0.0000,0.0000,0.0000,0.0000,0.0000,48.83,23.17,40,-4.270,1,739.3
2298.569,+0.0889,+0.0259,-0.0467,-0.0457,-0.5886,7.483,-4.923,-1.353,-0.443,0.0000,0.0000,0.0000,0.0000,0.0000,0.0000,0.0000,0.0000,48.83,23.17,40,-4.270,1,739.3
2298.606,+0.0719,+0.0259,-0.0467,-0.0457,-0.5886,7.483,-4.923,-1.353,-0.443,0.0000,0.0000,0.0000,0.0000,0.0000,0.0000,0.0000,0.0000,48.83,23.17,40,-4.270,1,739.3
2298.633,+0.0833,+0.0259,-0.0467,-0.0457,-0.5886,7.483,-4.923,-1.353,-0.443,0.0000,0.0000,0.0000,0.0000,0.0000,0.0000,0.0000,0.0000,48.83,23.17,40,-4.270,1,739.3
2298.680,+0.0935,+0.0259,-0.0467,-0.0457,-0.5886,7.480,-4.925,-1.337,-0.440,0.0000,0.0000,0.0000,0.0000,0.0000,0.0000,0.0000,0.0000,48.83,23.17,40,-4.450,1,739.3
2298.714,+0.1104,+0.0259,-0.0467,-0.0457,-0.5886,7.407,-4.966,-1.309,-0.511,0.0000,0.0000,0.0000,0.0000,0.0000,0.0000,0.0000,0.0000,48.83,23.20,40,-4.350,1,739.3
2298.744,+0.0820,+0.0259,-0.0467,-0.0457,-0.5886,7.333,-5.012,-1.319,-0.625,0.0000,0.0000,0.0000,0.0000,0.0000,0.0000,0.0000,0.0000,48.59,23.20,40,-4.350,1,734.5
2298.771,+0.1083,+0.0259,-0.0467,-0.0471,-0.5929,7.255,-5.063,-1.381,-0.701,0.0000,0.0000,0.0000,0.0000,0.0000,0.0000,0.0000,0.0000,48.59,23.20,40,-4.420,1,734.5
2298.805,+0.0565,+0.0259,-0.0467,-0.0471,-0.5929,7.254,-5.064,-1.396,-0.711,0.0000,0.0000,0.0000,0.0000,0.0000,0.0000,0.0000,0.0000,48.59,23.23,40,-4.420,1,734.5
2298.845,+0.0825,+0.0259,-0.0467,-0.0457,-0.5943,7.097,-5.168,-1.364,-0.486,0.0000,0.0000,0.0000,0.0000,0.0000,0.0000,0.0000,0.0000,48.59,23.23,40,-4.390,1,734.5
2298.875,+0.1021,+0.0259,-0.0467,-0.0457,-0.5943,7.097,-5.168,-1.364,-0.486,0.0000,0.0000,0.0000,0.0000,0.0000,0.0000,0.0000,0.0000,48.33,23.26,40,-4.390,1,729.6
2298.920,+0.0823,-0.0092,-0.0467,-0.0486,-0.5857,6.958,-5.129,-0.898,1.828,0.0000,0.0000,0.0000,0.0000,0.0000,0.0000,0.0000,0.0000,48.33,23.29,40,-4.360,1,729.6
2298.944,+0.0652,-0.0396,-0.0533,-0.0429,-0.5829,6.913,-5.005,-0.722,2.766,0.0000,0.0000,0.0000,0.0000,0.0000,0.0000,0.0000,0.0000,48.33,23.29,40,-4.340,1,729.6
2298.972,+0.0677,-0.0352,-0.0533,-0.0429,-0.5829,6.871,-4.883,-0.768,2.803,0.0000,0.0000,0.0000,0.0000,0.0000,0.0000,0.0000,0.0000,48.33,23.29,40,-4.320,1,729.6
2299.001,+0.0958,-0.0376,-0.0533,-0.0429,-0.5829,6.869,-4.878,-0.823,2.693,0.0000,0.0000,0.0000,0.0000,0.0000,0.0000,0.0000,0.0000,48.33,23.29,40,-4.320,1,729.6
2299.031,+0.0671,-0.0910,-0.0467,-0.0457,-0.5800,6.869,-4.878,-0.823,2.693,0.0000,0.0000,0.0000,0.0000,0.0000,0.0000,0.0000,0.0000,48.33,23.33,40,-4.670,1,729.6
2299.100,+0.0802,-0.0204,-0.0467,-0.0443,-0.5786,6.822,-4.778,-0.965,2.300,0.0000,0.0000,0.0000,0.0000,0.0000,0.0000,0.0000,0.0000,48.07,23.33,40,-4.900,1,724.9
2299.125,+0.0917,-0.0599,-0.0467,-0.0443,-0.5786,6.822,-4.778,-0.965,2.300,0.0000,0.0000,0.0000,0.0000,0.0000,0.0000,0.0000,0.0000,48.07,23.33,40,-4.900,1,724.9
2299.152,+0.0917,-0.0593,-0.0467,-0.0429,-0.5743,6.758,-4.689,-1.174,1.789,0.0000,0.0000,0.0000,0.0000,0.0000,0.0000,0.0000,0.0000,48.07,23.36,39,-5.240,1,724.9
2299.178,+0.0596,-0.0645,-0.0467,-0.0429,-0.5686,6.755,-4.686,-1.227,1.680,0.0000,0.0000,0.0000,0.0000,0.0000,0.0000,0.0000,0.0000,48.07,23.36,39,-5.580,1,724.9
2299.206,+0.0896,-0.0111,-0.0533,-0.0414,-0.5643,6.633,-4.576,-1.026,1.016,0.0000,0.0000,0.0000,0.0000,0.0000,0.0000,0.0000,0.0000,48.07,23.36,39,-5.520,1,724.9
2299.275,+0.0761,-0.0590,-0.0467,-0.0429,-0.5629,6.569,-4.553,-1.206,0.398,0.0000,0.0000,0.0000,0.0000,0.0000,0.0000,0.0000,0.0000,47.83,23.38,39,-5.600,1,720.2
2299.298,+0.0508,+0.0467,-0.0533,-0.0386,-0.5614,6.566,-4.553,-1.263,0.250,0.0000,0.0000,0.0000,0.0000,0.0000,0.0000,0.0000,0.0000,47.83,23.40,39,-5.280,1,720.2
2299.339,+0.0640,-0.0528,-0.0533,-0.0414,-0.5643,6.504,-4.567,-1.210,-0.039,0.0000,0.0000,0.0000,0.0000,0.0000,0.0000,0.0000,0.0000,47.83,23.40,39,-5.350,1,720.2
2299.378,+0.0611,-0.0185,-0.0467,-0.0443,-0.5671,6.501,-4.568,-1.195,-0.191,0.0000,0.0000,0.0000,0.0000,0.0000,0.0000,0.0000,0.0000,47.83,23.40,39,-4.790,1,720.2
2299.463,+0.0584,-0.0185,-0.0533,-0.0429,-0.5657,6.398,-4.613,-0.606,0.128,0.0000,0.0000,0.0000,0.0000,0.0000,0.0000,0.0000,0.0000,47.67,23.42,39,-5.190,1,716.7
2299.490,+0.0455,-0.0185,-0.0533,-0.0414,-0.5643,6.370,-4.615,-0.343,0.442,0.0000,0.0000,0.0000,0.0000,0.0000,0.0000,0.0000,0.0000,47.67,23.42,39,-5.180,1,716.7
2299.536,+0.0557,-0.0185,-0.0467,-0.0414,-0.5643,6.352,-4.602,-0.151,0.686,0.0000,0.0000,0.0000,0.0000,0.0000,0.0000,0.0000,0.0000,47.67,23.45,39,-5.190,1,716.7
2299.567,+0.0453,-0.0185,-0.0467,-0.0414,-0.5643,6.352,-4.602,-0.151,0.686,0.0000,0.0000,0.0000,0.0000,0.0000,0.0000,0.0000,0.0000,47.67,23.45,39,-5.190,1,716.7
2299.597,+0.0427,-0.0185,-0.0467,-0.0414,-0.5643,6.352,-4.602,-0.151,0.686,0.0000,0.0000,0.0000,0.0000,0.0000,0.0000,0.0000,0.0000,47.67,23.45,39,-5.190,1,716.7
2299.629,+0.0412,-0.0185,-0.0467,-0.0414,-0.5643,6.352,-4.602,-0.151,0.686,0.0000,0.0000,0.0000,0.0000,0.0000,0.0000,0.0000,0.0000,47.67,23.45,39,-5.190,1,716.7
2299.671,+0.0667,-0.0557,-0.0467,-0.0414,-0.5643,6.352,-4.602,-0.151,0.686,0.0000,0.0000,0.0000,0.0000,0.0000,0.0000,0.0000,0.0000,47.67,23.45,39,-5.190,1,716.7
2299.698,+0.0358,-0.0222,-0.0467,-0.0429,-0.5629,6.330,-4.543,-0.139,0.855,0.0000,0.0000,0.0000,0.0000,0.0000,0.0000,0.0000,0.0000,47.67,23.45,39,-5.200,1,716.7
2299.734,+0.0403,-0.0222,-0.0467,-0.0414,-0.5614,6.330,-4.543,-0.139,0.855,0.0000,0.0000,0.0000,0.0000,0.0000,0.0000,0.0000,0.0000,47.41,23.47,39,-5.210,1,710.9
2299.767,+0.0625,-0.0222,-0.0467,-0.0429,-0.5629,6.290,-4.512,-0.449,-0.011,0.0000,0.0000,0.0000,0.0000,0.0000,0.0000,0.0000,0.0000,47.41,23.47,39,-5.240,1,710.9
2299.808,+0.0625,-0.0222,-0.0533,-0.0400,-0.5629,6.289,-4.513,-0.532,-0.225,0.0000,0.0000,0.0000,0.0000,0.0000,0.0000,0.0000,0.0000,47.41,23.49,39,-5.400,1,710.9
2299.834,+0.0299,+0.0357,-0.0467,-0.0429,-0.5629,6.201,-4.576,-0.894,-0.409,0.0000,0.0000,0.0000,0.0000,0.0000,0.0000,0.0000,0.0000,47.41,23.49,39,-5.360,1,710.9
2299.869,+0.0360,-0.0185,-0.0467,-0.0414,-0.5614,6.201,-4.576,-0.894,-0.409,0.0000,0.0000,0.0000,0.0000,0.0000,0.0000,0.0000,0.0000,47.19,23.51,39,-5.360,1,705.9
2299.907,+0.0583,-0.0185,-0.0533,-0.0386,-0.5614,6.149,-4.602,-0.893,-0.164,0.0000,0.0000,0.0000,0.0000,0.0000,0.0000,0.0000,0.0000,47.19,23.51,39,-5.140,1,705.9
2299.984,+0.0459,-0.0406,-0.0533,-0.0386,-0.5614,6.061,-4.621,-0.638,0.332,0.0000,0.0000,0.0000,0.0000,0.0000,0.0000,0.0000,0.0000,47.19,23.52,39,-5.220,1,705.9
2300.024,+0.0128,-0.0222,-0.0533,-0.0386,-0.5614,6.059,-4.620,-0.604,0.405,0.0000,0.0000,0.0000,0.0000,0.0000,0.0000,0.0000,0.0000,47.19,23.53,39,-5.290,1,705.9
2300.050,+0.0521,-0.0222,-0.0533,-0.0386,-0.5614,6.027,-4.603,-0.491,0.662,0.0000,0.0000,0.0000,0.0000,0.0000,0.0000,0.0000,0.0000,47.03,23.53,39,-5.290,1,702.4
2300.076,+0.0194,-0.0222,-0.0533,-0.0414,-0.5586,6.027,-4.603,-0.491,0.662,0.0000,0.0000,0.0000,0.0000,0.0000,0.0000,0.0000,0.0000,47.03,23.53,39,-5.410,1,702.4
2300.118,+0.0290,-0.0222,-0.0533,-0.0414,-0.5586,6.027,-4.603,-0.491,0.662,0.0000,0.0000,0.0000,0.0000,0.0000,0.0000,0.0000,0.0000,47.03,23.53,39,-5.410,1,702.4
2300.150,+0.0208,-0.0704,-0.0467,-0.0443,-0.5586,6.002,-4.577,-0.337,0.746,0.0000,0.0000,0.0000,0.0000,0.0000,0.0000,0.0000,0.0000,47.03,23.55,39,-5.470,1,702.4
2300.174,+0.0458,-0.0259,-0.0467,-0.0429,-0.5571,5.984,-4.556,-0.257,0.663,0.0000,0.0000,0.0000,0.0000,0.0000,0.0000,0.0000,0.0000,47.03,23.55,39,-5.460,1,702.4
2300.216,+0.0251,-0.0259,-0.0467,-0.0429,-0.5543,5.968,-4.540,-0.217,0.497,0.0000,0.0000,0.0000,0.0000,0.0000,0.0000,0.0000,0.0000,47.03,23.57,39,-5.670,1,702.4
2300.243,+0.0437,-0.0823,-0.0467,-0.0429,-0.5543,5.968,-4.540,-0.217,0.497,0.0000,0.0000,0.0000,0.0000,0.0000,0.0000,0.0000,0.0000,46.82,23.57,39,-5.670,1,697.7
2300.290,+0.0250,-0.0296,-0.0467,-0.0414,-0.5529,5.931,-4.514,-0.385,0.430,0.0000,0.0000,0.0000,0.0000,0.0000,0.0000,0.0000,0.0000,46.82,23.57,39,-5.590,1,697.7
2300.314,+0.0417,-0.0296,-0.0467,-0.0414,-0.5529,5.931,-4.514,-0.385,0.430,0.0000,0.0000,0.0000,0.0000,0.0000,0.0000,0.0000,0.0000,46.82,23.59,38,-5.590,1,697.7
2300.336,+0.0030,-0.0296,-0.0533,-0.0386,-0.5471,5.904,-4.500,-0.505,0.460,0.0000,0.0000,0.0000,0.0000,0.0000,0.0000,0.0000,0.0000,46.82,23.59,38,-5.980,1,697.7
2300.363,+0.0396,-0.0296,-0.0533,-0.0386,-0.5471,5.873,-4.484,-0.602,0.494,0.0000,0.0000,0.0000,0.0000,0.0000,0.0000,0.0000,0.0000,46.82,23.59,38,-5.980,1,697.7
2300.409,+0.0203,-0.0640,-0.0333,-0.0529,-0.5471,5.826,-4.473,-1.059,0.345,0.0000,0.0000,0.0000,0.0000,0.0000,0.0000,0.0000,0.0000,46.82,23.59,38,-5.770,1,697.7
2300.434,+0.0375,-0.0333,-0.0333,-0.0529,-0.5471,5.826,-4.473,-1.059,0.345,0.0000,0.0000,0.0000,0.0000,0.0000,0.0000,0.0000,0.0000,46.58,23.60,38,-5.770,1,692.0
2300.461,+0.0375,-0.0333,-0.0267,-0.0571,-0.5486,5.824,-4.473,-1.037,0.354,0.0000,0.0000,0.0000,0.0000,0.0000,0.0000,0.0000,0.0000,46.58,23.60,38,-5.750,1,692.0
2300.509,+0.0002,-0.0333,-0.0200,-0.0614,-0.5471,5.781,-4.472,-0.715,0.103,0.0000,0.0000,0.0000,0.0000,0.0000,0.0000,0.0000,0.0000,46.58,23.62,38,-5.880,1,692.0
2300.541,+0.0333,-0.0333,-0.0200,-0.0629,-0.5486,5.743,-4.486,-0.575,-0.391,0.0000,0.0000,0.0000,0.0000,0.0000,0.0000,0.0000,0.0000,46.58,23.62,38,-5.860,1,692.0
2300.576,+0.0086,+0.0106,-0.0200,-0.0629,-0.5486,5.743,-4.486,-0.575,-0.391,0.0000,0.0000,0.0000,0.0000,0.0000,0.0000,0.0000,0.0000,46.58,23.62,38,-5.860,1,692.0
2300.601,+0.0312,+0.0315,-0.0200,-0.0629,-0.5486,5.743,-4.486,-0.575,-0.391,0.0000,0.0000,0.0000,0.0000,0.0000,0.0000,0.0000,0.0000,46.58,23.62,38,-5.860,1,692.0
2300.667,+0.0173,-0.0011,-0.0200,-0.0629,-0.5486,5.743,-4.486,-0.575,-0.391,0.0000,0.0000,0.0000,0.0000,0.0000,0.0000,0.0000,0.0000,46.58,23.62,38,-5.860,1,692.0
2300.699,+0.0026,-0.0222,-0.0133,-0.0643,-0.5529,5.671,-4.627,-0.548,-1.525,0.0000,0.0000,0.0000,0.0000,0.0000,0.0000,0.0000,0.0000,46.58,23.62,38,-5.880,1,692.0
2300.733,+0.0271,+0.0241,-0.0133,-0.0657,-0.5543,5.671,-4.627,-0.548,-1.525,0.0000,0.0000,0.0000,0.0000,0.0000,0.0000,0.0000,0.0000,46.38,23.63,38,-5.880,1,687.3
2300.768,+0.0025,+0.0251,-0.0133,-0.0671,-0.5557,5.642,-4.722,-0.331,-1.385,0.0000,0.0000,0.0000,0.0000,0.0000,0.0000,0.0000,0.0000,46.38,23.63,38,-5.500,1,687.3
2300.810,+0.0042,-0.0148,-0.0133,-0.0671,-0.5586,5.624,-4.792,-0.237,-1.133,0.0000,0.0000,0.0000,0.0000,0.0000,0.0000,0.0000,0.0000,46.38,23.64,38,-6.390,1,687.3
2300.836,-0.0094,+0.0426,-0.0133,-0.0686,-0.5486,5.612,-4.846,-0.081,-0.660,0.0000,0.0000,0.0000,0.0000,0.0000,0.0000,0.0000,0.0000,46.38,23.64,38,-6.770,1,687.3
2300.872,-0.0035,-0.0111,-0.0133,-0.0657,-0.5486,5.612,-4.846,-0.081,-0.660,0.0000,0.0000,0.0000,0.0000,0.0000,0.0000,0.0000,0.0000,46.21,23.66,38,-5.980,1,683.6
2300.901,+0.0187,-0.0111,-0.0200,-0.0629,-0.5514,5.491,-4.901,-4.411,-0.680,0.0000,0.0000,0.0000,0.0000,0.0000,0.0000,0.0000,0.0000,46.21,23.66,38,-5.610,1,683.6
2300.944,-0.0015,-0.0111,-0.0133,-0.0657,-0.5543,4.963,-4.942,-5.487,-0.428,0.0000,0.0000,0.0000,0.0000,0.0000,0.0000,0.0000,0.0000,46.21,23.68,38,-5.480,1,683.6
2300.980,+0.0167,-0.0111,-0.0200,-0.0600,-0.5543,4.678,-4.944,-5.341,0.364,0.0000,0.0000,0.0000,0.0000,0.0000,0.0000,0.0000,0.0000,46.21,23.68,38,-5.620,1,683.6
2301.009,+0.0461,-0.0111,-0.0267,-0.0586,-0.5529,4.414,-4.919,-5.679,0.554,0.0000,0.0000,0.0000,0.0000,0.0000,0.0000,0.0000,0.0000,46.21,23.68,38,-5.690,1,683.6
2301.039,+0.0187,-0.0111,-0.0267,-0.0586,-0.5529,4.414,-4.919,-5.679,0.554,0.0000,0.0000,0.0000,0.0000,0.0000,0.0000,0.0000,0.0000,45.93,23.70,38,-5.690,1,677.7
2301.066,+0.0495,-0.0111,-0.0267,-0.0571,-0.5514,4.402,-4.918,-5.823,0.652,0.0000,0.0000,0.0000,0.0000,0.0000,0.0000,0.0000,0.0000,45.93,23.70,38,-5.720,1,677.7
2301.146,+0.0208,-0.0111,-0.0333,-0.0529,-0.5500,3.778,-4.859,-6.811,0.456,0.0000,0.0000,0.0000,0.0000,0.0000,0.0000,0.0000,0.0000,45.93,23.70,38,-5.740,1,677.7
2301.170,+0.0208,-0.0751,-0.0333,-0.0529,-0.5500,3.764,-4.858,-6.912,0.401,0.0000,0.0000,0.0000,0.0000,0.0000,0.0000,0.0000,0.0000,45.93,23.71,38,-5.740,1,677.7
2301.204,+0.0462,-0.0148,-0.0333,-0.0500,-0.5500,3.047,-4.842,-6.846,0.163,0.0000,0.0000,0.0000,0.0000,0.0000,0.0000,0.0000,0.0000,45.93,23.71,38,-5.760,1,677.7
2301.258,+0.0229,-0.0446,-0.0333,-0.0514,-0.5486,2.731,-4.854,-5.590,-0.331,0.0000,0.0000,0.0000,0.0000,0.0000,0.0000,0.0000,0.0000,45.70,23.73,38,-6.230,1,672.9
2301.278,+0.0229,-0.0185,-0.0333,-0.0529,-0.5471,2.720,-4.855,-5.344,-0.435,0.0000,0.0000,0.0000,0.0000,0.0000,0.0000,0.0000,0.0000,45.70,23.73,38,-6.230,1,672.9
2301.322,+0.0027,-0.0185,-0.0400,-0.0471,-0.5443,2.489,-4.885,-4.952,-0.565,0.0000,0.0000,0.0000,0.0000,0.0000,0.0000,0.0000,0.0000,45.70,23.74,38,-6.040,1,672.9
2301.347,+0.0208,+0.0417,-0.0333,-0.0500,-0.5443,2.489,-4.885,-4.952,-0.565,0.0000,0.0000,0.0000,0.0000,0.0000,0.0000,0.0000,0.0000,45.70,23.74,38,-6.060,1,672.9
2301.424,+0.0085,-0.0148,-0.0400,-0.0471,-0.5471,2.009,-4.965,-4.307,-0.894,0.0000,0.0000,0.0000,0.0000,0.0000,0.0000,0.0000,0.0000,45.70,23.76,38,-5.740,1,672.9
2301.455,-0.0088,-0.0148,-0.0400,-0.0471,-0.5471,2.001,-4.967,-4.282,-0.991,0.0000,0.0000,0.0000,0.0000,0.0000,0.0000,0.0000,0.0000,45.47,23.76,38,-5.450,1,668.1
2301.481,+0.0167,+0.0428,-0.0400,-0.0471,-0.5500,1.793,-5.025,-3.962,-1.125,0.0000,0.0000,0.0000,0.0000,0.0000,0.0000,0.0000,0.0000,45.47,23.76,38,-5.450,1,668.1
2301.511,+0.0167,-0.0111,-0.0400,-0.0486,-0.5543,1.793,-5.025,-3.962,-1.125,0.0000,0.0000,0.0000,0.0000,0.0000,0.0000,0.0000,0.0000,45.47,23.77,38,-5.530,1,668.1
2301.543,+0.0167,+0.0362,-0.0333,-0.0500,-0.5529,1.609,-5.079,-3.806,-1.012,0.0000,0.0000,0.0000,0.0000,0.0000,0.0000,0.0000,0.0000,45.47,23.77,38,-5.730,1,668.1
2301.574,+0.0167,+0.0421,-0.0333,-0.0500,-0.5529,1.609,-5.079,-3.806,-1.012,0.0000,0.0000,0.0000,0.0000,0.0000,0.0000,0.0000,0.0000,45.47,23.77,38,-5.730,1,668.1
2301.600,+0.0167,-0.0037,-0.0333,-0.0500,-0.5529,1.609,-5.079,-3.806,-1.012,0.0000,0.0000,0.0000,0.0000,0.0000,0.0000,0.0000,0.0000,45.47,23.77,38,-5.730,1,668.1
2301.628,+0.0167,+0.0502,-0.0333,-0.0500,-0.5529,1.609,-5.079,-3.806,-1.012,0.0000,0.0000,0.0000,0.0000,0.0000,0.0000,0.0000,0.0000,45.47,23.77,38,-5.730,1,668.1
2301.678,+0.0345,+0.0000,-0.0333,-0.0500,-0.5529,1.415,-5.126,-3.731,-0.793,0.0000,0.0000,0.0000,0.0000,0.0000,0.0000,0.0000,0.0000,45.47,23.77,38,-5.730,1,668.1
2301.728,+0.0368,+0.0000,-0.0467,-0.0443,-0.5529,1.218,-5.161,-3.811,-0.553,0.0000,0.0000,0.0000,0.0000,0.0000,0.0000,0.0000,0.0000,45.24,23.79,38,-5.550,1,663.3
2301.755,+0.0517,+0.0000,-0.0467,-0.0443,-0.5529,1.062,-5.171,-2.901,-0.040,0.0000,0.0000,0.0000,0.0000,0.0000,0.0000,0.0000,0.0000,45.24,23.79,38,-6.610,1,663.3
2301.779,+0.0229,-0.0634,-0.0467,-0.0429,-0.5400,1.057,-5.171,-2.644,0.091,0.0000,0.0000,0.0000,0.0000,0.0000,0.0000,0.0000,0.0000,45.24,23.79,38,-6.750,1,663.3
2301.816,+0.0462,-0.0037,-0.0467,-0.0400,-0.5371,1.052,-5.171,-2.647,0.090,0.0000,0.0000,0.0000,0.0000,0.0000,0.0000,0.0000,0.0000,45.24,23.80,37,-7.210,1,663.3
2301.843,+0.0250,-0.0037,-0.0467,-0.0386,-0.5243,0.811,-5.137,-2.746,0.625,0.0000,0.0000,0.0000,0.0000,0.0000,0.0000,0.0000,0.0000,45.24,23.80,37,-8.990,1,663.3
2301.867,+0.0601,-0.0037,-0.0533,-0.0343,-0.5114,0.811,-5.137,-2.746,0.625,0.0000,0.0000,0.0000,0.0000,0.0000,0.0000,0.0000,0.0000,45.07,23.82,37,-8.990,1,659.9
2301.901,+0.0271,-0.0484,-0.0467,-0.0371,-0.5086,0.679,-5.111,-2.807,0.542,0.0000,0.0000,0.0000,0.0000,0.0000,0.0000,0.0000,0.0000,45.07,23.82,37,-7.940,1,659.9
2301.925,+0.0271,-0.0074,-0.0533,-0.0329,-0.5014,0.533,-5.092,-2.757,0.389,0.0000,0.0000,0.0000,0.0000,0.0000,0.0000,0.0000,0.0000,45.07,23.83,36,-8.930,1,659.9
2301.978,+0.0440,-0.0074,-0.0533,-0.0329,-0.4900,0.258,-5.080,-2.392,0.125,0.0000,0.0000,0.0000,0.0000,0.0000,0.0000,0.0000,0.0000,45.07,23.83,36,-8.920,1,659.9
2302.017,+0.0292,-0.0074,-0.0533,-0.0314,-0.4857,0.254,-5.080,-2.350,0.116,0.0000,0.0000,0.0000,0.0000,0.0000,0.0000,0.0000,0.0000,45.07,23.85,36,-9.640,1,659.9
2302.045,+0.0292,-0.0603,-0.0533,-0.0314,-0.4857,0.254,-5.080,-2.350,0.116,0.0000,0.0000,0.0000,0.0000,0.0000,0.0000,0.0000,0.0000,44.83,23.85,36,-9.640,1,655.0
2302.070,+0.0638,-0.0111,-0.0533,-0.0286,-0.4771,0.140,-5.076,-2.032,0.220,0.0000,0.0000,0.0000,0.0000,0.0000,0.0000,0.0000,0.0000,44.83,23.85,36,-10.070,1,655.0
2302.116,+0.0505,-0.0111,-0.0533,-0.0286,-0.4771,0.140,-5.076,-2.032,0.220,0.0000,0.0000,0.0000,0.0000,0.0000,0.0000,0.0000,0.0000,44.83,23.85,36,-10.070,1,655.0
2302.145,+0.0333,-0.0111,-0.0533,-0.0286,-0.4686,0.062,-5.051,-1.367,0.688,0.0000,0.0000,0.0000,0.0000,0.0000,0.0000,0.0000,0.0000,44.83,23.85,36,-10.360,1,655.0
2302.175,+0.0619,-0.0618,-0.0600,-0.0257,-0.4686,0.005,-5.008,-1.158,1.018,0.0000,0.0000,0.0000,0.0000,0.0000,0.0000,0.0000,0.0000,44.83,23.86,36,-8.950,1,655.0
2302.198,+0.0354,-0.0148,-0.0600,-0.0257,-0.4771,-0.031,-4.959,0.229,-0.316,0.0000,0.0000,0.0000,0.0000,0.0000,0.0000,0.0000,0.0000,44.83,23.86,36,-8.200,1,655.0
2302.231,+0.0616,-0.0148,-0.0533,-0.0300,-0.4871,-0.031,-4.959,0.229,-0.316,0.0000,0.0000,0.0000,0.0000,0.0000,0.0000,0.0000,0.0000,44.83,23.88,36,-7.870,1,655.0
2302.266,+0.0620,+0.0287,-0.0533,-0.0314,-0.5057,-0.036,-5.103,-0.298,-3.688,0.0000,0.0000,0.0000,0.0000,0.0000,0.0000,0.0000,0.0000,44.53,23.88,36,-7.890,1,648.9
2302.291,+0.0738,+0.1104,-0.0600,-0.0286,-0.5086,-0.038,-5.113,-0.577,-5.031,0.0000,0.0000,0.0000,0.0000,0.0000,0.0000,0.0000,0.0000,44.53,23.88,36,-7.780,1,648.9
2302.342,+0.0417,+0.0911,-0.0600,-0.0286,-0.5229,-0.070,-5.452,-0.571,-7.281,0.0000,0.0000,0.0000,0.0000,0.0000,0.0000,0.0000,0.0000,44.53,23.89,36,-7.560,1,648.9
2302.379,+0.0647,+0.1712,-0.0600,-0.0286,-0.5286,-0.093,-5.824,-0.273,-6.867,0.0000,0.0000,0.0000,0.0000,0.0000,0.0000,0.0000,0.0000,44.53,23.89,36,-6.760,1,648.9
2302.401,+0.0437,+0.2325,-0.0600,-0.0286,-0.5286,-0.094,-6.143,0.196,-5.684,0.0000,0.0000,0.0000,0.0000,0.0000,0.0000,0.0000,0.0000,44.53,23.89,36,-6.760,1,648.9
2302.438,+0.0437,+0.1574,-0.0600,-0.0329,-0.5357,-0.094,-6.143,0.196,-5.684,0.0000,0.0000,0.0000,0.0000,0.0000,0.0000,0.0000,0.0000,44.28,23.90,37,-6.440,1,644.0
2302.489,+0.0437,+0.1690,-0.0600,-0.0357,-0.5557,-0.093,-6.160,0.306,-5.394,0.0000,0.0000,0.0000,0.0000,0.0000,0.0000,0.0000,0.0000,44.28,23.90,37,-5.100,1,644.0
2302.512,+0.0437,+0.1256,-0.0600,-0.0357,-0.5557,-0.093,-6.160,0.306,-5.394,0.0000,0.0000,0.0000,0.0000,0.0000,0.0000,0.0000,0.0000,44.28,23.91,37,-5.100,1,644.0
2302.597,+0.0437,+0.1643,-0.0600,-0.0357,-0.5671,-0.069,-6.392,0.787,-4.024,0.0000,0.0000,0.0000,0.0000,0.0000,0.0000,0.0000,0.0000,44.28,23.91,37,-5.110,1,644.0
2302.627,+0.0437,+0.1311,-0.0600,-0.0357,-0.5671,-0.069,-6.392,0.787,-4.024,0.0000,0.0000,0.0000,0.0000,0.0000,0.0000,0.0000,0.0000,44.28,23.91,37,-5.110,1,644.0
2302.660,+0.0700,+0.1318,-0.0600,-0.0357,-0.5671,-0.069,-6.392,0.787,-4.024,0.0000,0.0000,0.0000,0.0000,0.0000,0.0000,0.0000,0.0000,44.28,23.91,37,-5.110,1,644.0
2302.681,+0.0458,+0.0889,-0.0600,-0.0357,-0.5671,-0.017,-6.567,1.465,-3.170,0.0000,0.0000,0.0000,0.0000,0.0000,0.0000,0.0000,0.0000,44.28,23.91,37,-5.110,1,644.0
2302.705,+0.0458,+0.0889,-0.0533,-0.0386,-0.5757,0.067,-6.712,1.813,-2.506,0.0000,0.0000,0.0000,0.0000,0.0000,0.0000,0.0000,0.0000,44.28,23.91,37,-5.210,1,644.0
2302.745,+0.0681,+0.1285,-0.0533,-0.0386,-0.5757,0.148,-6.806,1.801,-1.992,0.0000,0.0000,0.0000,0.0000,0.0000,0.0000,0.0000,0.0000,44.05,23.93,37,-5.210,1,640.4
2302.770,+0.0807,+0.0342,-0.0533,-0.0386,-0.5786,0.152,-6.809,1.801,-1.528,0.0000,0.0000,0.0000,0.0000,0.0000,0.0000,0.0000,0.0000,44.05,23.93,37,-4.920,1,640.4
2302.798,+0.0807,+0.0889,-0.0533,-0.0386,-0.5814,0.270,-6.833,2.594,0.555,0.0000,0.0000,0.0000,0.0000,0.0000,0.0000,0.0000,0.0000,44.05,23.95,37,-4.920,1,640.4
2302.834,+0.1006,+0.0889,-0.0533,-0.0400,-0.5771,0.497,-6.772,1.727,0.323,0.0000,0.0000,0.0000,0.0000,0.0000,0.0000,0.0000,0.0000,44.05,23.95,37,-5.150,1,640.4
2302.885,+0.0737,+0.1200,-0.0600,-0.0371,-0.5800,0.571,-6.776,1.199,-0.354,0.0000,0.0000,0.0000,0.0000,0.0000,0.0000,0.0000,0.0000,43.69,23.99,37,-5.050,1,635.6
2302.928,+0.0997,+0.0926,-0.0667,-0.0329,-0.5843,0.617,-6.816,0.364,-1.099,0.0000,0.0000,0.0000,0.0000,0.0000,0.0000,0.0000,0.0000,43.69,24.02,37,-5.210,1,635.6
2302.959,+0.0625,+0.0926,-0.0667,-0.0329,-0.5843,0.628,-6.882,0.061,-1.480,0.0000,0.0000,0.0000,0.0000,0.0000,0.0000,0.0000,0.0000,43.69,24.02,37,-5.140,1,635.6
2303.001,+0.0832,+0.1294,-0.0600,-0.0386,-0.5900,0.630,-6.954,-0.070,-1.276,0.0000,0.0000,0.0000,0.0000,0.0000,0.0000,0.0000,0.0000,43.69,24.02,37,-4.860,1,635.6
2303.033,+0.0646,+0.0963,-0.0600,-0.0371,-0.5914,0.630,-6.954,-0.070,-1.276,0.0000,0.0000,0.0000,0.0000,0.0000,0.0000,0.0000,0.0000,43.33,24.05,37,-4.880,1,631.0
2303.067,+0.0646,+0.0057,-0.0600,-0.0343,-0.5829,0.625,-6.959,0.348,1.547,0.0000,0.0000,0.0000,0.0000,0.0000,0.0000,0.0000,0.0000,43.33,24.05,37,-4.690,1,631.0
2303.107,+0.0646,+0.0499,-0.0600,-0.0343,-0.5829,0.625,-6.959,0.348,1.547,0.0000,0.0000,0.0000,0.0000,0.0000,0.0000,0.0000,0.0000,43.33,24.05,37,-4.690,1,631.0
2303.145,+0.0875,+0.0039,-0.0600,-0.0357,-0.5786,0.655,-6.808,0.761,3.415,0.0000,0.0000,0.0000,0.0000,0.0000,0.0000,0.0000,0.0000,43.33,24.05,37,-4.600,1,631.0
2303.170,+0.0667,-0.0432,-0.0600,-0.0357,-0.5786,0.702,-6.596,1.127,4.565,0.0000,0.0000,0.0000,0.0000,0.0000,0.0000,0.0000,0.0000,43.33,24.09,37,-4.600,1,631.0
2303.209,+0.0667,-0.0090,-0.0600,-0.0314,-0.5543,0.829,-6.195,1.254,3.231,0.0000,0.0000,0.0000,0.0000,0.0000,0.0000,0.0000,0.0000,43.33,24.09,37,-7.180,1,631.0
2303.236,+0.0667,-0.0492,-0.0600,-0.0314,-0.5543,0.829,-6.195,1.254,3.231,0.0000,0.0000,0.0000,0.0000,0.0000,0.0000,0.0000,0.0000,42.86,24.14,37,-7.180,1,625.0
2303.265,+0.0955,-0.0469,-0.0600,-0.0329,-0.5471,0.832,-6.189,1.236,3.019,0.0000,0.0000,0.0000,0.0000,0.0000,0.0000,0.0000,0.0000,42.86,24.14,37,-6.850,1,625.0
2303.305,+0.0911,-0.0313,-0.0600,-0.0329,-0.5443,0.890,-6.058,1.024,2.322,0.0000,0.0000,0.0000,0.0000,0.0000,0.0000,0.0000,0.0000,42.86,24.18,37,-6.640,1,625.0
2303.344,+0.0708,+0.0018,-0.0667,-0.0286,-0.5400,0.944,-5.941,1.063,2.345,0.0000,0.0000,0.0000,0.0000,0.0000,0.0000,0.0000,0.0000,42.86,24.18,37,-6.670,1,625.0
2303.371,+0.1032,-0.0205,-0.0667,-0.0286,-0.5371,0.991,-5.826,0.926,2.553,0.0000,0.0000,0.0000,0.0000,0.0000,0.0000,0.0000,0.0000,42.86,24.18,37,-6.630,1,625.0
2303.406,+0.0976,-0.0546,-0.0667,-0.0286,-0.5371,1.033,-5.685,0.824,2.605,0.0000,0.0000,0.0000,0.0000,0.0000,0.0000,0.0000,0.0000,42.86,24.18,37,-7.560,1,625.0
2303.436,+0.1032,-0.0243,-0.0600,-0.0300,-0.5300,1.033,-5.685,0.824,2.605,0.0000,0.0000,0.0000,0.0000,0.0000,0.0000,0.0000,0.0000,42.52,24.20,36,-7.560,1,620.0
2303.478,+0.0771,-0.0146,-0.0667,-0.0271,-0.5300,1.064,-5.604,0.400,0.490,0.0000,0.0000,0.0000,0.0000,0.0000,0.0000,0.0000,0.0000,42.52,24.20,36,-6.980,1,620.0
2303.505,+0.1088,+0.0185,-0.0667,-0.0271,-0.5329,1.064,-5.604,0.400,0.490,0.0000,0.0000,0.0000,0.0000,0.0000,0.0000,0.0000,0.0000,42.52,24.23,36,-6.850,1,620.0
2303.536,+0.0792,+0.0185,-0.0600,-0.0300,-0.5357,1.083,-5.621,0.515,-0.764,0.0000,0.0000,0.0000,0.0000,0.0000,0.0000,0.0000,0.0000,42.52,24.23,36,-6.680,1,620.0
2303.569,+0.0792,+0.0185,-0.0600,-0.0300,-0.5357,1.083,-5.621,0.515,-0.764,0.0000,0.0000,0.0000,0.0000,0.0000,0.0000,0.0000,0.0000,42.52,24.23,36,-6.680,1,620.0
2303.652,+0.0908,+0.0185,-0.0600,-0.0300,-0.5357,1.083,-5.621,0.515,-0.764,0.0000,0.0000,0.0000,0.0000,0.0000,0.0000,0.0000,0.0000,42.52,24.23,36,-6.680,1,620.0
2303.679,+0.0498,+0.0185,-0.0600,-0.0300,-0.5357,1.113,-5.666,0.802,-0.782,0.0000,0.0000,0.0000,0.0000,0.0000,0.0000,0.0000,0.0000,42.52,24.23,36,-6.680,1,620.0
2303.703,+0.0434,+0.0185,-0.0667,-0.0271,-0.5357,1.167,-5.698,1.250,-0.344,0.0000,0.0000,0.0000,0.0000,0.0000,0.0000,0.0000,0.0000,42.52,24.23,36,-6.250,1,620.0
2303.736,+0.1028,+0.0185,-0.0600,-0.0314,-0.5371,1.167,-5.698,1.250,-0.344,0.0000,0.0000,0.0000,0.0000,0.0000,0.0000,0.0000,0.0000,42.23,24.24,36,-6.250,1,615.1
2303.784,+0.0792,+0.0185,-0.0600,-0.0300,-0.5414,1.172,-5.699,1.346,-0.223,0.0000,0.0000,0.0000,0.0000,0.0000,0.0000,0.0000,0.0000,42.23,24.25,36,-6.100,1,615.1
2303.811,+0.0792,+0.0185,-0.0600,-0.0343,-0.5400,1.246,-5.693,1.781,0.510,0.0000,0.0000,0.0000,0.0000,0.0000,0.0000,0.0000,0.0000,42.23,24.25,36,-6.070,1,615.1
2303.876,+0.0792,-0.0067,-0.0667,-0.0271,-0.5386,1.435,-5.610,2.016,1.085,0.0000,0.0000,0.0000,0.0000,0.0000,0.0000,0.0000,0.0000,42.01,24.27,36,-6.030,1,611.4
2303.901,+0.1129,+0.0148,-0.0600,-0.0300,-0.5386,1.535,-5.554,1.914,1.101,0.0000,0.0000,0.0000,0.0000,0.0000,0.0000,0.0000,0.0000,42.01,24.27,36,-6.020,1,611.4
2303.930,+0.1105,+0.0148,-0.0600,-0.0300,-0.5386,1.620,-5.508,1.737,0.932,0.0000,0.0000,0.0000,0.0000,0.0000,0.0000,0.0000,0.0000,42.01,24.28,36,-6.010,1,611.4
2303.966,+0.1076,+0.0148,-0.0600,-0.0300,-0.5329,1.702,-5.468,1.391,0.685,0.0000,0.0000,0.0000,0.0000,0.0000,0.0000,0.0000,0.0000,42.01,24.28,36,-7.390,1,611.4
2304.091,+0.0938,-0.0002,-0.0667,-0.0271,-0.5271,1.809,-5.431,0.946,0.124,0.0000,0.0000,0.0000,0.0000,0.0000,0.0000,0.0000,0.0000,41.73,24.30,36,-6.430,1,606.6
2304.125,+0.0875,+0.0111,-0.0667,-0.0271,-0.5271,1.809,-5.431,0.946,0.124,0.0000,0.0000,0.0000,0.0000,0.0000,0.0000,0.0000,0.0000,41.73,24.30,36,-6.430,1,606.6
2304.147,+0.0875,+0.0783,-0.0667,-0.0257,-0.5286,1.811,-5.431,0.955,0.138,0.0000,0.0000,0.0000,0.0000,0.0000,0.0000,0.0000,0.0000,41.73,24.30,36,-6.300,1,606.6
2304.188,+0.0875,+0.0148,-0.0667,-0.0271,-0.5300,1.857,-5.430,1.032,0.085,0.0000,0.0000,0.0000,0.0000,0.0000,0.0000,0.0000,0.0000,41.73,24.30,36,-8.170,1,606.6
2304.211,+0.0875,-0.0504,-0.0600,-0.0271,-0.5186,1.912,-5.427,1.265,0.185,0.0000,0.0000,0.0000,0.0000,0.0000,0.0000,0.0000,0.0000,41.73,24.30,36,-6.910,1,606.6
2304.243,+0.0875,+0.0111,-0.0600,-0.0271,-0.5186,1.912,-5.427,1.265,0.185,0.0000,0.0000,0.0000,0.0000,0.0000,0.0000,0.0000,0.0000,41.53,24.31,36,-6.910,1,602.8
2304.270,+0.0875,+0.0111,-0.0600,-0.0271,-0.5214,1.985,-5.416,1.865,0.462,0.0000,0.0000,0.0000,0.0000,0.0000,0.0000,0.0000,0.0000,41.53,24.31,36,-6.400,1,602.8
2304.296,+0.0875,+0.0111,-0.0600,-0.0286,-0.5200,2.088,-5.389,2.260,0.759,0.0000,0.0000,0.0000,0.0000,0.0000,0.0000,0.0000,0.0000,41.53,24.33,36,-6.800,1,602.8
2304.336,+0.0875,-0.0270,-0.0600,-0.0286,-0.5200,2.196,-5.353,2.512,0.839,0.0000,0.0000,0.0000,0.0000,0.0000,0.0000,0.0000,0.0000,41.53,24.33,36,-6.560,1,602.8
2304.372,+0.1116,+0.0074,-0.0600,-0.0286,-0.5229,2.341,-5.326,3.043,0.165,0.0000,0.0000,0.0000,0.0000,0.0000,0.0000,0.0000,0.0000,41.53,24.33,36,-6.450,1,602.8
2304.398,+0.0896,+0.0655,-0.0600,-0.0286,-0.5229,2.476,-5.346,2.701,-1.031,0.0000,0.0000,0.0000,0.0000,0.0000,0.0000,0.0000,0.0000,41.53,24.33,36,-6.450,1,602.8
2304.476,+0.0896,+0.0111,-0.0600,-0.0300,-0.5243,2.614,-5.433,2.454,-1.854,0.0000,0.0000,0.0000,0.0000,0.0000,0.0000,0.0000,0.0000,41.20,24.34,36,-7.080,1,596.7
2304.502,+0.1230,+0.0706,-0.0600,-0.0300,-0.5271,2.614,-5.433,2.454,-1.854,0.0000,0.0000,0.0000,0.0000,0.0000,0.0000,0.0000,0.0000,41.20,24.34,36,-6.350,1,596.7
2304.535,+0.0917,+0.0611,-0.0600,-0.0300,-0.5300,2.719,-5.517,2.417,-1.750,0.0000,0.0000,0.0000,0.0000,0.0000,0.0000,0.0000,0.0000,41.20,24.34,36,-6.220,1,596.7
2304.569,+0.0917,+0.0636,-0.0600,-0.0300,-0.5300,2.719,-5.517,2.417,-1.750,0.0000,0.0000,0.0000,0.0000,0.0000,0.0000,0.0000,0.0000,41.20,24.34,36,-6.220,1,596.7
2304.606,+0.0917,+0.0634,-0.0600,-0.0300,-0.5300,2.719,-5.517,2.417,-1.750,0.0000,0.0000,0.0000,0.0000,0.0000,0.0000,0.0000,0.0000,41.20,24.34,36,-6.220,1,596.7
2304.632,+0.0917,+0.0259,-0.0600,-0.0300,-0.5300,2.719,-5.517,2.417,-1.750,0.0000,0.0000,0.0000,0.0000,0.0000,0.0000,0.0000,0.0000,41.20,24.34,36,-6.220,1,596.7
2304.663,+0.1192,+0.0749,-0.0600,-0.0300,-0.5300,2.719,-5.517,2.417,-1.750,0.0000,0.0000,0.0000,0.0000,0.0000,0.0000,0.0000,0.0000,41.20,24.34,36,-6.220,1,596.7
2304.726,+0.0938,+0.0555,-0.0600,-0.0314,-0.5343,2.838,-5.589,2.321,-1.038,0.0000,0.0000,0.0000,0.0000,0.0000,0.0000,0.0000,0.0000,41.20,24.35,36,-5.870,1,596.7
2304.750,+0.0577,+0.0333,-0.0600,-0.0314,-0.5343,2.946,-5.630,2.261,-0.575,0.0000,0.0000,0.0000,0.0000,0.0000,0.0000,0.0000,0.0000,41.00,24.35,36,-5.870,1,593.1
2304.776,+0.0917,+0.0333,-0.0600,-0.0329,-0.5414,3.045,-5.671,1.798,-0.908,0.0000,0.0000,0.0000,0.0000,0.0000,0.0000,0.0000,0.0000,41.00,24.35,36,-5.810,1,593.1
2304.803,+0.0603,+0.0333,-0.0600,-0.0329,-0.5414,3.132,-5.720,1.765,-0.826,0.0000,0.0000,0.0000,0.0000,0.0000,0.0000,0.0000,0.0000,41.00,24.36,36,-5.810,1,593.1
2304.841,+0.0896,+0.0333,-0.0667,-0.0300,-0.5443,3.276,-5.789,1.813,-0.121,0.0000,0.0000,0.0000,0.0000,0.0000,0.0000,0.0000,0.0000,41.00,24.36,36,-5.650,1,593.1
2304.864,+0.0896,+0.0333,-0.0533,-0.0357,-0.5443,3.276,-5.789,1.813,-0.121,0.0000,0.0000,0.0000,0.0000,0.0000,0.0000,0.0000,0.0000,41.00,24.37,36,-5.650,1,593.1
2304.911,+0.0705,+0.0333,-0.0600,-0.0329,-0.5414,3.477,-5.731,2.138,0.925,0.0000,0.0000,0.0000,0.0000,0.0000,0.0000,0.0000,0.0000,40.66,24.37,36,-5.750,1,587.1
2304.941,+0.0875,+0.0333,-0.0600,-0.0329,-0.5414,3.574,-5.691,2.046,0.840,0.0000,0.0000,0.0000,0.0000,0.0000,0.0000,0.0000,0.0000,40.66,24.38,36,-5.770,1,587.1
2304.966,+0.0875,-0.0262,-0.0600,-0.0329,-0.5414,3.662,-5.662,1.855,0.594,0.0000,0.0000,0.0000,0.0000,0.0000,0.0000,0.0000,0.0000,40.66,24.38,36,-5.760,1,587.1
2305.017,+0.1052,+0.0296,-0.0600,-0.0329,-0.5414,3.748,-5.642,1.705,0.443,0.0000,0.0000,0.0000,0.0000,0.0000,0.0000,0.0000,0.0000,40.66,24.40,36,-5.740,1,587.1
2305.035,+0.0896,+0.0296,-0.0600,-0.0329,-0.5414,3.748,-5.642,1.705,0.443,0.0000,0.0000,0.0000,0.0000,0.0000,0.0000,0.0000,0.0000,40.29,24.40,36,-5.740,1,581.1
2305.071,+0.0896,+0.0296,-0.0600,-0.0329,-0.5386,3.751,-5.642,1.579,0.317,0.0000,0.0000,0.0000,0.0000,0.0000,0.0000,0.0000,0.0000,40.29,24.40,36,-6.140,1,581.1
2305.109,+0.0896,-0.0104,-0.0600,-0.0329,-0.5386,3.751,-5.642,1.579,0.317,0.0000,0.0000,0.0000,0.0000,0.0000,0.0000,0.0000,0.0000,40.29,24.40,36,-6.140,1,581.1
2305.140,+0.0896,+0.0259,-0.0600,-0.0329,-0.5386,3.816,-5.632,1.283,0.248,0.0000,0.0000,0.0000,0.0000,0.0000,0.0000,0.0000,0.0000,40.29,24.40,36,-5.930,1,581.1
2305.172,+0.0896,+0.0259,-0.0600,-0.0329,-0.5386,3.860,-5.618,0.945,0.443,0.0000,0.0000,0.0000,0.0000,0.0000,0.0000,0.0000,0.0000,40.29,24.40,35,-5.830,1,581.1
2305.202,+0.0896,+0.0259,-0.0600,-0.0329,-0.5357,3.902,-5.580,0.932,1.097,0.0000,0.0000,0.0000,0.0000,0.0000,0.0000,0.0000,0.0000,40.29,24.40,35,-5.940,1,581.1
2305.238,+0.0896,-0.0169,-0.0600,-0.0329,-0.5357,3.902,-5.580,0.932,1.097,0.0000,0.0000,0.0000,0.0000,0.0000,0.0000,0.0000,0.0000,40.08,24.42,35,-5.840,1,577.5
2305.275,+0.0896,-0.0192,-0.0600,-0.0314,-0.5343,3.943,-5.523,0.975,1.438,0.0000,0.0000,0.0000,0.0000,0.0000,0.0000,0.0000,0.0000,40.08,24.42,35,-5.790,1,577.5
2305.296,+0.0896,+0.0185,-0.0600,-0.0329,-0.5329,3.991,-5.453,1.029,1.432,0.0000,0.0000,0.0000,0.0000,0.0000,0.0000,0.0000,0.0000,40.08,24.43,35,-5.920,1,577.5
2305.340,+0.0896,-0.0168,-0.0600,-0.0314,-0.5314,4.035,-5.395,1.072,1.316,0.0000,0.0000,0.0000,0.0000,0.0000,0.0000,0.0000,0.0000,40.08,24.43,35,-6.120,1,577.5
2305.376,+0.0652,-0.0286,-0.0600,-0.0329,-0.5300,4.037,-5.393,1.088,1.274,0.0000,0.0000,0.0000,0.0000,0.0000,0.0000,0.0000,0.0000,40.08,24.43,35,-5.960,1,577.5
2305.427,+0.0875,-0.0200,-0.0600,-0.0314,-0.5286,4.085,-5.342,1.134,1.107,0.0000,0.0000,0.0000,0.0000,0.0000,0.0000,0.0000,0.0000,40.08,24.44,35,-6.130,1,577.5
2305.461,+0.0875,+0.0074,-0.0533,-0.0343,-0.5257,4.142,-5.292,1.162,1.018,0.0000,0.0000,0.0000,0.0000,0.0000,0.0000,0.0000,0.0000,39.81,24.44,35,-6.290,1,572.7
2305.489,+0.0565,-0.0477,-0.0533,-0.0343,-0.5257,4.193,-5.249,1.162,1.019,0.0000,0.0000,0.0000,0.0000,0.0000,0.0000,0.0000,0.0000,39.81,24.44,35,-6.290,1,572.7
2305.511,+0.0854,+0.0037,-0.0600,-0.0314,-0.5229,4.193,-5.249,1.162,1.019,0.0000,0.0000,0.0000,0.0000,0.0000,0.0000,0.0000,0.0000,39.81,24.44,35,-6.340,1,572.7
2305.553,+0.0854,-0.0340,-0.0600,-0.0300,-0.5186,4.259,-5.210,1.523,0.767,0.0000,0.0000,0.0000,0.0000,0.0000,0.0000,0.0000,0.0000,39.81,24.44,35,-7.370,1,572.7
2305.578,+0.0854,+0.0000,-0.0600,-0.0300,-0.5186,4.259,-5.210,1.523,0.767,0.0000,0.0000,0.0000,0.0000,0.0000,0.0000,0.0000,0.0000,39.81,24.44,35,-7.370,1,572.7
2305.606,+0.0854,+0.0000,-0.0600,-0.0300,-0.5186,4.259,-5.210,1.523,0.767,0.0000,0.0000,0.0000,0.0000,0.0000,0.0000,0.0000,0.0000,39.81,24.44,35,-7.370,1,572.7
2305.634,+0.0854,+0.0000,-0.0600,-0.0300,-0.5186,4.259,-5.210,1.523,0.767,0.0000,0.0000,0.0000,0.0000,0.0000,0.0000,0.0000,0.0000,39.81,24.44,35,-7.370,1,572.7
2305.667,+0.0854,+0.0471,-0.0600,-0.0300,-0.5186,4.259,-5.210,1.523,0.767,0.0000,0.0000,0.0000,0.0000,0.0000,0.0000,0.0000,0.0000,39.81,24.44,35,-7.370,1,572.7
2305.704,+0.0854,+0.0037,-0.0600,-0.0300,-0.5129,4.410,-5.224,1.467,-0.329,0.0000,0.0000,0.0000,0.0000,0.0000,0.0000,0.0000,0.0000,39.81,24.44,35,-7.950,1,572.7
2305.733,+0.0854,+0.0559,-0.0600,-0.0286,-0.5057,4.410,-5.224,1.467,-0.329,0.0000,0.0000,0.0000,0.0000,0.0000,0.0000,0.0000,0.0000,39.48,24.45,34,-7.950,1,566.5
2305.766,+0.0594,+0.0074,-0.0600,-0.0286,-0.4971,4.478,-5.273,1.381,-0.824,0.0000,0.0000,0.0000,0.0000,0.0000,0.0000,0.0000,0.0000,39.48,24.45,34,-8.970,1,566.5
2305.799,+0.0833,+0.0538,-0.0600,-0.0271,-0.4871,4.547,-5.316,1.453,-0.599,0.0000,0.0000,0.0000,0.0000,0.0000,0.0000,0.0000,0.0000,39.48,24.45,34,-9.520,1,566.5
2305.836,+0.0599,+0.0111,-0.0600,-0.0286,-0.4857,4.623,-5.343,1.604,-0.218,0.0000,0.0000,0.0000,0.0000,0.0000,0.0000,0.0000,0.0000,39.48,24.45,34,-8.600,1,566.5
2305.884,+0.0813,+0.0111,-0.0600,-0.0286,-0.4914,4.704,-5.357,1.762,-0.024,0.0000,0.0000,0.0000,0.0000,0.0000,0.0000,0.0000,0.0000,39.28,24.45,34,-7.300,1,562.6
2305.912,+0.0813,+0.0648,-0.0533,-0.0314,-0.4971,4.793,-5.363,1.867,0.058,0.0000,0.0000,0.0000,0.0000,0.0000,0.0000,0.0000,0.0000,39.28,24.45,34,-7.070,1,562.6
2305.940,+0.0511,-0.0387,-0.0533,-0.0314,-0.4971,4.797,-5.363,1.858,0.054,0.0000,0.0000,0.0000,0.0000,0.0000,0.0000,0.0000,0.0000,39.28,24.46,34,-6.940,1,562.6
2305.974,+0.0792,+0.0111,-0.0533,-0.0300,-0.5043,4.887,-5.367,1.916,0.060,0.0000,0.0000,0.0000,0.0000,0.0000,0.0000,0.0000,0.0000,39.28,24.46,34,-6.660,1,562.6
2306.005,+0.0792,+0.0608,-0.0533,-0.0300,-0.5043,4.987,-5.381,2.227,-0.695,0.0000,0.0000,0.0000,0.0000,0.0000,0.0000,0.0000,0.0000,39.28,24.46,34,-7.090,1,562.6
2306.037,+0.0792,+0.0148,-0.0467,-0.0357,-0.5071,4.987,-5.381,2.227,-0.695,0.0000,0.0000,0.0000,0.0000,0.0000,0.0000,0.0000,0.0000,39.00,24.46,34,-7.090,1,557.5
2306.064,+0.0792,+0.1303,-0.0533,-0.0329,-0.5157,5.084,-5.482,1.819,-2.508,0.0000,0.0000,0.0000,0.0000,0.0000,0.0000,0.0000,0.0000,39.00,24.46,34,-6.950,1,557.5
2306.102,+0.0792,+0.0629,-0.0533,-0.0329,-0.5157,5.084,-5.482,1.819,-2.508,0.0000,0.0000,0.0000,0.0000,0.0000,0.0000,0.0000,0.0000,39.00,24.46,34,-6.950,1,557.5
2306.137,+0.0545,+0.1136,-0.0533,-0.0329,-0.5157,5.163,-5.672,1.510,-3.679,0.0000,0.0000,0.0000,0.0000,0.0000,0.0000,0.0000,0.0000,39.00,24.46,34,-6.710,1,557.5
2306.165,+0.0771,+0.1401,-0.0533,-0.0329,-0.5214,5.165,-5.680,1.451,-3.861,0.0000,0.0000,0.0000,0.0000,0.0000,0.0000,0.0000,0.0000,39.00,24.46,34,-6.710,1,557.5
2306.203,+0.0543,+0.0813,-0.0533,-0.0343,-0.5314,5.299,-6.040,1.435,-2.935,0.0000,0.0000,0.0000,0.0000,0.0000,0.0000,0.0000,0.0000,39.00,24.46,34,-5.970,1,557.5
2306.228,+0.0750,+0.1043,-0.0467,-0.0386,-0.5357,5.299,-6.040,1.435,-2.935,0.0000,0.0000,0.0000,0.0000,0.0000,0.0000,0.0000,0.0000,39.00,24.47,35,-5.640,1,557.5
2306.267,+0.0527,+0.1273,-0.0533,-0.0371,-0.5429,5.373,-6.179,1.579,-2.297,0.0000,0.0000,0.0000,0.0000,0.0000,0.0000,0.0000,0.0000,38.72,24.47,35,-5.270,1,552.5
2306.298,+0.0729,+0.1547,-0.0533,-0.0371,-0.5486,5.446,-6.299,1.501,-2.150,0.0000,0.0000,0.0000,0.0000,0.0000,0.0000,0.0000,0.0000,38.72,24.47,35,-5.370,1,552.5
2306.335,+0.0495,+0.1045,-0.0467,-0.0414,-0.5529,5.448,-6.303,1.464,-2.140,0.0000,0.0000,0.0000,0.0000,0.0000,0.0000,0.0000,0.0000,38.72,24.47,35,-5.210,1,552.5
2306.416,+0.0590,+0.1088,-0.0467,-0.0414,-0.5614,5.574,-6.542,0.860,-1.211,0.0000,0.0000,0.0000,0.0000,0.0000,0.0000,0.0000,0.0000,38.72,24.48,35,-4.960,1,552.5
2306.445,+0.0389,+0.1271,-0.0467,-0.0414,-0.5614,5.574,-6.542,0.860,-1.211,0.0000,0.0000,0.0000,0.0000,0.0000,0.0000,0.0000,0.0000,38.38,24.48,35,-4.960,1,547.4
2306.485,+0.0449,+0.0778,-0.0467,-0.0414,-0.5643,5.627,-6.542,1.524,1.251,0.0000,0.0000,0.0000,0.0000,0.0000,0.0000,0.0000,0.0000,38.38,24.48,35,-4.900,1,547.4
2306.514,+0.0646,+0.0259,-0.0533,-0.0414,-0.5557,5.627,-6.542,1.524,1.251,0.0000,0.0000,0.0000,0.0000,0.0000,0.0000,0.0000,0.0000,38.38,24.49,35,-4.900,1,547.4
2306.544,+0.0354,+0.0222,-0.0467,-0.0443,-0.5529,5.704,-6.408,1.671,3.199,0.0000,0.0000,0.0000,0.0000,0.0000,0.0000,0.0000,0.0000,38.38,24.49,35,-4.700,1,547.4
2306.578,+0.0625,-0.0201,-0.0467,-0.0443,-0.5529,5.704,-6.408,1.671,3.199,0.0000,0.0000,0.0000,0.0000,0.0000,0.0000,0.0000,0.0000,38.38,24.49,35,-4.700,1,547.4
2306.606,+0.0625,+0.0099,-0.0467,-0.0443,-0.5529,5.704,-6.408,1.671,3.199,0.0000,0.0000,0.0000,0.0000,0.0000,0.0000,0.0000,0.0000,38.38,24.49,35,-4.700,1,547.4
2306.640,+0.0625,+0.0144,-0.0467,-0.0443,-0.5529,5.704,-6.408,1.671,3.199,0.0000,0.0000,0.0000,0.0000,0.0000,0.0000,0.0000,0.0000,38.38,24.49,35,-4.700,1,547.4
2306.683,+0.0625,-0.0183,-0.0467,-0.0443,-0.5529,5.704,-6.408,1.671,3.199,0.0000,0.0000,0.0000,0.0000,0.0000,0.0000,0.0000,0.0000,38.38,24.49,35,-4.700,1,547.4
2306.702,+0.0625,-0.0276,-0.0467,-0.0443,-0.5529,5.704,-6.408,1.671,3.199,0.0000,0.0000,0.0000,0.0000,0.0000,0.0000,0.0000,0.0000,38.38,24.49,35,-4.700,1,547.4
2306.746,+0.0625,+0.0084,-0.0467,-0.0414,-0.5529,5.822,-6.079,0.831,2.578,0.0000,0.0000,0.0000,0.0000,0.0000,0.0000,0.0000,0.0000,38.38,24.52,35,-5.450,1,547.4
2306.772,+0.0625,+0.0407,-0.0467,-0.0414,-0.5529,5.822,-6.079,0.831,2.578,0.0000,0.0000,0.0000,0.0000,0.0000,0.0000,0.0000,0.0000,38.02,24.52,35,-5.450,1,542.4
2306.800,+0.0625,-0.0148,-0.0533,-0.0400,-0.5486,5.841,-5.937,-0.145,0.976,0.0000,0.0000,0.0000,0.0000,0.0000,0.0000,0.0000,0.0000,38.02,24.52,35,-5.890,1,542.4
2306.832,+0.0357,-0.0106,-0.0533,-0.0386,-0.5471,5.840,-5.936,-0.255,0.853,0.0000,0.0000,0.0000,0.0000,0.0000,0.0000,0.0000,0.0000,38.02,24.54,35,-5.870,1,542.4
2306.868,+0.0366,+0.0333,-0.0533,-0.0371,-0.5400,5.772,-5.891,-0.508,0.637,0.0000,0.0000,0.0000,0.0000,0.0000,0.0000,0.0000,0.0000,38.02,24.54,35,-6.090,1,542.4
2306.905,+0.0345,+0.0333,-0.0533,-0.0371,-0.5371,5.772,-5.891,-0.508,0.637,0.0000,0.0000,0.0000,0.0000,0.0000,0.0000,0.0000,0.0000,37.69,24.55,34,-6.090,1,537.4
2306.934,+0.0268,-0.0190,-0.0533,-0.0357,-0.5357,5.743,-5.859,-0.283,1.115,0.0000,0.0000,0.0000,0.0000,0.0000,0.0000,0.0000,0.0000,37.69,24.55,34,-5.990,1,537.4
2306.987,+0.0371,-0.0006,-0.0467,-0.0400,-0.5343,5.731,-5.771,0.490,1.195,0.0000,0.0000,0.0000,0.0000,0.0000,0.0000,0.0000,0.0000,37.69,24.56,34,-5.940,1,537.4
2307.016,+0.0230,+0.0259,-0.0467,-0.0414,-0.5329,5.755,-5.726,0.787,1.198,0.0000,0.0000,0.0000,0.0000,0.0000,0.0000,0.0000,0.0000,37.69,24.56,34,-6.010,1,537.4
2307.046,+0.0217,-0.0244,-0.0467,-0.0414,-0.5329,5.755,-5.726,0.787,1.198,0.0000,0.0000,0.0000,0.0000,0.0000,0.0000,0.0000,0.0000,37.37,24.57,34,-6.010,1,532.5
2307.087,+0.0265,+0.0222,-0.0467,-0.0386,-0.5271,5.789,-5.679,0.875,1.219,0.0000,0.0000,0.0000,0.0000,0.0000,0.0000,0.0000,0.0000,37.37,24.57,34,-7.160,1,532.5
2307.110,+0.0458,-0.0431,-0.0467,-0.0386,-0.5271,5.789,-5.679,0.875,1.219,0.0000,0.0000,0.0000,0.0000,0.0000,0.0000,0.0000,0.0000,37.37,24.57,34,-7.160,1,532.5
2307.136,+0.0131,+0.0185,-0.0467,-0.0386,-0.5271,5.789,-5.679,0.875,1.219,0.0000,0.0000,0.0000,0.0000,0.0000,0.0000,0.0000,0.0000,37.37,24.57,34,-7.160,1,532.5
2307.199,+0.0437,-0.0076,-0.0467,-0.0386,-0.5157,5.860,-5.566,0.578,1.275,0.0000,0.0000,0.0000,0.0000,0.0000,0.0000,0.0000,0.0000,37.37,24.58,34,-6.600,1,532.5
2307.224,+0.0110,-0.0435,-0.0467,-0.0400,-0.5171,5.877,-5.511,0.374,1.281,0.0000,0.0000,0.0000,0.0000,0.0000,0.0000,0.0000,0.0000,37.37,24.59,34,-6.260,1,532.5
2307.249,+0.0417,+0.0111,-0.0467,-0.0400,-0.5171,5.877,-5.511,0.374,1.281,0.0000,0.0000,0.0000,0.0000,0.0000,0.0000,0.0000,0.0000,37.08,24.59,34,-6.260,1,527.7
2307.307,+0.0417,-0.0172,-0.0467,-0.0371,-0.5057,5.881,-5.449,0.023,1.264,0.0000,0.0000,0.0000,0.0000,0.0000,0.0000,0.0000,0.0000,37.08,24.60,34,-7.700,1,527.7
2307.330,+0.0417,+0.0074,-0.0533,-0.0357,-0.5071,5.865,-5.395,-0.295,0.809,0.0000,0.0000,0.0000,0.0000,0.0000,0.0000,0.0000,0.0000,37.08,24.60,34,-6.900,1,527.7
2307.359,+0.0417,+0.0074,-0.0533,-0.0357,-0.5071,5.844,-5.382,-0.089,0.411,0.0000,0.0000,0.0000,0.0000,0.0000,0.0000,0.0000,0.0000,37.08,24.60,34,-6.900,1,527.7
2307.388,+0.0417,-0.0438,-0.0533,-0.0357,-0.5100,5.844,-5.382,-0.089,0.411,0.0000,0.0000,0.0000,0.0000,0.0000,0.0000,0.0000,0.0000,37.08,24.60,34,-6.660,1,527.7
2307.412,+0.0417,+0.0037,-0.0467,-0.0357,-0.5014,5.844,-5.382,0.072,0.058,0.0000,0.0000,0.0000,0.0000,0.0000,0.0000,0.0000,0.0000,37.08,24.60,34,-8.380,1,527.7
2307.442,+0.0134,+0.0540,-0.0467,-0.0357,-0.5014,5.844,-5.382,0.072,0.058,0.0000,0.0000,0.0000,0.0000,0.0000,0.0000,0.0000,0.0000,38.88,0.00,33,-8.380,1,523.8
2307.488,+0.0396,+0.0074,-0.0533,-0.0329,-0.4929,5.747,-5.515,0.065,0.066,0.0000,0.0000,0.0000,0.0000,0.0000,0.0000,0.0000,0.0000,38.88,0.00,33,-9.290,1,523.8
2307.510,+0.0396,+0.0755,-0.0533,-0.0329,-0.4843,5.747,-5.515,0.065,0.066,0.0000,0.0000,0.0000,0.0000,0.0000,0.0000,0.0000,0.0000,38.88,0.00,33,-9.290,1,523.8
2307.538,+0.0098,+0.0640,-0.0467,-0.0357,-0.4900,5.704,-5.593,0.067,0.072,0.0000,0.0000,0.0000,0.0000,0.0000,0.0000,0.0000,0.0000,38.88,0.00,33,-7.580,1,523.8
2307.585,+0.0183,+0.0148,-0.0467,-0.0357,-0.4900,5.704,-5.593,0.067,0.072,0.0000,0.0000,0.0000,0.0000,0.0000,0.0000,0.0000,0.0000,38.88,0.00,33,-7.580,1,523.8
2307.606,-0.0036,+0.0148,-0.0467,-0.0357,-0.4900,5.704,-5.593,0.067,0.072,0.0000,0.0000,0.0000,0.0000,0.0000,0.0000,0.0000,0.0000,38.88,0.00,33,-7.580,1,523.8
2307.640,+0.0079,+0.0601,-0.0467,-0.0357,-0.4900,5.704,-5.593,0.067,0.072,0.0000,0.0000,0.0000,0.0000,0.0000,0.0000,0.0000,0.0000,38.88,0.00,33,-7.580,1,523.8
2307.665,-0.0024,+0.0185,-0.0467,-0.0357,-0.4900,5.704,-5.593,0.067,0.072,0.0000,0.0000,0.0000,0.0000,0.0000,0.0000,0.0000,0.0000,38.88,0.00,33,-7.580,1,523.8
2307.736,+0.0159,+0.0185,-0.0467,-0.0371,-0.4971,5.654,-5.665,0.070,0.070,0.0000,0.0000,0.0000,0.0000,0.0000,0.0000,0.0000,0.0000,38.52,0.00,34,-6.790,1,517.4
2307.763,+0.0271,+0.1274,-0.0467,-0.0357,-0.5043,5.646,-5.685,0.065,0.068,0.0000,0.0000,0.0000,0.0000,0.0000,0.0000,0.0000,0.0000,38.52,0.00,34,-6.600,1,517.4
2307.799,+0.0271,+0.1114,-0.0333,-0.0486,-0.5086,5.671,-5.746,0.069,0.070,0.0000,0.0000,0.0000,0.0000,0.0000,0.0000,0.0000,0.0000,38.52,0.00,34,-6.410,1,517.4
2307.861,+0.0122,+0.0863,-0.0133,-0.0600,-0.5171,5.693,-5.897,0.065,0.068,0.0000,0.0000,0.0000,0.0000,0.0000,0.0000,0.0000,0.0000,38.30,0.00,34,-6.530,1,513.7
2307.887,+0.0250,+0.0983,-0.0133,-0.0600,-0.5171,5.699,-6.091,0.066,0.071,0.0000,0.0000,0.0000,0.0000,0.0000,0.0000,0.0000,0.0000,38.30,0.00,34,-6.530,1,513.7
2307.915,+0.0250,+0.1529,-0.0133,-0.0629,-0.5400,5.698,-6.274,0.029,-2.510,0.0000,0.0000,0.0000,0.0000,0.0000,0.0000,0.0000,0.0000,38.30,24.61,34,-5.530,1,513.7
2307.943,-0.0053,+0.1056,-0.0133,-0.0643,-0.5443,5.693,-6.431,0.023,-2.714,0.0000,0.0000,0.0000,0.0000,0.0000,0.0000,0.0000,0.0000,38.30,24.61,34,-5.450,1,513.7
2307.977,+0.0229,+0.1474,-0.0133,-0.0643,-0.5500,5.684,-6.562,-0.530,-2.531,0.0000,0.0000,0.0000,0.0000,0.0000,0.0000,0.0000,0.0000,38.30,24.61,34,-5.140,1,513.7
2308.039,+0.0081,+0.1420,-0.0133,-0.0671,-0.5557,5.682,-6.567,-0.680,-2.511,0.0000,0.0000,0.0000,0.0000,0.0000,0.0000,0.0000,0.0000,37.97,24.62,34,-4.990,1,508.6
2308.063,-0.0143,+0.1366,-0.0133,-0.0657,-0.5629,5.599,-6.721,-2.687,-2.855,0.0000,0.0000,0.0000,0.0000,0.0000,0.0000,0.0000,0.0000,37.97,24.62,34,-4.720,1,508.6
2308.126,+0.0042,+0.1295,-0.0133,-0.0657,-0.5629,5.599,-6.721,-2.687,-2.855,0.0000,0.0000,0.0000,0.0000,0.0000,0.0000,0.0000,0.0000,37.97,24.62,34,-4.720,1,508.6
2308.188,+0.0019,+0.1115,-0.0133,-0.0671,-0.5671,5.195,-6.925,-4.491,-0.918,0.0000,0.0000,0.0000,0.0000,0.0000,0.0000,0.0000,0.0000,37.97,24.63,34,-4.390,1,508.6
2308.216,+0.0146,-0.0212,-0.0133,-0.0643,-0.5614,4.987,-6.893,-3.281,3.018,0.0000,0.0000,0.0000,0.0000,0.0000,0.0000,0.0000,0.0000,37.97,24.64,34,-4.340,1,508.6
2308.245,+0.0146,+0.0293,-0.0133,-0.0643,-0.5614,4.987,-6.893,-3.281,3.018,0.0000,0.0000,0.0000,0.0000,0.0000,0.0000,0.0000,0.0000,37.60,24.64,34,-4.340,1,503.7
2308.276,+0.0146,-0.0210,-0.0200,-0.0629,-0.5571,4.820,-6.686,-3.561,4.709,0.0000,0.0000,0.0000,0.0000,0.0000,0.0000,0.0000,0.0000,37.60,24.64,34,-4.350,1,503.7
2308.311,+0.0146,-0.0166,-0.0200,-0.0600,-0.5514,4.609,-6.412,-4.321,4.991,0.0000,0.0000,0.0000,0.0000,0.0000,0.0000,0.0000,0.0000,37.60,24.66,34,-5.280,1,503.7
2308.341,+0.0718,-0.0388,-0.0267,-0.0571,-0.5486,4.353,-6.186,-5.293,3.871,0.0000,0.0000,0.0000,0.0000,0.0000,0.0000,0.0000,0.0000,37.60,24.66,34,-5.560,1,503.7
2308.373,+0.0187,-0.0399,-0.0267,-0.0571,-0.5429,4.052,-6.040,-5.732,3.154,0.0000,0.0000,0.0000,0.0000,0.0000,0.0000,0.0000,0.0000,37.60,24.66,34,-5.810,1,503.7
2308.408,+0.0434,-0.0394,-0.0267,-0.0571,-0.5429,4.039,-6.035,-6.255,2.151,0.0000,0.0000,0.0000,0.0000,0.0000,0.0000,0.0000,0.0000,37.60,24.66,34,-6.000,1,503.7
2308.438,+0.0487,-0.0088,-0.0333,-0.0500,-0.5386,4.039,-6.035,-6.255,2.151,0.0000,0.0000,0.0000,0.0000,0.0000,0.0000,0.0000,0.0000,37.22,24.68,34,-6.000,1,498.6
2308.495,+0.0229,-0.0202,-0.0333,-0.0471,-0.5300,3.386,-5.887,-6.502,1.366,0.0000,0.0000,0.0000,0.0000,0.0000,0.0000,0.0000,0.0000,37.22,24.68,34,-6.140,1,498.6
2308.515,+0.0229,-0.0451,-0.0333,-0.0471,-0.5300,3.386,-5.887,-6.502,1.366,0.0000,0.0000,0.0000,0.0000,0.0000,0.0000,0.0000,0.0000,37.22,24.70,33,-6.140,1,498.6
2308.539,+0.0229,-0.0360,-0.0333,-0.0471,-0.5271,3.052,-5.817,-5.961,1.509,0.0000,0.0000,0.0000,0.0000,0.0000,0.0000,0.0000,0.0000,37.22,24.70,33,-6.040,1,498.6
2308.574,-0.0020,-0.0221,-0.0333,-0.0471,-0.5271,3.052,-5.817,-5.961,1.509,0.0000,0.0000,0.0000,0.0000,0.0000,0.0000,0.0000,0.0000,37.22,24.70,33,-6.040,1,498.6
2308.606,+0.0208,-0.0289,-0.0333,-0.0471,-0.5271,3.052,-5.817,-5.961,1.509,0.0000,0.0000,0.0000,0.0000,0.0000,0.0000,0.0000,0.0000,37.22,24.70,33,-6.040,1,498.6
2308.632,-0.0119,+0.0148,-0.0333,-0.0471,-0.5271,3.052,-5.817,-5.961,1.509,0.0000,0.0000,0.0000,0.0000,0.0000,0.0000,0.0000,0.0000,37.22,24.70,33,-6.040,1,498.6
2308.678,-0.0003,-0.0191,-0.0333,-0.0471,-0.5271,2.782,-5.741,-4.887,1.713,0.0000,0.0000,0.0000,0.0000,0.0000,0.0000,0.0000,0.0000,37.22,24.70,33,-6.040,1,498.6
2308.737,+0.0011,-0.0165,-0.0333,-0.0486,-0.5200,2.773,-5.738,-4.643,1.755,0.0000,0.0000,0.0000,0.0000,0.0000,0.0000,0.0000,0.0000,36.89,24.70,33,-6.270,1,493.6
2308.772,-0.0100,+0.0074,-0.0333,-0.0514,-0.5229,2.332,-5.622,-3.940,0.519,0.0000,0.0000,0.0000,0.0000,0.0000,0.0000,0.0000,0.0000,36.89,24.70,33,-6.090,1,493.6
2308.798,+0.0125,+0.0074,-0.0333,-0.0514,-0.5229,2.324,-5.622,-3.851,0.264,0.0000,0.0000,0.0000,0.0000,0.0000,0.0000,0.0000,0.0000,36.89,24.71,33,-6.090,1,493.6
2308.879,+0.0007,+0.0074,-0.0400,-0.0457,-0.5200,1.982,-5.636,-2.940,0.066,0.0000,0.0000,0.0000,0.0000,0.0000,0.0000,0.0000,0.0000,36.59,24.71,33,-6.140,1,488.5
2308.907,+0.0407,-0.0464,-0.0400,-0.0429,-0.5086,1.828,-5.619,-2.835,0.584,0.0000,0.0000,0.0000,0.0000,0.0000,0.0000,0.0000,0.0000,36.59,24.71,33,-8.800,1,488.5
2308.931,+0.0125,+0.0037,-0.0400,-0.0414,-0.4957,1.828,-5.619,-2.835,0.584,0.0000,0.0000,0.0000,0.0000,0.0000,0.0000,0.0000,0.0000,36.59,24.71,32,-8.800,1,488.5
2308.973,+0.0334,+0.0037,-0.0467,-0.0371,-0.4771,1.677,-5.580,-3.120,0.961,0.0000,0.0000,0.0000,0.0000,0.0000,0.0000,0.0000,0.0000,36.59,24.71,32,-8.720,1,488.5
2309.019,+0.0338,-0.0305,-0.0400,-0.0386,-0.4700,1.507,-5.525,-3.181,1.224,0.0000,0.0000,0.0000,0.0000,0.0000,0.0000,0.0000,0.0000,36.59,24.71,32,-9.430,1,488.5
2309.049,+0.0167,-0.0513,-0.0400,-0.0386,-0.4700,1.361,-5.456,-2.742,1.395,0.0000,0.0000,0.0000,0.0000,0.0000,0.0000,0.0000,0.0000,36.37,24.71,32,-9.430,1,484.7
2309.077,+0.0466,-0.0037,-0.0467,-0.0343,-0.4600,1.361,-5.456,-2.742,1.395,0.0000,0.0000,0.0000,0.0000,0.0000,0.0000,0.0000,0.0000,36.37,24.71,32,-9.860,1,484.7
2309.101,+0.0542,-0.0037,-0.0467,-0.0343,-0.4600,1.361,-5.456,-2.742,1.395,0.0000,0.0000,0.0000,0.0000,0.0000,0.0000,0.0000,0.0000,36.37,24.71,32,-9.860,1,484.7
2309.162,+0.0359,-0.0305,-0.0467,-0.0343,-0.4629,1.058,-5.340,-2.786,0.461,0.0000,0.0000,0.0000,0.0000,0.0000,0.0000,0.0000,0.0000,36.37,24.71,32,-8.500,1,484.7
2309.182,+0.0633,+0.0644,-0.0467,-0.0329,-0.4643,0.911,-5.393,-3.228,-2.894,0.0000,0.0000,0.0000,0.0000,0.0000,0.0000,0.0000,0.0000,36.37,24.71,32,-8.940,1,484.7
2309.209,+0.0250,+0.1102,-0.0533,-0.0286,-0.4600,0.905,-5.399,-3.205,-2.764,0.0000,0.0000,0.0000,0.0000,0.0000,0.0000,0.0000,0.0000,36.37,24.71,32,-10.320,1,484.7
2309.237,+0.0250,+0.1116,-0.0533,-0.0286,-0.4600,0.905,-5.399,-3.205,-2.764,0.0000,0.0000,0.0000,0.0000,0.0000,0.0000,0.0000,0.0000,36.09,24.71,32,-10.320,1,479.5
2309.263,+0.0250,+0.0698,-0.0533,-0.0300,-0.4757,0.742,-5.619,-3.197,-5.307,0.0000,0.0000,0.0000,0.0000,0.0000,0.0000,0.0000,0.0000,36.09,24.71,32,-8.600,1,479.5
2309.358,+0.0250,+0.0885,-0.0467,-0.0357,-0.4986,0.368,-6.324,-1.553,-3.085,0.0000,0.0000,0.0000,0.0000,0.0000,0.0000,0.0000,0.0000,36.09,24.70,33,-6.750,1,479.5
2309.390,-0.0019,+0.1251,-0.0467,-0.0357,-0.5043,0.368,-6.324,-1.553,-3.085,0.0000,0.0000,0.0000,0.0000,0.0000,0.0000,0.0000,0.0000,36.09,24.70,33,-6.620,1,479.5
2309.415,+0.0229,+0.1584,-0.0467,-0.0357,-0.5129,0.365,-6.330,-1.582,-3.127,0.0000,0.0000,0.0000,0.0000,0.0000,0.0000,0.0000,0.0000,36.09,24.70,33,-6.460,1,479.5
2309.440,+0.0229,+0.1648,-0.0467,-0.0357,-0.5129,0.365,-6.330,-1.582,-3.127,0.0000,0.0000,0.0000,0.0000,0.0000,0.0000,0.0000,0.0000,35.82,24.70,33,-6.460,1,474.5
2309.478,+0.0229,+0.1335,-0.0467,-0.0371,-0.5171,0.295,-6.465,-0.899,-2.202,0.0000,0.0000,0.0000,0.0000,0.0000,0.0000,0.0000,0.0000,35.82,24.70,33,-6.150,1,474.5
2309.502,+0.0570,+0.1198,-0.0467,-0.0386,-0.5243,0.293,-6.557,0.690,-1.447,0.0000,0.0000,0.0000,0.0000,0.0000,0.0000,0.0000,0.0000,35.82,24.70,33,-5.600,1,474.5
2309.529,+0.0250,+0.1190,-0.0467,-0.0400,-0.5314,0.338,-6.634,0.769,-1.246,0.0000,0.0000,0.0000,0.0000,0.0000,0.0000,0.0000,0.0000,35.82,24.70,33,-5.410,1,474.5
2309.571,+0.0463,+0.1045,-0.0467,-0.0400,-0.5314,0.338,-6.634,0.769,-1.246,0.0000,0.0000,0.0000,0.0000,0.0000,0.0000,0.0000,0.0000,35.82,24.70,33,-5.410,1,474.5
2309.604,+0.0526,+0.0704,-0.0467,-0.0400,-0.5314,0.338,-6.634,0.769,-1.246,0.0000,0.0000,0.0000,0.0000,0.0000,0.0000,0.0000,0.0000,35.82,24.70,33,-5.410,1,474.5
2309.639,+0.0540,+0.1145,-0.0467,-0.0400,-0.5314,0.338,-6.634,0.769,-1.246,0.0000,0.0000,0.0000,0.0000,0.0000,0.0000,0.0000,0.0000,35.82,24.70,33,-5.410,1,474.5
2309.681,+0.0734,+0.0741,-0.0467,-0.0400,-0.5314,0.370,-6.691,0.537,-1.105,0.0000,0.0000,0.0000,0.0000,0.0000,0.0000,0.0000,0.0000,35.82,24.70,33,-5.410,1,474.5
2309.708,+0.0663,+0.0741,-0.0467,-0.0414,-0.5357,0.404,-6.726,0.778,-0.133,0.0000,0.0000,0.0000,0.0000,0.0000,0.0000,0.0000,0.0000,35.82,24.70,33,-5.400,1,474.5
2309.737,+0.0675,+0.0741,-0.0467,-0.0414,-0.5357,0.404,-6.726,0.778,-0.133,0.0000,0.0000,0.0000,0.0000,0.0000,0.0000,0.0000,0.0000,35.40,24.70,33,-5.400,1,468.3
2309.802,+0.0537,+0.0741,-0.0533,-0.0371,-0.5371,0.458,-6.708,-0.015,0.168,0.0000,0.0000,0.0000,0.0000,0.0000,0.0000,0.0000,0.0000,35.40,24.71,33,-5.500,1,468.3
2309.836,+0.0932,+0.0741,-0.0533,-0.0357,-0.5414,0.427,-6.751,-0.553,-0.628,0.0000,0.0000,0.0000,0.0000,0.0000,0.0000,0.0000,0.0000,35.40,24.71,33,-5.560,1,468.3
2309.868,+0.0458,+0.0741,-0.0533,-0.0357,-0.5443,0.427,-6.751,-0.553,-0.628,0.0000,0.0000,0.0000,0.0000,0.0000,0.0000,0.0000,0.0000,35.03,24.72,33,-5.560,1,463.3
2309.960,+0.0671,+0.0930,-0.0533,-0.0371,-0.5457,0.382,-6.830,-0.038,-0.840,0.0000,0.0000,0.0000,0.0000,0.0000,0.0000,0.0000,0.0000,35.03,24.73,33,-5.480,1,463.3
2309.989,+0.0500,+0.0254,-0.0533,-0.0386,-0.5471,0.382,-6.830,-0.038,-0.840,0.0000,0.0000,0.0000,0.0000,0.0000,0.0000,0.0000,0.0000,35.03,24.73,33,-5.430,1,463.3
2310.017,+0.0190,+0.0741,-0.0533,-0.0386,-0.5471,0.372,-6.836,-0.041,-0.372,0.0000,0.0000,0.0000,0.0000,0.0000,0.0000,0.0000,0.0000,35.03,24.74,33,-5.380,1,463.3
2310.038,+0.0479,+0.0032,-0.0533,-0.0386,-0.5471,0.372,-6.836,-0.041,-0.372,0.0000,0.0000,0.0000,0.0000,0.0000,0.0000,0.0000,0.0000,34.74,24.74,33,-5.380,1,459.6
2310.072,+0.0231,+0.0704,-0.0533,-0.0357,-0.5443,0.372,-6.835,-0.059,0.722,0.0000,0.0000,0.0000,0.0000,0.0000,0.0000,0.0000,0.0000,34.74,24.74,33,-5.470,1,459.6
2310.098,+0.0458,-0.0463,-0.0533,-0.0357,-0.5443,0.372,-6.835,-0.059,0.722,0.0000,0.0000,0.0000,0.0000,0.0000,0.0000,0.0000,0.0000,34.74,24.74,33,-5.470,1,459.6
2310.135,+0.0458,+0.0215,-0.0533,-0.0357,-0.5443,0.378,-6.779,0.785,1.659,0.0000,0.0000,0.0000,0.0000,0.0000,0.0000,0.0000,0.0000,34.74,24.74,33,-5.470,1,459.6
2310.167,+0.0458,+0.0107,-0.0533,-0.0371,-0.5371,0.439,-6.662,1.704,2.813,0.0000,0.0000,0.0000,0.0000,0.0000,0.0000,0.0000,0.0000,34.74,24.75,32,-6.700,1,459.6
2310.215,+0.0458,-0.0103,-0.0533,-0.0357,-0.5186,0.619,-6.397,1.968,2.605,0.0000,0.0000,0.0000,0.0000,0.0000,0.0000,0.0000,0.0000,34.74,24.75,32,-6.440,1,459.6
2310.236,+0.0859,-0.0232,-0.0533,-0.0357,-0.5186,0.619,-6.397,1.968,2.605,0.0000,0.0000,0.0000,0.0000,0.0000,0.0000,0.0000,0.0000,34.37,24.76,32,-6.440,1,454.6
2310.265,+0.0768,-0.0070,-0.0533,-0.0357,-0.5186,0.714,-6.278,1.571,2.109,0.0000,0.0000,0.0000,0.0000,0.0000,0.0000,0.0000,0.0000,34.37,24.76,32,-6.300,1,454.6
2310.301,+0.0744,-0.0027,-0.0600,-0.0314,-0.5171,0.784,-6.179,0.977,1.854,0.0000,0.0000,0.0000,0.0000,0.0000,0.0000,0.0000,0.0000,34.37,24.78,32,-6.430,1,454.6
2310.333,+0.0787,-0.0102,-0.0600,-0.0314,-0.5114,0.815,-6.097,0.318,1.694,0.0000,0.0000,0.0000,0.0000,0.0000,0.0000,0.0000,0.0000,34.37,24.78,32,-7.540,1,454.6
2310.371,+0.0769,-0.0070,-0.0533,-0.0300,-0.4986,0.807,-6.020,-0.357,1.492,0.0000,0.0000,0.0000,0.0000,0.0000,0.0000,0.0000,0.0000,34.37,24.78,32,-8.790,1,454.6
2310.408,+0.1036,-0.0125,-0.0533,-0.0300,-0.4986,0.806,-6.017,-0.464,1.464,0.0000,0.0000,0.0000,0.0000,0.0000,0.0000,0.0000,0.0000,34.37,24.78,32,-7.650,1,454.6
2310.434,+0.0928,+0.0259,-0.0600,-0.0286,-0.4943,0.806,-6.017,-0.464,1.464,0.0000,0.0000,0.0000,0.0000,0.0000,0.0000,0.0000,0.0000,34.03,24.78,32,-7.650,1,449.6
2310.473,+0.0851,-0.0142,-0.0600,-0.0286,-0.4886,0.786,-5.969,-0.387,0.544,0.0000,0.0000,0.0000,0.0000,0.0000,0.0000,0.0000,0.0000,34.03,24.78,32,-8.950,1,449.6
2310.519,+0.0837,+0.0222,-0.0600,-0.0257,-0.4914,0.758,-5.969,-0.689,-0.544,0.0000,0.0000,0.0000,0.0000,0.0000,0.0000,0.0000,0.0000,34.03,24.79,32,-7.700,1,449.6
2310.545,+0.0667,+0.0819,-0.0600,-0.0271,-0.4957,0.758,-5.969,-0.689,-0.544,0.0000,0.0000,0.0000,0.0000,0.0000,0.0000,0.0000,0.0000,34.03,24.79,32,-7.190,1,449.6
2310.570,+0.0667,+0.0259,-0.0600,-0.0271,-0.4957,0.758,-5.969,-0.689,-0.544,0.0000,0.0000,0.0000,0.0000,0.0000,0.0000,0.0000,0.0000,34.03,24.79,32,-7.190,1,449.6
2310.602,+0.0667,+0.0259,-0.0600,-0.0271,-0.4957,0.758,-5.969,-0.689,-0.544,0.0000,0.0000,0.0000,0.0000,0.0000,0.0000,0.0000,0.0000,34.03,24.79,32,-7.190,1,449.6
2310.631,+0.0667,+0.0781,-0.0600,-0.0271,-0.4957,0.758,-5.969,-0.689,-0.544,0.0000,0.0000,0.0000,0.0000,0.0000,0.0000,0.0000,0.0000,34.03,24.79,32,-7.190,1,449.6
2310.689,+0.0667,+0.0296,-0.0600,-0.0286,-0.5000,0.723,-6.025,-0.500,-1.290,0.0000,0.0000,0.0000,0.0000,0.0000,0.0000,0.0000,0.0000,34.03,24.79,32,-6.930,1,449.6
2310.709,+0.0667,+0.0296,-0.0533,-0.0300,-0.5043,0.708,-6.080,0.012,-0.804,0.0000,0.0000,0.0000,0.0000,0.0000,0.0000,0.0000,0.0000,34.03,24.79,32,-6.460,1,449.6
2310.783,+0.0667,+0.0296,-0.0533,-0.0314,-0.5086,0.745,-6.105,0.739,0.280,0.0000,0.0000,0.0000,0.0000,0.0000,0.0000,0.0000,0.0000,33.70,24.79,32,-6.230,1,444.5
2310.812,+0.0957,+0.0813,-0.0533,-0.0314,-0.5114,0.794,-6.092,1.547,0.464,0.0000,0.0000,0.0000,0.0000,0.0000,0.0000,0.0000,0.0000,33.70,24.79,32,-5.950,1,444.5
2310.837,+0.0688,+0.0333,-0.0533,-0.0314,-0.5143,0.895,-6.074,2.262,0.253,0.0000,0.0000,0.0000,0.0000,0.0000,0.0000,0.0000,0.0000,33.70,24.79,32,-6.140,1,444.5
2310.915,+0.0811,+0.0333,-0.0533,-0.0329,-0.5157,1.107,-6.109,1.928,-0.774,0.0000,0.0000,0.0000,0.0000,0.0000,0.0000,0.0000,0.0000,33.39,24.79,32,-6.060,1,439.6
2310.951,+0.0948,+0.0760,-0.0533,-0.0343,-0.5200,1.111,-6.111,1.841,-0.938,0.0000,0.0000,0.0000,0.0000,0.0000,0.0000,0.0000,0.0000,33.39,24.79,32,-6.100,1,439.6
2310.974,+0.0729,+0.0370,-0.0600,-0.0314,-0.5200,1.199,-6.165,1.711,-0.998,0.0000,0.0000,0.0000,0.0000,0.0000,0.0000,0.0000,0.0000,33.39,24.79,32,-6.110,1,439.6
2311.026,+0.1079,+0.0681,-0.0600,-0.0300,-0.5214,1.202,-6.167,1.637,-1.034,0.0000,0.0000,0.0000,0.0000,0.0000,0.0000,0.0000,0.0000,33.39,24.79,32,-5.920,1,439.6
2311.048,+0.0771,+0.0407,-0.0600,-0.0300,-0.5214,1.274,-6.213,1.505,-0.881,0.0000,0.0000,0.0000,0.0000,0.0000,0.0000,0.0000,0.0000,33.15,24.79,32,-5.920,1,435.8
2311.074,+0.0771,+0.0407,-0.0533,-0.0329,-0.5243,1.274,-6.213,1.505,-0.881,0.0000,0.0000,0.0000,0.0000,0.0000,0.0000,0.0000,0.0000,33.15,24.79,32,-5.970,1,435.8
2311.104,+0.0771,+0.0916,-0.0533,-0.0329,-0.5243,1.274,-6.213,1.505,-0.881,0.0000,0.0000,0.0000,0.0000,0.0000,0.0000,0.0000,0.0000,33.15,24.79,32,-5.970,1,435.8
2311.137,+0.1033,+0.0444,-0.0533,-0.0329,-0.5243,1.350,-6.255,1.455,-0.671,0.0000,0.0000,0.0000,0.0000,0.0000,0.0000,0.0000,0.0000,33.15,24.79,32,-5.970,1,435.8
2311.163,+0.0792,+0.1027,-0.0600,-0.0300,-0.5243,1.424,-6.288,1.534,-0.547,0.0000,0.0000,0.0000,0.0000,0.0000,0.0000,0.0000,0.0000,33.15,24.79,32,-5.850,1,435.8
2311.203,+0.0792,+0.0481,-0.0533,-0.0329,-0.5271,1.551,-6.359,1.366,-0.859,0.0000,0.0000,0.0000,0.0000,0.0000,0.0000,0.0000,0.0000,33.15,24.79,32,-5.660,1,435.8
2311.237,+0.0792,+0.0930,-0.0600,-0.0300,-0.5300,1.551,-6.359,1.366,-0.859,0.0000,0.0000,0.0000,0.0000,0.0000,0.0000,0.0000,0.0000,32.75,24.79,32,-5.720,1,429.7
2311.271,+0.0792,+0.0519,-0.0533,-0.0343,-0.5314,1.616,-6.398,1.326,-0.391,0.0000,0.0000,0.0000,0.0000,0.0000,0.0000,0.0000,0.0000,32.75,24.79,32,-5.320,1,429.7
2311.296,+0.0792,+0.0519,-0.0533,-0.0343,-0.5314,1.690,-6.396,1.705,0.677,0.0000,0.0000,0.0000,0.0000,0.0000,0.0000,0.0000,0.0000,32.75,24.79,32,-5.310,1,429.7
2311.364,+0.0792,+0.0519,-0.0533,-0.0343,-0.5314,1.773,-6.355,1.756,0.962,0.0000,0.0000,0.0000,0.0000,0.0000,0.0000,0.0000,0.0000,32.75,24.79,32,-5.400,1,429.7
2311.395,+0.0792,+0.0519,-0.0533,-0.0343,-0.5314,1.773,-6.355,1.756,0.962,0.0000,0.0000,0.0000,0.0000,0.0000,0.0000,0.0000,0.0000,32.75,24.79,32,-5.400,1,429.7
2311.431,+0.1035,+0.0086,-0.0533,-0.0343,-0.5314,1.776,-6.353,1.752,0.959,0.0000,0.0000,0.0000,0.0000,0.0000,0.0000,0.0000,0.0000,32.75,24.79,32,-5.410,1,429.7
2311.468,+0.0813,+0.0481,-0.0533,-0.0343,-0.5343,1.861,-6.312,1.773,0.772,0.0000,0.0000,0.0000,0.0000,0.0000,0.0000,0.0000,0.0000,32.49,24.79,32,-5.400,1,425.9
2311.515,+0.1000,+0.0148,-0.0600,-0.0314,-0.5343,1.950,-6.283,1.712,0.439,0.0000,0.0000,0.0000,0.0000,0.0000,0.0000,0.0000,0.0000,32.49,24.80,32,-5.550,1,425.9
2311.582,+0.0973,+0.0444,-0.0533,-0.0329,-0.5329,2.028,-6.270,1.599,0.219,0.0000,0.0000,0.0000,0.0000,0.0000,0.0000,0.0000,0.0000,32.49,24.80,32,-5.570,1,425.9
2311.604,+0.0854,+0.0444,-0.0533,-0.0329,-0.5329,2.028,-6.270,1.599,0.219,0.0000,0.0000,0.0000,0.0000,0.0000,0.0000,0.0000,0.0000,32.49,24.80,32,-5.570,1,425.9
2311.639,+0.0854,+0.0000,-0.0533,-0.0329,-0.5329,2.028,-6.270,1.599,0.219,0.0000,0.0000,0.0000,0.0000,0.0000,0.0000,0.0000,0.0000,32.49,24.80,32,-5.570,1,425.9
2311.668,+0.1143,+0.0407,-0.0533,-0.0329,-0.5329,2.028,-6.270,1.599,0.219,0.0000,0.0000,0.0000,0.0000,0.0000,0.0000,0.0000,0.0000,32.49,24.80,32,-5.570,1,425.9
2311.700,+0.0875,-0.0078,-0.0600,-0.0329,-0.5329,2.174,-6.259,1.363,0.136,0.0000,0.0000,0.0000,0.0000,0.0000,0.0000,0.0000,0.0000,32.49,24.80,32,-5.680,1,425.9
2311.729,+0.0875,+0.0370,-0.0600,-0.0314,-0.5314,2.174,-6.259,1.363,0.136,0.0000,0.0000,0.0000,0.0000,0.0000,0.0000,0.0000,0.0000,32.07,24.80,32,-5.680,1,419.8
2311.763,+0.0875,-0.0077,-0.0600,-0.0314,-0.5286,2.258,-6.203,0.834,1.160,0.0000,0.0000,0.0000,0.0000,0.0000,0.0000,0.0000,0.0000,32.07,24.80,32,-5.600,1,419.8
2311.811,+0.0875,+0.0003,-0.0600,-0.0286,-0.5114,2.350,-6.054,1.091,1.678,0.0000,0.0000,0.0000,0.0000,0.0000,0.0000,0.0000,0.0000,32.07,24.80,31,-6.940,1,419.8
2311.857,+0.0875,+0.0296,-0.0533,-0.0300,-0.5014,2.404,-5.976,1.096,1.604,0.0000,0.0000,0.0000,0.0000,0.0000,0.0000,0.0000,0.0000,32.07,24.81,31,-6.920,1,419.8
2311.879,+0.0875,-0.0388,-0.0533,-0.0300,-0.5014,2.404,-5.976,1.096,1.604,0.0000,0.0000,0.0000,0.0000,0.0000,0.0000,0.0000,0.0000,31.66,24.81,31,-6.920,1,413.6
2311.967,+0.0875,+0.0062,-0.0600,-0.0271,-0.4843,2.515,-5.848,1.142,1.080,0.0000,0.0000,0.0000,0.0000,0.0000,0.0000,0.0000,0.0000,31.66,24.81,31,-7.430,1,413.6
2311.997,+0.1159,-0.0283,-0.0600,-0.0271,-0.4843,2.515,-5.848,1.142,1.080,0.0000,0.0000,0.0000,0.0000,0.0000,0.0000,0.0000,0.0000,31.66,24.81,31,-7.430,1,413.6
2312.021,+0.0896,+0.0185,-0.0600,-0.0286,-0.4857,2.517,-5.846,1.141,1.083,0.0000,0.0000,0.0000,0.0000,0.0000,0.0000,0.0000,0.0000,31.66,24.81,31,-7.270,1,413.6
2312.049,+0.0896,-0.0366,-0.0600,-0.0286,-0.4857,2.582,-5.803,1.416,0.824,0.0000,0.0000,0.0000,0.0000,0.0000,0.0000,0.0000,0.0000,31.49,24.81,31,-7.270,1,410.9
2312.097,+0.1080,+0.0475,-0.0600,-0.0257,-0.4829,2.582,-5.803,1.416,0.824,0.0000,0.0000,0.0000,0.0000,0.0000,0.0000,0.0000,0.0000,31.49,24.81,31,-7.800,1,410.9
2312.128,+0.0917,+0.0687,-0.0600,-0.0257,-0.4829,2.582,-5.803,1.416,0.824,0.0000,0.0000,0.0000,0.0000,0.0000,0.0000,0.0000,0.0000,31.49,24.81,31,-7.800,1,410.9
2312.163,+0.0917,+0.0654,-0.0600,-0.0286,-0.4886,2.725,-5.849,0.957,-2.583,0.0000,0.0000,0.0000,0.0000,0.0000,0.0000,0.0000,0.0000,31.49,24.81,31,-7.240,1,410.9
2312.203,+0.0917,+0.1046,-0.0600,-0.0286,-0.5057,2.808,-6.165,1.034,-3.261,0.0000,0.0000,0.0000,0.0000,0.0000,0.0000,0.0000,0.0000,31.49,24.81,31,-6.670,1,410.9
2312.230,+0.0917,+0.1450,-0.0600,-0.0300,-0.5100,2.808,-6.165,1.034,-3.261,0.0000,0.0000,0.0000,0.0000,0.0000,0.0000,0.0000,0.0000,31.49,24.80,31,-6.250,1,410.9
2312.271,+0.0703,+0.1168,-0.0600,-0.0314,-0.5143,2.868,-6.316,1.379,-2.568,0.0000,0.0000,0.0000,0.0000,0.0000,0.0000,0.0000,0.0000,31.12,24.80,31,-6.060,1,404.9
2312.297,+0.0896,+0.1056,-0.0600,-0.0314,-0.5200,2.941,-6.421,1.724,-1.915,0.0000,0.0000,0.0000,0.0000,0.0000,0.0000,0.0000,0.0000,31.12,24.80,31,-5.510,1,404.9
2312.327,+0.0896,+0.1027,-0.0600,-0.0314,-0.5200,3.030,-6.502,2.031,-1.476,0.0000,0.0000,0.0000,0.0000,0.0000,0.0000,0.0000,0.0000,31.12,24.80,31,-5.210,1,404.9
2312.405,+0.0774,+0.1206,-0.0533,-0.0329,-0.5329,3.283,-6.629,2.706,-1.081,0.0000,0.0000,0.0000,0.0000,0.0000,0.0000,0.0000,0.0000,31.12,24.80,31,-5.160,1,404.9
2312.429,+0.0875,+0.0667,-0.0533,-0.0343,-0.5371,3.283,-6.629,2.706,-1.081,0.0000,0.0000,0.0000,0.0000,0.0000,0.0000,0.0000,0.0000,31.12,24.80,31,-5.160,1,404.9
2312.478,+0.0875,+0.0991,-0.0533,-0.0357,-0.5414,3.288,-6.631,2.757,-1.042,0.0000,0.0000,0.0000,0.0000,0.0000,0.0000,0.0000,0.0000,30.70,24.80,31,-5.100,1,398.7
2312.535,+0.0875,+0.0989,-0.0533,-0.0357,-0.5386,3.546,-6.680,2.656,0.835,0.0000,0.0000,0.0000,0.0000,0.0000,0.0000,0.0000,0.0000,30.70,24.80,31,-5.130,1,398.7
2312.564,+0.1164,+0.0741,-0.0533,-0.0357,-0.5386,3.546,-6.680,2.656,0.835,0.0000,0.0000,0.0000,0.0000,0.0000,0.0000,0.0000,0.0000,30.70,24.80,31,-5.130,1,398.7
2312.605,+0.0896,+0.0741,-0.0533,-0.0357,-0.5386,3.546,-6.680,2.656,0.835,0.0000,0.0000,0.0000,0.0000,0.0000,0.0000,0.0000,0.0000,30.70,24.80,31,-5.130,1,398.7
2312.631,+0.1214,+0.0176,-0.0533,-0.0357,-0.5386,3.546,-6.680,2.656,0.835,0.0000,0.0000,0.0000,0.0000,0.0000,0.0000,0.0000,0.0000,30.70,24.80,31,-5.130,1,398.7
2312.667,+0.0917,+0.0704,-0.0533,-0.0357,-0.5386,3.546,-6.680,2.656,0.835,0.0000,0.0000,0.0000,0.0000,0.0000,0.0000,0.0000,0.0000,30.70,24.80,31,-5.130,1,398.7
2312.694,+0.0917,+0.0138,-0.0533,-0.0357,-0.5414,3.661,-6.626,2.219,1.272,0.0000,0.0000,0.0000,0.0000,0.0000,0.0000,0.0000,0.0000,30.70,24.80,31,-5.000,1,398.7
2312.727,+0.0917,+0.0667,-0.0533,-0.0357,-0.5414,3.661,-6.626,2.219,1.272,0.0000,0.0000,0.0000,0.0000,0.0000,0.0000,0.0000,0.0000,30.70,24.80,32,-4.910,1,398.7
2312.779,+0.0917,+0.0667,-0.0600,-0.0329,-0.5443,3.841,-6.544,1.499,0.375,0.0000,0.0000,0.0000,0.0000,0.0000,0.0000,0.0000,0.0000,30.43,24.80,32,-5.240,1,395.0
2312.812,+0.1175,+0.0667,-0.0533,-0.0357,-0.5443,3.904,-6.547,1.375,-0.082,0.0000,0.0000,0.0000,0.0000,0.0000,0.0000,0.0000,0.0000,30.43,24.81,31,-5.270,1,395.0
2312.845,+0.0678,+0.0667,-0.0533,-0.0357,-0.5414,3.984,-6.577,0.699,0.096,0.0000,0.0000,0.0000,0.0000,0.0000,0.0000,0.0000,0.0000,30.43,24.81,31,-5.250,1,395.0
2312.870,+0.0917,+0.0667,-0.0533,-0.0357,-0.5414,3.984,-6.577,0.699,0.096,0.0000,0.0000,0.0000,0.0000,0.0000,0.0000,0.0000,0.0000,29.97,24.82,31,-5.250,1,388.8
2312.913,+0.0709,+0.0298,-0.0533,-0.0357,-0.5414,4.007,-6.539,0.802,1.319,0.0000,0.0000,0.0000,0.0000,0.0000,0.0000,0.0000,0.0000,29.97,24.82,31,-5.010,1,388.8
2312.967,+0.0730,+0.0335,-0.0533,-0.0357,-0.5386,4.061,-6.449,1.617,2.683,0.0000,0.0000,0.0000,0.0000,0.0000,0.0000,0.0000,0.0000,29.97,24.82,31,-5.040,1,388.8
2313.000,+0.0608,-0.0358,-0.0533,-0.0386,-0.5386,4.138,-6.312,1.912,3.360,0.0000,0.0000,0.0000,0.0000,0.0000,0.0000,0.0000,0.0000,29.97,24.82,31,-5.040,1,388.8
2313.026,+0.0854,-0.0620,-0.0533,-0.0371,-0.5343,4.138,-6.312,1.912,3.360,0.0000,0.0000,0.0000,0.0000,0.0000,0.0000,0.0000,0.0000,29.97,24.83,31,-5.170,1,388.8
2313.067,+0.0854,-0.0321,-0.0467,-0.0386,-0.5329,4.234,-6.142,1.856,3.140,0.0000,0.0000,0.0000,0.0000,0.0000,0.0000,0.0000,0.0000,29.71,24.83,31,-5.480,1,385.3
2313.098,+0.0854,-0.0116,-0.0467,-0.0386,-0.5329,4.234,-6.142,1.856,3.140,0.0000,0.0000,0.0000,0.0000,0.0000,0.0000,0.0000,0.0000,29.71,24.83,31,-5.480,1,385.3
2313.135,+0.0854,-0.0506,-0.0467,-0.0386,-0.5329,4.313,-6.008,1.560,2.610,0.0000,0.0000,0.0000,0.0000,0.0000,0.0000,0.0000,0.0000,29.71,24.83,31,-5.480,1,385.3
2313.165,+0.0854,-0.0248,-0.0533,-0.0357,-0.5271,4.375,-5.897,1.247,2.301,0.0000,0.0000,0.0000,0.0000,0.0000,0.0000,0.0000,0.0000,29.71,24.83,31,-5.920,1,385.3
2313.205,+0.0854,-0.0160,-0.0533,-0.0343,-0.5200,4.446,-5.698,0.573,1.803,0.0000,0.0000,0.0000,0.0000,0.0000,0.0000,0.0000,0.0000,29.71,24.83,31,-6.170,1,385.3
2313.239,+0.1111,-0.0271,-0.0533,-0.0329,-0.5157,4.446,-5.698,0.573,1.803,0.0000,0.0000,0.0000,0.0000,0.0000,0.0000,0.0000,0.0000,29.30,24.84,31,-6.170,1,379.1
2313.268,+0.0875,-0.0380,-0.0533,-0.0329,-0.5157,4.463,-5.632,0.425,1.452,0.0000,0.0000,0.0000,0.0000,0.0000,0.0000,0.0000,0.0000,29.30,24.84,31,-6.100,1,379.1
2313.297,+0.0875,+0.0111,-0.0600,-0.0300,-0.5157,4.464,-5.631,0.186,0.790,0.0000,0.0000,0.0000,0.0000,0.0000,0.0000,0.0000,0.0000,29.30,24.83,31,-6.070,1,379.1
2313.332,+0.0875,-0.0337,-0.0533,-0.0329,-0.5157,4.466,-5.625,0.173,-0.128,0.0000,0.0000,0.0000,0.0000,0.0000,0.0000,0.0000,0.0000,29.30,24.83,31,-6.140,1,379.1
2313.391,+0.0721,+0.0074,-0.0533,-0.0329,-0.5157,4.476,-5.644,0.435,-0.179,0.0000,0.0000,0.0000,0.0000,0.0000,0.0000,0.0000,0.0000,29.30,24.83,31,-5.870,1,379.1
2313.415,+0.0496,+0.0074,-0.0533,-0.0329,-0.5157,4.477,-5.644,0.504,-0.204,0.0000,0.0000,0.0000,0.0000,0.0000,0.0000,0.0000,0.0000,29.30,24.83,31,-6.060,1,379.1
2313.442,+0.0833,+0.0074,-0.0533,-0.0329,-0.5157,4.477,-5.644,0.504,-0.204,0.0000,0.0000,0.0000,0.0000,0.0000,0.0000,0.0000,0.0000,29.07,24.83,31,-6.060,1,375.3
2313.481,+0.0833,+0.0074,-0.0533,-0.0329,-0.5100,4.561,-5.650,1.308,0.458,0.0000,0.0000,0.0000,0.0000,0.0000,0.0000,0.0000,0.0000,29.07,24.83,31,-7.120,1,375.3
2313.528,+0.0643,+0.0074,-0.0533,-0.0300,-0.4843,4.636,-5.622,1.600,0.747,0.0000,0.0000,0.0000,0.0000,0.0000,0.0000,0.0000,0.0000,29.07,24.82,30,-8.960,1,375.3
2313.556,+0.0509,+0.0074,-0.0533,-0.0300,-0.4843,4.636,-5.622,1.600,0.747,0.0000,0.0000,0.0000,0.0000,0.0000,0.0000,0.0000,0.0000,29.07,24.82,30,-8.960,1,375.3
2313.582,+0.0792,+0.0074,-0.0533,-0.0300,-0.4843,4.636,-5.622,1.600,0.747,0.0000,0.0000,0.0000,0.0000,0.0000,0.0000,0.0000,0.0000,29.07,24.82,30,-8.960,1,375.3
2313.612,+0.0501,+0.0074,-0.0533,-0.0300,-0.4843,4.636,-5.622,1.600,0.747,0.0000,0.0000,0.0000,0.0000,0.0000,0.0000,0.0000,0.0000,29.07,24.82,30,-8.960,1,375.3
2313.684,+0.0771,-0.0156,-0.0533,-0.0300,-0.4843,4.639,-5.621,1.691,0.836,0.0000,0.0000,0.0000,0.0000,0.0000,0.0000,0.0000,0.0000,29.07,24.82,30,-9.350,1,375.3
2313.712,+0.0771,+0.0580,-0.0467,-0.0314,-0.4657,4.724,-5.581,1.749,0.952,0.0000,0.0000,0.0000,0.0000,0.0000,0.0000,0.0000,0.0000,29.07,24.82,29,-9.630,1,375.3
2313.751,+0.0771,+0.0074,-0.0467,-0.0314,-0.4657,4.812,-5.543,1.842,0.363,0.0000,0.0000,0.0000,0.0000,0.0000,0.0000,0.0000,0.0000,28.77,24.82,29,-9.630,1,370.1
2313.782,+0.1050,+0.0571,-0.0467,-0.0314,-0.4571,4.893,-5.549,1.540,-0.496,0.0000,0.0000,0.0000,0.0000,0.0000,0.0000,0.0000,0.0000,28.77,24.82,29,-10.070,1,370.1
2313.865,+0.0792,+0.0318,-0.0533,-0.0286,-0.4686,4.962,-5.732,0.417,-2.248,0.0000,0.0000,0.0000,0.0000,0.0000,0.0000,0.0000,0.0000,28.77,24.80,30,-8.700,1,370.1
2313.894,+0.0499,+0.0668,-0.0600,-0.0243,-0.4671,4.973,-5.847,0.307,-1.958,0.0000,0.0000,0.0000,0.0000,0.0000,0.0000,0.0000,0.0000,28.49,24.80,30,-8.460,1,365.2
2313.934,+0.0771,+0.0576,-0.0600,-0.0271,-0.4757,4.973,-5.851,0.297,-1.857,0.0000,0.0000,0.0000,0.0000,0.0000,0.0000,0.0000,0.0000,28.49,24.79,30,-7.470,1,365.2
2313.961,+0.0463,+0.0769,-0.0533,-0.0286,-0.4829,4.990,-5.941,0.590,-1.316,0.0000,0.0000,0.0000,0.0000,0.0000,0.0000,0.0000,0.0000,28.49,24.79,30,-7.110,1,365.2
2314.001,+0.0308,+0.0652,-0.0467,-0.0343,-0.4914,5.024,-6.010,1.062,-0.957,0.0000,0.0000,0.0000,0.0000,0.0000,0.0000,0.0000,0.0000,28.49,24.79,30,-6.760,1,365.2
2314.047,+0.0516,+0.0638,-0.0467,-0.0343,-0.4943,5.085,-6.070,1.536,-0.841,0.0000,0.0000,0.0000,0.0000,0.0000,0.0000,0.0000,0.0000,28.26,24.78,30,-6.570,1,361.3
2314.085,+0.0688,+0.0746,-0.0467,-0.0371,-0.5000,5.085,-6.070,1.536,-0.841,0.0000,0.0000,0.0000,0.0000,0.0000,0.0000,0.0000,0.0000,28.26,24.78,30,-6.450,1,361.3
2314.112,+0.0374,+0.0927,-0.0467,-0.0371,-0.5000,5.085,-6.070,1.536,-0.841,0.0000,0.0000,0.0000,0.0000,0.0000,0.0000,0.0000,0.0000,28.26,24.78,30,-6.450,1,361.3
2314.174,+0.0667,+0.0671,-0.0467,-0.0357,-0.5100,5.264,-6.190,2.133,-1.386,0.0000,0.0000,0.0000,0.0000,0.0000,0.0000,0.0000,0.0000,28.26,24.77,30,-6.360,1,361.3
2314.205,+0.0667,+0.0933,-0.0467,-0.0371,-0.5143,5.363,-6.273,1.971,-1.706,0.0000,0.0000,0.0000,0.0000,0.0000,0.0000,0.0000,0.0000,28.26,24.77,30,-6.000,1,361.3
2314.237,+0.0667,+0.0963,-0.0467,-0.0400,-0.5171,5.363,-6.273,1.971,-1.706,0.0000,0.0000,0.0000,0.0000,0.0000,0.0000,0.0000,0.0000,27.93,24.77,30,-6.000,1,356.2
2314.264,+0.0667,+0.1066,-0.0533,-0.0357,-0.5186,5.447,-6.356,1.507,-1.630,0.0000,0.0000,0.0000,0.0000,0.0000,0.0000,0.0000,0.0000,27.93,24.77,30,-6.060,1,356.2
2314.300,+0.0908,+0.0984,-0.0533,-0.0357,-0.5214,5.509,-6.432,1.099,-1.468,0.0000,0.0000,0.0000,0.0000,0.0000,0.0000,0.0000,0.0000,27.93,24.76,30,-5.870,1,356.2
2314.334,+0.0437,+0.0593,-0.0533,-0.0371,-0.5257,5.547,-6.504,0.624,-1.334,0.0000,0.0000,0.0000,0.0000,0.0000,0.0000,0.0000,0.0000,27.93,24.76,30,-5.700,1,356.2
2314.365,+0.0667,+0.1086,-0.0533,-0.0371,-0.5257,5.564,-6.574,0.380,-1.330,0.0000,0.0000,0.0000,0.0000,0.0000,0.0000,0.0000,0.0000,27.93,24.76,30,-5.610,1,356.2
2314.400,+0.0667,+0.1070,-0.0533,-0.0343,-0.5286,5.573,-6.657,0.175,-1.498,0.0000,0.0000,0.0000,0.0000,0.0000,0.0000,0.0000,0.0000,27.93,24.76,30,-5.610,1,356.2
2314.435,+0.0417,+0.1111,-0.0467,-0.0400,-0.5314,5.573,-6.657,0.175,-1.498,0.0000,0.0000,0.0000,0.0000,0.0000,0.0000,0.0000,0.0000,27.49,24.76,30,-5.800,1,349.9
2314.463,+0.0346,+0.1237,-0.0533,-0.0386,-0.5357,5.571,-6.758,0.202,-1.767,0.0000,0.0000,0.0000,0.0000,0.0000,0.0000,0.0000,0.0000,27.49,24.76,30,-5.520,1,349.9
2314.501,+0.0625,+0.1150,-0.0467,-0.0400,-0.5400,5.581,-6.859,0.464,-1.890,0.0000,0.0000,0.0000,0.0000,0.0000,0.0000,0.0000,0.0000,27.49,24.76,30,-5.350,1,349.9
2314.531,+0.0050,+0.1289,-0.0467,-0.0429,-0.5400,5.592,-6.931,0.489,-0.809,0.0000,0.0000,0.0000,0.0000,0.0000,0.0000,0.0000,0.0000,27.49,24.76,30,-5.160,1,349.9
2314.588,+0.0425,+0.0815,-0.0467,-0.0429,-0.5400,5.592,-6.931,0.489,-0.809,0.0000,0.0000,0.0000,0.0000,0.0000,0.0000,0.0000,0.0000,27.49,24.76,30,-5.160,1,349.9
2314.612,+0.0212,+0.0815,-0.0467,-0.0429,-0.5400,5.592,-6.931,0.489,-0.809,0.0000,0.0000,0.0000,0.0000,0.0000,0.0000,0.0000,0.0000,27.49,24.76,30,-5.160,1,349.9
2314.639,+0.0225,+0.0252,-0.0467,-0.0429,-0.5400,5.592,-6.931,0.489,-0.809,0.0000,0.0000,0.0000,0.0000,0.0000,0.0000,0.0000,0.0000,27.49,24.76,30,-5.160,1,349.9
2314.671,+0.0257,+0.0309,-0.0467,-0.0429,-0.5400,5.592,-6.931,0.489,-0.809,0.0000,0.0000,0.0000,0.0000,0.0000,0.0000,0.0000,0.0000,27.49,24.76,30,-5.160,1,349.9
2314.706,+0.0500,+0.0295,-0.0267,-0.0529,-0.5414,5.635,-6.907,1.490,1.887,0.0000,0.0000,0.0000,0.0000,0.0000,0.0000,0.0000,0.0000,27.49,24.76,30,-4.860,1,349.9
2314.772,+0.0359,+0.0453,-0.0133,-0.0643,-0.5414,5.708,-6.793,1.628,2.649,0.0000,0.0000,0.0000,0.0000,0.0000,0.0000,0.0000,0.0000,27.11,24.77,30,-5.270,1,344.9
2314.804,+0.0742,+0.0199,-0.0133,-0.0643,-0.5386,5.780,-6.674,1.415,2.254,0.0000,0.0000,0.0000,0.0000,0.0000,0.0000,0.0000,0.0000,27.11,24.77,30,-5.550,1,344.9
2314.837,+0.0500,+0.0164,-0.0133,-0.0614,-0.5386,5.840,-6.579,1.013,1.523,0.0000,0.0000,0.0000,0.0000,0.0000,0.0000,0.0000,0.0000,27.11,24.77,30,-5.650,1,344.9
2314.926,+0.0500,+0.0396,-0.0133,-0.0629,-0.5371,5.879,-6.488,-0.506,0.477,0.0000,0.0000,0.0000,0.0000,0.0000,0.0000,0.0000,0.0000,26.81,24.78,30,-5.700,1,341.1
2314.971,+0.0694,+0.0211,-0.0200,-0.0600,-0.5343,5.738,-6.490,-4.464,0.224,0.0000,0.0000,0.0000,0.0000,0.0000,0.0000,0.0000,0.0000,26.81,24.78,30,-5.780,1,341.1
2315.005,+0.0265,+0.0064,-0.0200,-0.0600,-0.5343,5.472,-6.469,-5.402,0.851,0.0000,0.0000,0.0000,0.0000,0.0000,0.0000,0.0000,0.0000,26.81,24.78,30,-5.620,1,341.1
2315.035,+0.0212,+0.0481,-0.0200,-0.0571,-0.5314,5.472,-6.469,-5.402,0.851,0.0000,0.0000,0.0000,0.0000,0.0000,0.0000,0.0000,0.0000,26.44,24.78,30,-5.620,1,336.1
2315.080,+0.0285,+0.0137,-0.0267,-0.0557,-0.5329,5.205,-6.435,-5.141,0.732,0.0000,0.0000,0.0000,0.0000,0.0000,0.0000,0.0000,0.0000,26.44,24.78,30,-5.670,1,336.1
2315.100,+0.0458,+0.0444,-0.0267,-0.0557,-0.5329,5.205,-6.435,-5.141,0.732,0.0000,0.0000,0.0000,0.0000,0.0000,0.0000,0.0000,0.0000,26.44,24.78,30,-5.670,1,336.1
2315.139,+0.0458,+0.0047,-0.0267,-0.0557,-0.5329,4.953,-6.405,-4.649,1.015,0.0000,0.0000,0.0000,0.0000,0.0000,0.0000,0.0000,0.0000,26.44,24.78,30,-6.440,1,336.1
2315.162,+0.0458,-0.0245,-0.0200,-0.0600,-0.5257,4.742,-6.342,-4.499,1.599,0.0000,0.0000,0.0000,0.0000,0.0000,0.0000,0.0000,0.0000,26.44,24.79,30,-6.440,1,336.1
2315.222,+0.0305,+0.0098,-0.0267,-0.0514,-0.5114,4.261,-6.161,-5.107,1.820,0.0000,0.0000,0.0000,0.0000,0.0000,0.0000,0.0000,0.0000,26.44,24.79,29,-7.690,1,336.1
2315.261,+0.0660,-0.0063,-0.0267,-0.0500,-0.5071,3.982,-6.076,-5.520,1.577,0.0000,0.0000,0.0000,0.0000,0.0000,0.0000,0.0000,0.0000,26.00,24.79,29,-7.010,1,330.1
2315.298,+0.0458,-0.0125,-0.0267,-0.0500,-0.5071,3.971,-6.073,-5.591,1.528,0.0000,0.0000,0.0000,0.0000,0.0000,0.0000,0.0000,0.0000,26.00,24.79,29,-6.580,1,330.1
2315.319,+0.0458,-0.0443,-0.0267,-0.0500,-0.5071,3.971,-6.073,-5.591,1.528,0.0000,0.0000,0.0000,0.0000,0.0000,0.0000,0.0000,0.0000,26.00,24.79,29,-6.580,1,330.1
2315.361,+0.0458,+0.0222,-0.0333,-0.0429,-0.4971,3.374,-5.941,-5.278,1.383,0.0000,0.0000,0.0000,0.0000,0.0000,0.0000,0.0000,0.0000,26.00,24.79,29,-8.230,1,330.1
2315.392,+0.0458,-0.0268,-0.0333,-0.0443,-0.4929,3.374,-5.941,-5.278,1.383,0.0000,0.0000,0.0000,0.0000,0.0000,0.0000,0.0000,0.0000,26.00,24.79,29,-7.410,1,330.1
2315.415,+0.0458,-0.0472,-0.0333,-0.0443,-0.4929,3.124,-5.867,-4.776,1.515,0.0000,0.0000,0.0000,0.0000,0.0000,0.0000,0.0000,0.0000,26.00,24.79,29,-6.880,1,330.1
2315.438,+0.0458,-0.0503,-0.0333,-0.0443,-0.4929,3.124,-5.867,-4.776,1.515,0.0000,0.0000,0.0000,0.0000,0.0000,0.0000,0.0000,0.0000,25.66,24.79,29,-6.880,1,324.9
2315.485,+0.0458,-0.0224,-0.0333,-0.0429,-0.4943,2.907,-5.797,-3.555,1.094,0.0000,0.0000,0.0000,0.0000,0.0000,0.0000,0.0000,0.0000,25.66,24.79,29,-6.860,1,324.9
2315.509,+0.0458,+0.0074,-0.0400,-0.0443,-0.4957,2.907,-5.797,-3.555,1.094,0.0000,0.0000,0.0000,0.0000,0.0000,0.0000,0.0000,0.0000,25.66,24.79,29,-6.860,1,324.9
2315.549,+0.0458,+0.0074,-0.0400,-0.0429,-0.5029,2.735,-5.796,-3.800,-1.220,0.0000,0.0000,0.0000,0.0000,0.0000,0.0000,0.0000,0.0000,25.66,24.79,29,-6.980,1,324.9
2315.576,+0.0141,+0.0638,-0.0400,-0.0429,-0.5029,2.735,-5.796,-3.800,-1.220,0.0000,0.0000,0.0000,0.0000,0.0000,0.0000,0.0000,0.0000,25.66,24.79,29,-6.980,1,324.9
2315.614,+0.0210,+0.0516,-0.0400,-0.0429,-0.5029,2.735,-5.796,-3.800,-1.220,0.0000,0.0000,0.0000,0.0000,0.0000,0.0000,0.0000,0.0000,25.66,24.79,29,-6.980,1,324.9
2315.640,+0.0417,+0.1317,-0.0400,-0.0429,-0.5029,2.735,-5.796,-3.800,-1.220,0.0000,0.0000,0.0000,0.0000,0.0000,0.0000,0.0000,0.0000,25.66,24.79,29,-6.980,1,324.9
2315.680,+0.0197,+0.0613,-0.0400,-0.0429,-0.5029,2.536,-5.926,-3.397,-3.041,0.0000,0.0000,0.0000,0.0000,0.0000,0.0000,0.0000,0.0000,25.66,24.79,29,-7.870,1,324.9
2315.710,+0.0396,+0.0758,-0.0400,-0.0414,-0.4929,2.387,-6.070,-3.045,-2.850,0.0000,0.0000,0.0000,0.0000,0.0000,0.0000,0.0000,0.0000,25.66,24.79,29,-9.020,1,324.9
2315.768,+0.0396,+0.0296,-0.0333,-0.0443,-0.4929,2.235,-6.198,-2.550,-1.804,0.0000,0.0000,0.0000,0.0000,0.0000,0.0000,0.0000,0.0000,25.36,24.78,29,-7.320,1,320.0
2315.793,+0.0396,+0.0910,-0.0400,-0.0414,-0.5014,2.235,-6.198,-2.550,-1.804,0.0000,0.0000,0.0000,0.0000,0.0000,0.0000,0.0000,0.0000,25.36,24.77,29,-6.310,1,320.0
2315.832,+0.0396,+0.0333,-0.0400,-0.0414,-0.5129,2.007,-6.293,-1.738,-0.300,0.0000,0.0000,0.0000,0.0000,0.0000,0.0000,0.0000,0.0000,25.36,24.77,29,-5.640,1,320.0
2315.861,+0.0693,+0.0333,-0.0400,-0.0414,-0.5186,2.004,-6.294,-1.763,-0.324,0.0000,0.0000,0.0000,0.0000,0.0000,0.0000,0.0000,0.0000,25.36,24.76,29,-5.600,1,320.0
2315.883,+0.0792,+0.0333,-0.0400,-0.0414,-0.5186,2.004,-6.294,-1.763,-0.324,0.0000,0.0000,0.0000,0.0000,0.0000,0.0000,0.0000,0.0000,25.12,24.76,29,-5.600,1,316.3
2315.941,+0.0595,+0.0613,-0.0400,-0.0414,-0.5243,1.791,-6.352,-1.658,-0.501,0.0000,0.0000,0.0000,0.0000,0.0000,0.0000,0.0000,0.0000,25.12,24.76,29,-5.660,1,316.3
2315.981,+0.0677,+0.0370,-0.0533,-0.0357,-0.5243,1.788,-6.353,-1.712,-0.499,0.0000,0.0000,0.0000,0.0000,0.0000,0.0000,0.0000,0.0000,25.12,24.76,29,-5.880,1,316.3
2316.007,+0.0814,+0.0370,-0.0533,-0.0357,-0.5243,1.698,-6.374,-1.982,-0.342,0.0000,0.0000,0.0000,0.0000,0.0000,0.0000,0.0000,0.0000,25.12,24.76,29,-5.780,1,316.3
2316.034,+0.0500,+0.0924,-0.0467,-0.0386,-0.5243,1.698,-6.374,-1.982,-0.342,0.0000,0.0000,0.0000,0.0000,0.0000,0.0000,0.0000,0.0000,24.78,24.75,29,-5.780,1,311.2
2316.063,+0.0790,+0.0407,-0.0533,-0.0357,-0.5243,1.601,-6.390,-2.159,-0.321,0.0000,0.0000,0.0000,0.0000,0.0000,0.0000,0.0000,0.0000,24.78,24.75,29,-5.810,1,311.2
2316.104,+0.0521,+0.0407,-0.0533,-0.0357,-0.5243,1.601,-6.390,-2.159,-0.321,0.0000,0.0000,0.0000,0.0000,0.0000,0.0000,0.0000,0.0000,24.78,24.75,29,-5.810,1,311.2
2316.131,+0.0838,+0.0407,-0.0533,-0.0357,-0.5243,1.601,-6.390,-2.159,-0.321,0.0000,0.0000,0.0000,0.0000,0.0000,0.0000,0.0000,0.0000,24.78,24.75,29,-5.810,1,311.2
2316.174,+0.0542,+0.0407,-0.0533,-0.0343,-0.5286,1.373,-6.436,-2.062,-0.476,0.0000,0.0000,0.0000,0.0000,0.0000,0.0000,0.0000,0.0000,24.78,24.75,29,-5.500,1,311.2
2316.199,+0.0542,+0.0407,-0.0533,-0.0371,-0.5286,1.199,-6.494,-0.745,-0.610,0.0000,0.0000,0.0000,0.0000,0.0000,0.0000,0.0000,0.0000,24.78,24.75,29,-5.590,1,311.2
2316.268,+0.0542,+0.0651,-0.0467,-0.0371,-0.5314,1.199,-6.533,-0.121,-0.515,0.0000,0.0000,0.0000,0.0000,0.0000,0.0000,0.0000,0.0000,24.34,24.75,29,-5.610,1,304.9
2316.294,+0.0542,+0.0444,-0.0533,-0.0371,-0.5314,1.200,-6.534,0.164,-0.410,0.0000,0.0000,0.0000,0.0000,0.0000,0.0000,0.0000,0.0000,24.34,24.74,29,-5.590,1,304.9
2316.323,+0.0542,+0.0444,-0.0533,-0.0371,-0.5314,1.209,-6.532,0.349,0.306,0.0000,0.0000,0.0000,0.0000,0.0000,0.0000,0.0000,0.0000,24.34,24.74,29,-5.590,1,304.9
2316.350,+0.0542,+0.0444,-0.0533,-0.0386,-0.5300,1.209,-6.532,0.349,0.306,0.0000,0.0000,0.0000,0.0000,0.0000,0.0000,0.0000,0.0000,24.34,24.74,29,-5.460,1,304.9
2316.394,+0.0542,+0.0444,-0.0533,-0.0371,-0.5286,1.270,-6.444,0.872,1.152,0.0000,0.0000,0.0000,0.0000,0.0000,0.0000,0.0000,0.0000,24.34,24.74,29,-5.460,1,304.9
2316.436,+0.0542,+0.0444,-0.0533,-0.0371,-0.5286,1.270,-6.444,0.872,1.152,0.0000,0.0000,0.0000,0.0000,0.0000,0.0000,0.0000,0.0000,23.99,24.74,29,-5.440,1,300.0
2316.467,+0.0542,-0.0048,-0.0533,-0.0371,-0.5286,1.272,-6.441,0.907,1.171,0.0000,0.0000,0.0000,0.0000,0.0000,0.0000,0.0000,0.0000,23.99,24.74,29,-5.410,1,300.0
2316.567,+0.0642,+0.0229,-0.0533,-0.0371,-0.5257,1.359,-6.354,0.907,0.752,0.0000,0.0000,0.0000,0.0000,0.0000,0.0000,0.0000,0.0000,23.99,24.74,29,-6.640,1,300.0
2316.599,+0.0563,-0.0104,-0.0533,-0.0371,-0.5257,1.359,-6.354,0.907,0.752,0.0000,0.0000,0.0000,0.0000,0.0000,0.0000,0.0000,0.0000,23.99,24.74,29,-6.640,1,300.0
2316.624,+0.0895,+0.0333,-0.0533,-0.0371,-0.5257,1.359,-6.354,0.907,0.752,0.0000,0.0000,0.0000,0.0000,0.0000,0.0000,0.0000,0.0000,23.99,24.74,29,-6.640,1,300.0
2316.655,+0.0583,+0.0333,-0.0533,-0.0371,-0.5257,1.359,-6.354,0.907,0.752,0.0000,0.0000,0.0000,0.0000,0.0000,0.0000,0.0000,0.0000,23.99,24.74,29,-6.640,1,300.0
2316.679,+0.0929,-0.0281,-0.0533,-0.0371,-0.5257,1.361,-6.353,0.912,0.763,0.0000,0.0000,0.0000,0.0000,0.0000,0.0000,0.0000,0.0000,23.99,24.74,29,-6.640,1,300.0
2316.703,+0.0957,+0.0296,-0.0533,-0.0357,-0.5129,1.361,-6.353,0.912,0.763,0.0000,0.0000,0.0000,0.0000,0.0000,0.0000,0.0000,0.0000,23.99,24.74,29,-8.130,1,300.0
2316.746,+0.0625,-0.0062,-0.0533,-0.0329,-0.4986,1.399,-6.325,0.826,0.666,0.0000,0.0000,0.0000,0.0000,0.0000,0.0000,0.0000,0.0000,23.99,24.74,28,-8.900,1,300.0
2316.776,+0.0914,+0.0259,-0.0533,-0.0329,-0.4986,1.399,-6.325,0.826,0.666,0.0000,0.0000,0.0000,0.0000,0.0000,0.0000,0.0000,0.0000,23.75,24.74,28,-8.900,1,296.5
2316.842,+0.0646,+0.0259,-0.0600,-0.0300,-0.5043,1.475,-6.265,0.786,0.766,0.0000,0.0000,0.0000,0.0000,0.0000,0.0000,0.0000,0.0000,23.75,24.74,29,-6.540,1,296.5
2316.876,+0.0898,+0.0259,-0.0533,-0.0329,-0.5043,1.545,-6.183,0.715,0.741,0.0000,0.0000,0.0000,0.0000,0.0000,0.0000,0.0000,0.0000,23.75,24.74,29,-7.380,1,296.5
2316.913,+0.0667,+0.0680,-0.0533,-0.0329,-0.5043,1.581,-6.184,0.557,-0.965,0.0000,0.0000,0.0000,0.0000,0.0000,0.0000,0.0000,0.0000,23.40,24.74,28,-7.380,1,291.4
2316.951,+0.0667,+0.0708,-0.0600,-0.0314,-0.5114,1.582,-6.186,0.567,-0.897,0.0000,0.0000,0.0000,0.0000,0.0000,0.0000,0.0000,0.0000,23.40,24.73,29,-6.340,1,291.4
2317.002,+0.0667,+0.0642,-0.0533,-0.0357,-0.5214,1.713,-6.477,1.283,-1.158,0.0000,0.0000,0.0000,0.0000,0.0000,0.0000,0.0000,0.0000,23.40,24.73,29,-5.930,1,291.4
2317.030,+0.0667,+0.0922,-0.0533,-0.0357,-0.5243,1.713,-6.477,1.283,-1.158,0.0000,0.0000,0.0000,0.0000,0.0000,0.0000,0.0000,0.0000,23.40,24.72,29,-5.670,1,291.4
2317.070,+0.0667,+0.0407,-0.0533,-0.0357,-0.5271,1.785,-6.525,1.536,-0.624,0.0000,0.0000,0.0000,0.0000,0.0000,0.0000,0.0000,0.0000,23.05,24.72,29,-5.510,1,286.2
2317.136,+0.0667,+0.0657,-0.0533,-0.0357,-0.5271,1.867,-6.557,1.876,-0.476,0.0000,0.0000,0.0000,0.0000,0.0000,0.0000,0.0000,0.0000,23.05,24.72,29,-5.510,1,286.2
2317.166,+0.0667,+0.0962,-0.0533,-0.0357,-0.5300,1.867,-6.557,1.876,-0.476,0.0000,0.0000,0.0000,0.0000,0.0000,0.0000,0.0000,0.0000,23.05,24.72,29,-5.350,1,286.2
2317.201,+0.0912,+0.0481,-0.0533,-0.0371,-0.5343,2.065,-6.600,1.773,-0.430,0.0000,0.0000,0.0000,0.0000,0.0000,0.0000,0.0000,0.0000,23.05,24.72,29,-5.510,1,286.2
2317.227,+0.0688,+0.0481,-0.0533,-0.0371,-0.5371,2.065,-6.600,1.773,-0.430,0.0000,0.0000,0.0000,0.0000,0.0000,0.0000,0.0000,0.0000,23.05,24.72,29,-5.380,1,286.2
2317.290,+0.0834,+0.0742,-0.0533,-0.0371,-0.5343,2.214,-6.611,1.526,0.662,0.0000,0.0000,0.0000,0.0000,0.0000,0.0000,0.0000,0.0000,22.69,24.72,29,-5.340,1,281.0
2317.335,+0.0708,+0.0519,-0.0533,-0.0386,-0.5357,2.217,-6.609,1.552,0.911,0.0000,0.0000,0.0000,0.0000,0.0000,0.0000,0.0000,0.0000,22.69,24.72,29,-5.350,1,281.0
2317.364,+0.1001,-0.0001,-0.0533,-0.0386,-0.5357,2.288,-6.544,1.465,1.710,0.0000,0.0000,0.0000,0.0000,0.0000,0.0000,0.0000,0.0000,22.69,24.72,29,-5.350,1,281.0
2317.388,+0.0729,-0.0155,-0.0533,-0.0357,-0.5329,2.288,-6.544,1.465,1.710,0.0000,0.0000,0.0000,0.0000,0.0000,0.0000,0.0000,0.0000,22.69,24.72,29,-5.150,1,281.0
2317.410,+0.0729,+0.0444,-0.0533,-0.0371,-0.5343,2.359,-6.455,1.331,1.728,0.0000,0.0000,0.0000,0.0000,0.0000,0.0000,0.0000,0.0000,22.69,24.72,29,-5.190,1,281.0
2317.456,+0.0922,+0.0102,-0.0533,-0.0371,-0.5343,2.422,-6.380,1.270,1.342,0.0000,0.0000,0.0000,0.0000,0.0000,0.0000,0.0000,0.0000,22.33,24.71,29,-6.380,1,276.1
2317.484,+0.0750,-0.0138,-0.0533,-0.0357,-0.5271,2.485,-6.325,1.275,0.915,0.0000,0.0000,0.0000,0.0000,0.0000,0.0000,0.0000,0.0000,22.33,24.71,29,-5.830,1,276.1
2317.510,+0.0750,-0.0205,-0.0533,-0.0357,-0.5271,2.485,-6.325,1.275,0.915,0.0000,0.0000,0.0000,0.0000,0.0000,0.0000,0.0000,0.0000,22.33,24.71,29,-5.830,1,276.1
2317.541,+0.0750,+0.0333,-0.0533,-0.0329,-0.5271,2.543,-6.290,0.992,0.514,0.0000,0.0000,0.0000,0.0000,0.0000,0.0000,0.0000,0.0000,22.33,24.71,29,-5.800,1,276.1
2317.567,+0.0750,+0.0333,-0.0533,-0.0329,-0.5271,2.543,-6.290,0.992,0.514,0.0000,0.0000,0.0000,0.0000,0.0000,0.0000,0.0000,0.0000,22.33,24.71,29,-5.800,1,276.1
2317.601,+0.0750,-0.0120,-0.0533,-0.0329,-0.5271,2.543,-6.290,0.992,0.514,0.0000,0.0000,0.0000,0.0000,0.0000,0.0000,0.0000,0.0000,22.33,24.71,29,-5.800,1,276.1
2317.643,+0.0957,+0.0296,-0.0533,-0.0329,-0.5271,2.543,-6.290,0.992,0.514,0.0000,0.0000,0.0000,0.0000,0.0000,0.0000,0.0000,0.0000,22.33,24.71,29,-5.800,1,276.1
2317.669,+0.0444,-0.0284,-0.0533,-0.0329,-0.5271,2.543,-6.290,0.992,0.514,0.0000,0.0000,0.0000,0.0000,0.0000,0.0000,0.0000,0.0000,22.33,24.71,29,-5.800,1,276.1
2317.701,+0.0750,+0.0259,-0.0533,-0.0371,-0.5257,2.590,-6.272,0.899,0.442,0.0000,0.0000,0.0000,0.0000,0.0000,0.0000,0.0000,0.0000,22.33,24.71,29,-5.870,1,276.1
2317.740,+0.0750,-0.0143,-0.0533,-0.0357,-0.5243,2.590,-6.272,0.899,0.442,0.0000,0.0000,0.0000,0.0000,0.0000,0.0000,0.0000,0.0000,21.97,24.71,29,-5.870,1,271.1
2317.788,+0.0750,-0.0104,-0.0533,-0.0357,-0.5214,2.682,-6.187,1.097,1.137,0.0000,0.0000,0.0000,0.0000,0.0000,0.0000,0.0000,0.0000,21.97,24.71,28,-5.960,1,271.1
2317.809,+0.0750,+0.0185,-0.0467,-0.0386,-0.5214,2.742,-6.127,1.265,1.258,0.0000,0.0000,0.0000,0.0000,0.0000,0.0000,0.0000,0.0000,21.97,24.71,28,-5.970,1,271.1
2317.849,+0.0750,-0.0210,-0.0533,-0.0357,-0.5186,2.808,-6.066,1.393,1.210,0.0000,0.0000,0.0000,0.0000,0.0000,0.0000,0.0000,0.0000,21.97,24.71,28,-6.010,1,271.1
2317.873,+0.0750,+0.0148,-0.0533,-0.0357,-0.5186,2.808,-6.066,1.393,1.210,0.0000,0.0000,0.0000,0.0000,0.0000,0.0000,0.0000,0.0000,21.62,24.70,28,-6.010,1,266.0
2317.908,+0.0750,-0.0297,-0.0533,-0.0343,-0.5171,2.945,-5.955,1.324,1.056,0.0000,0.0000,0.0000,0.0000,0.0000,0.0000,0.0000,0.0000,21.62,24.70,28,-5.850,1,266.0
2317.932,+0.0750,+0.0111,-0.0533,-0.0343,-0.5171,3.007,-5.905,1.218,1.019,0.0000,0.0000,0.0000,0.0000,0.0000,0.0000,0.0000,0.0000,21.62,24.70,28,-5.850,1,266.0
2317.962,+0.1036,-0.0397,-0.0533,-0.0343,-0.5171,3.009,-5.903,1.180,1.002,0.0000,0.0000,0.0000,0.0000,0.0000,0.0000,0.0000,0.0000,21.62,24.70,28,-5.990,1,266.0
2317.996,+0.0771,+0.0074,-0.0533,-0.0357,-0.5157,3.009,-5.903,1.180,1.002,0.0000,0.0000,0.0000,0.0000,0.0000,0.0000,0.0000,0.0000,21.62,24.70,28,-5.990,1,266.0
2318.035,+0.0771,-0.0321,-0.0533,-0.0357,-0.5157,3.064,-5.854,1.053,0.997,0.0000,0.0000,0.0000,0.0000,0.0000,0.0000,0.0000,0.0000,21.29,24.69,28,-5.870,1,260.8
2318.063,+0.0771,+0.0037,-0.0533,-0.0329,-0.5100,3.109,-5.809,1.007,0.992,0.0000,0.0000,0.0000,0.0000,0.0000,0.0000,0.0000,0.0000,21.29,24.69,28,-7.110,1,260.8
2318.098,+0.0771,-0.0403,-0.0533,-0.0329,-0.5100,3.109,-5.809,1.007,0.992,0.0000,0.0000,0.0000,0.0000,0.0000,0.0000,0.0000,0.0000,21.29,24.69,28,-7.110,1,260.8
2318.162,+0.0914,+0.0000,-0.0533,-0.0343,-0.5000,3.155,-5.764,1.023,0.815,0.0000,0.0000,0.0000,0.0000,0.0000,0.0000,0.0000,0.0000,21.29,24.68,28,-7.440,1,260.8
2318.195,+0.0792,+0.0000,-0.0533,-0.0329,-0.4957,3.207,-5.745,0.971,-0.045,0.0000,0.0000,0.0000,0.0000,0.0000,0.0000,0.0000,0.0000,21.29,24.68,28,-7.270,1,260.8
2318.230,+0.0792,+0.0000,-0.0533,-0.0314,-0.4943,3.209,-5.745,0.969,-0.013,0.0000,0.0000,0.0000,0.0000,0.0000,0.0000,0.0000,0.0000,21.29,24.68,28,-7.000,1,260.8
2318.302,+0.0792,+0.0000,-0.0533,-0.0300,-0.4786,3.297,-5.800,0.975,-0.584,0.0000,0.0000,0.0000,0.0000,0.0000,0.0000,0.0000,0.0000,21.06,24.66,27,-9.240,1,257.1
2318.328,+0.0792,+0.0585,-0.0533,-0.0300,-0.4786,3.344,-5.828,1.051,-0.351,0.0000,0.0000,0.0000,0.0000,0.0000,0.0000,0.0000,0.0000,21.06,24.66,27,-9.690,1,257.1
2318.367,+0.0571,+0.0037,-0.0533,-0.0286,-0.4600,3.395,-5.842,1.113,-0.163,0.0000,0.0000,0.0000,0.0000,0.0000,0.0000,0.0000,0.0000,21.06,24.66,27,-9.990,1,257.1
2318.390,+0.0771,+0.0037,-0.0533,-0.0286,-0.4600,3.395,-5.842,1.113,-0.163,0.0000,0.0000,0.0000,0.0000,0.0000,0.0000,0.0000,0.0000,21.06,24.66,27,-9.990,1,257.1
2318.422,+0.0771,+0.0037,-0.0533,-0.0286,-0.4657,3.453,-5.848,1.191,0.015,0.0000,0.0000,0.0000,0.0000,0.0000,0.0000,0.0000,0.0000,21.06,24.64,27,-7.960,1,257.1
2318.452,+0.0771,+0.0037,-0.0533,-0.0286,-0.4657,3.456,-5.848,1.209,0.045,0.0000,0.0000,0.0000,0.0000,0.0000,0.0000,0.0000,0.0000,20.69,24.64,27,-7.960,1,250.8
2318.477,+0.0771,+0.0037,-0.0533,-0.0286,-0.4629,3.513,-5.848,1.250,0.089,0.0000,0.0000,0.0000,0.0000,0.0000,0.0000,0.0000,0.0000,20.69,24.64,27,-10.010,1,250.8
2318.511,+0.0771,+0.0037,-0.0533,-0.0271,-0.4557,3.513,-5.848,1.250,0.089,0.0000,0.0000,0.0000,0.0000,0.0000,0.0000,0.0000,0.0000,20.69,24.64,27,-10.010,1,250.8
2318.537,+0.0771,+0.0628,-0.0533,-0.0271,-0.4471,3.568,-5.848,1.256,0.061,0.0000,0.0000,0.0000,0.0000,0.0000,0.0000,0.0000,0.0000,20.69,24.64,27,-10.430,1,250.8
2318.564,+0.0771,+0.0629,-0.0533,-0.0271,-0.4471,3.568,-5.848,1.256,0.061,0.0000,0.0000,0.0000,0.0000,0.0000,0.0000,0.0000,0.0000,20.69,24.64,27,-10.430,1,250.8
2318.624,+0.0771,+0.0654,-0.0533,-0.0271,-0.4471,3.568,-5.848,1.256,0.061,0.0000,0.0000,0.0000,0.0000,0.0000,0.0000,0.0000,0.0000,20.69,24.64,27,-10.430,1,250.8
2318.649,+0.0771,+0.1384,-0.0533,-0.0271,-0.4471,3.568,-5.848,1.256,0.061,0.0000,0.0000,0.0000,0.0000,0.0000,0.0000,0.0000,0.0000,20.69,24.64,27,-10.430,1,250.8
2318.673,+0.1126,+0.1521,-0.0533,-0.0271,-0.4471,3.568,-5.848,1.256,0.061,0.0000,0.0000,0.0000,0.0000,0.0000,0.0000,0.0000,0.0000,20.69,24.64,27,-10.430,1,250.8
2318.700,+0.0792,+0.2010,-0.0533,-0.0286,-0.4514,3.693,-6.121,0.921,-4.835,0.0000,0.0000,0.0000,0.0000,0.0000,0.0000,0.0000,0.0000,20.69,24.64,27,-10.730,1,250.8
2318.729,+0.0498,+0.1490,-0.0533,-0.0300,-0.4671,3.693,-6.121,0.921,-4.835,0.0000,0.0000,0.0000,0.0000,0.0000,0.0000,0.0000,0.0000,20.38,24.62,27,-8.660,1,245.9
2318.761,+0.0771,+0.1943,-0.0533,-0.0300,-0.4671,3.693,-6.121,0.921,-4.835,0.0000,0.0000,0.0000,0.0000,0.0000,0.0000,0.0000,0.0000,20.38,24.62,27,-8.660,1,245.9
2318.815,+0.0771,+0.1528,-0.0533,-0.0314,-0.4914,3.773,-6.683,0.945,-5.385,0.0000,0.0000,0.0000,0.0000,0.0000,0.0000,0.0000,0.0000,20.38,24.61,28,-7.260,1,245.9
2318.883,+0.0771,+0.1465,-0.0533,-0.0371,-0.5286,3.889,-7.142,1.435,-3.414,0.0000,0.0000,0.0000,0.0000,0.0000,0.0000,0.0000,0.0000,20.38,24.59,28,-5.410,1,245.9
2318.914,+0.0491,+0.1349,-0.0533,-0.0371,-0.5286,3.962,-7.313,1.594,-3.172,0.0000,0.0000,0.0000,0.0000,0.0000,0.0000,0.0000,0.0000,20.04,24.59,28,-5.090,1,240.9
2318.946,+0.0750,+0.1834,-0.0533,-0.0400,-0.5457,3.965,-7.320,1.629,-3.118,0.0000,0.0000,0.0000,0.0000,0.0000,0.0000,0.0000,0.0000,20.04,24.59,28,-5.170,1,240.9
2318.981,+0.0498,+0.1411,-0.0533,-0.0400,-0.5514,4.041,-7.470,1.755,-3.132,0.0000,0.0000,0.0000,0.0000,0.0000,0.0000,0.0000,0.0000,20.04,24.59,28,-5.140,1,240.9
2319.003,+0.0729,+0.1660,-0.0467,-0.0429,-0.5571,4.111,-7.604,1.367,-1.813,0.0000,0.0000,0.0000,0.0000,0.0000,0.0000,0.0000,0.0000,20.04,24.59,28,-4.940,1,240.9
2319.050,+0.0538,+0.1377,-0.0533,-0.0400,-0.5571,4.195,-7.626,2.238,1.049,0.0000,0.0000,0.0000,0.0000,0.0000,0.0000,0.0000,0.0000,19.73,24.59,28,-4.940,1,237.2
2319.069,+0.0708,+0.0317,-0.0467,-0.0429,-0.5514,4.195,-7.626,2.238,1.049,0.0000,0.0000,0.0000,0.0000,0.0000,0.0000,0.0000,0.0000,19.73,24.59,28,-4.820,1,237.2
2319.126,+0.0708,+0.1037,-0.0467,-0.0429,-0.5514,4.195,-7.626,2.238,1.049,0.0000,0.0000,0.0000,0.0000,0.0000,0.0000,0.0000,0.0000,19.73,24.59,28,-4.820,1,237.2
2319.150,+0.0708,+0.0405,-0.0467,-0.0400,-0.5514,4.308,-7.532,2.088,2.268,0.0000,0.0000,0.0000,0.0000,0.0000,0.0000,0.0000,0.0000,19.73,24.60,28,-4.650,1,237.2
2319.175,+0.0708,+0.1000,-0.0467,-0.0414,-0.5557,4.396,-7.436,1.593,1.646,0.0000,0.0000,0.0000,0.0000,0.0000,0.0000,0.0000,0.0000,19.73,24.60,28,-5.140,1,237.2
2319.200,+0.1055,+0.0383,-0.0467,-0.0414,-0.5557,4.504,-7.374,0.650,-0.251,0.0000,0.0000,0.0000,0.0000,0.0000,0.0000,0.0000,0.0000,19.73,24.60,28,-5.630,1,237.2
2319.233,+0.0729,+0.0963,-0.0467,-0.0414,-0.5557,4.504,-7.374,0.650,-0.251,0.0000,0.0000,0.0000,0.0000,0.0000,0.0000,0.0000,0.0000,19.19,24.61,28,-5.590,1,231.1
2319.297,+0.0729,+0.0963,-0.0533,-0.0400,-0.5543,4.513,-7.445,-0.234,-0.596,0.0000,0.0000,0.0000,0.0000,0.0000,0.0000,0.0000,0.0000,19.19,24.62,28,-5.470,1,231.1
2319.317,+0.1148,+0.0963,-0.0533,-0.0400,-0.5543,4.513,-7.445,-0.234,-0.596,0.0000,0.0000,0.0000,0.0000,0.0000,0.0000,0.0000,0.0000,19.19,24.62,28,-5.470,1,231.1
2319.346,+0.0750,+0.0440,-0.0533,-0.0400,-0.5571,4.512,-7.446,-0.375,-0.543,0.0000,0.0000,0.0000,0.0000,0.0000,0.0000,0.0000,0.0000,19.19,24.62,28,-5.230,1,231.1
2319.373,+0.0431,+0.0926,-0.0600,-0.0357,-0.5529,4.470,-7.433,-0.716,0.847,0.0000,0.0000,0.0000,0.0000,0.0000,0.0000,0.0000,0.0000,19.19,24.62,28,-5.080,1,231.1
2319.399,+0.0405,+0.0349,-0.0600,-0.0357,-0.5529,4.439,-7.325,0.059,3.117,0.0000,0.0000,0.0000,0.0000,0.0000,0.0000,0.0000,0.0000,19.19,24.62,28,-5.080,1,231.1
2319.436,+0.0708,+0.0478,-0.0533,-0.0371,-0.5457,4.439,-7.325,0.059,3.117,0.0000,0.0000,0.0000,0.0000,0.0000,0.0000,0.0000,0.0000,18.74,24.63,28,-5.190,1,226.0
2319.463,+0.0388,-0.0286,-0.0467,-0.0429,-0.5429,4.457,-7.120,0.715,4.486,0.0000,0.0000,0.0000,0.0000,0.0000,0.0000,0.0000,0.0000,18.74,24.63,28,-5.260,1,226.0
2319.503,+0.0470,+0.0006,-0.0533,-0.0386,-0.5414,4.458,-7.111,0.838,4.737,0.0000,0.0000,0.0000,0.0000,0.0000,0.0000,0.0000,0.0000,18.74,24.64,28,-5.380,1,226.0
2319.550,+0.0478,-0.0303,-0.0467,-0.0414,-0.5386,4.495,-6.904,1.005,4.618,0.0000,0.0000,0.0000,0.0000,0.0000,0.0000,0.0000,0.0000,18.74,24.64,28,-5.700,1,226.0
2319.577,+0.0646,-0.0550,-0.0467,-0.0414,-0.5386,4.495,-6.904,1.005,4.618,0.0000,0.0000,0.0000,0.0000,0.0000,0.0000,0.0000,0.0000,18.74,24.64,28,-5.700,1,226.0
2319.637,+0.0493,-0.0026,-0.0467,-0.0414,-0.5386,4.495,-6.904,1.005,4.618,0.0000,0.0000,0.0000,0.0000,0.0000,0.0000,0.0000,0.0000,18.74,24.64,28,-5.700,1,226.0
2319.671,+0.0874,-0.0442,-0.0467,-0.0414,-0.5386,4.495,-6.904,1.005,4.618,0.0000,0.0000,0.0000,0.0000,0.0000,0.0000,0.0000,0.0000,18.74,24.64,28,-5.700,1,226.0
2319.705,+0.0646,-0.0541,-0.0467,-0.0400,-0.5314,4.581,-6.516,0.691,3.221,0.0000,0.0000,0.0000,0.0000,0.0000,0.0000,0.0000,0.0000,18.74,24.64,28,-7.390,1,226.0
2319.737,+0.0646,-0.0642,-0.0467,-0.0386,-0.5186,4.581,-6.516,0.691,3.221,0.0000,0.0000,0.0000,0.0000,0.0000,0.0000,0.0000,0.0000,18.31,24.66,27,-7.390,1,221.0
2319.775,+0.0874,-0.0590,-0.0467,-0.0371,-0.5057,4.584,-6.504,0.620,3.061,0.0000,0.0000,0.0000,0.0000,0.0000,0.0000,0.0000,0.0000,18.31,24.66,27,-7.840,1,221.0
2319.809,+0.0667,-0.0314,-0.0533,-0.0314,-0.4971,4.604,-6.367,0.437,2.801,0.0000,0.0000,0.0000,0.0000,0.0000,0.0000,0.0000,0.0000,18.31,24.66,27,-7.950,1,221.0
2319.841,+0.0931,-0.0359,-0.0533,-0.0329,-0.4929,4.622,-6.092,0.167,2.238,0.0000,0.0000,0.0000,0.0000,0.0000,0.0000,0.0000,0.0000,18.31,24.66,27,-7.370,1,221.0
2319.868,+0.0688,+0.0074,-0.0533,-0.0329,-0.4929,4.622,-6.092,0.167,2.238,0.0000,0.0000,0.0000,0.0000,0.0000,0.0000,0.0000,0.0000,18.04,24.66,27,-7.370,1,217.3
2319.936,+0.0688,-0.0168,-0.0533,-0.0329,-0.4986,4.546,-6.001,-0.808,-1.152,0.0000,0.0000,0.0000,0.0000,0.0000,0.0000,0.0000,0.0000,18.04,24.66,27,-7.120,1,217.3
2319.968,+0.0418,+0.0517,-0.0533,-0.0300,-0.4900,4.544,-6.005,-0.807,-1.504,0.0000,0.0000,0.0000,0.0000,0.0000,0.0000,0.0000,0.0000,18.04,24.66,27,-9.160,1,217.3
2320.000,+0.0399,+0.0549,-0.0533,-0.0300,-0.4900,4.515,-6.093,-0.241,-1.637,0.0000,0.0000,0.0000,0.0000,0.0000,0.0000,0.0000,0.0000,18.04,24.66,27,-9.160,1,217.3
2320.032,+0.0372,+0.0599,-0.0533,-0.0300,-0.4871,4.515,-6.093,-0.241,-1.637,0.0000,0.0000,0.0000,0.0000,0.0000,0.0000,0.0000,0.0000,18.04,24.65,27,-8.020,1,217.3
2320.106,+0.0369,+0.0148,-0.0467,-0.0343,-0.4914,4.524,-6.173,0.596,-0.969,0.0000,0.0000,0.0000,0.0000,0.0000,0.0000,0.0000,0.0000,17.70,24.65,27,-7.020,1,212.3
2320.139,+0.0325,+0.0148,-0.0467,-0.0343,-0.4914,4.577,-6.201,1.527,-0.015,0.0000,0.0000,0.0000,0.0000,0.0000,0.0000,0.0000,0.0000,17.70,24.65,27,-6.530,1,212.3
2320.181,+0.0352,+0.0148,-0.0467,-0.0357,-0.5014,4.675,-6.190,2.132,0.491,0.0000,0.0000,0.0000,0.0000,0.0000,0.0000,0.0000,0.0000,17.70,24.64,27,-6.280,1,212.3
2320.206,+0.0207,+0.0148,-0.0467,-0.0371,-0.5057,4.925,-6.177,2.726,-0.565,0.0000,0.0000,0.0000,0.0000,0.0000,0.0000,0.0000,0.0000,17.70,24.64,27,-6.460,1,212.3
2320.252,+0.0521,+0.0488,-0.0467,-0.0386,-0.5129,4.931,-6.179,2.747,-0.839,0.0000,0.0000,0.0000,0.0000,0.0000,0.0000,0.0000,0.0000,17.28,24.63,27,-6.460,1,206.0
2320.287,+0.0521,+0.0632,-0.0467,-0.0386,-0.5129,5.053,-6.256,2.168,-1.977,0.0000,0.0000,0.0000,0.0000,0.0000,0.0000,0.0000,0.0000,17.28,24.63,27,-6.540,1,206.0
2320.308,+0.0908,+0.0222,-0.0467,-0.0400,-0.5171,5.053,-6.256,2.168,-1.977,0.0000,0.0000,0.0000,0.0000,0.0000,0.0000,0.0000,0.0000,17.28,24.62,27,-6.540,1,206.0
2320.364,+0.0542,+0.0514,-0.0467,-0.0357,-0.5186,5.152,-6.361,1.476,-2.011,0.0000,0.0000,0.0000,0.0000,0.0000,0.0000,0.0000,0.0000,17.28,24.62,27,-6.250,1,206.0
2320.398,+0.0542,+0.1145,-0.0533,-0.0343,-0.5200,5.155,-6.365,1.475,-2.016,0.0000,0.0000,0.0000,0.0000,0.0000,0.0000,0.0000,0.0000,17.28,24.62,27,-6.320,1,206.0
2320.428,+0.0825,+0.0837,-0.0533,-0.0329,-0.5214,5.155,-6.365,1.475,-2.016,0.0000,0.0000,0.0000,0.0000,0.0000,0.0000,0.0000,0.0000,17.28,24.62,27,-6.320,1,206.0
2320.464,+0.0563,+0.0370,-0.0467,-0.0386,-0.5214,5.207,-6.443,0.819,-1.457,0.0000,0.0000,0.0000,0.0000,0.0000,0.0000,0.0000,0.0000,17.10,24.62,27,-6.140,1,203.4
2320.508,+0.0563,+0.0729,-0.0533,-0.0357,-0.5271,5.239,-6.509,0.587,-1.129,0.0000,0.0000,0.0000,0.0000,0.0000,0.0000,0.0000,0.0000,17.10,24.61,27,-5.720,1,203.4
2320.535,+0.0255,+0.0954,-0.0467,-0.0386,-0.5300,5.264,-6.572,0.676,-1.197,0.0000,0.0000,0.0000,0.0000,0.0000,0.0000,0.0000,0.0000,17.10,24.61,27,-5.780,1,203.4
2320.562,+0.0542,+0.0444,-0.0467,-0.0386,-0.5300,5.264,-6.572,0.676,-1.197,0.0000,0.0000,0.0000,0.0000,0.0000,0.0000,0.0000,0.0000,17.10,24.61,27,-5.780,1,203.4
2320.603,+0.0328,+0.0824,-0.0467,-0.0386,-0.5300,5.264,-6.572,0.676,-1.197,0.0000,0.0000,0.0000,0.0000,0.0000,0.0000,0.0000,0.0000,17.10,24.61,27,-5.780,1,203.4
2320.645,+0.0310,+0.0857,-0.0467,-0.0386,-0.5300,5.264,-6.572,0.676,-1.197,0.0000,0.0000,0.0000,0.0000,0.0000,0.0000,0.0000,0.0000,17.10,24.61,27,-5.780,1,203.4
2320.673,+0.0201,+0.0519,-0.0467,-0.0386,-0.5300,5.299,-6.648,1.005,-1.326,0.0000,0.0000,0.0000,0.0000,0.0000,0.0000,0.0000,0.0000,17.10,24.61,27,-5.780,1,203.4
2320.703,-0.0089,+0.0519,-0.0467,-0.0386,-0.5329,5.344,-6.726,1.146,-1.466,0.0000,0.0000,0.0000,0.0000,0.0000,0.0000,0.0000,0.0000,17.10,24.61,27,-5.480,1,203.4
2320.781,+0.0315,+0.0737,-0.0467,-0.0414,-0.5386,5.427,-6.864,0.951,-0.082,0.0000,0.0000,0.0000,0.0000,0.0000,0.0000,0.0000,0.0000,16.67,24.60,27,-5.470,1,197.3
2320.810,+0.0124,+0.0035,-0.0400,-0.0429,-0.5343,5.479,-6.847,1.602,1.504,0.0000,0.0000,0.0000,0.0000,0.0000,0.0000,0.0000,0.0000,16.67,24.60,27,-5.470,1,197.3
2320.835,+0.0396,-0.0678,-0.0400,-0.0471,-0.5386,5.484,-6.842,1.588,1.457,0.0000,0.0000,0.0000,0.0000,0.0000,0.0000,0.0000,0.0000,16.67,24.60,27,-5.540,1,197.3
2320.873,+0.0166,+0.0035,-0.0400,-0.0471,-0.5386,5.484,-6.842,1.588,1.457,0.0000,0.0000,0.0000,0.0000,0.0000,0.0000,0.0000,0.0000,16.36,24.59,27,-5.550,1,193.4
2320.922,+0.0194,+0.0085,-0.0467,-0.0414,-0.5243,5.639,-6.617,1.625,2.646,0.0000,0.0000,0.0000,0.0000,0.0000,0.0000,0.0000,0.0000,16.36,24.60,27,-6.860,1,193.4
2320.950,+0.0662,-0.0177,-0.0400,-0.0429,-0.5171,5.707,-6.495,1.198,2.197,0.0000,0.0000,0.0000,0.0000,0.0000,0.0000,0.0000,0.0000,16.36,24.60,27,-7.810,1,193.4
2320.977,+0.0375,-0.0221,-0.0400,-0.0414,-0.5043,5.747,-6.405,0.653,1.557,0.0000,0.0000,0.0000,0.0000,0.0000,0.0000,0.0000,0.0000,16.36,24.60,27,-8.870,1,193.4
2321.033,+0.0375,+0.0008,-0.0467,-0.0357,-0.5014,5.761,-6.343,0.212,1.135,0.0000,0.0000,0.0000,0.0000,0.0000,0.0000,0.0000,0.0000,15.88,24.60,26,-7.630,1,187.2
2321.056,+0.0375,-0.0381,-0.0467,-0.0357,-0.5014,5.736,-6.307,-0.710,0.626,0.0000,0.0000,0.0000,0.0000,0.0000,0.0000,0.0000,0.0000,15.88,24.60,26,-7.190,1,187.2
2321.089,+0.0115,+0.0222,-0.0467,-0.0371,-0.5029,5.736,-6.307,-0.710,0.626,0.0000,0.0000,0.0000,0.0000,0.0000,0.0000,0.0000,0.0000,15.88,24.60,26,-7.190,1,187.2
2321.115,+0.0354,-0.0367,-0.0467,-0.0371,-0.5029,5.736,-6.307,-0.710,0.626,0.0000,0.0000,0.0000,0.0000,0.0000,0.0000,0.0000,0.0000,15.88,24.60,26,-7.190,1,187.2
2321.142,+0.0354,+0.0185,-0.0467,-0.0371,-0.5029,5.678,-6.295,-0.936,0.434,0.0000,0.0000,0.0000,0.0000,0.0000,0.0000,0.0000,0.0000,15.88,24.60,26,-7.970,1,187.2
2321.190,+0.0167,-0.0148,-0.0467,-0.0371,-0.5000,5.561,-6.307,-0.828,-1.091,0.0000,0.0000,0.0000,0.0000,0.0000,0.0000,0.0000,0.0000,15.88,24.59,26,-7.150,1,187.2
2321.225,+0.0088,+0.0585,-0.0467,-0.0371,-0.5086,5.561,-6.307,-0.828,-1.091,0.0000,0.0000,0.0000,0.0000,0.0000,0.0000,0.0000,0.0000,15.88,24.59,26,-6.930,1,187.2
2321.267,+0.0102,+0.0185,-0.0467,-0.0400,-0.5114,5.514,-6.406,-0.686,-2.156,0.0000,0.0000,0.0000,0.0000,0.0000,0.0000,0.0000,0.0000,15.52,24.59,26,-6.820,1,182.1
2321.318,+0.0114,+0.0501,-0.0467,-0.0414,-0.5157,5.477,-6.526,-0.558,-2.060,0.0000,0.0000,0.0000,0.0000,0.0000,0.0000,0.0000,0.0000,15.52,24.58,26,-6.840,1,182.1
2321.350,+0.0006,+0.0693,-0.0400,-0.0414,-0.5214,5.477,-6.526,-0.558,-2.060,0.0000,0.0000,0.0000,0.0000,0.0000,0.0000,0.0000,0.0000,15.52,24.58,26,-6.390,1,182.1
2321.383,+0.0250,+0.0725,-0.0467,-0.0414,-0.5243,5.476,-6.530,-0.562,-2.058,0.0000,0.0000,0.0000,0.0000,0.0000,0.0000,0.0000,0.0000,15.52,24.58,26,-6.420,1,182.1
2321.410,+0.0250,+0.0851,-0.0333,-0.0471,-0.5243,5.441,-6.620,-0.636,-1.271,0.0000,0.0000,0.0000,0.0000,0.0000,0.0000,0.0000,0.0000,15.52,24.58,26,-6.120,1,182.1
2321.459,+0.0250,+0.0333,-0.0267,-0.0543,-0.5286,5.403,-6.680,-0.661,-0.873,0.0000,0.0000,0.0000,0.0000,0.0000,0.0000,0.0000,0.0000,15.25,24.58,26,-5.890,1,178.3
2321.498,+0.0023,+0.0738,-0.0200,-0.0586,-0.5329,5.361,-6.725,-0.806,-0.730,0.0000,0.0000,0.0000,0.0000,0.0000,0.0000,0.0000,0.0000,15.25,24.57,27,-5.670,1,178.3
2321.536,+0.0229,+0.0772,-0.0200,-0.0614,-0.5357,5.313,-6.767,-0.920,-0.768,0.0000,0.0000,0.0000,0.0000,0.0000,0.0000,0.0000,0.0000,15.25,24.57,27,-5.900,1,178.3
2321.601,+0.0086,+0.0663,-0.0200,-0.0614,-0.5357,5.313,-6.767,-0.920,-0.768,0.0000,0.0000,0.0000,0.0000,0.0000,0.0000,0.0000,0.0000,15.25,24.57,27,-5.900,1,178.3
2321.625,+0.0208,+0.0444,-0.0200,-0.0614,-0.5357,5.313,-6.767,-0.920,-0.768,0.0000,0.0000,0.0000,0.0000,0.0000,0.0000,0.0000,0.0000,15.25,24.57,27,-5.900,1,178.3
2321.657,+0.0208,+0.0444,-0.0200,-0.0614,-0.5357,5.313,-6.767,-0.920,-0.768,0.0000,0.0000,0.0000,0.0000,0.0000,0.0000,0.0000,0.0000,15.25,24.57,27,-5.900,1,178.3
2321.685,+0.0208,+0.0444,-0.0200,-0.0614,-0.5357,5.268,-6.814,-0.756,-0.981,0.0000,0.0000,0.0000,0.0000,0.0000,0.0000,0.0000,0.0000,15.25,24.57,27,-5.700,1,178.3
2321.720,-0.0037,+0.0444,-0.0133,-0.0643,-0.5414,5.229,-6.864,-0.668,-0.616,0.0000,0.0000,0.0000,0.0000,0.0000,0.0000,0.0000,0.0000,15.25,24.56,27,-5.560,1,178.3
2321.744,+0.0187,-0.0166,-0.0133,-0.0643,-0.5414,5.229,-6.864,-0.668,-0.616,0.0000,0.0000,0.0000,0.0000,0.0000,0.0000,0.0000,0.0000,14.79,24.56,27,-5.560,1,172.2
2321.791,-0.0002,+0.0070,-0.0133,-0.0643,-0.5386,5.204,-6.835,-0.312,1.533,0.0000,0.0000,0.0000,0.0000,0.0000,0.0000,0.0000,0.0000,14.79,24.56,27,-5.560,1,172.2
2321.823,+0.0167,-0.0117,-0.0133,-0.0643,-0.5357,5.148,-6.660,-0.602,1.740,0.0000,0.0000,0.0000,0.0000,0.0000,0.0000,0.0000,0.0000,14.79,24.56,27,-5.660,1,172.2
2321.849,+0.0167,-0.0234,-0.0133,-0.0657,-0.5371,5.110,-6.591,-0.701,1.177,0.0000,0.0000,0.0000,0.0000,0.0000,0.0000,0.0000,0.0000,14.79,24.56,27,-5.910,1,172.2
2321.883,-0.0089,+0.0296,-0.0133,-0.0657,-0.5371,5.110,-6.591,-0.701,1.177,0.0000,0.0000,0.0000,0.0000,0.0000,0.0000,0.0000,0.0000,14.40,24.56,26,-5.910,1,167.3
2321.923,-0.0071,-0.0090,-0.0133,-0.0614,-0.5214,4.909,-6.552,-3.548,0.234,0.0000,0.0000,0.0000,0.0000,0.0000,0.0000,0.0000,0.0000,14.40,24.56,26,-7.560,1,167.3
2321.955,+0.0125,+0.0259,-0.0133,-0.0600,-0.5200,4.900,-6.552,-4.246,0.156,0.0000,0.0000,0.0000,0.0000,0.0000,0.0000,0.0000,0.0000,14.40,24.56,26,-7.080,1,167.3
2321.985,-0.0156,-0.0240,-0.0133,-0.0614,-0.5186,4.657,-6.537,-4.932,0.611,0.0000,0.0000,0.0000,0.0000,0.0000,0.0000,0.0000,0.0000,14.40,24.56,26,-6.500,1,167.3
2322.012,+0.0104,+0.0222,-0.0200,-0.0571,-0.5200,4.427,-6.508,-4.914,0.788,0.0000,0.0000,0.0000,0.0000,0.0000,0.0000,0.0000,0.0000,14.40,24.56,26,-6.360,1,167.3
2322.045,+0.0104,-0.0242,-0.0200,-0.0571,-0.5200,4.427,-6.508,-4.914,0.788,0.0000,0.0000,0.0000,0.0000,0.0000,0.0000,0.0000,0.0000,14.03,24.56,26,-6.360,1,162.3
2322.098,-0.0064,-0.0114,-0.0133,-0.0600,-0.5171,4.174,-6.445,-4.744,1.471,0.0000,0.0000,0.0000,0.0000,0.0000,0.0000,0.0000,0.0000,14.03,24.56,26,-6.400,1,162.3
2322.135,+0.0083,-0.0278,-0.0133,-0.0600,-0.5171,3.924,-6.353,-4.748,1.763,0.0000,0.0000,0.0000,0.0000,0.0000,0.0000,0.0000,0.0000,14.03,24.56,26,-6.400,1,162.3
2322.174,+0.0083,-0.0278,-0.0200,-0.0557,-0.5157,3.914,-6.349,-4.821,1.926,0.0000,0.0000,0.0000,0.0000,0.0000,0.0000,0.0000,0.0000,14.03,24.55,26,-6.490,1,162.3
2322.201,+0.0083,-0.0497,-0.0267,-0.0543,-0.5143,3.395,-6.172,-5.203,1.583,0.0000,0.0000,0.0000,0.0000,0.0000,0.0000,0.0000,0.0000,14.03,24.55,26,-6.550,1,162.3
2322.230,+0.0083,-0.0487,-0.0267,-0.0529,-0.5129,3.395,-6.172,-5.203,1.583,0.0000,0.0000,0.0000,0.0000,0.0000,0.0000,0.0000,0.0000,14.03,24.55,26,-6.660,1,162.3
2322.271,+0.0083,-0.0376,-0.0267,-0.0529,-0.5100,3.384,-6.169,-5.247,1.521,0.0000,0.0000,0.0000,0.0000,0.0000,0.0000,0.0000,0.0000,13.66,24.55,26,-6.730,1,157.2
2322.294,+0.0448,-0.0037,-0.0267,-0.0514,-0.5086,3.113,-6.101,-5.411,1.262,0.0000,0.0000,0.0000,0.0000,0.0000,0.0000,0.0000,0.0000,13.66,24.54,26,-6.910,1,157.2
2322.352,+0.0104,-0.0319,-0.0267,-0.0500,-0.5043,2.852,-6.045,-5.258,1.213,0.0000,0.0000,0.0000,0.0000,0.0000,0.0000,0.0000,0.0000,13.66,24.54,26,-6.970,1,157.2
2322.387,+0.0104,-0.0515,-0.0333,-0.0443,-0.4929,2.613,-5.987,-4.669,1.269,0.0000,0.0000,0.0000,0.0000,0.0000,0.0000,0.0000,0.0000,13.66,24.54,26,-8.580,1,157.2
2322.417,+0.0104,-0.0612,-0.0333,-0.0471,-0.4843,2.401,-5.932,-4.503,1.181,0.0000,0.0000,0.0000,0.0000,0.0000,0.0000,0.0000,0.0000,13.66,24.53,25,-8.430,1,157.2
2322.442,-0.0229,-0.0148,-0.0333,-0.0471,-0.4843,2.401,-5.932,-4.503,1.181,0.0000,0.0000,0.0000,0.0000,0.0000,0.0000,0.0000,0.0000,13.34,24.53,25,-8.430,1,152.4
2322.467,+0.0083,-0.0748,-0.0333,-0.0457,-0.4829,2.392,-5.930,-4.363,1.126,0.0000,0.0000,0.0000,0.0000,0.0000,0.0000,0.0000,0.0000,13.34,24.53,25,-7.830,1,152.4
2322.518,+0.0083,-0.0185,-0.0333,-0.0443,-0.4871,1.933,-5.951,-4.435,-1.602,0.0000,0.0000,0.0000,0.0000,0.0000,0.0000,0.0000,0.0000,13.34,24.52,25,-7.710,1,152.4
2322.544,+0.0083,-0.0185,-0.0333,-0.0457,-0.4943,1.933,-5.951,-4.435,-1.602,0.0000,0.0000,0.0000,0.0000,0.0000,0.0000,0.0000,0.0000,13.34,24.52,25,-7.600,1,152.4
2322.570,+0.0083,+0.0389,-0.0333,-0.0457,-0.4943,1.933,-5.951,-4.435,-1.602,0.0000,0.0000,0.0000,0.0000,0.0000,0.0000,0.0000,0.0000,13.34,24.52,25,-7.600,1,152.4
2322.604,+0.0083,+0.0307,-0.0333,-0.0457,-0.4943,1.933,-5.951,-4.435,-1.602,0.0000,0.0000,0.0000,0.0000,0.0000,0.0000,0.0000,0.0000,13.34,24.52,25,-7.600,1,152.4
2322.652,-0.0102,-0.0111,-0.0333,-0.0457,-0.4943,1.933,-5.951,-4.435,-1.602,0.0000,0.0000,0.0000,0.0000,0.0000,0.0000,0.0000,0.0000,13.34,24.52,25,-7.600,1,152.4
2322.675,+0.0063,+0.0539,-0.0333,-0.0457,-0.4943,1.933,-5.951,-4.435,-1.602,0.0000,0.0000,0.0000,0.0000,0.0000,0.0000,0.0000,0.0000,13.34,24.52,25,-7.600,1,152.4
2322.704,+0.0356,-0.0074,-0.0333,-0.0443,-0.4929,1.505,-6.122,-3.853,-1.203,0.0000,0.0000,0.0000,0.0000,0.0000,0.0000,0.0000,0.0000,13.34,24.52,25,-7.510,1,152.4
2322.739,+0.0083,-0.0074,-0.0333,-0.0443,-0.4929,1.505,-6.122,-3.853,-1.203,0.0000,0.0000,0.0000,0.0000,0.0000,0.0000,0.0000,0.0000,13.01,24.50,25,-7.330,1,147.3
2322.767,+0.0083,+0.0458,-0.0333,-0.0429,-0.4971,1.308,-6.160,-3.662,-0.337,0.0000,0.0000,0.0000,0.0000,0.0000,0.0000,0.0000,0.0000,13.01,24.50,25,-6.850,1,147.3
2322.796,+0.0377,-0.0037,-0.0400,-0.0443,-0.4986,1.308,-6.160,-3.662,-0.337,0.0000,0.0000,0.0000,0.0000,0.0000,0.0000,0.0000,0.0000,13.01,24.49,25,-6.680,1,147.3
2322.835,+0.0104,-0.0037,-0.0400,-0.0400,-0.5000,1.017,-6.171,-2.030,-0.275,0.0000,0.0000,0.0000,0.0000,0.0000,0.0000,0.0000,0.0000,13.01,24.49,25,-7.720,1,147.3
2322.886,+0.0104,+0.0275,-0.0400,-0.0414,-0.4871,0.912,-6.201,-1.963,-0.787,0.0000,0.0000,0.0000,0.0000,0.0000,0.0000,0.0000,0.0000,12.77,24.48,25,-9.180,1,143.5
2322.911,+0.0450,+0.0000,-0.0400,-0.0371,-0.4829,0.817,-6.253,-2.156,-1.325,0.0000,0.0000,0.0000,0.0000,0.0000,0.0000,0.0000,0.0000,12.77,24.48,25,-9.550,1,143.5
2322.945,+0.0125,+0.0440,-0.0467,-0.0371,-0.4800,0.810,-6.258,-2.199,-1.437,0.0000,0.0000,0.0000,0.0000,0.0000,0.0000,0.0000,0.0000,12.77,24.47,24,-10.400,1,143.5
2322.975,+0.0412,+0.0037,-0.0467,-0.0329,-0.4643,0.697,-6.346,-2.267,-1.839,0.0000,0.0000,0.0000,0.0000,0.0000,0.0000,0.0000,0.0000,12.77,24.47,24,-9.880,1,143.5
2323.033,+0.0146,+0.0317,-0.0400,-0.0357,-0.4643,0.591,-6.434,-2.220,-1.789,0.0000,0.0000,0.0000,0.0000,0.0000,0.0000,0.0000,0.0000,12.44,24.45,25,-9.260,1,138.6
2323.062,+0.0146,+0.0607,-0.0467,-0.0314,-0.4600,0.480,-6.522,-2.117,-1.549,0.0000,0.0000,0.0000,0.0000,0.0000,0.0000,0.0000,0.0000,12.44,24.45,25,-10.310,1,138.6
2323.099,+0.0380,+0.0527,-0.0467,-0.0314,-0.4600,0.480,-6.522,-2.117,-1.549,0.0000,0.0000,0.0000,0.0000,0.0000,0.0000,0.0000,0.0000,12.44,24.45,25,-10.310,1,138.6
2323.155,+0.0167,+0.0434,-0.0467,-0.0343,-0.4571,0.382,-6.592,-2.018,-1.348,0.0000,0.0000,0.0000,0.0000,0.0000,0.0000,0.0000,0.0000,12.44,24.44,25,-9.700,1,138.6
2323.193,+0.0167,+0.0185,-0.0467,-0.0329,-0.4729,0.284,-6.659,-1.508,-1.057,0.0000,0.0000,0.0000,0.0000,0.0000,0.0000,0.0000,0.0000,12.44,24.44,25,-7.860,1,138.6
2323.219,+0.0495,+0.0185,-0.0467,-0.0343,-0.4800,0.231,-6.703,-0.642,-0.666,0.0000,0.0000,0.0000,0.0000,0.0000,0.0000,0.0000,0.0000,12.44,24.43,25,-7.570,1,138.6
2323.249,+0.0187,+0.0688,-0.0467,-0.0343,-0.4800,0.207,-6.742,-0.383,-0.729,0.0000,0.0000,0.0000,0.0000,0.0000,0.0000,0.0000,0.0000,12.09,24.43,25,-7.570,1,133.6
2323.297,+0.0374,+0.0554,-0.0467,-0.0357,-0.4957,0.200,-6.815,-0.359,-2.477,0.0000,0.0000,0.0000,0.0000,0.0000,0.0000,0.0000,0.0000,12.09,24.42,25,-7.660,1,133.6
2323.326,+0.0208,+0.0773,-0.0467,-0.0357,-0.4957,0.199,-6.820,-0.362,-2.413,0.0000,0.0000,0.0000,0.0000,0.0000,0.0000,0.0000,0.0000,12.09,24.42,25,-7.330,1,133.6
2323.350,+0.0565,+0.0930,-0.0467,-0.0386,-0.4986,0.199,-6.820,-0.362,-2.413,0.0000,0.0000,0.0000,0.0000,0.0000,0.0000,0.0000,0.0000,12.09,24.42,25,-7.330,1,133.6
2323.430,+0.0348,+0.0967,-0.0533,-0.0357,-0.5186,0.132,-7.253,-0.760,-5.191,0.0000,0.0000,0.0000,0.0000,0.0000,0.0000,0.0000,0.0000,11.73,24.41,25,-6.960,1,128.8
2323.455,+0.0599,+0.1685,-0.0533,-0.0343,-0.5229,0.099,-7.514,-0.555,-4.765,0.0000,0.0000,0.0000,0.0000,0.0000,0.0000,0.0000,0.0000,11.73,24.41,25,-6.760,1,128.8
2323.494,+0.0271,+0.1707,-0.0467,-0.0371,-0.5286,0.078,-7.722,-0.428,-4.415,0.0000,0.0000,0.0000,0.0000,0.0000,0.0000,0.0000,0.0000,11.73,24.40,25,-6.630,1,128.8
2323.519,+0.0271,+0.1836,-0.0467,-0.0371,-0.5286,0.078,-7.731,-0.318,-4.109,0.0000,0.0000,0.0000,0.0000,0.0000,0.0000,0.0000,0.0000,11.73,24.40,25,-6.630,1,128.8
2323.550,+0.0547,+0.2176,-0.0533,-0.0371,-0.5343,0.078,-7.731,-0.318,-4.109,0.0000,0.0000,0.0000,0.0000,0.0000,0.0000,0.0000,0.0000,11.73,24.40,25,-6.220,1,128.8
2323.576,+0.0292,+0.1974,-0.0533,-0.0371,-0.5343,0.078,-7.731,-0.318,-4.109,0.0000,0.0000,0.0000,0.0000,0.0000,0.0000,0.0000,0.0000,11.73,24.40,25,-6.220,1,128.8
2323.602,+0.0292,+0.2046,-0.0533,-0.0371,-0.5343,0.078,-7.731,-0.318,-4.109,0.0000,0.0000,0.0000,0.0000,0.0000,0.0000,0.0000,0.0000,11.73,24.40,25,-6.220,1,128.8
2323.632,+0.0292,+0.1464,-0.0533,-0.0371,-0.5343,0.078,-7.731,-0.318,-4.109,0.0000,0.0000,0.0000,0.0000,0.0000,0.0000,0.0000,0.0000,11.73,24.40,25,-6.220,1,128.8
2323.666,+0.0543,+0.1894,-0.0533,-0.0371,-0.5343,0.078,-7.731,-0.318,-4.109,0.0000,0.0000,0.0000,0.0000,0.0000,0.0000,0.0000,0.0000,11.73,24.40,25,-6.220,1,128.8
2323.719,+0.0312,+0.1379,-0.0533,-0.0386,-0.5529,0.075,-8.089,0.606,-3.404,0.0000,0.0000,0.0000,0.0000,0.0000,0.0000,0.0000,0.0000,11.73,24.39,26,-5.260,1,128.8
2323.741,+0.0312,+0.1111,-0.0533,-0.0386,-0.5529,0.124,-8.279,1.062,-3.756,0.0000,0.0000,0.0000,0.0000,0.0000,0.0000,0.0000,0.0000,11.31,24.39,26,-5.260,1,124.0
2323.769,+0.0618,+0.0568,-0.0467,-0.0443,-0.5643,0.155,-8.399,0.770,-0.712,0.0000,0.0000,0.0000,0.0000,0.0000,0.0000,0.0000,0.0000,11.31,24.39,26,-4.990,1,124.0
2323.830,+0.0333,+0.0806,-0.0533,-0.0400,-0.5571,0.279,-8.127,1.258,3.657,0.0000,0.0000,0.0000,0.0000,0.0000,0.0000,0.0000,0.0000,11.31,24.40,26,-4.690,1,124.0
2323.858,+0.0635,-0.0034,-0.0467,-0.0429,-0.5571,0.280,-8.123,1.178,4.078,0.0000,0.0000,0.0000,0.0000,0.0000,0.0000,0.0000,0.0000,11.31,24.40,26,-4.980,1,124.0
2323.883,+0.0354,-0.0237,-0.0467,-0.0429,-0.5571,0.334,-7.951,0.957,3.126,0.0000,0.0000,0.0000,0.0000,0.0000,0.0000,0.0000,0.0000,10.83,24.40,26,-4.980,1,119.1
2323.916,+0.0613,+0.0428,-0.0467,-0.0429,-0.5543,0.377,-7.842,0.844,2.415,0.0000,0.0000,0.0000,0.0000,0.0000,0.0000,0.0000,0.0000,10.83,24.42,26,-5.640,1,119.1
2323.944,+0.0681,+0.0852,-0.0533,-0.0386,-0.5471,0.378,-7.839,0.737,1.782,0.0000,0.0000,0.0000,0.0000,0.0000,0.0000,0.0000,0.0000,10.83,24.42,26,-7.030,1,119.1
2323.968,+0.0749,+0.0224,-0.0533,-0.0371,-0.5429,0.412,-7.785,0.489,0.727,0.0000,0.0000,0.0000,0.0000,0.0000,0.0000,0.0000,0.0000,10.83,24.42,26,-6.710,1,119.1
2323.999,+0.0691,+0.0327,-0.0533,-0.0371,-0.5429,0.442,-7.759,0.522,0.579,0.0000,0.0000,0.0000,0.0000,0.0000,0.0000,0.0000,0.0000,10.83,24.42,26,-6.710,1,119.1
2324.042,+0.0642,+0.0415,-0.0533,-0.0371,-0.5429,0.442,-7.759,0.522,0.579,0.0000,0.0000,0.0000,0.0000,0.0000,0.0000,0.0000,0.0000,10.37,24.44,25,-6.190,1,114.4
2324.073,+0.0741,+0.0741,-0.0533,-0.0357,-0.5386,0.463,-7.720,0.237,0.991,0.0000,0.0000,0.0000,0.0000,0.0000,0.0000,0.0000,0.0000,10.37,24.44,25,-6.260,1,114.4
2324.098,+0.0479,+0.0154,-0.0533,-0.0357,-0.5386,0.463,-7.720,0.237,0.991,0.0000,0.0000,0.0000,0.0000,0.0000,0.0000,0.0000,0.0000,10.37,24.44,25,-6.260,1,114.4
2324.162,+0.0479,-0.0070,-0.0533,-0.0357,-0.5357,0.478,-7.501,0.385,3.360,0.0000,0.0000,0.0000,0.0000,0.0000,0.0000,0.0000,0.0000,10.37,24.46,25,-6.200,1,114.4
2324.187,+0.0479,+0.0005,-0.0533,-0.0343,-0.5314,0.501,-7.338,0.696,3.609,0.0000,0.0000,0.0000,0.0000,0.0000,0.0000,0.0000,0.0000,10.37,24.46,25,-6.160,1,114.4
2324.214,+0.0479,-0.0575,-0.0467,-0.0386,-0.5271,0.542,-7.159,0.820,3.459,0.0000,0.0000,0.0000,0.0000,0.0000,0.0000,0.0000,0.0000,10.37,24.47,25,-6.240,1,114.4
2324.241,+0.0479,-0.0079,-0.0467,-0.0386,-0.5271,0.542,-7.159,0.820,3.459,0.0000,0.0000,0.0000,0.0000,0.0000,0.0000,0.0000,0.0000,9.79,24.47,25,-6.240,1,108.1
2324.312,+0.0611,-0.0260,-0.0533,-0.0357,-0.5071,0.594,-7.009,1.126,2.908,0.0000,0.0000,0.0000,0.0000,0.0000,0.0000,0.0000,0.0000,9.79,24.48,24,-7.780,1,108.1
2324.339,+0.0500,-0.0227,-0.0533,-0.0329,-0.4957,0.594,-7.009,1.126,2.908,0.0000,0.0000,0.0000,0.0000,0.0000,0.0000,0.0000,0.0000,9.79,24.48,24,-9.050,1,108.1
2324.387,+0.0500,-0.0365,-0.0533,-0.0329,-0.4871,0.653,-6.873,1.144,2.569,0.0000,0.0000,0.0000,0.0000,0.0000,0.0000,0.0000,0.0000,9.79,24.48,24,-8.730,1,108.1
2324.418,+0.0778,-0.0767,-0.0533,-0.0329,-0.4871,0.705,-6.758,1.045,2.507,0.0000,0.0000,0.0000,0.0000,0.0000,0.0000,0.0000,0.0000,9.79,24.48,24,-7.950,1,108.1
2324.450,+0.0789,-0.0329,-0.0533,-0.0329,-0.4871,0.761,-6.644,1.095,1.846,0.0000,0.0000,0.0000,0.0000,0.0000,0.0000,0.0000,0.0000,9.49,24.48,24,-7.950,1,104.6
2324.476,+0.0864,-0.0462,-0.0533,-0.0329,-0.4900,0.761,-6.644,1.095,1.846,0.0000,0.0000,0.0000,0.0000,0.0000,0.0000,0.0000,0.0000,9.49,24.48,24,-7.650,1,104.6
2324.552,+0.0687,-0.0148,-0.0600,-0.0286,-0.4971,0.832,-6.573,-0.082,-0.276,0.0000,0.0000,0.0000,0.0000,0.0000,0.0000,0.0000,0.0000,9.49,24.49,24,-7.660,1,104.6
2324.588,+0.1070,+0.0470,-0.0600,-0.0286,-0.4971,0.832,-6.573,-0.082,-0.276,0.0000,0.0000,0.0000,0.0000,0.0000,0.0000,0.0000,0.0000,9.49,24.49,24,-7.660,1,104.6
2324.613,+0.0625,+0.0659,-0.0600,-0.0286,-0.4971,0.832,-6.573,-0.082,-0.276,0.0000,0.0000,0.0000,0.0000,0.0000,0.0000,0.0000,0.0000,9.49,24.49,24,-7.660,1,104.6
2324.652,+0.0625,+0.0111,-0.0600,-0.0286,-0.4971,0.832,-6.573,-0.082,-0.276,0.0000,0.0000,0.0000,0.0000,0.0000,0.0000,0.0000,0.0000,9.49,24.49,24,-7.660,1,104.6
2324.685,+0.0625,+0.0573,-0.0600,-0.0286,-0.4971,0.832,-6.574,-0.315,-0.584,0.0000,0.0000,0.0000,0.0000,0.0000,0.0000,0.0000,0.0000,9.49,24.49,24,-7.690,1,104.6
2324.715,+0.0625,+0.0659,-0.0533,-0.0300,-0.5014,0.803,-6.656,-0.580,-1.802,0.0000,0.0000,0.0000,0.0000,0.0000,0.0000,0.0000,0.0000,9.49,24.48,24,-7.580,1,104.6
2324.745,+0.0625,+0.0185,-0.0533,-0.0300,-0.5014,0.803,-6.656,-0.580,-1.802,0.0000,0.0000,0.0000,0.0000,0.0000,0.0000,0.0000,0.0000,9.11,24.48,24,-7.580,1,99.7
2324.773,+0.0321,+0.0725,-0.0533,-0.0329,-0.5071,0.774,-6.872,0.125,-1.730,0.0000,0.0000,0.0000,0.0000,0.0000,0.0000,0.0000,0.0000,9.11,24.48,24,-6.720,1,99.7
2324.817,+0.0604,+0.0222,-0.0533,-0.0329,-0.5100,0.805,-6.924,1.053,-0.601,0.0000,0.0000,0.0000,0.0000,0.0000,0.0000,0.0000,0.0000,9.11,24.47,24,-6.870,1,99.7
2324.851,+0.0604,+0.0671,-0.0533,-0.0329,-0.5129,0.874,-6.942,1.933,0.029,0.0000,0.0000,0.0000,0.0000,0.0000,0.0000,0.0000,0.0000,9.11,24.47,25,-6.580,1,99.7
2324.878,+0.0604,+0.0259,-0.0533,-0.0329,-0.5129,0.874,-6.942,1.933,0.029,0.0000,0.0000,0.0000,0.0000,0.0000,0.0000,0.0000,0.0000,8.74,24.47,25,-6.580,1,94.7
2324.926,+0.0792,+0.0259,-0.0533,-0.0357,-0.5214,1.125,-6.969,2.765,-0.589,0.0000,0.0000,0.0000,0.0000,0.0000,0.0000,0.0000,0.0000,8.74,24.46,25,-6.390,1,94.7
2324.964,+0.0625,+0.0259,-0.0533,-0.0371,-0.5229,1.261,-7.006,2.657,-0.740,0.0000,0.0000,0.0000,0.0000,0.0000,0.0000,0.0000,0.0000,8.74,24.46,25,-6.510,1,94.7
2325.000,+0.1103,+0.0684,-0.0533,-0.0343,-0.5200,1.396,-7.027,2.384,-0.122,0.0000,0.0000,0.0000,0.0000,0.0000,0.0000,0.0000,0.0000,8.74,24.46,25,-6.540,1,94.7
2325.032,+0.0934,+0.0296,-0.0533,-0.0343,-0.5200,1.396,-7.027,2.384,-0.122,0.0000,0.0000,0.0000,0.0000,0.0000,0.0000,0.0000,0.0000,8.34,24.45,24,-6.540,1,89.7
2325.073,+0.1115,+0.0296,-0.0533,-0.0371,-0.5200,1.503,-7.023,1.830,0.196,0.0000,0.0000,0.0000,0.0000,0.0000,0.0000,0.0000,0.0000,8.34,24.45,24,-6.550,1,89.7
2325.120,+0.0921,+0.0296,-0.0533,-0.0371,-0.5200,1.503,-7.023,1.830,0.196,0.0000,0.0000,0.0000,0.0000,0.0000,0.0000,0.0000,0.0000,8.34,24.45,24,-6.550,1,89.7
2325.153,+0.1009,+0.0296,-0.0533,-0.0329,-0.5214,1.583,-7.012,1.296,0.227,0.0000,0.0000,0.0000,0.0000,0.0000,0.0000,0.0000,0.0000,8.34,24.45,24,-6.400,1,89.7
2325.182,+0.1060,+0.0296,-0.0600,-0.0314,-0.5229,1.685,-7.009,0.901,-0.068,0.0000,0.0000,0.0000,0.0000,0.0000,0.0000,0.0000,0.0000,8.34,24.45,24,-6.430,1,89.7
2325.212,+0.1077,+0.0296,-0.0533,-0.0329,-0.5243,1.687,-7.009,0.862,-0.167,0.0000,0.0000,0.0000,0.0000,0.0000,0.0000,0.0000,0.0000,8.34,24.45,24,-6.420,1,89.7
2325.260,+0.0813,+0.0296,-0.0600,-0.0314,-0.5257,1.720,-7.032,0.630,-0.572,0.0000,0.0000,0.0000,0.0000,0.0000,0.0000,0.0000,0.0000,7.95,24.45,24,-6.400,1,84.9
2325.297,+0.0813,+0.0296,-0.0600,-0.0314,-0.5257,1.750,-7.062,0.813,-0.425,0.0000,0.0000,0.0000,0.0000,0.0000,0.0000,0.0000,0.0000,7.95,24.44,24,-6.380,1,84.9
2325.339,+0.0813,+0.0296,-0.0533,-0.0357,-0.5243,1.794,-7.076,1.312,0.029,0.0000,0.0000,0.0000,0.0000,0.0000,0.0000,0.0000,0.0000,7.95,24.44,24,-6.360,1,84.9
2325.374,+0.0568,+0.0296,-0.0533,-0.0357,-0.5243,1.872,-7.063,1.830,0.594,0.0000,0.0000,0.0000,0.0000,0.0000,0.0000,0.0000,0.0000,7.95,24.44,24,-6.340,1,84.9
2325.413,+0.0792,-0.0107,-0.0533,-0.0357,-0.5243,1.875,-7.062,1.818,0.574,0.0000,0.0000,0.0000,0.0000,0.0000,0.0000,0.0000,0.0000,7.95,24.44,24,-6.320,1,84.9
2325.445,+0.0792,+0.0259,-0.0533,-0.0357,-0.5243,1.971,-7.028,2.079,0.791,0.0000,0.0000,0.0000,0.0000,0.0000,0.0000,0.0000,0.0000,7.55,24.44,24,-6.320,1,80.0
2325.478,+0.0792,+0.0259,-0.0467,-0.0386,-0.5243,2.070,-6.993,2.077,0.751,0.0000,0.0000,0.0000,0.0000,0.0000,0.0000,0.0000,0.0000,7.55,24.44,24,-6.440,1,80.0
2325.511,+0.0792,-0.0202,-0.0533,-0.0357,-0.5243,2.174,-6.959,1.850,0.604,0.0000,0.0000,0.0000,0.0000,0.0000,0.0000,0.0000,0.0000,7.55,24.44,24,-6.440,1,80.0
2325.546,+0.1035,+0.0222,-0.0533,-0.0357,-0.5243,2.174,-6.959,1.850,0.604,0.0000,0.0000,0.0000,0.0000,0.0000,0.0000,0.0000,0.0000,7.55,24.44,24,-6.360,1,80.0
2325.580,+0.0813,-0.0233,-0.0533,-0.0357,-0.5243,2.174,-6.959,1.850,0.604,0.0000,0.0000,0.0000,0.0000,0.0000,0.0000,0.0000,0.0000,7.55,24.44,24,-6.360,1,80.0
2325.638,+0.0971,+0.0185,-0.0533,-0.0357,-0.5243,2.174,-6.959,1.850,0.604,0.0000,0.0000,0.0000,0.0000,0.0000,0.0000,0.0000,0.0000,7.55,24.44,24,-6.360,1,80.0
2325.674,+0.1075,-0.0244,-0.0533,-0.0357,-0.5243,2.255,-6.933,0.430,0.169,0.0000,0.0000,0.0000,0.0000,0.0000,0.0000,0.0000,0.0000,7.55,24.44,24,-6.510,1,80.0
2325.708,+0.1108,+0.0148,-0.0600,-0.0314,-0.5229,2.321,-6.913,0.049,0.051,0.0000,0.0000,0.0000,0.0000,0.0000,0.0000,0.0000,0.0000,7.55,0.00,24,-6.530,1,80.0
2325.739,+0.1146,-0.0334,-0.0600,-0.0314,-0.5229,2.321,-6.913,0.048,0.057,0.0000,0.0000,0.0000,0.0000,0.0000,0.0000,0.0000,0.0000,9.06,0.00,24,-6.530,1,73.9
2325.772,+0.0896,-0.0355,-0.0533,-0.0343,-0.5200,2.321,-6.913,0.051,0.056,0.0000,0.0000,0.0000,0.0000,0.0000,0.0000,0.0000,0.0000,9.06,0.00,24,-6.770,1,73.9
2325.807,+0.0896,+0.0074,-0.0600,-0.0314,-0.5200,2.374,-6.856,0.050,0.054,0.0000,0.0000,0.0000,0.0000,0.0000,0.0000,0.0000,0.0000,9.06,0.00,24,-6.560,1,73.9
2325.847,+0.1113,-0.0312,-0.0600,-0.0300,-0.5186,2.389,-6.820,0.055,0.053,0.0000,0.0000,0.0000,0.0000,0.0000,0.0000,0.0000,0.0000,9.06,0.00,24,-6.700,1,73.9
2325.890,+0.0917,+0.0037,-0.0533,-0.0314,-0.5171,2.431,-6.743,0.050,0.053,0.0000,0.0000,0.0000,0.0000,0.0000,0.0000,0.0000,0.0000,8.77,0.00,24,-6.900,1,70.3
2325.936,+0.0917,-0.0303,-0.0533,-0.0314,-0.5114,2.464,-6.710,0.047,0.058,0.0000,0.0000,0.0000,0.0000,0.0000,0.0000,0.0000,0.0000,8.77,0.00,23,-8.160,1,70.3
2325.977,+0.1129,-0.0378,-0.0600,-0.0286,-0.4971,2.464,-6.710,0.054,0.053,0.0000,0.0000,0.0000,0.0000,0.0000,0.0000,0.0000,0.0000,8.77,0.00,23,-8.630,1,70.3
2326.014,+0.0938,-0.0037,-0.0600,-0.0286,-0.4914,2.508,-6.678,0.055,0.054,0.0000,0.0000,0.0000,0.0000,0.0000,0.0000,0.0000,0.0000,8.39,0.00,23,-8.590,1,65.4
2326.054,+0.0938,-0.0428,-0.0600,-0.0257,-0.4914,2.559,-6.646,0.050,0.053,0.0000,0.0000,0.0000,0.0000,0.0000,0.0000,0.0000,0.0000,8.39,0.00,23,-7.990,1,65.4
2326.096,+0.0938,-0.0074,-0.0600,-0.0257,-0.4914,2.559,-6.646,0.050,0.053,0.0000,0.0000,0.0000,0.0000,0.0000,0.0000,0.0000,0.0000,8.39,0.00,23,-7.990,1,65.4
2326.140,+0.1139,-0.0432,-0.0600,-0.0271,-0.4871,2.616,-6.613,1.327,0.643,0.0000,0.0000,0.0000,0.0000,0.0000,0.0000,0.0000,0.0000,8.39,24.41,23,-8.700,1,65.4
2326.182,+0.1167,-0.0111,-0.0600,-0.0271,-0.4786,2.753,-6.589,1.504,-0.369,0.0000,0.0000,0.0000,0.0000,0.0000,0.0000,0.0000,0.0000,8.39,24.41,23,-9.160,1,65.4
2326.237,+0.1144,-0.0111,-0.0600,-0.0257,-0.4857,2.803,-6.662,0.823,-2.370,0.0000,0.0000,0.0000,0.0000,0.0000,0.0000,0.0000,0.0000,8.02,24.41,23,-8.560,1,60.5
2326.290,+0.1171,+0.0192,-0.0600,-0.0257,-0.4914,2.845,-6.803,0.890,-2.842,0.0000,0.0000,0.0000,0.0000,0.0000,0.0000,0.0000,0.0000,8.02,24.40,23,-8.080,1,60.5
2326.339,+0.1021,+0.0250,-0.0600,-0.0257,-0.4943,2.888,-6.935,0.988,-2.323,0.0000,0.0000,0.0000,0.0000,0.0000,0.0000,0.0000,0.0000,8.02,24.40,23,-7.670,1,60.5
2326.395,+0.1182,+0.0250,-0.0600,-0.0271,-0.5014,2.941,-7.036,1.265,-1.535,0.0000,0.0000,0.0000,0.0000,0.0000,0.0000,0.0000,0.0000,8.02,24.39,23,-7.480,1,60.5
2326.451,+0.1042,+0.0291,-0.0600,-0.0300,-0.5043,3.103,-7.161,2.536,-1.027,0.0000,0.0000,0.0000,0.0000,0.0000,0.0000,0.0000,0.0000,7.64,24.39,23,-7.290,1,55.6
2326.509,+0.1042,+0.0313,-0.0600,-0.0286,-0.5114,3.234,-7.218,2.895,-1.175,0.0000,0.0000,0.0000,0.0000,0.0000,0.0000,0.0000,0.0000,7.64,24.37,23,-7.250,1,55.6
2326.566,+0.1202,+0.0359,-0.0600,-0.0286,-0.5114,3.234,-7.218,2.895,-1.175,0.0000,0.0000,0.0000,0.0000,0.0000,0.0000,0.0000,0.0000,7.64,24.37,23,-7.250,1,55.6
2326.640,+0.1062,+0.0339,-0.0600,-0.0314,-0.5143,3.367,-7.277,2.836,-1.211,0.0000,0.0000,0.0000,0.0000,0.0000,0.0000,0.0000,0.0000,7.64,24.37,23,-7.190,1,55.6
2326.710,+0.1330,+0.0386,-0.0600,-0.0314,-0.5143,3.516,-7.331,2.757,-0.912,0.0000,0.0000,0.0000,0.0000,0.0000,0.0000,0.0000,0.0000,7.64,24.37,23,-7.150,1,55.6
2326.785,+0.1231,+0.0185,-0.0600,-0.0300,-0.5186,3.761,-7.400,2.222,-0.648,0.0000,0.0000,0.0000,0.0000,0.0000,0.0000,0.0000,0.0000,7.14,24.37,23,-7.000,1,49.5
2326.862,+0.1372,+0.0405,-0.0600,-0.0286,-0.5229,3.869,-7.439,1.964,-0.774,0.0000,0.0000,0.0000,0.0000,0.0000,0.0000,0.0000,0.0000,6.82,24.36,23,-6.900,1,45.9
2326.960,+0.1268,+0.0403,-0.0600,-0.0300,-0.5271,4.270,-7.649,2.201,-0.451,0.0000,0.0000,0.0000,0.0000,0.0000,0.0000,0.0000,0.0000,6.36,24.36,23,-6.880,1,40.8
2327.067,+0.1187,+0.0259,-0.0600,-0.0329,-0.5271,4.667,-7.595,2.995,1.005,0.0000,0.0000,0.0000,0.0000,0.0000,0.0000,0.0000,0.0000,6.36,24.37,23,-6.710,1,40.8
2327.198,+0.1269,+0.0115,-0.0533,-0.0343,-0.5314,5.071,-7.506,2.446,0.377,0.0000,0.0000,0.0000,0.0000,0.0000,0.0000,0.0000,0.0000,5.89,24.38,23,-6.730,1,35.7
2327.339,+0.1439,-0.0187,-0.0533,-0.0329,-0.5243,5.584,-7.394,2.331,1.334,0.0000,0.0000,0.0000,0.0000,0.0000,0.0000,0.0000,0.0000,5.44,24.38,23,-6.860,1,30.8
2327.552,+0.1445,-0.0405,-0.0600,-0.0314,-0.5171,6.244,-7.139,1.919,0.559,0.0000,0.0000,0.0000,0.0000,0.0000,0.0000,0.0000,0.0000,4.55,24.39,23,-7.270,1,21.0
2327.919,+0.2689,+0.0453,-0.3667,0.2243,-0.1671,-13.462,13.212,-21.128,-38.807,0.0000,0.0000,0.0000,0.0000,0.0000,0.0000,0.0000,0.0000,3.02,11.89,18,-8.210,1,1.9
2328.867,+0.2583,+0.0259,-0.5600,0.3643,-0.1243,-17.878,6.826,-21.716,-33.749,0.0000,0.0000,0.0000,0.0000,0.0000,0.0000,0.0000,0.0000,4.18,11.75,18,-7.690,1,1.7
2328.982,+0.3120,+0.0418,-0.6133,0.3871,-0.2500,-20.819,1.044,-19.891,-30.552,0.0000,0.0000,0.0000,0.0000,0.0000,0.0000,0.0000,0.0000,4.18,11.75,18,-7.420,1,1.7
2329.025,+0.3329,+0.0296,-0.6467,0.4014,-0.3386,-21.910,-1.556,-18.565,-29.115,0.0000,0.0000,0.0000,0.0000,0.0000,0.0000,0.0000,0.0000,4.96,11.56,19,-7.360,1,3.7
2329.071,+0.3159,+0.0296,-0.6933,0.4129,-0.5014,-21.910,-1.556,-18.565,-29.115,0.0000,0.0000,0.0000,0.0000,0.0000,0.0000,0.0000,0.0000,4.96,11.56,19,-7.380,1,3.7
2329.129,+0.3441,+0.0576,-0.7600,0.4329,-0.5671,-22.836,-4.032,-17.059,-28.178,0.0000,0.0000,0.0000,0.0000,0.0000,0.0000,0.0000,0.0000,4.96,11.32,20,-7.260,1,3.7
2329.191,+0.3338,+0.0333,-0.8533,0.2929,-0.7071,-23.592,-6.282,-15.438,-27.973,0.0000,0.0000,0.0000,0.0000,0.0000,0.0000,0.0000,0.0000,5.25,11.19,20,-7.260,1,5.4
2329.262,+0.3491,+0.0333,-0.9600,0.1657,-0.8343,-26.080,-12.222,-22.337,-32.128,0.0000,0.0000,0.0000,0.0000,0.0000,0.0000,0.0000,0.0000,5.25,10.92,22,-7.070,1,5.4
2329.345,+0.3621,+0.0539,-1.0000,0.1786,-0.8214,-27.359,-14.125,-26.005,-35.264,0.0000,0.0000,0.0000,0.0000,0.0000,0.0000,0.0000,0.0000,5.25,10.67,23,-7.070,1,5.4
2329.447,+0.3637,+0.0370,-1.0000,0.1786,-0.8214,-30.505,-17.671,-31.096,-42.427,0.0000,0.0000,0.0000,0.0000,0.0000,0.0000,0.0000,0.0000,5.28,10.45,24,-6.820,1,7.5
2329.555,+0.3816,+0.0538,-1.0000,0.1786,-0.8214,-30.505,-17.671,-31.096,-42.427,0.0000,0.0000,0.0000,0.0000,0.0000,0.0000,0.0000,0.0000,5.28,10.45,24,-6.820,1,7.5
2329.684,+0.3816,+0.0538,-1.0000,0.1786,-0.8214,-43.362,-26.590,-35.954,-67.754,0.0000,0.0000,0.0000,0.0000,0.0000,0.0000,0.0000,0.0000,4.92,10.06,26,-6.810,0,9.6
2329.816,+0.3816,+0.0538,-1.0000,0.1786,-0.8214,-46.654,-28.190,-35.464,-74.711,0.0000,0.0000,0.0000,0.0000,0.0000,0.0000,0.0000,0.0000,4.92,10.06,26,-6.590,0,9.6
2329.907,+0.3816,+0.0538,-1.0000,0.1786,-0.8214,-54.321,-31.195,-32.565,-91.329,0.0000,0.0000,0.0000,0.0000,0.0000,0.0000,0.0000,0.0000,3.94,9.85,28,-6.440,0,12.1
2329.945,+0.3816,+0.0538,-1.0000,0.1786,-0.8214,-58.316,-32.386,-30.552,-97.425,0.0000,0.0000,0.0000,0.0000,0.0000,0.0000,0.0000,0.0000,3.94,9.85,28,-6.370,0,12.1
2329.997,+0.3816,+0.0538,-1.0000,0.1786,-0.8214,-58.316,-32.386,-30.552,-97.425,0.0000,0.0000,0.0000,0.0000,0.0000,0.0000,0.0000,0.0000,3.94,9.85,28,-6.370,0,12.1
2330.045,+0.3816,+0.0538,-1.0000,0.1786,-0.8214,-67.067,-34.093,-23.981,-107.654,0.0000,0.0000,0.0000,0.0000,0.0000,0.0000,0.0000,0.0000,3.09,9.80,29,-6.290,0,13.5
2330.084,+0.3816,+0.0538,-1.0000,0.1786,-0.8214,-67.067,-34.093,-23.981,-107.654,0.0000,0.0000,0.0000,0.0000,0.0000,0.0000,0.0000,0.0000,3.09,9.80,29,-6.290,0,13.5
2330.132,+0.3816,+0.0538,-1.0000,0.1786,-0.8214,-67.159,-34.104,-23.042,-108.603,0.0000,0.0000,0.0000,0.0000,0.0000,0.0000,0.0000,0.0000,3.09,9.77,30,-6.270,0,13.5
2330.170,+0.3816,+0.0538,-1.0000,0.1786,-0.8214,-75.819,-34.489,-14.292,-107.445,0.0000,0.0000,0.0000,0.0000,0.0000,0.0000,0.0000,0.0000,3.09,9.77,30,-6.190,0,13.5
2331.214,-0.9146,-1.0074,0.1200,-0.1029,-0.0171,-0.020,-5.078,20.744,18.643,0.0000,0.0000,0.0000,0.0000,0.0000,0.0000,0.0000,0.0000,0.16,2.80,59,-0.030,1,19.6
2331.264,-0.9146,-1.0000,0.1067,-0.1271,-0.3157,-0.020,-5.078,20.744,18.643,0.0000,0.0000,0.0000,0.0000,0.0000,0.0000,0.0000,0.0000,0.11,2.45,45,-0.030,1,20.3
2331.292,-0.9146,-1.0000,0.1067,-0.1271,-0.3157,0.636,-4.858,9.722,3.515,0.0000,0.0000,0.0000,0.0000,0.0000,0.0000,0.0000,0.0000,0.11,2.45,45,-0.100,1,20.3
2331.340,-0.9146,-1.0000,0.0533,-0.0757,-0.1643,0.930,-4.717,3.852,2.070,0.0000,0.0000,0.0000,0.0000,0.0000,0.0000,0.0000,0.0000,0.11,2.33,45,-0.800,1,20.3
2331.373,-0.9146,-1.0000,0.0467,-0.0614,-0.0957,1.033,-4.632,0.783,1.124,0.0000,0.0000,0.0000,0.0000,0.0000,0.0000,0.0000,0.0000,0.11,2.33,45,-1.180,1,20.3
2331.412,-0.9146,-1.0000,0.0533,-0.0629,-0.0686,1.065,-4.581,-0.186,0.475,0.0000,0.0000,0.0000,0.0000,0.0000,0.0000,0.0000,0.0000,0.11,2.33,45,-1.560,1,20.3
2331.478,-0.9146,-1.0000,0.0600,-0.0657,-0.0429,1.069,-4.551,-0.610,0.192,0.0000,0.0000,0.0000,0.0000,0.0000,0.0000,0.0000,0.0000,0.10,1.99,45,-1.970,1,20.7
2331.503,-0.9146,-1.0000,0.0667,-0.0686,-0.0171,1.069,-4.550,-0.693,0.159,0.0000,0.0000,0.0000,0.0000,0.0000,0.0000,0.0000,0.0000,0.10,1.88,44,-2.390,1,20.7
2331.539,-0.9146,-1.0000,0.0800,-0.0729,0.0071,1.069,-4.548,-0.693,0.155,0.0000,0.0000,0.0000,0.0000,0.0000,0.0000,0.0000,0.0000,0.10,1.88,44,-2.840,1,20.7
