timestamp_s,errorx,errory,aileron,elevator,rudder,roll_deg,pitch_deg,roll_rate_dps,pitch_rate_dps,pid_roll_desired,pid_roll_P,pid_roll_I,pid_roll_D,pid_pitch_desired,pid_pitch_P,pid_pitch_I,pid_pitch_D,alt_rel_m,groundspeed_ms,throttle_pct,nav_pitch_deg,target_locked,dist_m
1691.589,+0.7833,-0.3407,-0.0667,-0.0357,-0.6100,-0.727,-4.568,-3.687,0.372,0.0000,0.0000,0.0000,0.0000,0.0000,0.0000,0.0000,0.0000,94.33,23.24,45,-0.100,1,897.6
1691.627,+0.8512,-0.3810,-0.0667,-0.0357,-0.6100,-0.727,-4.568,-3.687,0.372,0.0000,0.0000,0.0000,0.0000,0.0000,0.0000,0.0000,0.0000,94.33,23.24,45,-0.100,1,897.6
1691.673,+0.8475,-0.4131,-0.0667,-0.0357,-0.6100,-0.914,-4.546,-2.893,0.847,0.0000,0.0000,0.0000,0.0000,0.0000,0.0000,0.0000,0.0000,94.33,23.24,45,-0.270,1,897.6
1691.708,+0.8211,-0.3967,-0.0667,-0.0386,-0.6357,-1.025,-4.499,-1.356,0.939,0.0000,0.0000,0.0000,0.0000,0.0000,0.0000,0.0000,0.0000,94.33,23.26,45,-0.400,1,897.6
1691.750,+0.8396,-0.3926,-0.0667,-0.0386,-0.6414,-1.085,-4.471,-1.166,0.557,0.0000,0.0000,0.0000,0.0000,0.0000,0.0000,0.0000,0.0000,94.11,23.26,45,-0.540,1,893.1
1691.789,+0.8241,-0.4376,-0.0733,-0.0343,-0.6400,-1.155,-4.442,-1.336,1.073,0.0000,0.0000,0.0000,0.0000,0.0000,0.0000,0.0000,0.0000,94.11,23.27,45,-0.650,1,893.1
1691.817,+0.8352,-0.4218,-0.0800,-0.0286,-0.6343,-1.270,-4.278,-0.942,2.071,0.0000,0.0000,0.0000,0.0000,0.0000,0.0000,0.0000,0.0000,94.11,23.27,45,-1.020,1,893.1
1691.845,+0.8365,-0.4242,-0.0800,-0.0257,-0.6314,-1.271,-4.276,-0.893,2.113,0.0000,0.0000,0.0000,0.0000,0.0000,0.0000,0.0000,0.0000,94.11,23.29,45,-1.220,1,893.1
1691.873,+0.8083,-0.4271,-0.0800,-0.0257,-0.6314,-1.312,-4.173,-0.580,2.033,0.0000,0.0000,0.0000,0.0000,0.0000,0.0000,0.0000,0.0000,93.90,23.29,45,-1.220,1,888.7
1691.931,+0.8398,-0.4337,-0.0867,-0.0200,-0.6257,-1.338,-4.078,-0.302,1.815,0.0000,0.0000,0.0000,0.0000,0.0000,0.0000,0.0000,0.0000,93.90,23.31,44,-1.670,1,888.7
1691.969,+0.8359,-0.4268,-0.0933,-0.0157,-0.6157,-1.341,-3.917,0.772,1.978,0.0000,0.0000,0.0000,0.0000,0.0000,0.0000,0.0000,0.0000,93.90,23.31,44,-2.160,1,888.7
1691.990,+0.8529,-0.3889,-0.1000,-0.0129,-0.6100,-1.339,-3.913,1.060,2.071,0.0000,0.0000,0.0000,0.0000,0.0000,0.0000,0.0000,0.0000,93.90,23.32,44,-2.440,1,888.7
1692.023,+0.8697,-0.4361,-0.1000,-0.0129,-0.6100,-1.339,-3.913,1.060,2.071,0.0000,0.0000,0.0000,0.0000,0.0000,0.0000,0.0000,0.0000,93.71,23.32,44,-2.440,1,884.3
1692.053,+0.8769,-0.4424,-0.1067,-0.0086,-0.6029,-1.278,-3.802,1.138,2.222,0.0000,0.0000,0.0000,0.0000,0.0000,0.0000,0.0000,0.0000,93.71,23.32,44,-2.700,1,884.3
1692.076,+0.8625,-0.3963,-0.1067,-0.0086,-0.6029,-1.278,-3.802,1.138,2.222,0.0000,0.0000,0.0000,0.0000,0.0000,0.0000,0.0000,0.0000,93.71,23.32,44,-2.700,1,884.3
1692.103,+0.8894,-0.4517,-0.1067,-0.0086,-0.6029,-1.278,-3.802,1.138,2.222,0.0000,0.0000,0.0000,0.0000,0.0000,0.0000,0.0000,0.0000,93.71,23.32,44,-2.700,1,884.3
1692.133,+0.8876,-0.4501,-0.1067,-0.0057,-0.5971,-1.276,-3.798,1.289,2.493,0.0000,0.0000,0.0000,0.0000,0.0000,0.0000,0.0000,0.0000,93.71,23.34,44,-2.900,1,884.3
1692.186,+0.8525,-0.4340,-0.1200,0.0057,-0.5714,-0.912,-3.458,2.394,3.543,0.0000,0.0000,0.0000,0.0000,0.0000,0.0000,0.0000,0.0000,93.71,23.34,44,-3.930,1,884.3
1692.206,+0.8375,-0.4826,-0.1200,0.0057,-0.5714,-0.912,-3.458,2.394,3.543,0.0000,0.0000,0.0000,0.0000,0.0000,0.0000,0.0000,0.0000,93.71,23.35,44,-3.930,1,884.3
1692.234,+0.8679,-0.4651,-0.1200,0.0057,-0.5714,-0.783,-3.297,2.892,2.857,0.0000,0.0000,0.0000,0.0000,0.0000,0.0000,0.0000,0.0000,93.55,23.35,44,-4.290,1,880.0
1692.298,+0.8396,-0.4406,-0.1200,0.0071,-0.5614,-0.389,-3.065,4.243,2.169,0.0000,0.0000,0.0000,0.0000,0.0000,0.0000,0.0000,0.0000,93.55,23.37,44,-4.700,1,880.0
1692.350,+0.8396,-0.4185,-0.1267,0.0129,-0.5414,-0.375,-3.059,4.863,1.995,0.0000,0.0000,0.0000,0.0000,0.0000,0.0000,0.0000,0.0000,93.55,23.37,44,-5.510,1,880.0
1692.377,+0.8396,-0.3625,-0.1267,0.0129,-0.5414,-0.112,-2.962,5.531,2.025,0.0000,0.0000,0.0000,0.0000,0.0000,0.0000,0.0000,0.0000,93.55,23.37,44,-5.510,1,880.0
1692.407,+0.8396,-0.4148,-0.1267,0.0129,-0.5329,-0.112,-2.962,5.531,2.025,0.0000,0.0000,0.0000,0.0000,0.0000,0.0000,0.0000,0.0000,93.55,23.38,44,-5.850,1,880.0
1692.482,+0.8522,-0.4148,-0.1267,0.0200,-0.5143,0.450,-2.737,5.435,2.479,0.0000,0.0000,0.0000,0.0000,0.0000,0.0000,0.0000,0.0000,93.43,23.38,44,-6.400,1,875.6
1692.521,+0.8871,-0.4148,-0.1267,0.0200,-0.5086,0.456,-2.735,5.365,2.545,0.0000,0.0000,0.0000,0.0000,0.0000,0.0000,0.0000,0.0000,93.43,23.38,43,-6.630,1,875.6
1692.541,+0.9269,-0.4148,-0.1267,0.0200,-0.5086,0.456,-2.735,5.365,2.545,0.0000,0.0000,0.0000,0.0000,0.0000,0.0000,0.0000,0.0000,93.43,23.38,43,-6.630,1,875.6
1692.574,+0.9028,-0.4148,-0.1267,0.0200,-0.5086,0.456,-2.735,5.365,2.545,0.0000,0.0000,0.0000,0.0000,0.0000,0.0000,0.0000,0.0000,93.43,23.38,43,-6.630,1,875.6
1692.601,+0.9486,-0.3589,-0.1267,0.0200,-0.5086,0.456,-2.735,5.365,2.545,0.0000,0.0000,0.0000,0.0000,0.0000,0.0000,0.0000,0.0000,93.43,23.38,43,-6.630,1,875.6
1692.627,+0.9239,-0.3547,-0.1267,0.0200,-0.5086,0.456,-2.735,5.365,2.545,0.0000,0.0000,0.0000,0.0000,0.0000,0.0000,0.0000,0.0000,93.43,23.38,43,-6.630,1,875.6
1692.677,+0.9367,-0.3433,-0.1333,0.0243,-0.4900,1.200,-2.344,8.717,4.079,0.0000,0.0000,0.0000,0.0000,0.0000,0.0000,0.0000,0.0000,93.43,23.38,43,-7.250,1,875.6
1692.701,+0.9443,-0.2095,-0.1333,0.0271,-0.4786,1.200,-2.344,8.717,4.079,0.0000,0.0000,0.0000,0.0000,0.0000,0.0000,0.0000,0.0000,93.43,23.39,43,-7.710,1,875.6
1692.732,+0.9314,-0.1475,-0.1333,0.0271,-0.4786,1.688,-2.210,9.644,1.605,0.0000,0.0000,0.0000,0.0000,0.0000,0.0000,0.0000,0.0000,93.35,23.39,43,-7.710,1,871.3
1692.835,+0.9008,-0.2312,-0.1467,0.0329,-0.4871,2.897,-3.000,7.941,-8.842,0.0000,0.0000,0.0000,0.0000,0.0000,0.0000,0.0000,0.0000,93.35,23.39,42,-8.640,1,871.3
1692.866,+0.8300,-0.0454,-0.1467,0.0329,-0.4871,3.342,-3.440,9.273,-7.844,0.0000,0.0000,0.0000,0.0000,0.0000,0.0000,0.0000,0.0000,93.30,23.39,42,-8.640,1,867.0
1692.897,+0.7996,+0.0202,-0.1467,0.0329,-0.4900,3.361,-3.456,9.587,-7.529,0.0000,0.0000,0.0000,0.0000,0.0000,0.0000,0.0000,0.0000,93.30,23.39,42,-8.530,1,867.0
1692.925,+0.7817,+0.0945,-0.1467,0.0314,-0.4914,3.370,-3.464,9.579,-7.537,0.0000,0.0000,0.0000,0.0000,0.0000,0.0000,0.0000,0.0000,93.30,23.39,42,-8.850,1,867.0
1692.947,+0.7949,+0.1273,-0.1333,0.0243,-0.4843,4.487,-4.048,12.355,-4.061,0.0000,0.0000,0.0000,0.0000,0.0000,0.0000,0.0000,0.0000,93.30,23.39,42,-8.540,1,867.0
1692.972,+0.7950,+0.0648,-0.1333,0.0243,-0.4843,4.487,-4.048,12.355,-4.061,0.0000,0.0000,0.0000,0.0000,0.0000,0.0000,0.0000,0.0000,93.30,23.39,42,-8.540,1,867.0
1693.014,+0.8186,+0.0716,-0.1267,0.0200,-0.4914,5.096,-4.225,13.188,-3.239,0.0000,0.0000,0.0000,0.0000,0.0000,0.0000,0.0000,0.0000,93.20,23.41,42,-7.810,1,862.7
1693.037,+0.8207,+0.0566,-0.1267,0.0200,-0.5000,5.784,-4.390,13.452,-2.985,0.0000,0.0000,0.0000,0.0000,0.0000,0.0000,0.0000,0.0000,93.20,23.41,42,-7.470,1,862.7
1693.070,+0.8278,+0.1001,-0.1267,0.0200,-0.5000,5.784,-4.390,13.452,-2.985,0.0000,0.0000,0.0000,0.0000,0.0000,0.0000,0.0000,0.0000,93.20,23.41,42,-7.470,1,862.7
1693.135,+0.8521,+0.0430,-0.1333,0.0214,-0.5071,5.811,-4.397,13.479,-2.957,0.0000,0.0000,0.0000,0.0000,0.0000,0.0000,0.0000,0.0000,93.20,23.44,42,-7.480,1,862.7
1693.173,+0.8521,+0.0734,-0.1333,0.0214,-0.5129,7.114,-4.653,13.350,-2.542,0.0000,0.0000,0.0000,0.0000,0.0000,0.0000,0.0000,0.0000,93.20,23.44,42,-7.510,1,862.7
1693.199,+0.9187,+0.0664,-0.1333,0.0229,-0.5143,7.141,-4.657,13.383,-2.547,0.0000,0.0000,0.0000,0.0000,0.0000,0.0000,0.0000,0.0000,93.20,23.45,42,-7.750,1,862.7
1693.237,+0.8792,+0.1037,-0.1333,0.0229,-0.5143,7.727,-4.771,12.400,-2.741,0.0000,0.0000,0.0000,0.0000,0.0000,0.0000,0.0000,0.0000,93.07,23.45,42,-7.940,1,859.5
1693.260,+0.8942,+0.1736,-0.1333,0.0243,-0.5157,8.309,-4.913,11.524,-3.141,0.0000,0.0000,0.0000,0.0000,0.0000,0.0000,0.0000,0.0000,93.07,23.45,42,-8.060,1,859.5
1693.297,+0.8604,+0.1867,-0.1467,0.0314,-0.5171,8.823,-5.067,11.202,-3.241,0.0000,0.0000,0.0000,0.0000,0.0000,0.0000,0.0000,0.0000,93.07,23.49,42,-8.060,1,859.5
1693.325,+0.8307,+0.1672,-0.1467,0.0314,-0.5171,8.823,-5.067,11.202,-3.241,0.0000,0.0000,0.0000,0.0000,0.0000,0.0000,0.0000,0.0000,93.07,23.49,42,-8.140,1,859.5
1693.366,+0.8369,+0.1994,-0.1333,0.0229,-0.5229,9.397,-5.249,11.013,-3.029,0.0000,0.0000,0.0000,0.0000,0.0000,0.0000,0.0000,0.0000,93.07,23.49,42,-7.510,1,859.5
1693.409,+0.8152,+0.1750,-0.1333,0.0186,-0.5300,9.910,-5.416,11.224,-2.849,0.0000,0.0000,0.0000,0.0000,0.0000,0.0000,0.0000,0.0000,92.78,23.52,42,-7.300,1,854.4
1693.433,+0.7835,+0.1940,-0.1333,0.0186,-0.5300,10.444,-5.589,11.696,-2.730,0.0000,0.0000,0.0000,0.0000,0.0000,0.0000,0.0000,0.0000,92.78,23.52,42,-7.140,1,854.4
1693.476,+0.8066,+0.2424,-0.1267,0.0143,-0.5429,10.995,-5.763,12.210,-2.651,0.0000,0.0000,0.0000,0.0000,0.0000,0.0000,0.0000,0.0000,92.78,23.52,42,-7.020,1,854.4
1693.513,+0.7493,+0.2123,-0.1267,0.0143,-0.5429,11.007,-5.767,12.336,-2.632,0.0000,0.0000,0.0000,0.0000,0.0000,0.0000,0.0000,0.0000,92.78,23.56,42,-6.880,1,854.4
1693.565,+0.7831,+0.2141,-0.1200,0.0100,-0.5471,11.007,-5.767,12.336,-2.632,0.0000,0.0000,0.0000,0.0000,0.0000,0.0000,0.0000,0.0000,92.78,23.56,42,-6.880,1,854.4
1693.602,+0.7362,+0.2431,-0.1200,0.0100,-0.5471,11.007,-5.767,12.336,-2.632,0.0000,0.0000,0.0000,0.0000,0.0000,0.0000,0.0000,0.0000,92.78,23.56,42,-6.880,1,854.4
1693.630,+0.7600,+0.2547,-0.1200,0.0100,-0.5471,11.007,-5.767,12.336,-2.632,0.0000,0.0000,0.0000,0.0000,0.0000,0.0000,0.0000,0.0000,92.78,23.56,42,-6.880,1,854.4
1693.658,+0.7259,+0.2650,-0.1200,0.0100,-0.5471,11.007,-5.767,12.336,-2.632,0.0000,0.0000,0.0000,0.0000,0.0000,0.0000,0.0000,0.0000,92.78,23.56,42,-6.880,1,854.4
1693.680,+0.7346,+0.3170,-0.1200,0.0071,-0.5586,12.197,-6.112,13.320,-2.455,0.0000,0.0000,0.0000,0.0000,0.0000,0.0000,0.0000,0.0000,92.78,23.56,42,-6.270,1,854.4
1693.719,+0.7388,+0.3257,-0.1067,-0.0014,-0.5671,12.223,-6.119,13.413,-2.442,0.0000,0.0000,0.0000,0.0000,0.0000,0.0000,0.0000,0.0000,92.50,23.59,42,-6.150,1,850.3
1693.750,+0.7454,+0.3387,-0.1067,-0.0014,-0.5729,13.465,-6.439,12.810,-2.381,0.0000,0.0000,0.0000,0.0000,0.0000,0.0000,0.0000,0.0000,92.50,23.59,42,-6.010,1,850.3
1693.776,+0.7312,+0.3315,-0.1000,-0.0071,-0.5814,13.465,-6.439,12.810,-2.381,0.0000,0.0000,0.0000,0.0000,0.0000,0.0000,0.0000,0.0000,92.50,23.64,42,-5.740,1,850.3
1693.819,+0.7300,+0.3165,-0.0933,-0.0157,-0.6014,14.615,-6.745,11.652,-2.108,0.0000,0.0000,0.0000,0.0000,0.0000,0.0000,0.0000,0.0000,92.50,23.64,42,-4.780,1,850.3
1693.845,+0.7193,+0.2439,-0.0933,-0.0157,-0.6129,14.615,-6.745,11.652,-2.108,0.0000,0.0000,0.0000,0.0000,0.0000,0.0000,0.0000,0.0000,92.50,23.68,43,-4.220,1,850.3
1693.893,+0.7257,+0.2877,-0.0933,-0.0186,-0.6157,15.765,-6.791,11.576,3.259,0.0000,0.0000,0.0000,0.0000,0.0000,0.0000,0.0000,0.0000,92.15,23.68,43,-3.460,1,846.2
1693.927,+0.6736,+0.2000,-0.0867,-0.0214,-0.6129,15.776,-6.788,11.627,4.014,0.0000,0.0000,0.0000,0.0000,0.0000,0.0000,0.0000,0.0000,92.15,23.73,43,-3.460,1,846.2
1693.980,+0.6984,+0.2303,-0.0800,-0.0271,-0.6214,16.888,-6.451,10.706,4.383,0.0000,0.0000,0.0000,0.0000,0.0000,0.0000,0.0000,0.0000,92.15,23.73,43,-3.750,1,846.2
1694.019,+0.6916,+0.2037,-0.0667,-0.0343,-0.6257,16.888,-6.451,10.706,4.383,0.0000,0.0000,0.0000,0.0000,0.0000,0.0000,0.0000,0.0000,91.72,23.79,43,-3.790,1,841.6
1694.041,+0.6349,+0.2037,-0.0667,-0.0386,-0.6300,17.362,-6.356,10.400,3.512,0.0000,0.0000,0.0000,0.0000,0.0000,0.0000,0.0000,0.0000,91.72,23.79,43,-3.950,1,841.6
1694.090,+0.6734,+0.2359,-0.0667,-0.0386,-0.6300,17.362,-6.356,10.400,3.512,0.0000,0.0000,0.0000,0.0000,0.0000,0.0000,0.0000,0.0000,91.72,23.79,43,-3.950,1,841.6
1694.115,+0.6344,+0.2074,-0.0667,-0.0386,-0.6300,17.382,-6.353,10.294,3.123,0.0000,0.0000,0.0000,0.0000,0.0000,0.0000,0.0000,0.0000,91.72,23.79,43,-3.730,1,841.6
1694.145,+0.6192,+0.2074,-0.0667,-0.0357,-0.6300,17.865,-6.317,10.234,2.460,0.0000,0.0000,0.0000,0.0000,0.0000,0.0000,0.0000,0.0000,91.72,23.85,43,-3.730,1,841.6
1694.230,+0.6434,+0.2478,-0.0533,-0.0486,-0.6486,18.865,-6.469,3.656,2.376,0.0000,0.0000,0.0000,0.0000,0.0000,0.0000,0.0000,0.0000,91.32,23.91,43,-3.430,1,837.2
1694.276,+0.6308,+0.1804,-0.0467,-0.0514,-0.6514,18.871,-6.470,3.729,2.304,0.0000,0.0000,0.0000,0.0000,0.0000,0.0000,0.0000,0.0000,91.32,23.94,43,-3.180,1,837.2
1694.309,+0.5697,+0.1648,-0.0533,-0.0500,-0.6529,18.874,-6.470,3.725,2.310,0.0000,0.0000,0.0000,0.0000,0.0000,0.0000,0.0000,0.0000,91.32,23.94,43,-2.930,1,837.2
1694.335,+0.5274,-0.0233,-0.0533,-0.0500,-0.6529,19.188,-6.327,4.999,6.958,0.0000,0.0000,0.0000,0.0000,0.0000,0.0000,0.0000,0.0000,91.32,23.94,43,-2.930,1,837.2
1694.368,+0.5465,+0.0040,-0.0467,-0.0514,-0.6400,19.188,-6.327,4.999,6.958,0.0000,0.0000,0.0000,0.0000,0.0000,0.0000,0.0000,0.0000,91.32,23.94,43,-2.750,1,837.2
1694.414,+0.5736,+0.0424,-0.0267,-0.0629,-0.6257,19.427,-5.989,5.408,10.223,0.0000,0.0000,0.0000,0.0000,0.0000,0.0000,0.0000,0.0000,90.93,24.01,43,-3.790,1,832.9
1694.435,+0.5768,-0.1994,-0.0333,-0.0600,-0.6086,19.644,-5.555,4.724,11.143,0.0000,0.0000,0.0000,0.0000,0.0000,0.0000,0.0000,0.0000,90.93,24.01,43,-6.240,1,832.9
1694.470,+0.6052,-0.0296,-0.0400,-0.0529,-0.5871,19.815,-5.115,3.474,10.340,0.0000,0.0000,0.0000,0.0000,0.0000,0.0000,0.0000,0.0000,90.93,24.01,43,-6.690,1,832.9
1694.542,+0.5842,-0.0341,-0.0400,-0.0514,-0.5829,19.818,-5.106,3.199,10.104,0.0000,0.0000,0.0000,0.0000,0.0000,0.0000,0.0000,0.0000,90.93,24.07,42,-6.060,1,832.9
1694.561,+0.6396,-0.1228,-0.0400,-0.0514,-0.5829,19.818,-5.106,3.199,10.104,0.0000,0.0000,0.0000,0.0000,0.0000,0.0000,0.0000,0.0000,90.93,24.07,42,-6.060,1,832.9
1694.613,+0.6049,-0.0618,-0.0400,-0.0514,-0.5829,19.818,-5.106,3.199,10.104,0.0000,0.0000,0.0000,0.0000,0.0000,0.0000,0.0000,0.0000,90.93,24.07,42,-6.060,1,832.9
1694.642,+0.5461,-0.1906,-0.0400,-0.0514,-0.5829,19.818,-5.106,3.199,10.104,0.0000,0.0000,0.0000,0.0000,0.0000,0.0000,0.0000,0.0000,90.93,24.07,42,-6.060,1,832.9
1694.669,+0.5040,-0.1669,-0.0400,-0.0514,-0.5829,19.929,-4.723,1.927,8.607,0.0000,0.0000,0.0000,0.0000,0.0000,0.0000,0.0000,0.0000,90.93,24.07,42,-6.210,1,832.9
1694.704,+0.5233,-0.1326,-0.0400,-0.0471,-0.5643,19.932,-4.709,1.936,8.616,0.0000,0.0000,0.0000,0.0000,0.0000,0.0000,0.0000,0.0000,90.93,24.10,42,-6.020,1,832.9
1694.739,+0.4872,-0.1968,-0.0467,-0.0457,-0.5629,19.987,-4.413,0.998,7.295,0.0000,0.0000,0.0000,0.0000,0.0000,0.0000,0.0000,0.0000,90.66,24.10,42,-6.350,1,829.5
1694.761,+0.4895,-0.1927,-0.0400,-0.0471,-0.5557,20.016,-4.184,0.772,6.849,0.0000,0.0000,0.0000,0.0000,0.0000,0.0000,0.0000,0.0000,90.66,24.10,42,-6.530,1,829.5
1694.800,+0.4833,-0.1638,-0.0400,-0.0471,-0.5529,19.847,-3.872,-2.864,6.282,0.0000,0.0000,0.0000,0.0000,0.0000,0.0000,0.0000,0.0000,90.66,24.16,41,-6.490,1,829.5
1694.920,+0.5075,-0.1109,-0.0267,-0.0557,-0.5300,19.564,-3.584,-1.661,1.278,0.0000,0.0000,0.0000,0.0000,0.0000,0.0000,0.0000,0.0000,90.33,24.19,40,-8.160,1,823.9
1694.964,+0.5265,-0.0407,-0.0267,-0.0543,-0.5257,19.461,-3.685,-2.169,-0.986,0.0000,0.0000,0.0000,0.0000,0.0000,0.0000,0.0000,0.0000,90.33,24.19,40,-8.320,1,823.9
1694.999,+0.4885,+0.0031,-0.0333,-0.0500,-0.5243,19.351,-3.827,-2.291,-1.084,0.0000,0.0000,0.0000,0.0000,0.0000,0.0000,0.0000,0.0000,90.33,24.20,40,-8.200,1,823.9
1695.026,+0.4609,+0.0195,-0.0333,-0.0500,-0.5243,19.346,-3.833,-2.356,-1.150,0.0000,0.0000,0.0000,0.0000,0.0000,0.0000,0.0000,0.0000,90.14,24.20,40,-8.200,1,819.4
1695.068,+0.4667,-0.0703,-0.0333,-0.0471,-0.5243,19.346,-3.833,-2.356,-1.150,0.0000,0.0000,0.0000,0.0000,0.0000,0.0000,0.0000,0.0000,90.14,24.20,40,-7.770,1,819.4
1695.097,+0.4529,-0.0370,-0.0333,-0.0471,-0.5243,19.346,-3.833,-2.356,-1.150,0.0000,0.0000,0.0000,0.0000,0.0000,0.0000,0.0000,0.0000,90.14,24.20,40,-7.770,1,819.4
1695.129,+0.4277,-0.0370,-0.0267,-0.0500,-0.5186,19.212,-3.966,-2.467,0.017,0.0000,0.0000,0.0000,0.0000,0.0000,0.0000,0.0000,0.0000,90.14,24.21,40,-8.890,1,819.4
1695.151,+0.4144,-0.1038,-0.0267,-0.0543,-0.5171,19.091,-4.036,-2.439,0.929,0.0000,0.0000,0.0000,0.0000,0.0000,0.0000,0.0000,0.0000,90.14,24.21,40,-8.050,1,819.4
1695.181,+0.4066,-0.0915,-0.0267,-0.0529,-0.5186,18.810,-4.102,-2.593,1.887,0.0000,0.0000,0.0000,0.0000,0.0000,0.0000,0.0000,0.0000,90.14,24.21,40,-7.410,1,819.4
1695.205,+0.4075,-0.0444,-0.0200,-0.0557,-0.5214,18.810,-4.102,-2.593,1.887,0.0000,0.0000,0.0000,0.0000,0.0000,0.0000,0.0000,0.0000,90.14,24.23,40,-7.410,1,819.4
1695.244,+0.4161,-0.0845,-0.0200,-0.0571,-0.5200,18.653,-4.117,-2.944,1.975,0.0000,0.0000,0.0000,0.0000,0.0000,0.0000,0.0000,0.0000,89.95,24.23,40,-7.800,1,814.8
1695.268,+0.4279,-0.0481,-0.0200,-0.0586,-0.5271,18.506,-4.175,-3.028,0.118,0.0000,0.0000,0.0000,0.0000,0.0000,0.0000,0.0000,0.0000,89.95,24.23,40,-7.740,1,814.8
1695.308,+0.4071,-0.0481,-0.0200,-0.0571,-0.5286,18.503,-4.177,-3.023,-0.365,0.0000,0.0000,0.0000,0.0000,0.0000,0.0000,0.0000,0.0000,89.95,24.24,40,-7.660,1,814.8
1695.336,+0.3952,-0.0481,-0.0200,-0.0571,-0.5286,18.175,-4.532,-3.182,-2.183,0.0000,0.0000,0.0000,0.0000,0.0000,0.0000,0.0000,0.0000,89.95,24.24,40,-7.660,1,814.8
1695.369,+0.4267,-0.0481,-0.0267,-0.0543,-0.5343,18.175,-4.532,-3.182,-2.183,0.0000,0.0000,0.0000,0.0000,0.0000,0.0000,0.0000,0.0000,89.95,24.24,40,-7.680,1,814.8
1695.424,+0.4085,-0.0186,-0.0200,-0.0586,-0.5329,18.006,-4.696,-3.357,-1.642,0.0000,0.0000,0.0000,0.0000,0.0000,0.0000,0.0000,0.0000,89.69,24.26,40,-7.650,1,809.1
1695.467,+0.4060,-0.0444,-0.0267,-0.0529,-0.5329,17.803,-4.835,-3.682,-0.720,0.0000,0.0000,0.0000,0.0000,0.0000,0.0000,0.0000,0.0000,89.69,24.26,40,-7.680,1,809.1
1695.491,+0.4242,-0.0444,-0.0267,-0.0529,-0.5329,17.803,-4.835,-3.682,-0.720,0.0000,0.0000,0.0000,0.0000,0.0000,0.0000,0.0000,0.0000,89.69,24.27,40,-7.680,1,809.1
1695.514,+0.4231,-0.0444,-0.0267,-0.0529,-0.5329,17.597,-4.940,-3.862,-0.357,0.0000,0.0000,0.0000,0.0000,0.0000,0.0000,0.0000,0.0000,89.69,24.27,40,-7.570,1,809.1
1695.545,+0.3714,-0.0444,-0.0267,-0.0543,-0.5314,17.597,-4.940,-3.862,-0.357,0.0000,0.0000,0.0000,0.0000,0.0000,0.0000,0.0000,0.0000,89.69,24.27,40,-7.570,1,809.1
1695.626,+0.3909,-0.0444,-0.0267,-0.0543,-0.5314,17.597,-4.940,-3.862,-0.357,0.0000,0.0000,0.0000,0.0000,0.0000,0.0000,0.0000,0.0000,89.69,24.27,40,-7.570,1,809.1
1695.653,+0.4085,-0.0444,-0.0267,-0.0543,-0.5314,17.597,-4.940,-3.862,-0.357,0.0000,0.0000,0.0000,0.0000,0.0000,0.0000,0.0000,0.0000,89.69,24.27,40,-7.570,1,809.1
1695.687,+0.3868,-0.0444,-0.0333,-0.0514,-0.5343,17.189,-5.133,-4.176,-0.446,0.0000,0.0000,0.0000,0.0000,0.0000,0.0000,0.0000,0.0000,89.69,24.27,40,-7.680,1,809.1
1695.724,+0.3392,-0.0863,-0.0333,-0.0514,-0.5343,17.189,-5.133,-4.176,-0.446,0.0000,0.0000,0.0000,0.0000,0.0000,0.0000,0.0000,0.0000,89.43,24.29,40,-7.680,1,804.3
1695.747,+0.3517,+0.0170,-0.0200,-0.0586,-0.5357,17.180,-5.138,-4.236,-0.513,0.0000,0.0000,0.0000,0.0000,0.0000,0.0000,0.0000,0.0000,89.43,24.29,40,-7.730,1,804.3
1695.789,+0.3368,-0.0818,-0.0267,-0.0557,-0.5357,16.967,-5.257,-4.197,-0.690,0.0000,0.0000,0.0000,0.0000,0.0000,0.0000,0.0000,0.0000,89.43,24.30,40,-7.790,1,804.3
1695.815,+0.3481,-0.0481,-0.0267,-0.0543,-0.5371,16.543,-5.520,-3.689,-0.573,0.0000,0.0000,0.0000,0.0000,0.0000,0.0000,0.0000,0.0000,89.43,24.30,40,-7.840,1,804.3
1695.846,+0.3244,-0.0481,-0.0200,-0.0571,-0.5343,16.543,-5.520,-3.689,-0.573,0.0000,0.0000,0.0000,0.0000,0.0000,0.0000,0.0000,0.0000,89.43,24.33,40,-8.060,1,804.3
1695.874,+0.3426,-0.1010,-0.0200,-0.0571,-0.5343,16.342,-5.601,-3.682,-0.008,0.0000,0.0000,0.0000,0.0000,0.0000,0.0000,0.0000,0.0000,89.21,24.33,40,-7.580,1,800.7
1695.910,+0.3491,-0.0519,-0.0267,-0.0543,-0.5343,16.138,-5.655,-3.923,0.203,0.0000,0.0000,0.0000,0.0000,0.0000,0.0000,0.0000,0.0000,89.21,24.35,40,-7.900,1,800.7
1695.939,+0.3355,-0.0519,-0.0267,-0.0543,-0.5343,15.699,-5.791,-4.175,-0.198,0.0000,0.0000,0.0000,0.0000,0.0000,0.0000,0.0000,0.0000,89.21,24.35,40,-7.940,1,800.7
1695.966,+0.3265,-0.1079,-0.0267,-0.0529,-0.5329,15.699,-5.791,-4.175,-0.198,0.0000,0.0000,0.0000,0.0000,0.0000,0.0000,0.0000,0.0000,89.21,24.35,40,-8.390,1,800.7
1696.028,+0.3111,-0.0556,-0.0333,-0.0514,-0.5314,15.260,-5.939,-4.030,-0.159,0.0000,0.0000,0.0000,0.0000,0.0000,0.0000,0.0000,0.0000,88.81,24.39,40,-8.270,1,794.8
1696.059,+0.3190,-0.1053,-0.0267,-0.0529,-0.5300,15.260,-5.939,-4.030,-0.159,0.0000,0.0000,0.0000,0.0000,0.0000,0.0000,0.0000,0.0000,88.81,24.39,40,-8.470,1,794.8
1696.096,+0.3013,-0.0593,-0.0267,-0.0529,-0.5300,15.260,-5.939,-4.030,-0.159,0.0000,0.0000,0.0000,0.0000,0.0000,0.0000,0.0000,0.0000,88.81,24.39,40,-8.470,1,794.8
1696.129,+0.3127,-0.1054,-0.0267,-0.0514,-0.5286,15.251,-5.942,-4.026,-0.160,0.0000,0.0000,0.0000,0.0000,0.0000,0.0000,0.0000,0.0000,88.81,24.43,40,-8.760,1,794.8
1696.189,+0.2994,-0.0630,-0.0333,-0.0500,-0.5243,14.666,-6.145,-3.479,0.123,0.0000,0.0000,0.0000,0.0000,0.0000,0.0000,0.0000,0.0000,88.81,24.43,40,-8.790,1,794.8
1696.207,+0.3042,-0.1480,-0.0333,-0.0500,-0.5243,14.666,-6.145,-3.479,0.123,0.0000,0.0000,0.0000,0.0000,0.0000,0.0000,0.0000,0.0000,88.81,24.46,39,-8.790,1,794.8
1696.236,+0.2926,-0.0667,-0.0333,-0.0500,-0.5214,14.659,-6.147,-3.439,0.146,0.0000,0.0000,0.0000,0.0000,0.0000,0.0000,0.0000,0.0000,88.47,24.46,39,-9.000,1,790.1
1696.322,+0.3005,-0.0868,-0.0333,-0.0486,-0.5171,14.318,-6.244,-3.300,0.219,0.0000,0.0000,0.0000,0.0000,0.0000,0.0000,0.0000,0.0000,88.47,24.49,39,-9.430,1,790.1
1696.350,+0.3077,-0.0704,-0.0333,-0.0500,-0.5157,14.124,-6.290,-3.349,0.245,0.0000,0.0000,0.0000,0.0000,0.0000,0.0000,0.0000,0.0000,88.47,24.49,39,-9.080,1,790.1
1696.377,+0.2715,-0.0704,-0.0333,-0.0500,-0.5157,13.936,-6.328,-3.348,0.275,0.0000,0.0000,0.0000,0.0000,0.0000,0.0000,0.0000,0.0000,88.47,24.49,39,-9.080,1,790.1
1696.408,+0.2768,-0.1188,-0.0333,-0.0486,-0.5143,13.936,-6.328,-3.348,0.275,0.0000,0.0000,0.0000,0.0000,0.0000,0.0000,0.0000,0.0000,88.47,24.52,39,-9.110,1,790.1
1696.438,+0.2687,-0.0741,-0.0333,-0.0457,-0.5143,13.929,-6.329,-3.354,0.304,0.0000,0.0000,0.0000,0.0000,0.0000,0.0000,0.0000,0.0000,88.10,24.52,39,-9.090,1,785.3
1696.477,+0.2788,-0.0741,-0.0333,-0.0486,-0.5114,13.756,-6.354,-3.179,0.547,0.0000,0.0000,0.0000,0.0000,0.0000,0.0000,0.0000,0.0000,88.10,24.52,39,-9.310,1,785.3
1696.518,+0.2760,-0.1121,-0.0333,-0.0486,-0.5114,13.596,-6.382,-2.818,0.208,0.0000,0.0000,0.0000,0.0000,0.0000,0.0000,0.0000,0.0000,88.10,24.56,39,-9.480,1,785.3
1696.550,+0.2876,-0.0778,-0.0333,-0.0486,-0.5114,13.596,-6.382,-2.818,0.208,0.0000,0.0000,0.0000,0.0000,0.0000,0.0000,0.0000,0.0000,88.10,24.56,39,-9.480,1,785.3
1696.580,+0.2561,-0.0778,-0.0333,-0.0486,-0.5114,13.596,-6.382,-2.818,0.208,0.0000,0.0000,0.0000,0.0000,0.0000,0.0000,0.0000,0.0000,88.10,24.56,39,-9.480,1,785.3
1696.605,+0.2737,-0.0161,-0.0333,-0.0486,-0.5114,13.596,-6.382,-2.818,0.208,0.0000,0.0000,0.0000,0.0000,0.0000,0.0000,0.0000,0.0000,88.10,24.56,39,-9.480,1,785.3
1696.632,+0.2429,-0.0741,-0.0333,-0.0486,-0.5114,13.596,-6.382,-2.818,0.208,0.0000,0.0000,0.0000,0.0000,0.0000,0.0000,0.0000,0.0000,88.10,24.56,39,-9.480,1,785.3
1696.694,+0.2578,-0.0478,-0.0333,-0.0471,-0.5129,13.284,-6.539,-3.000,-1.208,0.0000,0.0000,0.0000,0.0000,0.0000,0.0000,0.0000,0.0000,88.10,24.56,39,-9.530,1,785.3
1696.729,+0.2711,-0.0704,-0.0333,-0.0471,-0.5129,13.284,-6.539,-3.000,-1.208,0.0000,0.0000,0.0000,0.0000,0.0000,0.0000,0.0000,0.0000,87.72,24.59,39,-9.530,1,780.4
1696.759,+0.2370,-0.0704,-0.0400,-0.0443,-0.5129,12.973,-6.750,-2.811,-1.026,0.0000,0.0000,0.0000,0.0000,0.0000,0.0000,0.0000,0.0000,87.72,24.59,39,-9.270,1,780.4
1696.779,+0.2473,-0.0704,-0.0333,-0.0471,-0.5129,12.973,-6.750,-2.811,-1.026,0.0000,0.0000,0.0000,0.0000,0.0000,0.0000,0.0000,0.0000,87.72,24.63,39,-9.270,1,780.4
1696.817,+0.2424,-0.0704,-0.0333,-0.0471,-0.5129,12.960,-6.758,-2.784,-0.962,0.0000,0.0000,0.0000,0.0000,0.0000,0.0000,0.0000,0.0000,87.72,24.63,39,-9.400,1,780.4
1696.875,+0.2359,-0.0423,-0.0333,-0.0457,-0.5114,12.673,-6.910,-2.495,-0.363,0.0000,0.0000,0.0000,0.0000,0.0000,0.0000,0.0000,0.0000,87.42,24.65,39,-9.440,1,776.8
1696.905,+0.2482,-0.0667,-0.0333,-0.0471,-0.5100,12.533,-6.971,-2.432,-0.285,0.0000,0.0000,0.0000,0.0000,0.0000,0.0000,0.0000,0.0000,87.42,24.70,39,-9.610,1,776.8
1696.938,+0.2234,-0.0667,-0.0333,-0.0471,-0.5100,12.276,-7.071,-2.449,-0.262,0.0000,0.0000,0.0000,0.0000,0.0000,0.0000,0.0000,0.0000,87.42,24.70,39,-9.650,1,776.8
1696.965,+0.2398,-0.0667,-0.0333,-0.0471,-0.5100,12.276,-7.071,-2.449,-0.262,0.0000,0.0000,0.0000,0.0000,0.0000,0.0000,0.0000,0.0000,87.42,24.70,39,-9.530,1,776.8
1697.039,+0.2303,-0.0667,-0.0333,-0.0457,-0.5086,11.991,-7.176,-2.691,-0.509,0.0000,0.0000,0.0000,0.0000,0.0000,0.0000,0.0000,0.0000,86.91,24.74,39,-9.740,1,770.8
1697.059,+0.2213,-0.0667,-0.0333,-0.0457,-0.5086,11.991,-7.176,-2.691,-0.509,0.0000,0.0000,0.0000,0.0000,0.0000,0.0000,0.0000,0.0000,86.91,24.74,39,-9.740,1,770.8
1697.099,+0.2384,-0.0667,-0.0333,-0.0457,-0.5086,11.991,-7.176,-2.691,-0.509,0.0000,0.0000,0.0000,0.0000,0.0000,0.0000,0.0000,0.0000,86.91,24.74,39,-9.740,1,770.8
1697.130,+0.2026,-0.0667,-0.0400,-0.0443,-0.5071,11.985,-7.179,-2.724,-0.566,0.0000,0.0000,0.0000,0.0000,0.0000,0.0000,0.0000,0.0000,86.91,24.76,39,-9.800,1,770.8
1697.156,+0.2225,-0.0667,-0.0400,-0.0443,-0.5071,11.982,-7.180,-2.717,-0.563,0.0000,0.0000,0.0000,0.0000,0.0000,0.0000,0.0000,0.0000,86.91,24.76,39,-9.830,1,770.8
1697.181,+0.2174,-0.0667,-0.0333,-0.0457,-0.5086,11.550,-7.395,-2.594,-0.685,0.0000,0.0000,0.0000,0.0000,0.0000,0.0000,0.0000,0.0000,86.91,24.76,39,-9.910,1,770.8
1697.236,+0.2005,-0.0667,-0.0333,-0.0471,-0.5071,11.401,-7.464,-2.493,-0.543,0.0000,0.0000,0.0000,0.0000,0.0000,0.0000,0.0000,0.0000,86.47,24.82,39,-10.010,1,766.0
1697.262,+0.1806,-0.0667,-0.0400,-0.0443,-0.5043,11.396,-7.467,-2.473,-0.506,0.0000,0.0000,0.0000,0.0000,0.0000,0.0000,0.0000,0.0000,86.47,24.82,39,-10.050,1,766.0
1697.310,+0.2023,-0.0667,-0.0333,-0.0443,-0.5043,11.393,-7.468,-2.470,-0.507,0.0000,0.0000,0.0000,0.0000,0.0000,0.0000,0.0000,0.0000,86.47,24.84,38,-10.080,1,766.0
1697.331,+0.1544,-0.0667,-0.0333,-0.0443,-0.5043,11.393,-7.468,-2.470,-0.507,0.0000,0.0000,0.0000,0.0000,0.0000,0.0000,0.0000,0.0000,86.47,24.84,38,-10.080,1,766.0
1697.362,+0.2037,-0.0667,-0.0333,-0.0457,-0.5029,11.120,-7.576,-2.331,-0.285,0.0000,0.0000,0.0000,0.0000,0.0000,0.0000,0.0000,0.0000,86.47,24.84,38,-10.150,1,766.0
1697.412,+0.1755,-0.0667,-0.0333,-0.0486,-0.5029,11.014,-7.615,-1.717,-0.174,0.0000,0.0000,0.0000,0.0000,0.0000,0.0000,0.0000,0.0000,86.00,24.91,38,-10.200,1,760.9
1697.435,+0.2229,-0.0667,-0.0333,-0.0486,-0.5029,10.923,-7.653,-1.453,-0.156,0.0000,0.0000,0.0000,0.0000,0.0000,0.0000,0.0000,0.0000,86.00,24.91,38,-10.250,1,760.9
1697.468,+0.1715,-0.0667,-0.0333,-0.0457,-0.5000,10.844,-7.691,-1.433,-0.226,0.0000,0.0000,0.0000,0.0000,0.0000,0.0000,0.0000,0.0000,86.00,24.91,38,-10.290,1,760.9
1697.506,+0.1957,-0.0667,-0.0333,-0.0457,-0.5000,10.842,-7.691,-1.430,-0.350,0.0000,0.0000,0.0000,0.0000,0.0000,0.0000,0.0000,0.0000,86.00,24.95,38,-10.290,1,760.9
1697.541,+0.1923,-0.0667,-0.0400,-0.0400,-0.5000,10.842,-7.691,-1.430,-0.350,0.0000,0.0000,0.0000,0.0000,0.0000,0.0000,0.0000,0.0000,86.00,24.95,38,-10.320,1,760.9
1697.582,+0.1931,-0.0286,-0.0400,-0.0400,-0.5000,10.842,-7.691,-1.430,-0.350,0.0000,0.0000,0.0000,0.0000,0.0000,0.0000,0.0000,0.0000,86.00,24.95,38,-10.320,1,760.9
1697.616,+0.1868,-0.0630,-0.0400,-0.0400,-0.5000,10.842,-7.691,-1.430,-0.350,0.0000,0.0000,0.0000,0.0000,0.0000,0.0000,0.0000,0.0000,86.00,24.95,38,-10.320,1,760.9
1697.649,+0.1587,-0.0630,-0.0400,-0.0400,-0.5000,10.842,-7.691,-1.430,-0.350,0.0000,0.0000,0.0000,0.0000,0.0000,0.0000,0.0000,0.0000,86.00,24.95,38,-10.320,1,760.9
1697.677,+0.1756,-0.0630,-0.0333,-0.0457,-0.5000,10.757,-7.738,-1.575,-0.545,0.0000,0.0000,0.0000,0.0000,0.0000,0.0000,0.0000,0.0000,86.00,24.95,38,-10.390,1,760.9
1697.701,+0.1694,-0.0012,-0.0400,-0.0429,-0.5000,10.660,-7.804,-1.758,-1.016,0.0000,0.0000,0.0000,0.0000,0.0000,0.0000,0.0000,0.0000,86.00,24.99,38,-10.440,1,760.9
1697.765,+0.1732,-0.0593,-0.0400,-0.0429,-0.5000,10.546,-7.891,-1.761,-0.903,0.0000,0.0000,0.0000,0.0000,0.0000,0.0000,0.0000,0.0000,85.52,25.04,38,-10.410,1,756.0
1697.788,+0.1617,+0.0051,-0.0400,-0.0429,-0.5000,10.454,-7.956,-1.621,-0.701,0.0000,0.0000,0.0000,0.0000,0.0000,0.0000,0.0000,0.0000,85.52,25.04,38,-10.460,1,756.0
1697.817,+0.1370,-0.0556,-0.0400,-0.0429,-0.4971,10.365,-8.015,-1.331,-0.416,0.0000,0.0000,0.0000,0.0000,0.0000,0.0000,0.0000,0.0000,85.52,25.04,38,-10.550,1,756.0
1697.848,+0.1637,-0.0556,-0.0333,-0.0414,-0.4843,10.291,-8.062,-1.111,-0.281,0.0000,0.0000,0.0000,0.0000,0.0000,0.0000,0.0000,0.0000,85.52,25.08,37,-13.040,1,756.0
1697.875,+0.1579,-0.0556,-0.0333,-0.0414,-0.4843,10.226,-8.106,-0.973,-0.293,0.0000,0.0000,0.0000,0.0000,0.0000,0.0000,0.0000,0.0000,85.03,25.08,37,-13.040,1,751.1
1698.010,+0.1637,-0.0556,-0.0400,-0.0414,-0.4757,10.075,-8.186,-1.462,-0.144,0.0000,0.0000,0.0000,0.0000,0.0000,0.0000,0.0000,0.0000,84.63,25.15,38,-10.930,1,747.2
1698.040,+0.1812,-0.0556,-0.0400,-0.0414,-0.4814,10.071,-8.187,-1.464,-0.143,0.0000,0.0000,0.0000,0.0000,0.0000,0.0000,0.0000,0.0000,84.63,25.15,38,-10.780,1,747.2
1698.072,+0.1542,-0.0075,-0.0400,-0.0414,-0.4814,10.071,-8.187,-1.464,-0.143,0.0000,0.0000,0.0000,0.0000,0.0000,0.0000,0.0000,0.0000,84.63,25.15,38,-10.780,1,747.2
1698.097,+0.1792,+0.0069,-0.0400,-0.0414,-0.4814,10.071,-8.187,-1.464,-0.143,0.0000,0.0000,0.0000,0.0000,0.0000,0.0000,0.0000,0.0000,84.63,25.15,38,-10.780,1,747.2
1698.185,+0.1569,-0.0085,-0.0400,-0.0414,-0.4786,9.753,-8.443,-2.792,-3.356,0.0000,0.0000,0.0000,0.0000,0.0000,0.0000,0.0000,0.0000,84.63,25.18,38,-14.000,1,747.2
1698.208,+0.1388,+0.0237,-0.0400,-0.0357,-0.4729,9.753,-8.443,-2.792,-3.356,0.0000,0.0000,0.0000,0.0000,0.0000,0.0000,0.0000,0.0000,84.63,25.22,37,-14.000,1,747.2
1698.243,+0.1481,+0.0070,-0.0400,-0.0357,-0.4643,9.597,-8.665,-2.595,-4.002,0.0000,0.0000,0.0000,0.0000,0.0000,0.0000,0.0000,0.0000,84.22,25.22,37,-14.430,1,743.3
1698.272,+0.1122,+0.0708,-0.0400,-0.0400,-0.4714,9.468,-8.878,-2.106,-3.738,0.0000,0.0000,0.0000,0.0000,0.0000,0.0000,0.0000,0.0000,84.22,25.29,37,-11.890,1,743.3
1698.298,+0.1018,+0.0893,-0.0400,-0.0400,-0.4714,9.356,-9.085,-1.600,-3.220,0.0000,0.0000,0.0000,0.0000,0.0000,0.0000,0.0000,0.0000,84.22,25.29,37,-11.890,1,743.3
1698.347,+0.1261,+0.0461,-0.0333,-0.0443,-0.4871,9.270,-9.268,-0.927,-2.455,0.0000,0.0000,0.0000,0.0000,0.0000,0.0000,0.0000,0.0000,84.22,25.29,37,-10.570,1,743.3
1698.375,+0.0970,+0.0979,-0.0333,-0.0443,-0.4871,9.270,-9.268,-0.927,-2.455,0.0000,0.0000,0.0000,0.0000,0.0000,0.0000,0.0000,0.0000,84.22,25.29,37,-10.570,1,743.3
1698.404,+0.0968,+0.0473,-0.0333,-0.0471,-0.5014,9.212,-9.413,-0.600,-2.077,0.0000,0.0000,0.0000,0.0000,0.0000,0.0000,0.0000,0.0000,84.22,25.33,38,-9.620,1,743.3
1698.466,+0.1201,+0.0797,-0.0333,-0.0486,-0.5229,9.126,-9.642,-0.601,-1.979,0.0000,0.0000,0.0000,0.0000,0.0000,0.0000,0.0000,0.0000,83.49,25.33,38,-9.150,1,736.9
1698.505,+0.1458,+0.0509,-0.0333,-0.0486,-0.5229,9.125,-9.644,-0.607,-1.980,0.0000,0.0000,0.0000,0.0000,0.0000,0.0000,0.0000,0.0000,83.49,25.38,38,-9.150,1,736.9
1698.530,+0.1124,+0.0742,-0.0333,-0.0486,-0.5257,9.125,-9.644,-0.607,-1.980,0.0000,0.0000,0.0000,0.0000,0.0000,0.0000,0.0000,0.0000,83.49,25.38,38,-9.190,1,736.9
1698.562,+0.1168,+0.0664,-0.0333,-0.0486,-0.5257,9.125,-9.644,-0.607,-1.980,0.0000,0.0000,0.0000,0.0000,0.0000,0.0000,0.0000,0.0000,83.49,25.38,38,-9.190,1,736.9
1698.609,+0.1417,+0.0562,-0.0333,-0.0486,-0.5257,9.125,-9.644,-0.607,-1.980,0.0000,0.0000,0.0000,0.0000,0.0000,0.0000,0.0000,0.0000,83.49,25.38,38,-9.190,1,736.9
1698.643,+0.1165,+0.0259,-0.0333,-0.0486,-0.5257,9.125,-9.644,-0.607,-1.980,0.0000,0.0000,0.0000,0.0000,0.0000,0.0000,0.0000,0.0000,83.49,25.38,38,-9.190,1,736.9
1698.669,+0.1726,+0.0259,-0.0400,-0.0457,-0.5343,9.086,-9.761,-0.740,-2.127,0.0000,0.0000,0.0000,0.0000,0.0000,0.0000,0.0000,0.0000,83.49,25.38,38,-9.000,1,736.9
1698.699,+0.1137,+0.0259,-0.0400,-0.0471,-0.5386,9.031,-9.880,-1.013,-2.150,0.0000,0.0000,0.0000,0.0000,0.0000,0.0000,0.0000,0.0000,83.49,25.44,38,-8.970,1,736.9
1698.740,+0.1396,+0.0259,-0.0400,-0.0486,-0.5371,8.981,-9.949,-0.800,-0.208,0.0000,0.0000,0.0000,0.0000,0.0000,0.0000,0.0000,0.0000,82.86,25.44,38,-8.890,1,731.8
1698.765,+0.1396,-0.0346,-0.0400,-0.0457,-0.5343,8.922,-9.930,-1.202,0.785,0.0000,0.0000,0.0000,0.0000,0.0000,0.0000,0.0000,0.0000,82.86,25.44,38,-8.910,1,731.8
1698.800,+0.1147,+0.0222,-0.0400,-0.0443,-0.5357,8.724,-9.852,-2.013,0.510,0.0000,0.0000,0.0000,0.0000,0.0000,0.0000,0.0000,0.0000,82.86,25.49,38,-8.920,1,731.8
1698.832,+0.1375,+0.0222,-0.0400,-0.0471,-0.5386,8.608,-9.864,-2.162,-0.018,0.0000,0.0000,0.0000,0.0000,0.0000,0.0000,0.0000,0.0000,82.86,25.59,38,-9.210,1,731.8
1698.869,+0.1137,+0.0222,-0.0400,-0.0471,-0.5386,8.481,-9.895,-2.075,-0.239,0.0000,0.0000,0.0000,0.0000,0.0000,0.0000,0.0000,0.0000,82.01,25.59,38,-9.210,1,725.4
1698.908,+0.0912,-0.0171,-0.0400,-0.0443,-0.5357,8.476,-9.897,-2.043,-0.256,0.0000,0.0000,0.0000,0.0000,0.0000,0.0000,0.0000,0.0000,82.01,25.66,38,-9.530,1,725.4
1698.930,+0.1313,+0.0185,-0.0400,-0.0429,-0.5343,8.361,-9.932,-1.746,-0.188,0.0000,0.0000,0.0000,0.0000,0.0000,0.0000,0.0000,0.0000,82.01,25.66,38,-9.450,1,725.4
1698.971,+0.0880,+0.0185,-0.0400,-0.0443,-0.5357,8.271,-9.959,-1.304,-0.007,0.0000,0.0000,0.0000,0.0000,0.0000,0.0000,0.0000,0.0000,82.01,25.66,38,-9.330,1,725.4
1699.008,+0.1036,-0.0233,-0.0400,-0.0429,-0.5286,8.176,-9.939,-1.619,1.785,0.0000,0.0000,0.0000,0.0000,0.0000,0.0000,0.0000,0.0000,82.01,25.72,38,-9.410,1,725.4
1699.045,+0.0784,-0.0680,-0.0400,-0.0457,-0.5286,8.171,-9.936,-1.679,2.167,0.0000,0.0000,0.0000,0.0000,0.0000,0.0000,0.0000,0.0000,81.33,25.72,38,-9.350,1,720.3
1699.073,+0.0597,-0.1012,-0.0400,-0.0457,-0.5286,8.171,-9.936,-1.679,2.167,0.0000,0.0000,0.0000,0.0000,0.0000,0.0000,0.0000,0.0000,81.33,25.72,38,-9.350,1,720.3
1699.095,+0.0778,-0.1382,-0.0400,-0.0457,-0.5286,8.171,-9.936,-1.679,2.167,0.0000,0.0000,0.0000,0.0000,0.0000,0.0000,0.0000,0.0000,81.33,25.72,38,-9.350,1,720.3
1699.135,+0.0928,-0.0849,-0.0400,-0.0443,-0.5186,8.085,-9.787,-0.747,4.731,0.0000,0.0000,0.0000,0.0000,0.0000,0.0000,0.0000,0.0000,81.33,25.76,38,-9.490,1,720.3
1699.165,+0.0566,-0.1141,-0.0400,-0.0429,-0.5200,8.029,-9.545,-0.325,5.191,0.0000,0.0000,0.0000,0.0000,0.0000,0.0000,0.0000,0.0000,81.33,25.76,38,-10.540,1,720.3
1699.202,+0.1083,-0.1070,-0.0400,-0.0429,-0.5029,8.000,-9.339,-0.158,4.609,0.0000,0.0000,0.0000,0.0000,0.0000,0.0000,0.0000,0.0000,81.33,25.83,37,-10.790,1,720.3
1699.251,+0.0900,-0.1272,-0.0333,-0.0443,-0.4986,7.974,-9.139,-0.301,3.767,0.0000,0.0000,0.0000,0.0000,0.0000,0.0000,0.0000,0.0000,80.82,25.83,37,-10.910,1,716.4
1699.274,+0.1062,-0.1674,-0.0400,-0.0400,-0.4914,7.939,-8.967,-0.674,3.267,0.0000,0.0000,0.0000,0.0000,0.0000,0.0000,0.0000,0.0000,80.82,25.91,37,-11.060,1,716.4
1699.308,+0.1062,-0.0932,-0.0400,-0.0371,-0.4886,7.939,-8.964,-0.658,3.288,0.0000,0.0000,0.0000,0.0000,0.0000,0.0000,0.0000,0.0000,80.82,25.91,37,-11.110,1,716.4
1699.332,+0.1062,-0.1755,-0.0400,-0.0371,-0.4886,7.939,-8.964,-0.658,3.288,0.0000,0.0000,0.0000,0.0000,0.0000,0.0000,0.0000,0.0000,80.82,25.91,37,-11.110,1,716.4
1699.367,+0.1062,-0.1494,-0.0400,-0.0371,-0.4800,7.883,-8.803,-1.148,3.194,0.0000,0.0000,0.0000,0.0000,0.0000,0.0000,0.0000,0.0000,80.82,25.91,37,-11.690,1,716.4
1699.391,+0.0720,-0.1276,-0.0467,-0.0357,-0.4729,7.804,-8.662,-1.933,3.150,0.0000,0.0000,0.0000,0.0000,0.0000,0.0000,0.0000,0.0000,80.82,25.91,37,-11.720,1,716.4
1699.426,+0.1042,-0.1584,-0.0467,-0.0357,-0.4729,7.684,-8.510,-2.267,3.138,0.0000,0.0000,0.0000,0.0000,0.0000,0.0000,0.0000,0.0000,80.18,25.97,37,-11.720,1,711.1
1699.466,+0.0825,-0.1549,-0.0400,-0.0371,-0.4629,7.567,-8.378,-2.255,3.183,0.0000,0.0000,0.0000,0.0000,0.0000,0.0000,0.0000,0.0000,80.18,25.97,37,-11.660,1,711.1
1699.494,+0.0711,-0.1403,-0.0400,-0.0371,-0.4629,7.567,-8.378,-2.255,3.183,0.0000,0.0000,0.0000,0.0000,0.0000,0.0000,0.0000,0.0000,80.18,26.03,36,-11.660,1,711.1
1699.566,+0.0870,-0.1121,-0.0467,-0.0343,-0.4600,7.564,-8.375,-2.266,3.194,0.0000,0.0000,0.0000,0.0000,0.0000,0.0000,0.0000,0.0000,80.18,26.03,36,-11.740,1,711.1
1699.606,+0.0759,-0.0145,-0.0467,-0.0343,-0.4600,7.564,-8.375,-2.266,3.194,0.0000,0.0000,0.0000,0.0000,0.0000,0.0000,0.0000,0.0000,80.18,26.03,36,-11.740,1,711.1
1699.634,+0.0659,-0.0320,-0.0467,-0.0343,-0.4600,7.564,-8.375,-2.266,3.194,0.0000,0.0000,0.0000,0.0000,0.0000,0.0000,0.0000,0.0000,80.18,26.03,36,-11.740,1,711.1
1699.665,+0.0657,-0.0317,-0.0467,-0.0343,-0.4600,7.564,-8.375,-2.266,3.194,0.0000,0.0000,0.0000,0.0000,0.0000,0.0000,0.0000,0.0000,80.18,26.03,36,-11.740,1,711.1
1699.695,+0.0353,-0.0276,-0.0400,-0.0371,-0.4686,7.342,-8.298,-2.175,-1.832,0.0000,0.0000,0.0000,0.0000,0.0000,0.0000,0.0000,0.0000,80.18,26.03,36,-11.720,1,711.1
1699.739,+0.0672,-0.0380,-0.0400,-0.0371,-0.4686,7.225,-8.442,-2.089,-2.086,0.0000,0.0000,0.0000,0.0000,0.0000,0.0000,0.0000,0.0000,79.62,26.08,36,-11.580,1,705.9
1699.768,+0.0854,-0.0704,-0.0467,-0.0357,-0.4729,7.220,-8.448,-1.892,-2.723,0.0000,0.0000,0.0000,0.0000,0.0000,0.0000,0.0000,0.0000,79.62,26.11,36,-11.060,1,705.9
1699.797,+0.0565,-0.0704,-0.0400,-0.0371,-0.4743,7.133,-8.574,-1.517,-2.153,0.0000,0.0000,0.0000,0.0000,0.0000,0.0000,0.0000,0.0000,79.62,26.11,36,-10.810,1,705.9
1699.879,+0.0598,-0.0704,-0.0400,-0.0400,-0.4771,6.950,-8.701,-0.690,0.363,0.0000,0.0000,0.0000,0.0000,0.0000,0.0000,0.0000,0.0000,79.06,26.15,37,-10.560,1,700.7
1699.900,+0.0792,-0.0704,-0.0400,-0.0371,-0.4771,6.916,-8.689,-0.115,0.613,0.0000,0.0000,0.0000,0.0000,0.0000,0.0000,0.0000,0.0000,79.06,26.15,37,-10.710,1,700.7
1699.943,+0.0792,-0.0704,-0.0400,-0.0371,-0.4771,6.907,-8.658,-0.093,0.765,0.0000,0.0000,0.0000,0.0000,0.0000,0.0000,0.0000,0.0000,79.06,26.18,36,-10.810,1,700.7
1699.975,+0.0792,-0.0704,-0.0400,-0.0371,-0.4743,6.907,-8.658,-0.093,0.765,0.0000,0.0000,0.0000,0.0000,0.0000,0.0000,0.0000,0.0000,79.06,26.18,36,-10.810,1,700.7
1700.002,+0.0792,-0.0704,-0.0467,-0.0357,-0.4729,6.891,-8.627,-0.285,0.773,0.0000,0.0000,0.0000,0.0000,0.0000,0.0000,0.0000,0.0000,79.06,26.22,36,-10.830,1,700.7
1700.022,+0.1195,-0.0704,-0.0467,-0.0357,-0.4729,6.891,-8.627,-0.285,0.773,0.0000,0.0000,0.0000,0.0000,0.0000,0.0000,0.0000,0.0000,78.51,26.22,36,-10.830,1,695.5
1700.071,+0.0629,-0.0704,-0.0467,-0.0343,-0.4743,6.870,-8.617,-0.356,0.163,0.0000,0.0000,0.0000,0.0000,0.0000,0.0000,0.0000,0.0000,78.51,26.22,36,-10.830,1,695.5
1700.096,+0.0792,-0.0704,-0.0467,-0.0343,-0.4743,6.870,-8.617,-0.356,0.163,0.0000,0.0000,0.0000,0.0000,0.0000,0.0000,0.0000,0.0000,78.51,26.22,36,-10.830,1,695.5
1700.141,+0.0792,-0.0704,-0.0467,-0.0343,-0.4743,6.842,-8.636,-0.580,-0.453,0.0000,0.0000,0.0000,0.0000,0.0000,0.0000,0.0000,0.0000,78.51,26.25,36,-10.840,1,695.5
1700.161,+0.0375,-0.0704,-0.0533,-0.0314,-0.4743,6.799,-8.671,-0.749,-0.487,0.0000,0.0000,0.0000,0.0000,0.0000,0.0000,0.0000,0.0000,78.51,26.25,36,-10.840,1,695.5
1700.199,+0.0771,-0.0704,-0.0467,-0.0357,-0.4729,6.754,-8.701,-0.805,-0.441,0.0000,0.0000,0.0000,0.0000,0.0000,0.0000,0.0000,0.0000,78.51,26.29,36,-10.840,1,695.5
1700.219,+0.0352,+0.0041,-0.0467,-0.0357,-0.4729,6.754,-8.701,-0.805,-0.441,0.0000,0.0000,0.0000,0.0000,0.0000,0.0000,0.0000,0.0000,77.95,26.29,36,-10.840,1,690.3
1700.254,+0.0503,-0.0667,-0.0400,-0.0386,-0.4729,6.704,-8.733,-0.657,-0.278,0.0000,0.0000,0.0000,0.0000,0.0000,0.0000,0.0000,0.0000,77.95,26.29,36,-10.840,1,690.3
1700.283,+0.0729,-0.0667,-0.0467,-0.0343,-0.4714,6.667,-8.756,-0.485,-0.175,0.0000,0.0000,0.0000,0.0000,0.0000,0.0000,0.0000,0.0000,77.95,26.32,36,-10.840,1,690.3
1700.308,+0.0381,-0.0667,-0.0400,-0.0386,-0.4671,6.666,-8.756,-0.443,-0.150,0.0000,0.0000,0.0000,0.0000,0.0000,0.0000,0.0000,0.0000,77.95,26.32,36,-12.250,1,690.3
1700.342,+0.0456,-0.0219,-0.0400,-0.0386,-0.4671,6.637,-8.776,-0.174,-0.065,0.0000,0.0000,0.0000,0.0000,0.0000,0.0000,0.0000,0.0000,77.95,26.32,36,-11.240,1,690.3
1700.366,+0.0342,-0.0630,-0.0467,-0.0329,-0.4643,6.637,-8.776,-0.174,-0.065,0.0000,0.0000,0.0000,0.0000,0.0000,0.0000,0.0000,0.0000,77.95,26.32,36,-11.240,1,690.3
1700.400,+0.0667,-0.0630,-0.0400,-0.0371,-0.4657,6.621,-8.792,0.001,-0.042,0.0000,0.0000,0.0000,0.0000,0.0000,0.0000,0.0000,0.0000,77.95,26.36,36,-10.980,1,690.3
1700.430,+0.0383,-0.0630,-0.0400,-0.0371,-0.4657,6.613,-8.804,0.040,-0.009,0.0000,0.0000,0.0000,0.0000,0.0000,0.0000,0.0000,0.0000,77.36,26.36,36,-10.980,1,684.9
1700.462,+0.0646,-0.0630,-0.0400,-0.0371,-0.4686,6.606,-8.812,-0.037,0.036,0.0000,0.0000,0.0000,0.0000,0.0000,0.0000,0.0000,0.0000,77.36,26.36,36,-10.760,1,684.9
1700.495,+0.0646,-0.0630,-0.0467,-0.0343,-0.4686,6.606,-8.812,-0.037,0.036,0.0000,0.0000,0.0000,0.0000,0.0000,0.0000,0.0000,0.0000,77.36,26.41,36,-10.750,1,684.9
1700.544,+0.0464,-0.0630,-0.0400,-0.0371,-0.4686,6.593,-8.816,-0.163,0.088,0.0000,0.0000,0.0000,0.0000,0.0000,0.0000,0.0000,0.0000,77.36,26.41,36,-10.750,1,684.9
1700.582,+0.0625,-0.0630,-0.0400,-0.0371,-0.4686,6.593,-8.816,-0.163,0.088,0.0000,0.0000,0.0000,0.0000,0.0000,0.0000,0.0000,0.0000,77.36,26.41,36,-10.750,1,684.9
1700.623,+0.0414,-0.0630,-0.0400,-0.0371,-0.4686,6.593,-8.816,-0.163,0.088,0.0000,0.0000,0.0000,0.0000,0.0000,0.0000,0.0000,0.0000,77.36,26.41,36,-10.750,1,684.9
1700.650,+0.0604,-0.0072,-0.0400,-0.0371,-0.4686,6.593,-8.816,-0.163,0.088,0.0000,0.0000,0.0000,0.0000,0.0000,0.0000,0.0000,0.0000,77.36,26.41,36,-10.750,1,684.9
1700.745,+0.0500,-0.0407,-0.0400,-0.0371,-0.4743,6.544,-8.874,-0.614,-1.213,0.0000,0.0000,0.0000,0.0000,0.0000,0.0000,0.0000,0.0000,76.64,26.44,36,-10.750,1,678.3
1700.773,+0.0282,-0.0556,-0.0467,-0.0357,-0.4757,6.507,-8.954,-0.580,-1.634,0.0000,0.0000,0.0000,0.0000,0.0000,0.0000,0.0000,0.0000,76.64,26.47,36,-10.750,1,678.3
1700.807,+0.0309,-0.0104,-0.0400,-0.0371,-0.4743,6.472,-9.046,-0.415,-1.540,0.0000,0.0000,0.0000,0.0000,0.0000,0.0000,0.0000,0.0000,76.64,26.47,36,-10.750,1,678.3
1700.906,+0.0339,-0.0159,-0.0400,-0.0357,-0.4529,6.434,-9.184,-0.016,-0.961,0.0000,0.0000,0.0000,0.0000,0.0000,0.0000,0.0000,0.0000,76.35,26.50,36,-11.200,1,675.6
1700.935,+0.0209,-0.0444,-0.0400,-0.0371,-0.4571,6.433,-9.185,0.040,-0.895,0.0000,0.0000,0.0000,0.0000,0.0000,0.0000,0.0000,0.0000,76.35,26.50,36,-10.810,1,675.6
1700.974,+0.0479,-0.0038,-0.0400,-0.0371,-0.4686,6.420,-9.237,-0.226,-0.891,0.0000,0.0000,0.0000,0.0000,0.0000,0.0000,0.0000,0.0000,76.35,26.50,36,-10.330,1,675.6
1700.999,+0.0141,+0.0193,-0.0400,-0.0371,-0.4743,6.396,-9.298,-0.306,-1.003,0.0000,0.0000,0.0000,0.0000,0.0000,0.0000,0.0000,0.0000,76.35,26.53,36,-10.370,1,675.6
1701.042,+0.0458,-0.0013,-0.0467,-0.0371,-0.4714,6.371,-9.358,-0.386,-1.019,0.0000,0.0000,0.0000,0.0000,0.0000,0.0000,0.0000,0.0000,75.76,26.53,36,-11.880,1,670.5
1701.071,+0.0458,+0.0192,-0.0467,-0.0371,-0.4714,6.371,-9.358,-0.386,-1.019,0.0000,0.0000,0.0000,0.0000,0.0000,0.0000,0.0000,0.0000,75.76,26.53,36,-11.880,1,670.5
1701.109,+0.0458,+0.0115,-0.0467,-0.0371,-0.4714,6.357,-9.425,-0.050,-1.320,0.0000,0.0000,0.0000,0.0000,0.0000,0.0000,0.0000,0.0000,75.76,26.53,36,-11.880,1,670.5
1701.139,+0.0175,+0.0245,-0.0400,-0.0371,-0.4657,6.356,-9.522,-0.003,-1.977,0.0000,0.0000,0.0000,0.0000,0.0000,0.0000,0.0000,0.0000,75.76,26.58,35,-11.820,1,670.5
1701.183,+0.0437,+0.0493,-0.0467,-0.0357,-0.4729,6.320,-9.755,-0.468,-2.191,0.0000,0.0000,0.0000,0.0000,0.0000,0.0000,0.0000,0.0000,75.76,26.58,35,-10.300,1,670.5
1701.215,+0.0437,+0.0325,-0.0467,-0.0357,-0.4786,6.320,-9.755,-0.468,-2.191,0.0000,0.0000,0.0000,0.0000,0.0000,0.0000,0.0000,0.0000,74.96,26.61,36,-10.300,1,663.7
1701.273,+0.0437,+0.0169,-0.0467,-0.0386,-0.4900,6.251,-9.960,-0.515,-1.741,0.0000,0.0000,0.0000,0.0000,0.0000,0.0000,0.0000,0.0000,74.96,26.64,36,-9.710,1,663.7
1701.299,+0.0117,+0.0496,-0.0467,-0.0386,-0.4929,6.250,-9.962,-0.500,-1.694,0.0000,0.0000,0.0000,0.0000,0.0000,0.0000,0.0000,0.0000,74.96,26.64,36,-9.660,1,663.7
1701.332,+0.0149,+0.0439,-0.0467,-0.0386,-0.4929,6.250,-9.962,-0.500,-1.694,0.0000,0.0000,0.0000,0.0000,0.0000,0.0000,0.0000,0.0000,74.96,26.64,36,-9.660,1,663.7
1701.366,+0.0145,+0.0446,-0.0467,-0.0386,-0.4986,6.218,-10.060,-0.301,-1.616,0.0000,0.0000,0.0000,0.0000,0.0000,0.0000,0.0000,0.0000,74.96,26.64,36,-9.680,1,663.7
1701.398,+0.0375,+0.0518,-0.0400,-0.0414,-0.5014,6.207,-10.148,0.382,-1.363,0.0000,0.0000,0.0000,0.0000,0.0000,0.0000,0.0000,0.0000,74.96,26.68,36,-9.490,1,663.7
1701.429,+0.0101,+0.0074,-0.0400,-0.0414,-0.5014,6.207,-10.148,0.382,-1.363,0.0000,0.0000,0.0000,0.0000,0.0000,0.0000,0.0000,0.0000,74.27,26.68,36,-9.490,1,658.3
1701.473,+0.0155,+0.0074,-0.0400,-0.0400,-0.5000,6.176,-10.201,-0.118,0.867,0.0000,0.0000,0.0000,0.0000,0.0000,0.0000,0.0000,0.0000,74.27,26.68,36,-9.320,1,658.3
1701.509,+0.0090,-0.0358,-0.0400,-0.0400,-0.5000,6.176,-10.200,-0.131,1.205,0.0000,0.0000,0.0000,0.0000,0.0000,0.0000,0.0000,0.0000,74.27,26.72,35,-9.320,1,658.3
1701.547,+0.0083,-0.0371,-0.0400,-0.0400,-0.4943,6.176,-10.200,-0.131,1.205,0.0000,0.0000,0.0000,0.0000,0.0000,0.0000,0.0000,0.0000,74.27,26.72,35,-11.270,1,658.3
1701.581,+0.0292,-0.0894,-0.0400,-0.0400,-0.4943,6.176,-10.200,-0.131,1.205,0.0000,0.0000,0.0000,0.0000,0.0000,0.0000,0.0000,0.0000,74.27,26.72,35,-11.270,1,658.3
1701.629,+0.0105,-0.0406,-0.0400,-0.0400,-0.4943,6.176,-10.200,-0.131,1.205,0.0000,0.0000,0.0000,0.0000,0.0000,0.0000,0.0000,0.0000,74.27,26.72,35,-11.270,1,658.3
1701.650,+0.0271,-0.1555,-0.0400,-0.0400,-0.4943,6.176,-10.200,-0.131,1.205,0.0000,0.0000,0.0000,0.0000,0.0000,0.0000,0.0000,0.0000,74.27,26.72,35,-11.270,1,658.3
1701.699,+0.0271,-0.0507,-0.0400,-0.0386,-0.4586,6.206,-9.929,0.768,3.752,0.0000,0.0000,0.0000,0.0000,0.0000,0.0000,0.0000,0.0000,74.27,26.77,35,-11.850,1,658.3
1701.723,+0.0624,-0.1478,-0.0400,-0.0386,-0.4586,6.206,-9.929,0.768,3.752,0.0000,0.0000,0.0000,0.0000,0.0000,0.0000,0.0000,0.0000,73.54,26.77,35,-11.850,1,652.7
1701.765,+0.0292,-0.0665,-0.0200,-0.0514,-0.4657,6.240,-9.638,0.045,2.446,0.0000,0.0000,0.0000,0.0000,0.0000,0.0000,0.0000,0.0000,73.54,26.77,35,-11.080,1,652.7
1701.791,+0.0292,-0.0911,-0.0133,-0.0557,-0.4671,6.240,-9.636,-0.088,2.245,0.0000,0.0000,0.0000,0.0000,0.0000,0.0000,0.0000,0.0000,73.54,26.82,35,-10.860,1,652.7
1701.821,+0.0579,-0.0882,-0.0133,-0.0557,-0.4643,6.171,-9.463,-1.482,1.663,0.0000,0.0000,0.0000,0.0000,0.0000,0.0000,0.0000,0.0000,73.54,26.82,35,-11.560,1,652.7
1701.848,+0.0003,-0.0407,-0.0200,-0.0529,-0.4614,6.171,-9.463,-1.482,1.663,0.0000,0.0000,0.0000,0.0000,0.0000,0.0000,0.0000,0.0000,73.54,26.86,35,-11.430,1,652.7
1701.905,+0.0292,-0.0980,-0.0133,-0.0557,-0.4586,5.970,-9.302,-2.389,2.125,0.0000,0.0000,0.0000,0.0000,0.0000,0.0000,0.0000,0.0000,72.89,26.91,35,-11.180,1,647.6
1701.961,+0.0292,-0.0770,-0.0133,-0.0557,-0.4643,5.833,-9.234,-2.293,0.778,0.0000,0.0000,0.0000,0.0000,0.0000,0.0000,0.0000,0.0000,72.89,26.91,35,-10.680,1,647.6
1702.000,+0.0072,-0.0519,-0.0133,-0.0571,-0.4657,5.710,-9.233,-2.287,-0.196,0.0000,0.0000,0.0000,0.0000,0.0000,0.0000,0.0000,0.0000,72.89,26.95,35,-10.960,1,647.6
1702.028,-0.0035,-0.0519,-0.0133,-0.0571,-0.4657,5.587,-9.249,-2.369,-0.168,0.0000,0.0000,0.0000,0.0000,0.0000,0.0000,0.0000,0.0000,72.24,26.95,35,-10.960,1,642.2
1702.051,+0.0250,-0.0519,-0.0133,-0.0557,-0.4643,5.587,-9.249,-2.369,-0.168,0.0000,0.0000,0.0000,0.0000,0.0000,0.0000,0.0000,0.0000,72.24,26.95,35,-10.990,1,642.2
1702.076,+0.0250,-0.0519,-0.0133,-0.0557,-0.4643,5.587,-9.249,-2.369,-0.168,0.0000,0.0000,0.0000,0.0000,0.0000,0.0000,0.0000,0.0000,72.24,26.95,35,-10.990,1,642.2
1702.107,+0.0250,-0.0519,-0.0133,-0.0557,-0.4643,5.587,-9.249,-2.369,-0.168,0.0000,0.0000,0.0000,0.0000,0.0000,0.0000,0.0000,0.0000,72.24,26.95,35,-10.990,1,642.2
1702.140,+0.0250,-0.0519,-0.0133,-0.0557,-0.4614,5.453,-9.250,-2.572,0.266,0.0000,0.0000,0.0000,0.0000,0.0000,0.0000,0.0000,0.0000,72.24,26.98,35,-10.850,1,642.2
1702.171,+0.0250,-0.1014,-0.0133,-0.0543,-0.4629,5.309,-9.229,-2.747,0.639,0.0000,0.0000,0.0000,0.0000,0.0000,0.0000,0.0000,0.0000,72.24,26.98,35,-10.660,1,642.2
1702.199,-0.0060,-0.0556,-0.0133,-0.0543,-0.4629,5.158,-9.194,-2.866,0.817,0.0000,0.0000,0.0000,0.0000,0.0000,0.0000,0.0000,0.0000,72.24,27.01,35,-10.640,1,642.2
1702.233,+0.0229,-0.0115,-0.0133,-0.0543,-0.4629,4.933,-9.193,-4.398,-0.115,0.0000,0.0000,0.0000,0.0000,0.0000,0.0000,0.0000,0.0000,71.59,27.01,35,-10.830,1,636.6
1702.269,+0.0229,-0.0519,-0.0200,-0.0514,-0.4629,4.662,-9.227,-5.197,-0.670,0.0000,0.0000,0.0000,0.0000,0.0000,0.0000,0.0000,0.0000,71.59,27.01,35,-10.860,1,636.6
1702.314,+0.0229,-0.0519,-0.0200,-0.0514,-0.4629,4.657,-9.228,-5.286,-0.742,0.0000,0.0000,0.0000,0.0000,0.0000,0.0000,0.0000,0.0000,71.59,27.04,35,-10.600,1,636.6
1702.338,+0.0229,+0.0115,-0.0200,-0.0514,-0.4629,4.110,-9.315,-5.177,-0.666,0.0000,0.0000,0.0000,0.0000,0.0000,0.0000,0.0000,0.0000,71.59,27.04,35,-10.600,1,636.6
1702.377,+0.0229,-0.0481,-0.0200,-0.0500,-0.4643,4.110,-9.315,-5.177,-0.666,0.0000,0.0000,0.0000,0.0000,0.0000,0.0000,0.0000,0.0000,71.59,27.04,35,-10.540,1,636.6
1702.432,+0.0229,-0.0481,-0.0200,-0.0500,-0.4643,3.833,-9.346,-5.148,-0.396,0.0000,0.0000,0.0000,0.0000,0.0000,0.0000,0.0000,0.0000,70.95,27.06,34,-10.430,1,631.0
1702.477,+0.0229,-0.0131,-0.0267,-0.0486,-0.4657,3.823,-9.347,-5.153,-0.407,0.0000,0.0000,0.0000,0.0000,0.0000,0.0000,0.0000,0.0000,70.95,27.06,34,-10.510,1,631.0
1702.503,+0.0229,-0.0444,-0.0267,-0.0486,-0.4657,3.823,-9.347,-5.153,-0.407,0.0000,0.0000,0.0000,0.0000,0.0000,0.0000,0.0000,0.0000,70.95,27.08,34,-10.510,1,631.0
1702.538,+0.0229,-0.0444,-0.0267,-0.0486,-0.4657,3.571,-9.365,-5.160,-0.281,0.0000,0.0000,0.0000,0.0000,0.0000,0.0000,0.0000,0.0000,70.95,27.08,34,-10.530,1,631.0
1702.592,+0.0229,-0.0146,-0.0267,-0.0486,-0.4657,3.571,-9.365,-5.160,-0.281,0.0000,0.0000,0.0000,0.0000,0.0000,0.0000,0.0000,0.0000,70.95,27.08,34,-10.530,1,631.0
1702.612,+0.0229,-0.0407,-0.0267,-0.0486,-0.4657,3.571,-9.365,-5.160,-0.281,0.0000,0.0000,0.0000,0.0000,0.0000,0.0000,0.0000,0.0000,70.95,27.08,34,-10.530,1,631.0
1702.644,+0.0229,-0.0407,-0.0267,-0.0486,-0.4657,3.571,-9.365,-5.160,-0.281,0.0000,0.0000,0.0000,0.0000,0.0000,0.0000,0.0000,0.0000,70.95,27.08,34,-10.530,1,631.0
1702.669,+0.0229,-0.0407,-0.0267,-0.0486,-0.4657,3.292,-9.379,-5.205,-0.196,0.0000,0.0000,0.0000,0.0000,0.0000,0.0000,0.0000,0.0000,70.95,27.08,34,-10.420,1,631.0
1702.706,+0.0464,-0.0407,-0.0267,-0.0457,-0.4657,3.022,-9.392,-5.225,-0.204,0.0000,0.0000,0.0000,0.0000,0.0000,0.0000,0.0000,0.0000,70.95,27.11,34,-10.480,1,631.0
1702.754,+0.0250,-0.0407,-0.0267,-0.0443,-0.4643,2.775,-9.404,-5.042,-0.149,0.0000,0.0000,0.0000,0.0000,0.0000,0.0000,0.0000,0.0000,70.30,27.11,34,-10.510,1,625.4
1702.776,+0.0250,-0.1062,-0.0333,-0.0443,-0.4643,2.775,-9.404,-5.042,-0.149,0.0000,0.0000,0.0000,0.0000,0.0000,0.0000,0.0000,0.0000,70.30,27.13,34,-10.420,1,625.4
1702.808,+0.0250,-0.0444,-0.0333,-0.0443,-0.4643,2.372,-9.393,-3.342,0.165,0.0000,0.0000,0.0000,0.0000,0.0000,0.0000,0.0000,0.0000,70.30,27.13,34,-10.450,1,625.4
1702.878,+0.0250,-0.0444,-0.0333,-0.0400,-0.4629,2.042,-9.349,-3.192,0.575,0.0000,0.0000,0.0000,0.0000,0.0000,0.0000,0.0000,0.0000,69.70,27.16,34,-10.480,1,620.2
1702.907,+0.0544,-0.0444,-0.0333,-0.0400,-0.4600,1.880,-9.334,-2.961,0.259,0.0000,0.0000,0.0000,0.0000,0.0000,0.0000,0.0000,0.0000,69.70,27.18,34,-10.670,1,620.2
1702.943,+0.0031,-0.0444,-0.0333,-0.0400,-0.4600,1.734,-9.336,-2.667,0.005,0.0000,0.0000,0.0000,0.0000,0.0000,0.0000,0.0000,0.0000,69.70,27.18,34,-10.560,1,620.2
1702.972,+0.0250,-0.0444,-0.0333,-0.0400,-0.4600,1.734,-9.336,-2.667,0.005,0.0000,0.0000,0.0000,0.0000,0.0000,0.0000,0.0000,0.0000,69.70,27.18,34,-10.560,1,620.2
1703.083,+0.0342,-0.0608,-0.0333,-0.0386,-0.4586,1.491,-9.340,-2.453,0.117,0.0000,0.0000,0.0000,0.0000,0.0000,0.0000,0.0000,0.0000,69.06,27.21,34,-10.530,1,614.6
1703.109,+0.0604,-0.0481,-0.0333,-0.0386,-0.4586,1.486,-9.340,-2.452,0.156,0.0000,0.0000,0.0000,0.0000,0.0000,0.0000,0.0000,0.0000,69.06,27.21,34,-10.530,1,614.6
1703.142,+0.0292,-0.0481,-0.0333,-0.0400,-0.4571,1.483,-9.340,-2.449,0.152,0.0000,0.0000,0.0000,0.0000,0.0000,0.0000,0.0000,0.0000,69.06,27.22,34,-10.530,1,614.6
1703.172,+0.0575,-0.0481,-0.0400,-0.0371,-0.4571,1.367,-9.330,-2.387,0.350,0.0000,0.0000,0.0000,0.0000,0.0000,0.0000,0.0000,0.0000,69.06,27.22,34,-10.590,1,614.6
1703.200,+0.0623,-0.0481,-0.0400,-0.0343,-0.4543,1.254,-9.301,-2.346,0.666,0.0000,0.0000,0.0000,0.0000,0.0000,0.0000,0.0000,0.0000,69.06,27.24,34,-10.580,1,614.6
1703.234,+0.0584,-0.0926,-0.0400,-0.0343,-0.4543,1.162,-9.276,-1.721,0.382,0.0000,0.0000,0.0000,0.0000,0.0000,0.0000,0.0000,0.0000,68.58,27.24,34,-10.580,1,610.5
1703.264,+0.0639,-0.0519,-0.0400,-0.0357,-0.4557,1.088,-9.273,-1.537,0.038,0.0000,0.0000,0.0000,0.0000,0.0000,0.0000,0.0000,0.0000,68.58,27.24,34,-10.570,1,610.5
1703.298,+0.0375,-0.0519,-0.0400,-0.0357,-0.4557,1.087,-9.273,-1.543,-0.035,0.0000,0.0000,0.0000,0.0000,0.0000,0.0000,0.0000,0.0000,68.58,27.26,34,-10.570,1,610.5
1703.336,+0.0609,-0.0103,-0.0400,-0.0343,-0.4543,1.008,-9.280,-1.510,-0.080,0.0000,0.0000,0.0000,0.0000,0.0000,0.0000,0.0000,0.0000,68.58,27.26,34,-10.760,1,610.5
1703.369,+0.0396,-0.0481,-0.0467,-0.0329,-0.4529,1.008,-9.280,-1.510,-0.080,0.0000,0.0000,0.0000,0.0000,0.0000,0.0000,0.0000,0.0000,68.58,27.26,34,-10.730,1,610.5
1703.408,+0.0619,-0.0481,-0.0467,-0.0329,-0.4557,0.858,-9.342,-1.249,-0.732,0.0000,0.0000,0.0000,0.0000,0.0000,0.0000,0.0000,0.0000,67.78,27.29,34,-10.490,1,603.4
1703.431,+0.0417,+0.0179,-0.0467,-0.0329,-0.4557,0.802,-9.381,-0.984,-0.620,0.0000,0.0000,0.0000,0.0000,0.0000,0.0000,0.0000,0.0000,67.78,27.29,34,-10.490,1,603.4
1703.462,+0.0417,-0.0444,-0.0400,-0.0357,-0.4557,0.800,-9.382,-0.892,-0.575,0.0000,0.0000,0.0000,0.0000,0.0000,0.0000,0.0000,0.0000,67.78,27.29,34,-10.440,1,603.4
1703.509,+0.0417,-0.0444,-0.0467,-0.0329,-0.4557,0.800,-9.382,-0.892,-0.575,0.0000,0.0000,0.0000,0.0000,0.0000,0.0000,0.0000,0.0000,67.78,27.31,34,-10.510,1,603.4
1703.531,+0.0793,-0.0444,-0.0400,-0.0343,-0.4571,0.764,-9.406,-0.740,-0.395,0.0000,0.0000,0.0000,0.0000,0.0000,0.0000,0.0000,0.0000,67.78,27.31,34,-10.250,1,603.4
1703.571,+0.0437,-0.0444,-0.0400,-0.0343,-0.4571,0.764,-9.406,-0.740,-0.395,0.0000,0.0000,0.0000,0.0000,0.0000,0.0000,0.0000,0.0000,67.78,27.31,34,-10.250,1,603.4
1703.602,+0.0718,-0.0444,-0.0400,-0.0343,-0.4571,0.764,-9.406,-0.740,-0.395,0.0000,0.0000,0.0000,0.0000,0.0000,0.0000,0.0000,0.0000,67.78,27.31,34,-10.250,1,603.4
1703.637,+0.0703,-0.0444,-0.0400,-0.0343,-0.4571,0.764,-9.406,-0.740,-0.395,0.0000,0.0000,0.0000,0.0000,0.0000,0.0000,0.0000,0.0000,67.78,27.31,34,-10.250,1,603.4
1703.669,+0.0479,-0.0444,-0.0400,-0.0343,-0.4571,0.756,-9.411,0.279,0.323,0.0000,0.0000,0.0000,0.0000,0.0000,0.0000,0.0000,0.0000,67.78,27.31,34,-10.250,1,603.4
1703.721,+0.0654,-0.0444,-0.0467,-0.0329,-0.4557,0.787,-9.395,0.638,0.379,0.0000,0.0000,0.0000,0.0000,0.0000,0.0000,0.0000,0.0000,67.17,27.32,34,-10.450,1,598.0
1703.748,+0.0816,-0.0444,-0.0400,-0.0343,-0.4543,0.831,-9.379,0.615,0.276,0.0000,0.0000,0.0000,0.0000,0.0000,0.0000,0.0000,0.0000,67.17,27.32,34,-10.490,1,598.0
1703.773,+0.0521,-0.0444,-0.0467,-0.0314,-0.4543,0.831,-9.379,0.615,0.276,0.0000,0.0000,0.0000,0.0000,0.0000,0.0000,0.0000,0.0000,67.17,27.34,34,-10.510,1,598.0
1703.797,+0.0874,-0.0444,-0.0467,-0.0314,-0.4543,0.858,-9.371,0.432,0.164,0.0000,0.0000,0.0000,0.0000,0.0000,0.0000,0.0000,0.0000,67.17,27.34,34,-10.520,1,598.0
1703.834,+0.0542,-0.0444,-0.0400,-0.0343,-0.4543,0.894,-9.376,0.333,-0.049,0.0000,0.0000,0.0000,0.0000,0.0000,0.0000,0.0000,0.0000,67.17,27.34,34,-10.530,1,598.0
1703.868,+0.0542,-0.0444,-0.0467,-0.0329,-0.4529,0.894,-9.376,0.333,-0.049,0.0000,0.0000,0.0000,0.0000,0.0000,0.0000,0.0000,0.0000,66.55,27.36,33,-10.530,1,592.6
1703.916,+0.0728,-0.0444,-0.0467,-0.0300,-0.4529,0.944,-9.384,0.614,0.035,0.0000,0.0000,0.0000,0.0000,0.0000,0.0000,0.0000,0.0000,66.55,27.38,33,-10.530,1,592.6
1703.941,+0.0563,-0.0444,-0.0467,-0.0329,-0.4529,0.979,-9.383,0.783,0.116,0.0000,0.0000,0.0000,0.0000,0.0000,0.0000,0.0000,0.0000,66.55,27.38,33,-10.530,1,592.6
1703.971,+0.0563,-0.0444,-0.0467,-0.0329,-0.4529,0.979,-9.383,0.783,0.116,0.0000,0.0000,0.0000,0.0000,0.0000,0.0000,0.0000,0.0000,66.55,27.38,33,-10.530,1,592.6
1704.026,+0.0726,-0.0444,-0.0467,-0.0314,-0.4514,1.011,-9.382,0.422,-0.027,0.0000,0.0000,0.0000,0.0000,0.0000,0.0000,0.0000,0.0000,65.93,27.40,33,-10.530,1,587.2
1704.046,+0.0583,-0.0444,-0.0467,-0.0329,-0.4529,1.032,-9.392,0.344,-0.273,0.0000,0.0000,0.0000,0.0000,0.0000,0.0000,0.0000,0.0000,65.93,27.40,33,-10.530,1,587.2
1704.096,+0.0763,-0.0444,-0.0467,-0.0329,-0.4529,1.032,-9.392,0.344,-0.273,0.0000,0.0000,0.0000,0.0000,0.0000,0.0000,0.0000,0.0000,65.93,27.40,33,-10.530,1,587.2
1704.122,+0.0932,+0.0139,-0.0467,-0.0329,-0.4529,1.033,-9.393,0.342,-0.259,0.0000,0.0000,0.0000,0.0000,0.0000,0.0000,0.0000,0.0000,65.93,27.40,33,-10.530,1,587.2
1704.148,+0.0625,-0.0407,-0.0467,-0.0329,-0.4529,1.049,-9.415,0.207,-0.485,0.0000,0.0000,0.0000,0.0000,0.0000,0.0000,0.0000,0.0000,65.93,27.41,33,-10.530,1,587.2
1704.174,+0.0625,-0.0407,-0.0467,-0.0300,-0.4529,1.057,-9.457,0.069,-0.797,0.0000,0.0000,0.0000,0.0000,0.0000,0.0000,0.0000,0.0000,65.93,27.41,33,-10.530,1,587.2
1704.232,+0.0781,-0.0130,-0.0533,-0.0286,-0.4543,1.066,-9.540,0.094,-0.704,0.0000,0.0000,0.0000,0.0000,0.0000,0.0000,0.0000,0.0000,65.30,27.43,33,-10.390,1,581.7
1704.276,+0.0849,-0.0370,-0.0467,-0.0314,-0.4543,1.067,-9.541,0.104,-0.673,0.0000,0.0000,0.0000,0.0000,0.0000,0.0000,0.0000,0.0000,65.30,27.44,33,-10.440,1,581.7
1704.297,+0.0667,+0.0344,-0.0467,-0.0314,-0.4543,1.075,-9.574,0.186,-0.548,0.0000,0.0000,0.0000,0.0000,0.0000,0.0000,0.0000,0.0000,65.30,27.44,33,-10.440,1,581.7
1704.340,+0.0667,-0.0333,-0.0467,-0.0300,-0.4557,1.090,-9.602,0.308,-0.442,0.0000,0.0000,0.0000,0.0000,0.0000,0.0000,0.0000,0.0000,65.30,27.44,33,-10.340,1,581.7
1704.392,+0.0839,-0.0027,-0.0467,-0.0314,-0.4600,1.115,-9.621,0.505,-0.350,0.0000,0.0000,0.0000,0.0000,0.0000,0.0000,0.0000,0.0000,65.30,27.46,33,-9.790,1,581.7
1704.425,+0.0948,-0.0296,-0.0467,-0.0314,-0.4600,1.115,-9.621,0.505,-0.350,0.0000,0.0000,0.0000,0.0000,0.0000,0.0000,0.0000,0.0000,64.65,27.46,33,-9.790,1,576.1
1704.464,+0.0708,-0.0296,-0.0467,-0.0314,-0.4600,1.165,-9.630,0.918,-0.032,0.0000,0.0000,0.0000,0.0000,0.0000,0.0000,0.0000,0.0000,64.65,27.46,33,-12.720,1,576.1
1704.501,+0.0708,-0.0296,-0.0533,-0.0286,-0.4457,1.165,-9.630,0.918,-0.032,0.0000,0.0000,0.0000,0.0000,0.0000,0.0000,0.0000,0.0000,64.65,27.47,33,-12.720,1,576.1
1704.535,+0.0965,-0.0296,-0.0533,-0.0271,-0.4443,1.210,-9.632,0.841,0.067,0.0000,0.0000,0.0000,0.0000,0.0000,0.0000,0.0000,0.0000,64.65,27.47,33,-11.880,1,576.1
1704.564,+0.0729,-0.0296,-0.0533,-0.0271,-0.4443,1.210,-9.632,0.841,0.067,0.0000,0.0000,0.0000,0.0000,0.0000,0.0000,0.0000,0.0000,64.65,27.47,33,-11.880,1,576.1
1704.600,+0.0968,-0.0296,-0.0533,-0.0271,-0.4443,1.210,-9.632,0.841,0.067,0.0000,0.0000,0.0000,0.0000,0.0000,0.0000,0.0000,0.0000,64.65,27.47,33,-11.880,1,576.1
1704.629,+0.0750,-0.0296,-0.0533,-0.0271,-0.4443,1.210,-9.632,0.841,0.067,0.0000,0.0000,0.0000,0.0000,0.0000,0.0000,0.0000,0.0000,64.65,27.47,33,-11.880,1,576.1
1704.661,+0.1017,-0.0296,-0.0533,-0.0271,-0.4443,1.254,-9.623,0.811,0.355,0.0000,0.0000,0.0000,0.0000,0.0000,0.0000,0.0000,0.0000,64.65,27.47,33,-11.880,1,576.1
1704.691,+0.0771,-0.0296,-0.0533,-0.0286,-0.4457,1.297,-9.604,0.812,0.388,0.0000,0.0000,0.0000,0.0000,0.0000,0.0000,0.0000,0.0000,64.65,27.47,33,-10.550,1,576.1
1704.730,+0.0997,-0.0296,-0.0533,-0.0286,-0.4457,1.299,-9.604,0.810,0.437,0.0000,0.0000,0.0000,0.0000,0.0000,0.0000,0.0000,0.0000,63.98,27.49,33,-10.550,1,570.4
1704.771,+0.0792,-0.0676,-0.0533,-0.0286,-0.4486,1.338,-9.587,0.814,0.368,0.0000,0.0000,0.0000,0.0000,0.0000,0.0000,0.0000,0.0000,63.98,27.50,33,-10.390,1,570.4
1704.799,+0.0792,-0.0333,-0.0467,-0.0300,-0.4500,1.339,-9.587,0.810,0.369,0.0000,0.0000,0.0000,0.0000,0.0000,0.0000,0.0000,0.0000,63.98,27.50,33,-10.380,1,570.4
1704.831,+0.1053,-0.0333,-0.0533,-0.0271,-0.4500,1.472,-9.554,0.840,0.238,0.0000,0.0000,0.0000,0.0000,0.0000,0.0000,0.0000,0.0000,63.98,27.53,33,-10.350,1,570.4
1704.863,+0.0813,-0.0333,-0.0533,-0.0271,-0.4500,1.472,-9.554,0.840,0.238,0.0000,0.0000,0.0000,0.0000,0.0000,0.0000,0.0000,0.0000,63.31,27.53,33,-10.350,1,564.8
1704.912,+0.0996,-0.0333,-0.0467,-0.0286,-0.4486,1.518,-9.542,0.838,0.281,0.0000,0.0000,0.0000,0.0000,0.0000,0.0000,0.0000,0.0000,63.31,27.54,33,-10.540,1,564.8
1705.004,+0.0940,-0.0523,-0.0533,-0.0257,-0.4486,1.608,-9.516,0.868,0.263,0.0000,0.0000,0.0000,0.0000,0.0000,0.0000,0.0000,0.0000,63.31,27.55,33,-10.410,1,564.8
1705.044,+0.0854,+0.0022,-0.0533,-0.0257,-0.4486,1.610,-9.515,0.867,0.266,0.0000,0.0000,0.0000,0.0000,0.0000,0.0000,0.0000,0.0000,62.80,27.55,33,-10.400,1,560.5
1705.071,+0.0854,-0.0333,-0.0533,-0.0257,-0.4486,1.610,-9.515,0.867,0.266,0.0000,0.0000,0.0000,0.0000,0.0000,0.0000,0.0000,0.0000,62.80,27.55,33,-10.400,1,560.5
1705.106,+0.0854,-0.0333,-0.0533,-0.0257,-0.4486,1.610,-9.515,0.867,0.266,0.0000,0.0000,0.0000,0.0000,0.0000,0.0000,0.0000,0.0000,62.80,27.55,33,-10.400,1,560.5
1705.144,+0.1081,+0.0070,-0.0533,-0.0271,-0.4500,1.650,-9.517,0.758,-0.229,0.0000,0.0000,0.0000,0.0000,0.0000,0.0000,0.0000,0.0000,62.80,27.56,33,-10.470,1,560.5
1705.173,+0.0875,-0.0296,-0.0533,-0.0271,-0.4414,1.692,-9.540,0.808,-0.469,0.0000,0.0000,0.0000,0.0000,0.0000,0.0000,0.0000,0.0000,62.80,27.56,33,-11.080,1,560.5
1705.206,+0.0875,-0.0296,-0.0533,-0.0271,-0.4414,1.786,-9.586,1.005,-0.269,0.0000,0.0000,0.0000,0.0000,0.0000,0.0000,0.0000,0.0000,62.80,27.58,33,-10.690,1,560.5
1705.246,+0.0875,+0.0092,-0.0533,-0.0257,-0.4371,1.840,-9.596,1.065,-0.119,0.0000,0.0000,0.0000,0.0000,0.0000,0.0000,0.0000,0.0000,62.13,27.58,33,-11.430,1,554.8
1705.270,+0.0875,-0.0259,-0.0533,-0.0271,-0.4386,1.896,-9.602,1.080,-0.054,0.0000,0.0000,0.0000,0.0000,0.0000,0.0000,0.0000,0.0000,62.13,27.60,32,-10.830,1,554.8
1705.300,+0.1156,-0.0259,-0.0533,-0.0257,-0.4400,1.897,-9.602,1.082,-0.029,0.0000,0.0000,0.0000,0.0000,0.0000,0.0000,0.0000,0.0000,62.13,27.60,32,-10.660,1,554.8
1705.331,+0.0896,-0.0259,-0.0533,-0.0257,-0.4400,2.007,-9.609,1.026,-0.035,0.0000,0.0000,0.0000,0.0000,0.0000,0.0000,0.0000,0.0000,62.13,27.60,32,-10.660,1,554.8
1705.363,+0.1164,-0.0259,-0.0533,-0.0271,-0.4443,2.007,-9.609,1.026,-0.035,0.0000,0.0000,0.0000,0.0000,0.0000,0.0000,0.0000,0.0000,62.13,27.60,32,-10.350,1,554.8
1705.397,+0.0917,-0.0259,-0.0533,-0.0257,-0.4457,2.009,-9.610,0.998,-0.049,0.0000,0.0000,0.0000,0.0000,0.0000,0.0000,0.0000,0.0000,62.13,27.61,32,-10.330,1,554.8
1705.431,+0.1172,-0.0259,-0.0533,-0.0257,-0.4457,2.059,-9.614,1.077,-0.011,0.0000,0.0000,0.0000,0.0000,0.0000,0.0000,0.0000,0.0000,61.46,27.61,32,-10.330,1,549.0
1705.460,+0.0938,-0.0259,-0.0533,-0.0243,-0.4471,2.126,-9.609,1.366,0.209,0.0000,0.0000,0.0000,0.0000,0.0000,0.0000,0.0000,0.0000,61.46,27.61,32,-10.320,1,549.0
1705.518,+0.1093,-0.0259,-0.0533,-0.0243,-0.4471,2.127,-9.609,1.440,0.273,0.0000,0.0000,0.0000,0.0000,0.0000,0.0000,0.0000,0.0000,61.46,27.63,32,-10.310,1,549.0
1705.543,+0.0958,-0.0259,-0.0533,-0.0243,-0.4471,2.127,-9.609,1.440,0.273,0.0000,0.0000,0.0000,0.0000,0.0000,0.0000,0.0000,0.0000,61.46,27.63,32,-10.310,1,549.0
1705.577,+0.0958,-0.0259,-0.0533,-0.0243,-0.4471,2.127,-9.609,1.440,0.273,0.0000,0.0000,0.0000,0.0000,0.0000,0.0000,0.0000,0.0000,61.46,27.63,32,-10.310,1,549.0
1705.604,+0.1264,-0.0259,-0.0533,-0.0243,-0.4471,2.127,-9.609,1.440,0.273,0.0000,0.0000,0.0000,0.0000,0.0000,0.0000,0.0000,0.0000,61.46,27.63,32,-10.310,1,549.0
1705.642,+0.0979,+0.0149,-0.0533,-0.0243,-0.4471,2.127,-9.609,1.440,0.273,0.0000,0.0000,0.0000,0.0000,0.0000,0.0000,0.0000,0.0000,61.46,27.63,32,-10.310,1,549.0
1705.672,+0.0979,-0.0222,-0.0533,-0.0271,-0.4471,2.224,-9.603,1.969,0.066,0.0000,0.0000,0.0000,0.0000,0.0000,0.0000,0.0000,0.0000,61.46,27.63,32,-10.310,1,549.0
1705.700,+0.0979,+0.0314,-0.0533,-0.0271,-0.4500,2.328,-9.614,2.023,-0.511,0.0000,0.0000,0.0000,0.0000,0.0000,0.0000,0.0000,0.0000,61.46,27.64,32,-10.310,1,549.0
1705.749,+0.0979,-0.0185,-0.0533,-0.0271,-0.4500,2.428,-9.658,2.025,-0.773,0.0000,0.0000,0.0000,0.0000,0.0000,0.0000,0.0000,0.0000,60.78,27.64,32,-10.310,1,543.4
1705.788,+0.1203,+0.0212,-0.0533,-0.0257,-0.4514,2.532,-9.715,2.092,-1.036,0.0000,0.0000,0.0000,0.0000,0.0000,0.0000,0.0000,0.0000,60.78,27.65,32,-10.310,1,543.4
1705.817,+0.1000,-0.0148,-0.0533,-0.0286,-0.4514,2.642,-9.766,2.189,-0.802,0.0000,0.0000,0.0000,0.0000,0.0000,0.0000,0.0000,0.0000,60.78,27.65,32,-10.210,1,543.4
1705.844,+0.1000,+0.0396,-0.0533,-0.0286,-0.4543,2.754,-9.804,2.239,-0.566,0.0000,0.0000,0.0000,0.0000,0.0000,0.0000,0.0000,0.0000,60.78,27.66,32,-9.870,1,543.4
1705.871,+0.1000,-0.0111,-0.0533,-0.0286,-0.4543,2.754,-9.804,2.239,-0.566,0.0000,0.0000,0.0000,0.0000,0.0000,0.0000,0.0000,0.0000,60.11,27.66,32,-9.870,1,537.7
1705.944,+0.1129,-0.0111,-0.0533,-0.0286,-0.4571,3.099,-9.885,2.216,-0.482,0.0000,0.0000,0.0000,0.0000,0.0000,0.0000,0.0000,0.0000,60.11,27.68,32,-9.980,1,537.7
1705.972,+0.1021,-0.0111,-0.0533,-0.0300,-0.4586,3.099,-9.885,2.216,-0.482,0.0000,0.0000,0.0000,0.0000,0.0000,0.0000,0.0000,0.0000,60.11,27.68,32,-9.980,1,537.7
1706.000,+0.1021,+0.0429,-0.0533,-0.0286,-0.4571,3.104,-9.886,2.212,-0.482,0.0000,0.0000,0.0000,0.0000,0.0000,0.0000,0.0000,0.0000,60.11,27.68,32,-10.060,1,537.7
1706.044,+0.1222,+0.0283,-0.0533,-0.0286,-0.4571,3.202,-9.911,2.140,-0.443,0.0000,0.0000,0.0000,0.0000,0.0000,0.0000,0.0000,0.0000,59.58,27.68,32,-10.100,1,533.4
1706.091,+0.1042,-0.0037,-0.0533,-0.0286,-0.4571,3.202,-9.911,2.140,-0.443,0.0000,0.0000,0.0000,0.0000,0.0000,0.0000,0.0000,0.0000,59.58,27.68,32,-10.100,1,533.4
1706.117,+0.1042,-0.0626,-0.0533,-0.0286,-0.4571,3.305,-9.923,2.147,0.137,0.0000,0.0000,0.0000,0.0000,0.0000,0.0000,0.0000,0.0000,59.58,27.68,32,-9.900,1,533.4
1706.141,+0.1042,-0.0074,-0.0533,-0.0286,-0.4571,3.307,-9.923,2.148,0.108,0.0000,0.0000,0.0000,0.0000,0.0000,0.0000,0.0000,0.0000,59.58,27.70,32,-9.900,1,533.4
1706.178,+0.1042,-0.0074,-0.0533,-0.0286,-0.4514,3.535,-9.855,2.270,0.915,0.0000,0.0000,0.0000,0.0000,0.0000,0.0000,0.0000,0.0000,59.58,27.70,32,-11.400,1,533.4
1706.212,+0.1042,-0.0523,-0.0533,-0.0271,-0.4414,3.535,-9.855,2.270,0.915,0.0000,0.0000,0.0000,0.0000,0.0000,0.0000,0.0000,0.0000,58.89,27.72,32,-11.900,1,527.8
1706.237,+0.1042,-0.0111,-0.0533,-0.0271,-0.4414,3.638,-9.819,2.216,0.728,0.0000,0.0000,0.0000,0.0000,0.0000,0.0000,0.0000,0.0000,58.89,27.72,32,-13.470,1,527.8
1706.272,+0.1042,-0.0111,-0.0533,-0.0243,-0.4214,3.746,-9.791,2.158,0.494,0.0000,0.0000,0.0000,0.0000,0.0000,0.0000,0.0000,0.0000,58.89,27.74,31,-12.810,1,527.8
1706.300,+0.1341,-0.0111,-0.0533,-0.0257,-0.4229,3.850,-9.772,2.111,0.402,0.0000,0.0000,0.0000,0.0000,0.0000,0.0000,0.0000,0.0000,58.89,27.74,31,-12.030,1,527.8
1706.342,+0.1062,-0.0111,-0.0533,-0.0257,-0.4229,3.955,-9.756,2.080,0.375,0.0000,0.0000,0.0000,0.0000,0.0000,0.0000,0.0000,0.0000,58.89,27.74,31,-10.710,1,527.8
1706.370,+0.1062,-0.0111,-0.0467,-0.0271,-0.4300,3.955,-9.756,2.080,0.375,0.0000,0.0000,0.0000,0.0000,0.0000,0.0000,0.0000,0.0000,58.89,27.74,31,-10.710,1,527.8
1706.398,+0.1062,-0.0647,-0.0533,-0.0243,-0.4357,4.060,-9.739,2.086,0.442,0.0000,0.0000,0.0000,0.0000,0.0000,0.0000,0.0000,0.0000,58.89,27.76,32,-10.380,1,527.8
1706.454,+0.1062,-0.0148,-0.0467,-0.0286,-0.4400,4.161,-9.719,2.114,0.482,0.0000,0.0000,0.0000,0.0000,0.0000,0.0000,0.0000,0.0000,58.03,27.76,32,-10.240,1,520.9
1706.477,+0.1062,-0.0148,-0.0467,-0.0286,-0.4429,4.165,-9.718,2.128,0.509,0.0000,0.0000,0.0000,0.0000,0.0000,0.0000,0.0000,0.0000,58.03,27.76,32,-10.390,1,520.9
1706.566,+0.1062,-0.0148,-0.0467,-0.0286,-0.4429,4.268,-9.696,2.265,0.399,0.0000,0.0000,0.0000,0.0000,0.0000,0.0000,0.0000,0.0000,58.03,27.77,32,-10.530,1,520.9
1706.603,+0.1062,-0.0148,-0.0467,-0.0286,-0.4429,4.268,-9.696,2.265,0.399,0.0000,0.0000,0.0000,0.0000,0.0000,0.0000,0.0000,0.0000,58.03,27.77,32,-10.530,1,520.9
1706.633,+0.1062,+0.0845,-0.0467,-0.0286,-0.4429,4.268,-9.696,2.265,0.399,0.0000,0.0000,0.0000,0.0000,0.0000,0.0000,0.0000,0.0000,58.03,27.77,32,-10.530,1,520.9
1706.673,+0.1062,+0.0320,-0.0467,-0.0286,-0.4429,4.396,-9.717,2.510,-0.898,0.0000,0.0000,0.0000,0.0000,0.0000,0.0000,0.0000,0.0000,58.03,27.77,32,-10.280,1,520.9
1706.718,+0.1062,+0.0657,-0.0467,-0.0300,-0.4471,4.401,-9.718,2.500,-0.843,0.0000,0.0000,0.0000,0.0000,0.0000,0.0000,0.0000,0.0000,57.51,27.78,32,-10.220,1,516.5
1706.743,+0.1062,+0.0650,-0.0467,-0.0300,-0.4471,4.508,-9.795,2.237,-1.446,0.0000,0.0000,0.0000,0.0000,0.0000,0.0000,0.0000,0.0000,57.51,27.78,32,-10.190,1,516.5
1706.772,+0.1062,+0.0588,-0.0467,-0.0300,-0.4529,4.512,-9.799,1.964,-2.096,0.0000,0.0000,0.0000,0.0000,0.0000,0.0000,0.0000,0.0000,57.51,0.00,32,-10.180,1,516.5
1706.806,+0.1062,+0.0561,-0.0533,-0.0286,-0.4486,4.689,-10.027,0.070,0.067,0.0000,0.0000,0.0000,0.0000,0.0000,0.0000,0.0000,0.0000,57.51,0.00,32,-9.750,1,516.5
1706.836,+0.0780,+0.0651,-0.0533,-0.0300,-0.4586,4.775,-10.118,0.066,0.066,0.0000,0.0000,0.0000,0.0000,0.0000,0.0000,0.0000,0.0000,57.51,0.00,32,-9.370,1,516.5
1706.873,+0.1042,+0.0603,-0.0533,-0.0300,-0.4586,4.862,-10.189,0.069,0.064,0.0000,0.0000,0.0000,0.0000,0.0000,0.0000,0.0000,0.0000,58.82,0.00,32,-9.370,1,511.0
1706.912,+0.1042,+0.0222,-0.0467,-0.0314,-0.4657,4.956,-10.252,0.065,0.069,0.0000,0.0000,0.0000,0.0000,0.0000,0.0000,0.0000,0.0000,58.82,0.00,32,-9.170,1,511.0
1706.945,+0.0776,+0.0694,-0.0467,-0.0329,-0.4671,5.174,-10.378,0.067,0.068,0.0000,0.0000,0.0000,0.0000,0.0000,0.0000,0.0000,0.0000,58.82,0.00,32,-9.030,1,511.0
1706.970,+0.1021,+0.0857,-0.0467,-0.0314,-0.4714,5.174,-10.378,0.067,0.068,0.0000,0.0000,0.0000,0.0000,0.0000,0.0000,0.0000,0.0000,58.82,0.00,32,-9.030,1,511.0
1707.020,+0.1021,+0.0615,-0.0467,-0.0314,-0.4714,5.290,-10.442,0.066,0.071,0.0000,0.0000,0.0000,0.0000,0.0000,0.0000,0.0000,0.0000,57.96,0.00,32,-9.260,1,504.4
1707.071,+0.1021,+0.0647,-0.0467,-0.0329,-0.4729,5.396,-10.485,0.067,0.068,0.0000,0.0000,0.0000,0.0000,0.0000,0.0000,0.0000,0.0000,57.96,0.00,32,-8.950,1,504.4
1707.096,+0.0692,-0.0214,-0.0467,-0.0329,-0.4729,5.396,-10.485,0.067,0.068,0.0000,0.0000,0.0000,0.0000,0.0000,0.0000,0.0000,0.0000,57.96,0.00,32,-8.950,1,504.4
1707.131,+0.1000,-0.0109,-0.0467,-0.0329,-0.4757,5.396,-10.485,0.067,0.071,0.0000,0.0000,0.0000,0.0000,0.0000,0.0000,0.0000,0.0000,57.96,0.00,32,-8.740,1,504.4
1707.180,+0.0819,-0.0026,-0.0467,-0.0329,-0.4786,5.733,-10.066,1.883,2.721,0.0000,0.0000,0.0000,0.0000,0.0000,0.0000,0.0000,0.0000,57.96,0.00,32,-8.740,1,504.4
1707.203,+0.0979,-0.1035,-0.0467,-0.0357,-0.4671,5.733,-10.066,1.883,2.721,0.0000,0.0000,0.0000,0.0000,0.0000,0.0000,0.0000,0.0000,57.96,27.87,32,-9.280,1,504.4
1707.232,+0.0979,-0.0883,-0.0467,-0.0357,-0.4671,5.737,-10.060,2.377,3.439,0.0000,0.0000,0.0000,0.0000,0.0000,0.0000,0.0000,0.0000,57.21,27.87,32,-9.470,1,498.8
1707.275,+0.0979,-0.0253,-0.0467,-0.0329,-0.4557,5.845,-9.917,2.134,2.488,0.0000,0.0000,0.0000,0.0000,0.0000,0.0000,0.0000,0.0000,57.21,27.88,31,-11.070,1,498.8
1707.302,+0.0979,-0.0477,-0.0467,-0.0314,-0.4514,5.847,-9.915,2.138,2.523,0.0000,0.0000,0.0000,0.0000,0.0000,0.0000,0.0000,0.0000,57.21,27.88,31,-10.970,1,498.8
1707.341,+0.0979,-0.0754,-0.0467,-0.0314,-0.4514,6.032,-9.723,1.493,1.628,0.0000,0.0000,0.0000,0.0000,0.0000,0.0000,0.0000,0.0000,57.21,27.88,31,-10.450,1,498.8
1707.367,+0.0979,-0.0619,-0.0467,-0.0314,-0.4486,6.032,-9.723,1.493,1.628,0.0000,0.0000,0.0000,0.0000,0.0000,0.0000,0.0000,0.0000,57.21,27.88,31,-10.450,1,498.8
1707.404,+0.0743,-0.0493,-0.0467,-0.0314,-0.4457,6.083,-9.647,1.191,1.670,0.0000,0.0000,0.0000,0.0000,0.0000,0.0000,0.0000,0.0000,57.21,27.92,31,-10.410,1,498.8
1707.440,+0.0958,-0.0540,-0.0467,-0.0314,-0.4429,6.085,-9.644,0.849,1.706,0.0000,0.0000,0.0000,0.0000,0.0000,0.0000,0.0000,0.0000,56.47,27.92,31,-10.540,1,492.9
1707.471,+0.0958,-0.0645,-0.0400,-0.0329,-0.4414,6.115,-9.561,0.829,1.919,0.0000,0.0000,0.0000,0.0000,0.0000,0.0000,0.0000,0.0000,56.47,27.92,31,-10.540,1,492.9
1707.570,+0.0858,-0.0543,-0.0400,-0.0329,-0.4414,6.116,-9.559,0.824,1.979,0.0000,0.0000,0.0000,0.0000,0.0000,0.0000,0.0000,0.0000,56.47,27.93,31,-10.530,1,492.9
1707.596,+0.0613,-0.0259,-0.0400,-0.0329,-0.4414,6.116,-9.559,0.824,1.979,0.0000,0.0000,0.0000,0.0000,0.0000,0.0000,0.0000,0.0000,56.47,27.93,31,-10.530,1,492.9
1707.634,+0.0917,-0.0259,-0.0400,-0.0329,-0.4414,6.116,-9.559,0.824,1.979,0.0000,0.0000,0.0000,0.0000,0.0000,0.0000,0.0000,0.0000,56.47,27.93,31,-10.530,1,492.9
1707.664,+0.0630,+0.0251,-0.0400,-0.0329,-0.4414,6.199,-9.459,0.848,0.237,0.0000,0.0000,0.0000,0.0000,0.0000,0.0000,0.0000,0.0000,56.47,27.93,31,-10.530,1,492.9
1707.698,+0.0645,-0.0222,-0.0467,-0.0300,-0.4414,6.200,-9.459,0.789,-0.001,0.0000,0.0000,0.0000,0.0000,0.0000,0.0000,0.0000,0.0000,56.47,27.95,31,-10.730,1,492.9
1707.764,+0.0875,-0.0222,-0.0400,-0.0343,-0.4429,6.233,-9.487,0.923,-0.529,0.0000,0.0000,0.0000,0.0000,0.0000,0.0000,0.0000,0.0000,55.94,27.95,31,-10.560,1,488.5
1707.790,+0.0550,-0.0222,-0.0467,-0.0329,-0.4414,6.272,-9.517,1.088,-0.329,0.0000,0.0000,0.0000,0.0000,0.0000,0.0000,0.0000,0.0000,55.94,27.96,31,-10.470,1,488.5
1707.816,+0.0529,-0.0222,-0.0400,-0.0343,-0.4429,6.386,-9.521,1.409,0.520,0.0000,0.0000,0.0000,0.0000,0.0000,0.0000,0.0000,0.0000,55.94,27.96,31,-10.020,1,488.5
1707.844,+0.0833,-0.0222,-0.0400,-0.0343,-0.4429,6.386,-9.521,1.409,0.520,0.0000,0.0000,0.0000,0.0000,0.0000,0.0000,0.0000,0.0000,55.94,27.96,31,-10.160,1,488.5
1707.906,+0.0686,-0.0222,-0.0400,-0.0357,-0.4443,6.503,-9.482,1.354,0.564,0.0000,0.0000,0.0000,0.0000,0.0000,0.0000,0.0000,0.0000,55.27,27.97,31,-10.240,1,482.9
1707.935,+0.0813,-0.0222,-0.0400,-0.0357,-0.4443,6.561,-9.463,1.235,0.478,0.0000,0.0000,0.0000,0.0000,0.0000,0.0000,0.0000,0.0000,55.27,27.97,31,-10.250,1,482.9
1707.967,+0.0813,-0.0222,-0.0467,-0.0314,-0.4429,6.561,-9.463,1.235,0.478,0.0000,0.0000,0.0000,0.0000,0.0000,0.0000,0.0000,0.0000,55.27,27.97,31,-10.260,1,482.9
1708.001,+0.0553,-0.0683,-0.0400,-0.0343,-0.4429,6.610,-9.448,1.122,0.432,0.0000,0.0000,0.0000,0.0000,0.0000,0.0000,0.0000,0.0000,55.27,27.98,31,-10.260,1,482.9
1708.092,+0.0792,-0.0259,-0.0467,-0.0329,-0.4414,6.636,-9.428,0.677,0.645,0.0000,0.0000,0.0000,0.0000,0.0000,0.0000,0.0000,0.0000,54.64,27.98,31,-10.260,1,477.5
1708.128,+0.0792,-0.0259,-0.0400,-0.0357,-0.4414,6.658,-9.404,0.619,0.423,0.0000,0.0000,0.0000,0.0000,0.0000,0.0000,0.0000,0.0000,54.64,27.99,31,-10.450,1,477.5
1708.165,+0.0558,-0.0259,-0.0400,-0.0357,-0.4414,6.683,-9.405,0.569,-0.008,0.0000,0.0000,0.0000,0.0000,0.0000,0.0000,0.0000,0.0000,54.64,27.99,31,-10.570,1,477.5
1708.255,+0.0771,-0.0259,-0.0400,-0.0343,-0.4400,6.715,-9.423,0.391,0.007,0.0000,0.0000,0.0000,0.0000,0.0000,0.0000,0.0000,0.0000,53.99,27.99,31,-10.360,1,471.9
1708.290,+0.0771,-0.0259,-0.0400,-0.0343,-0.4400,6.715,-9.423,0.386,0.008,0.0000,0.0000,0.0000,0.0000,0.0000,0.0000,0.0000,0.0000,53.99,27.99,31,-10.330,1,471.9
1708.316,+0.0450,-0.0259,-0.0400,-0.0343,-0.4400,6.715,-9.423,0.386,0.008,0.0000,0.0000,0.0000,0.0000,0.0000,0.0000,0.0000,0.0000,53.99,27.99,31,-10.320,1,471.9
1708.340,+0.0750,-0.0259,-0.0400,-0.0343,-0.4400,6.725,-9.427,0.363,0.111,0.0000,0.0000,0.0000,0.0000,0.0000,0.0000,0.0000,0.0000,53.99,27.99,31,-10.310,1,471.9
1708.381,+0.0534,+0.0124,-0.0400,-0.0329,-0.4386,6.735,-9.429,0.404,0.188,0.0000,0.0000,0.0000,0.0000,0.0000,0.0000,0.0000,0.0000,53.99,27.99,31,-10.310,1,471.9
1708.419,+0.0729,-0.0222,-0.0400,-0.0371,-0.4400,6.735,-9.429,0.404,0.188,0.0000,0.0000,0.0000,0.0000,0.0000,0.0000,0.0000,0.0000,53.50,28.00,31,-10.310,1,467.8
1708.445,+0.0729,-0.0222,-0.0400,-0.0343,-0.4400,6.733,-9.435,-0.018,-0.058,0.0000,0.0000,0.0000,0.0000,0.0000,0.0000,0.0000,0.0000,53.50,28.00,31,-10.310,1,467.8
1708.470,+0.0390,-0.0222,-0.0400,-0.0357,-0.4414,6.723,-9.453,0.022,-0.202,0.0000,0.0000,0.0000,0.0000,0.0000,0.0000,0.0000,0.0000,53.50,28.00,31,-10.050,1,467.8
1708.499,+0.0708,-0.0222,-0.0400,-0.0357,-0.4414,6.723,-9.453,0.022,-0.202,0.0000,0.0000,0.0000,0.0000,0.0000,0.0000,0.0000,0.0000,53.50,28.00,31,-10.050,1,467.8
1708.568,+0.0573,-0.0222,-0.0400,-0.0343,-0.4429,6.717,-9.471,0.068,-0.186,0.0000,0.0000,0.0000,0.0000,0.0000,0.0000,0.0000,0.0000,53.50,28.00,31,-10.130,1,467.8
1708.596,+0.0381,+0.0323,-0.0400,-0.0343,-0.4429,6.717,-9.471,0.068,-0.186,0.0000,0.0000,0.0000,0.0000,0.0000,0.0000,0.0000,0.0000,53.50,28.00,31,-10.130,1,467.8
1708.620,+0.0667,-0.0185,-0.0400,-0.0343,-0.4429,6.717,-9.471,0.068,-0.186,0.0000,0.0000,0.0000,0.0000,0.0000,0.0000,0.0000,0.0000,53.50,28.00,31,-10.130,1,467.8
1708.658,+0.0438,-0.0185,-0.0400,-0.0343,-0.4429,6.717,-9.471,0.068,-0.186,0.0000,0.0000,0.0000,0.0000,0.0000,0.0000,0.0000,0.0000,53.50,28.00,31,-10.130,1,467.8
1708.684,+0.0646,+0.0378,-0.0400,-0.0371,-0.4429,6.709,-9.525,0.001,-0.704,0.0000,0.0000,0.0000,0.0000,0.0000,0.0000,0.0000,0.0000,53.50,28.00,31,-10.220,1,467.8
1708.723,+0.0420,-0.0148,-0.0400,-0.0343,-0.4429,6.709,-9.525,0.001,-0.704,0.0000,0.0000,0.0000,0.0000,0.0000,0.0000,0.0000,0.0000,52.68,28.00,31,-10.240,1,460.8
1708.767,+0.0425,-0.0148,-0.0400,-0.0371,-0.4457,6.695,-9.623,0.077,-0.726,0.0000,0.0000,0.0000,0.0000,0.0000,0.0000,0.0000,0.0000,52.68,28.00,31,-10.040,1,460.8
1708.799,+0.0331,+0.0337,-0.0400,-0.0343,-0.4457,6.691,-9.661,0.106,-0.622,0.0000,0.0000,0.0000,0.0000,0.0000,0.0000,0.0000,0.0000,52.68,28.00,31,-10.100,1,460.8
1708.861,+0.0583,-0.0111,-0.0400,-0.0371,-0.4486,6.688,-9.731,0.155,-0.465,0.0000,0.0000,0.0000,0.0000,0.0000,0.0000,0.0000,0.0000,51.84,28.00,31,-9.940,1,453.8
1708.884,+0.0216,+0.0542,-0.0400,-0.0371,-0.4486,6.687,-9.764,0.152,-0.466,0.0000,0.0000,0.0000,0.0000,0.0000,0.0000,0.0000,0.0000,51.84,28.00,31,-10.060,1,453.8
1708.924,+0.0563,-0.0074,-0.0400,-0.0386,-0.4500,6.687,-9.766,0.150,-0.466,0.0000,0.0000,0.0000,0.0000,0.0000,0.0000,0.0000,0.0000,51.84,28.01,31,-9.930,1,453.8
1708.944,+0.0563,-0.0074,-0.0333,-0.0386,-0.4500,6.686,-9.798,0.131,-0.491,0.0000,0.0000,0.0000,0.0000,0.0000,0.0000,0.0000,0.0000,51.84,28.01,31,-9.660,1,453.8
1708.972,+0.0264,+0.0457,-0.0333,-0.0386,-0.4529,6.686,-9.798,0.131,-0.491,0.0000,0.0000,0.0000,0.0000,0.0000,0.0000,0.0000,0.0000,51.84,28.01,31,-9.660,1,453.8
1709.013,+0.0542,-0.0037,-0.0400,-0.0357,-0.4471,6.682,-9.828,0.030,-0.304,0.0000,0.0000,0.0000,0.0000,0.0000,0.0000,0.0000,0.0000,51.32,28.01,30,-11.430,1,449.4
1709.040,+0.0542,-0.0037,-0.0333,-0.0357,-0.4357,6.682,-9.823,0.215,0.715,0.0000,0.0000,0.0000,0.0000,0.0000,0.0000,0.0000,0.0000,51.32,28.01,30,-11.470,1,449.4
1709.068,+0.0237,-0.0579,-0.0333,-0.0357,-0.4357,6.682,-9.823,0.215,0.715,0.0000,0.0000,0.0000,0.0000,0.0000,0.0000,0.0000,0.0000,51.32,28.01,30,-11.470,1,449.4
1709.102,+0.0521,-0.0074,-0.0333,-0.0357,-0.4357,6.682,-9.823,0.215,0.715,0.0000,0.0000,0.0000,0.0000,0.0000,0.0000,0.0000,0.0000,51.32,28.01,30,-11.470,1,449.4
1709.175,+0.0521,-0.0303,-0.0333,-0.0357,-0.4186,6.676,-9.744,-0.048,0.850,0.0000,0.0000,0.0000,0.0000,0.0000,0.0000,0.0000,0.0000,51.32,28.02,30,-12.020,1,449.4
1709.201,+0.0521,-0.0686,-0.0400,-0.0314,-0.4114,6.663,-9.715,-0.162,0.538,0.0000,0.0000,0.0000,0.0000,0.0000,0.0000,0.0000,0.0000,51.32,28.03,29,-13.600,1,449.4
1709.231,+0.0233,-0.0148,-0.0400,-0.0314,-0.4114,6.662,-9.714,-0.152,0.552,0.0000,0.0000,0.0000,0.0000,0.0000,0.0000,0.0000,0.0000,50.61,28.03,29,-13.600,1,443.7
1709.268,+0.0500,-0.0148,-0.0400,-0.0329,-0.4129,6.646,-9.702,-0.200,0.357,0.0000,0.0000,0.0000,0.0000,0.0000,0.0000,0.0000,0.0000,50.61,28.03,29,-11.580,1,443.7
1709.315,+0.0313,-0.0481,-0.0333,-0.0357,-0.4157,6.629,-9.694,-0.176,0.317,0.0000,0.0000,0.0000,0.0000,0.0000,0.0000,0.0000,0.0000,50.61,28.03,30,-11.080,1,443.7
1709.337,+0.0095,-0.0185,-0.0333,-0.0357,-0.4157,6.612,-9.687,-0.088,0.358,0.0000,0.0000,0.0000,0.0000,0.0000,0.0000,0.0000,0.0000,50.61,28.03,30,-11.080,1,443.7
1709.383,+0.0458,-0.0185,-0.0400,-0.0343,-0.4257,6.600,-9.677,0.013,0.454,0.0000,0.0000,0.0000,0.0000,0.0000,0.0000,0.0000,0.0000,50.61,28.03,30,-10.390,1,443.7
1709.416,+0.0199,-0.0185,-0.0333,-0.0386,-0.4300,6.600,-9.677,0.013,0.454,0.0000,0.0000,0.0000,0.0000,0.0000,0.0000,0.0000,0.0000,49.93,28.04,30,-10.390,1,438.1
1709.441,+0.0437,-0.0185,-0.0333,-0.0386,-0.4329,6.593,-9.660,0.092,0.541,0.0000,0.0000,0.0000,0.0000,0.0000,0.0000,0.0000,0.0000,49.93,28.04,30,-10.300,1,438.1
1709.476,+0.0190,-0.0185,-0.0400,-0.0343,-0.4343,6.590,-9.641,0.130,0.576,0.0000,0.0000,0.0000,0.0000,0.0000,0.0000,0.0000,0.0000,49.93,28.04,30,-10.250,1,438.1
1709.515,+0.0417,-0.0185,-0.0400,-0.0343,-0.4343,6.603,-9.653,0.357,-0.387,0.0000,0.0000,0.0000,0.0000,0.0000,0.0000,0.0000,0.0000,49.93,28.05,30,-10.240,1,438.1
1709.557,+0.0417,+0.0185,-0.0333,-0.0371,-0.4371,6.603,-9.653,0.357,-0.387,0.0000,0.0000,0.0000,0.0000,0.0000,0.0000,0.0000,0.0000,49.93,28.05,30,-10.240,1,438.1
1709.599,+0.0417,+0.0227,-0.0333,-0.0371,-0.4371,6.603,-9.653,0.357,-0.387,0.0000,0.0000,0.0000,0.0000,0.0000,0.0000,0.0000,0.0000,49.93,28.05,30,-10.240,1,438.1
1709.648,+0.0417,+0.0210,-0.0333,-0.0371,-0.4371,6.603,-9.653,0.357,-0.387,0.0000,0.0000,0.0000,0.0000,0.0000,0.0000,0.0000,0.0000,49.93,28.05,30,-10.240,1,438.1
1709.693,+0.0417,+0.0277,-0.0333,-0.0386,-0.4386,6.610,-9.735,-0.157,-2.233,0.0000,0.0000,0.0000,0.0000,0.0000,0.0000,0.0000,0.0000,49.93,28.05,30,-10.220,1,438.1
1709.726,+0.0154,+0.0895,-0.0400,-0.0357,-0.4443,6.610,-9.735,-0.157,-2.233,0.0000,0.0000,0.0000,0.0000,0.0000,0.0000,0.0000,0.0000,49.24,28.05,30,-10.220,1,432.4
1709.749,+0.0396,+0.0685,-0.0400,-0.0371,-0.4457,6.560,-9.990,-0.598,-2.304,0.0000,0.0000,0.0000,0.0000,0.0000,0.0000,0.0000,0.0000,49.24,28.05,30,-9.980,1,432.4
1709.777,+0.0396,+0.0612,-0.0400,-0.0371,-0.4486,6.560,-9.990,-0.598,-2.304,0.0000,0.0000,0.0000,0.0000,0.0000,0.0000,0.0000,0.0000,49.24,28.04,30,-9.840,1,432.4
1709.834,+0.0235,+0.0397,-0.0333,-0.0400,-0.4571,6.489,-10.190,-0.298,-1.434,0.0000,0.0000,0.0000,0.0000,0.0000,0.0000,0.0000,0.0000,49.24,28.04,30,-9.370,1,432.4
1709.857,+0.0375,+0.0148,-0.0333,-0.0400,-0.4571,6.489,-10.190,-0.298,-1.434,0.0000,0.0000,0.0000,0.0000,0.0000,0.0000,0.0000,0.0000,48.53,28.04,30,-9.370,1,426.7
1709.892,+0.0133,+0.0578,-0.0400,-0.0371,-0.4600,6.468,-10.280,-0.010,-1.384,0.0000,0.0000,0.0000,0.0000,0.0000,0.0000,0.0000,0.0000,48.53,28.04,30,-9.190,1,426.7
1709.917,+0.0007,+0.0803,-0.0400,-0.0400,-0.4629,6.468,-10.280,-0.010,-1.384,0.0000,0.0000,0.0000,0.0000,0.0000,0.0000,0.0000,0.0000,48.53,28.04,30,-9.130,1,426.7
1709.942,+0.0333,+0.0810,-0.0333,-0.0414,-0.4643,6.470,-10.446,0.314,-1.491,0.0000,0.0000,0.0000,0.0000,0.0000,0.0000,0.0000,0.0000,48.53,28.04,30,-9.200,1,426.7
1710.005,+0.0187,+0.0520,-0.0267,-0.0471,-0.4671,6.472,-10.519,-0.050,-0.721,0.0000,0.0000,0.0000,0.0000,0.0000,0.0000,0.0000,0.0000,48.53,28.04,30,-9.050,1,426.7
1710.027,-0.0062,+0.0296,-0.0267,-0.0471,-0.4671,6.453,-10.510,0.121,1.072,0.0000,0.0000,0.0000,0.0000,0.0000,0.0000,0.0000,0.0000,47.78,28.04,30,-9.050,1,420.9
1710.064,+0.0058,-0.0120,-0.0200,-0.0514,-0.4657,6.453,-10.510,0.121,1.072,0.0000,0.0000,0.0000,0.0000,0.0000,0.0000,0.0000,0.0000,47.78,28.04,30,-8.860,1,420.9
1710.103,+0.0271,-0.0145,-0.0200,-0.0514,-0.4657,6.453,-10.510,0.121,1.072,0.0000,0.0000,0.0000,0.0000,0.0000,0.0000,0.0000,0.0000,47.78,28.04,30,-8.860,1,420.9
1710.129,-0.0057,-0.0945,-0.0133,-0.0571,-0.4629,6.461,-10.385,0.367,2.795,0.0000,0.0000,0.0000,0.0000,0.0000,0.0000,0.0000,0.0000,47.78,28.05,30,-8.850,1,420.9
1710.186,+0.0250,-0.0135,-0.0067,-0.0614,-0.4614,6.470,-10.083,-0.051,2.308,0.0000,0.0000,0.0000,0.0000,0.0000,0.0000,0.0000,0.0000,47.78,28.05,30,-9.980,1,420.9
1710.215,+0.0250,-0.0403,-0.0067,-0.0600,-0.4600,6.470,-10.083,-0.051,2.308,0.0000,0.0000,0.0000,0.0000,0.0000,0.0000,0.0000,0.0000,47.00,28.08,30,-9.980,1,415.0
1710.247,-0.0023,-0.0895,-0.0067,-0.0600,-0.4543,6.455,-9.989,-0.332,1.633,0.0000,0.0000,0.0000,0.0000,0.0000,0.0000,0.0000,0.0000,47.00,28.08,30,-10.440,1,415.0
1710.272,+0.0556,-0.0581,-0.0067,-0.0600,-0.4514,6.430,-9.925,-0.368,1.579,0.0000,0.0000,0.0000,0.0000,0.0000,0.0000,0.0000,0.0000,47.00,28.10,30,-10.230,1,415.0
1710.306,-0.0007,-0.0494,-0.0067,-0.0586,-0.4500,6.430,-9.924,-0.489,1.381,0.0000,0.0000,0.0000,0.0000,0.0000,0.0000,0.0000,0.0000,47.00,28.10,30,-10.230,1,415.0
1710.339,+0.0229,-0.0074,-0.0067,-0.0586,-0.4500,6.301,-9.907,-3.184,-0.186,0.0000,0.0000,0.0000,0.0000,0.0000,0.0000,0.0000,0.0000,47.00,28.10,30,-10.230,1,415.0
1710.365,+0.0229,-0.0074,-0.0133,-0.0557,-0.4500,6.301,-9.907,-3.184,-0.186,0.0000,0.0000,0.0000,0.0000,0.0000,0.0000,0.0000,0.0000,47.00,28.10,30,-10.460,1,415.0
1710.405,+0.0009,-0.0466,-0.0133,-0.0543,-0.4429,6.031,-9.891,-5.276,0.796,0.0000,0.0000,0.0000,0.0000,0.0000,0.0000,0.0000,0.0000,47.00,28.11,29,-10.440,1,415.0
1710.435,+0.0208,-0.0111,-0.0133,-0.0543,-0.4429,5.722,-9.828,-5.787,1.587,0.0000,0.0000,0.0000,0.0000,0.0000,0.0000,0.0000,0.0000,46.28,28.11,29,-10.440,1,409.4
1710.482,+0.0020,-0.0445,-0.0133,-0.0514,-0.4200,5.441,-9.748,-5.663,1.898,0.0000,0.0000,0.0000,0.0000,0.0000,0.0000,0.0000,0.0000,46.28,28.11,29,-12.530,1,409.4
1710.507,+0.0187,-0.0148,-0.0133,-0.0514,-0.4200,5.435,-9.746,-5.633,1.937,0.0000,0.0000,0.0000,0.0000,0.0000,0.0000,0.0000,0.0000,46.28,28.12,29,-12.530,1,409.4
1710.554,+0.0187,-0.0487,-0.0133,-0.0514,-0.4200,5.435,-9.746,-5.633,1.937,0.0000,0.0000,0.0000,0.0000,0.0000,0.0000,0.0000,0.0000,46.28,28.12,29,-11.680,1,409.4
1710.583,+0.0187,-0.0185,-0.0133,-0.0514,-0.4200,5.435,-9.746,-5.633,1.937,0.0000,0.0000,0.0000,0.0000,0.0000,0.0000,0.0000,0.0000,46.28,28.12,29,-11.680,1,409.4
1710.609,+0.0187,-0.0764,-0.0133,-0.0514,-0.4200,5.435,-9.746,-5.633,1.937,0.0000,0.0000,0.0000,0.0000,0.0000,0.0000,0.0000,0.0000,46.28,28.12,29,-11.680,1,409.4
1710.631,+0.0568,-0.0222,-0.0133,-0.0514,-0.4200,5.435,-9.746,-5.633,1.937,0.0000,0.0000,0.0000,0.0000,0.0000,0.0000,0.0000,0.0000,46.28,28.12,29,-11.680,1,409.4
1710.712,+0.0327,-0.0222,-0.0133,-0.0514,-0.4314,4.912,-9.678,-5.461,0.150,0.0000,0.0000,0.0000,0.0000,0.0000,0.0000,0.0000,0.0000,45.59,28.13,29,-10.410,1,403.9
1710.744,+0.0229,-0.0222,-0.0200,-0.0500,-0.4329,4.619,-9.666,-5.947,0.235,0.0000,0.0000,0.0000,0.0000,0.0000,0.0000,0.0000,0.0000,45.59,28.13,29,-10.500,1,403.9
1710.770,+0.0556,-0.0222,-0.0200,-0.0500,-0.4329,4.324,-9.646,-6.494,0.416,0.0000,0.0000,0.0000,0.0000,0.0000,0.0000,0.0000,0.0000,45.59,28.14,29,-10.580,1,403.9
1710.807,+0.0250,-0.0641,-0.0267,-0.0457,-0.4314,4.298,-9.644,-6.601,0.462,0.0000,0.0000,0.0000,0.0000,0.0000,0.0000,0.0000,0.0000,45.59,28.14,29,-10.320,1,403.9
1710.866,+0.0250,-0.0259,-0.0200,-0.0457,-0.4343,3.634,-9.590,-6.461,0.751,0.0000,0.0000,0.0000,0.0000,0.0000,0.0000,0.0000,0.0000,45.07,28.14,29,-10.290,1,399.5
1710.889,+0.0250,-0.0259,-0.0267,-0.0443,-0.4329,3.324,-9.559,-5.684,0.642,0.0000,0.0000,0.0000,0.0000,0.0000,0.0000,0.0000,0.0000,45.07,28.14,29,-10.270,1,399.5
1710.928,+0.0250,-0.0259,-0.0267,-0.0443,-0.4329,3.318,-9.558,-5.472,0.613,0.0000,0.0000,0.0000,0.0000,0.0000,0.0000,0.0000,0.0000,45.07,28.14,29,-10.550,1,399.5
1710.974,+0.0250,-0.0259,-0.0267,-0.0443,-0.4357,2.796,-9.572,-4.964,-0.884,0.0000,0.0000,0.0000,0.0000,0.0000,0.0000,0.0000,0.0000,45.07,28.14,29,-10.450,1,399.5
1711.006,-0.0023,+0.0226,-0.0267,-0.0429,-0.4371,2.537,-9.664,-4.782,-1.826,0.0000,0.0000,0.0000,0.0000,0.0000,0.0000,0.0000,0.0000,45.07,28.14,29,-10.370,1,399.5
1711.055,+0.0229,+0.0103,-0.0267,-0.0414,-0.4386,2.527,-9.668,-4.730,-2.030,0.0000,0.0000,0.0000,0.0000,0.0000,0.0000,0.0000,0.0000,44.24,28.14,29,-10.330,1,392.4
1711.080,+0.0229,+0.0404,-0.0267,-0.0414,-0.4386,2.527,-9.668,-4.730,-2.030,0.0000,0.0000,0.0000,0.0000,0.0000,0.0000,0.0000,0.0000,44.24,28.14,29,-10.330,1,392.4
1711.110,+0.0229,+0.0357,-0.0267,-0.0414,-0.4386,2.293,-9.774,-4.440,-1.912,0.0000,0.0000,0.0000,0.0000,0.0000,0.0000,0.0000,0.0000,44.24,28.14,29,-10.330,1,392.4
1711.136,+0.0560,-0.0111,-0.0333,-0.0414,-0.4386,2.293,-9.774,-4.440,-1.912,0.0000,0.0000,0.0000,0.0000,0.0000,0.0000,0.0000,0.0000,44.24,28.13,29,-10.120,1,392.4
1711.168,+0.0250,+0.0359,-0.0333,-0.0414,-0.4386,1.848,-9.920,-4.377,-0.919,0.0000,0.0000,0.0000,0.0000,0.0000,0.0000,0.0000,0.0000,44.24,28.13,29,-9.770,1,392.4
1711.204,+0.0250,-0.0074,-0.0333,-0.0371,-0.4429,1.640,-9.955,-3.619,-0.300,0.0000,0.0000,0.0000,0.0000,0.0000,0.0000,0.0000,0.0000,44.24,28.13,29,-9.840,1,392.4
1711.237,+0.0510,-0.0074,-0.0333,-0.0371,-0.4429,1.633,-9.955,-3.652,-0.320,0.0000,0.0000,0.0000,0.0000,0.0000,0.0000,0.0000,0.0000,43.54,28.13,29,-9.790,1,386.6
1711.265,+0.0570,+0.0457,-0.0333,-0.0400,-0.4400,1.465,-9.965,-2.926,-0.318,0.0000,0.0000,0.0000,0.0000,0.0000,0.0000,0.0000,0.0000,43.54,28.13,29,-11.430,1,386.6
1711.299,+0.0292,+0.0417,-0.0333,-0.0400,-0.4400,1.462,-9.965,-2.952,-0.318,0.0000,0.0000,0.0000,0.0000,0.0000,0.0000,0.0000,0.0000,43.54,28.13,28,-11.430,1,386.6
1711.334,+0.0540,+0.0000,-0.0400,-0.0357,-0.4329,1.462,-9.965,-2.952,-0.318,0.0000,0.0000,0.0000,0.0000,0.0000,0.0000,0.0000,0.0000,43.54,28.13,28,-12.630,1,386.6
1711.383,+0.0312,+0.0000,-0.0400,-0.0343,-0.4257,1.227,-10.041,-2.315,-0.450,0.0000,0.0000,0.0000,0.0000,0.0000,0.0000,0.0000,0.0000,43.54,28.13,28,-12.110,1,386.6
1711.405,+0.0312,+0.0000,-0.0400,-0.0343,-0.4257,1.227,-10.041,-2.315,-0.450,0.0000,0.0000,0.0000,0.0000,0.0000,0.0000,0.0000,0.0000,43.54,28.12,28,-12.110,1,386.6
1711.440,+0.0312,+0.0000,-0.0400,-0.0329,-0.4129,1.121,-10.057,-2.032,-0.159,0.0000,0.0000,0.0000,0.0000,0.0000,0.0000,0.0000,0.0000,43.01,28.12,28,-13.560,1,382.3
1711.471,+0.0312,+0.0000,-0.0333,-0.0329,-0.4043,1.029,-10.066,-1.706,-0.097,0.0000,0.0000,0.0000,0.0000,0.0000,0.0000,0.0000,0.0000,43.01,28.12,28,-14.250,1,382.3
1711.550,+0.0433,+0.0215,-0.0400,-0.0329,-0.3986,0.954,-10.075,-1.497,-0.131,0.0000,0.0000,0.0000,0.0000,0.0000,0.0000,0.0000,0.0000,43.01,28.12,28,-14.440,1,382.3
1711.578,+0.0333,+0.0037,-0.0400,-0.0329,-0.3986,0.954,-10.075,-1.497,-0.131,0.0000,0.0000,0.0000,0.0000,0.0000,0.0000,0.0000,0.0000,43.01,28.12,28,-14.440,1,382.3
1711.601,+0.0697,+0.0037,-0.0400,-0.0329,-0.3986,0.954,-10.075,-1.497,-0.131,0.0000,0.0000,0.0000,0.0000,0.0000,0.0000,0.0000,0.0000,43.01,28.12,28,-14.440,1,382.3
1711.700,+0.0454,+0.0037,-0.0400,-0.0300,-0.3843,0.882,-10.087,-1.330,-0.189,0.0000,0.0000,0.0000,0.0000,0.0000,0.0000,0.0000,0.0000,43.01,28.13,27,-14.750,1,382.3
1711.724,+0.0734,+0.0037,-0.0400,-0.0300,-0.3843,0.882,-10.087,-1.330,-0.189,0.0000,0.0000,0.0000,0.0000,0.0000,0.0000,0.0000,0.0000,42.33,28.13,27,-14.750,1,376.8
1711.755,+0.0668,+0.0037,-0.0400,-0.0300,-0.3929,0.753,-10.110,-1.539,-0.182,0.0000,0.0000,0.0000,0.0000,0.0000,0.0000,0.0000,0.0000,42.33,28.13,27,-13.570,1,376.8
1711.781,+0.0740,+0.0037,-0.0467,-0.0271,-0.3929,0.752,-10.110,-1.585,-0.180,0.0000,0.0000,0.0000,0.0000,0.0000,0.0000,0.0000,0.0000,42.33,28.13,28,-13.570,1,376.8
1711.811,+0.0437,+0.0037,-0.0467,-0.0257,-0.3829,0.693,-10.111,-0.903,0.302,0.0000,0.0000,0.0000,0.0000,0.0000,0.0000,0.0000,0.0000,42.33,28.13,28,-14.550,1,376.8
1711.838,+0.0752,+0.0037,-0.0467,-0.0257,-0.3771,0.660,-10.089,-0.744,0.594,0.0000,0.0000,0.0000,0.0000,0.0000,0.0000,0.0000,0.0000,42.33,28.13,27,-14.690,1,376.8
1711.867,+0.0752,+0.0560,-0.0467,-0.0257,-0.3771,0.660,-10.089,-0.744,0.594,0.0000,0.0000,0.0000,0.0000,0.0000,0.0000,0.0000,0.0000,41.63,28.13,27,-14.690,1,371.2
1711.905,+0.0707,+0.1289,-0.0400,-0.0271,-0.3786,0.629,-10.090,-0.419,-1.687,0.0000,0.0000,0.0000,0.0000,0.0000,0.0000,0.0000,0.0000,41.63,28.13,27,-14.770,1,371.2
1711.931,+0.0500,+0.1338,-0.0400,-0.0271,-0.3786,0.629,-10.092,-0.420,-2.200,0.0000,0.0000,0.0000,0.0000,0.0000,0.0000,0.0000,0.0000,41.63,28.13,27,-14.780,1,371.2
1711.968,+0.0500,+0.1947,-0.0467,-0.0257,-0.4057,0.579,-10.710,-0.151,-7.560,0.0000,0.0000,0.0000,0.0000,0.0000,0.0000,0.0000,0.0000,41.63,28.13,27,-11.780,1,371.2
1712.011,+0.0704,+0.1496,-0.0400,-0.0314,-0.4229,0.589,-11.095,0.441,-6.771,0.0000,0.0000,0.0000,0.0000,0.0000,0.0000,0.0000,0.0000,40.73,28.11,29,-9.850,1,364.1
1712.034,+0.0150,+0.2498,-0.0400,-0.0314,-0.4229,0.627,-11.383,0.924,-5.220,0.0000,0.0000,0.0000,0.0000,0.0000,0.0000,0.0000,0.0000,40.73,28.11,29,-8.760,1,364.1
1712.071,+0.0735,+0.1881,-0.0400,-0.0329,-0.4414,0.627,-11.383,0.924,-5.220,0.0000,0.0000,0.0000,0.0000,0.0000,0.0000,0.0000,0.0000,40.73,28.11,29,-8.760,1,364.1
1712.131,+0.0521,+0.2104,-0.0467,-0.0329,-0.4586,0.629,-11.393,0.995,-4.946,0.0000,0.0000,0.0000,0.0000,0.0000,0.0000,0.0000,0.0000,40.73,28.09,29,-8.200,1,364.1
1712.154,+0.0521,+0.2190,-0.0400,-0.0386,-0.4671,0.687,-11.617,1.078,-4.437,0.0000,0.0000,0.0000,0.0000,0.0000,0.0000,0.0000,0.0000,40.73,28.09,29,-7.650,1,364.1
1712.181,+0.0832,+0.1553,-0.0467,-0.0343,-0.4857,0.831,-11.994,1.284,-3.703,0.0000,0.0000,0.0000,0.0000,0.0000,0.0000,0.0000,0.0000,40.73,28.09,29,-7.240,1,364.1
1712.242,+0.0542,+0.2122,-0.0400,-0.0400,-0.5029,0.877,-12.143,0.737,-2.614,0.0000,0.0000,0.0000,0.0000,0.0000,0.0000,0.0000,0.0000,39.91,28.08,30,-6.760,1,358.4
1712.278,+0.0542,+0.1608,-0.0467,-0.0371,-0.5057,0.878,-12.147,0.157,-1.456,0.0000,0.0000,0.0000,0.0000,0.0000,0.0000,0.0000,0.0000,39.91,28.08,30,-6.990,1,358.4
1712.313,+0.0790,+0.1222,-0.0467,-0.0371,-0.5086,0.878,-12.148,0.170,-1.491,0.0000,0.0000,0.0000,0.0000,0.0000,0.0000,0.0000,0.0000,39.91,28.08,30,-7.030,1,358.4
1712.355,+0.0563,+0.1222,-0.0400,-0.0386,-0.4929,0.997,-11.916,2.181,5.697,0.0000,0.0000,0.0000,0.0000,0.0000,0.0000,0.0000,0.0000,39.91,28.08,30,-6.690,1,358.4
1712.378,+0.0563,-0.0708,-0.0400,-0.0386,-0.4929,1.002,-11.903,2.362,6.523,0.0000,0.0000,0.0000,0.0000,0.0000,0.0000,0.0000,0.0000,39.91,28.08,30,-6.990,1,358.4
1712.409,+0.0844,+0.0109,-0.0467,-0.0371,-0.4943,1.002,-11.903,2.362,6.523,0.0000,0.0000,0.0000,0.0000,0.0000,0.0000,0.0000,0.0000,39.91,28.10,30,-6.990,1,358.4
1712.439,+0.0870,-0.0490,-0.0400,-0.0386,-0.4929,1.120,-11.557,1.883,6.922,0.0000,0.0000,0.0000,0.0000,0.0000,0.0000,0.0000,0.0000,39.22,28.10,30,-7.060,1,354.0
1712.467,+0.1201,-0.0135,-0.0467,-0.0357,-0.4900,1.209,-11.237,0.959,5.473,0.0000,0.0000,0.0000,0.0000,0.0000,0.0000,0.0000,0.0000,39.22,28.10,30,-8.060,1,354.0
1712.493,+0.0971,-0.0885,-0.0467,-0.0357,-0.4900,1.209,-11.237,0.959,5.473,0.0000,0.0000,0.0000,0.0000,0.0000,0.0000,0.0000,0.0000,39.22,28.15,29,-8.060,1,354.0
1712.538,+0.1061,+0.0039,-0.0467,-0.0357,-0.4871,1.210,-11.232,0.695,4.980,0.0000,0.0000,0.0000,0.0000,0.0000,0.0000,0.0000,0.0000,39.22,28.15,29,-8.210,1,354.0
1712.598,+0.1167,-0.0149,-0.0467,-0.0357,-0.4871,1.210,-11.232,0.695,4.980,0.0000,0.0000,0.0000,0.0000,0.0000,0.0000,0.0000,0.0000,39.22,28.15,29,-8.210,1,354.0
1712.622,+0.0771,-0.0068,-0.0467,-0.0357,-0.4871,1.210,-11.232,0.695,4.980,0.0000,0.0000,0.0000,0.0000,0.0000,0.0000,0.0000,0.0000,39.22,28.15,29,-8.210,1,354.0
1712.645,+0.1131,-0.0121,-0.0467,-0.0357,-0.4871,1.210,-11.232,0.695,4.980,0.0000,0.0000,0.0000,0.0000,0.0000,0.0000,0.0000,0.0000,39.22,28.15,29,-8.210,1,354.0
1712.724,+0.0913,-0.0163,-0.0467,-0.0314,-0.4714,1.174,-10.767,-1.099,2.690,0.0000,0.0000,0.0000,0.0000,0.0000,0.0000,0.0000,0.0000,38.16,28.21,29,-9.420,1,347.0
1712.755,+0.0813,-0.0128,-0.0533,-0.0286,-0.4543,1.102,-10.638,-1.338,2.674,0.0000,0.0000,0.0000,0.0000,0.0000,0.0000,0.0000,0.0000,38.16,28.21,29,-11.420,1,347.0
1712.783,+0.0512,-0.0733,-0.0533,-0.0271,-0.4414,1.101,-10.636,-1.333,2.679,0.0000,0.0000,0.0000,0.0000,0.0000,0.0000,0.0000,0.0000,38.16,28.22,28,-11.420,1,347.0
1712.805,+0.0412,-0.1090,-0.0467,-0.0286,-0.4343,1.062,-10.505,-0.090,2.515,0.0000,0.0000,0.0000,0.0000,0.0000,0.0000,0.0000,0.0000,38.16,28.22,28,-12.370,1,347.0
1712.888,+0.0771,-0.0229,-0.0467,-0.0300,-0.4386,1.092,-10.187,0.835,2.987,0.0000,0.0000,0.0000,0.0000,0.0000,0.0000,0.0000,0.0000,37.57,28.25,28,-9.650,1,342.7
1712.921,+0.0511,-0.0814,-0.0400,-0.0329,-0.4386,1.137,-10.076,1.246,1.970,0.0000,0.0000,0.0000,0.0000,0.0000,0.0000,0.0000,0.0000,37.57,28.27,28,-10.130,1,342.7
1712.946,+0.0411,+0.0037,-0.0400,-0.0314,-0.4400,1.216,-10.006,1.587,1.523,0.0000,0.0000,0.0000,0.0000,0.0000,0.0000,0.0000,0.0000,37.57,28.27,28,-10.330,1,342.7
1712.972,+0.0729,-0.0547,-0.0467,-0.0286,-0.4343,1.216,-10.006,1.587,1.523,0.0000,0.0000,0.0000,0.0000,0.0000,0.0000,0.0000,0.0000,37.57,28.27,28,-10.330,1,342.7
1713.004,+0.0993,-0.0470,-0.0467,-0.0300,-0.4357,1.219,-10.003,1.826,1.334,0.0000,0.0000,0.0000,0.0000,0.0000,0.0000,0.0000,0.0000,37.57,28.28,28,-10.290,1,342.7
1713.040,+0.0750,-0.0463,-0.0467,-0.0286,-0.4257,1.317,-9.930,1.871,1.658,0.0000,0.0000,0.0000,0.0000,0.0000,0.0000,0.0000,0.0000,36.99,28.28,28,-11.180,1,338.3
1713.070,+0.1042,-0.0592,-0.0467,-0.0286,-0.4257,1.317,-9.930,1.871,1.658,0.0000,0.0000,0.0000,0.0000,0.0000,0.0000,0.0000,0.0000,36.99,28.28,28,-11.180,1,338.3
1713.105,+0.1013,-0.0542,-0.0467,-0.0286,-0.4257,1.317,-9.930,1.871,1.658,0.0000,0.0000,0.0000,0.0000,0.0000,0.0000,0.0000,0.0000,36.99,28.28,28,-11.180,1,338.3
1713.130,+0.1133,-0.0755,-0.0533,-0.0257,-0.4229,1.414,-9.832,1.546,2.091,0.0000,0.0000,0.0000,0.0000,0.0000,0.0000,0.0000,0.0000,36.99,28.29,28,-10.710,1,338.3
1713.228,+0.1015,-0.0545,-0.0533,-0.0243,-0.4186,1.661,-9.364,1.530,1.057,0.0000,0.0000,0.0000,0.0000,0.0000,0.0000,0.0000,0.0000,36.10,28.30,28,-10.600,1,330.9
1713.250,+0.0854,-0.0259,-0.0533,-0.0243,-0.4214,1.661,-9.364,1.530,1.057,0.0000,0.0000,0.0000,0.0000,0.0000,0.0000,0.0000,0.0000,36.10,28.30,28,-10.720,1,330.9
1713.278,+0.1159,-0.0259,-0.0533,-0.0243,-0.4186,1.664,-9.362,1.502,1.117,0.0000,0.0000,0.0000,0.0000,0.0000,0.0000,0.0000,0.0000,36.10,28.30,28,-10.800,1,330.9
1713.302,+0.0875,+0.0366,-0.0533,-0.0257,-0.4229,1.746,-9.369,1.426,-0.281,0.0000,0.0000,0.0000,0.0000,0.0000,0.0000,0.0000,0.0000,36.10,28.30,28,-10.750,1,330.9
1713.360,+0.1192,-0.0222,-0.0533,-0.0243,-0.4271,1.804,-9.487,0.895,-2.617,0.0000,0.0000,0.0000,0.0000,0.0000,0.0000,0.0000,0.0000,36.10,28.30,28,-10.460,1,330.9
1713.385,+0.0917,+0.0964,-0.0533,-0.0243,-0.4271,1.805,-9.493,0.799,-2.957,0.0000,0.0000,0.0000,0.0000,0.0000,0.0000,0.0000,0.0000,36.10,28.30,28,-9.940,1,330.9
1713.428,+0.1121,+0.0215,-0.0467,-0.0271,-0.4300,1.805,-9.493,0.799,-2.957,0.0000,0.0000,0.0000,0.0000,0.0000,0.0000,0.0000,0.0000,35.59,28.29,28,-9.940,1,326.5
1713.457,+0.0938,+0.0413,-0.0533,-0.0257,-0.4343,1.895,-9.778,1.052,-2.195,0.0000,0.0000,0.0000,0.0000,0.0000,0.0000,0.0000,0.0000,35.59,28.29,28,-9.960,1,326.5
1713.482,+0.0596,+0.1139,-0.0467,-0.0286,-0.4371,1.895,-9.778,1.052,-2.195,0.0000,0.0000,0.0000,0.0000,0.0000,0.0000,0.0000,0.0000,35.59,28.29,28,-9.300,1,326.5
1713.518,+0.1157,+0.0000,-0.0533,-0.0271,-0.4386,1.896,-9.781,1.109,-2.007,0.0000,0.0000,0.0000,0.0000,0.0000,0.0000,0.0000,0.0000,35.59,28.28,28,-9.420,1,326.5
1713.548,+0.0655,+0.0502,-0.0533,-0.0271,-0.4386,1.896,-9.781,1.109,-2.007,0.0000,0.0000,0.0000,0.0000,0.0000,0.0000,0.0000,0.0000,35.59,28.28,28,-9.420,1,326.5
1713.580,+0.1185,+0.0514,-0.0533,-0.0271,-0.4386,1.896,-9.781,1.109,-2.007,0.0000,0.0000,0.0000,0.0000,0.0000,0.0000,0.0000,0.0000,35.59,28.28,28,-9.420,1,326.5
1713.614,+0.0938,+0.0530,-0.0533,-0.0271,-0.4386,1.896,-9.781,1.109,-2.007,0.0000,0.0000,0.0000,0.0000,0.0000,0.0000,0.0000,0.0000,35.59,28.28,28,-9.420,1,326.5
1713.650,+0.0938,+0.0537,-0.0533,-0.0271,-0.4386,1.896,-9.781,1.109,-2.007,0.0000,0.0000,0.0000,0.0000,0.0000,0.0000,0.0000,0.0000,35.59,28.28,28,-9.420,1,326.5
1713.698,+0.0938,+0.0477,-0.0533,-0.0257,-0.4314,2.119,-9.974,1.887,-1.001,0.0000,0.0000,0.0000,0.0000,0.0000,0.0000,0.0000,0.0000,35.59,28.26,27,-12.400,1,326.5
1713.723,+0.1280,+0.0794,-0.0533,-0.0257,-0.4314,2.119,-9.974,1.887,-1.001,0.0000,0.0000,0.0000,0.0000,0.0000,0.0000,0.0000,0.0000,34.76,28.26,27,-12.400,1,319.4
1713.749,+0.0958,+0.0222,-0.0467,-0.0300,-0.4300,2.359,-10.079,2.735,-1.114,0.0000,0.0000,0.0000,0.0000,0.0000,0.0000,0.0000,0.0000,34.76,28.26,27,-10.770,1,319.4
1713.782,+0.1226,+0.0698,-0.0467,-0.0286,-0.4343,2.362,-10.080,2.859,-1.158,0.0000,0.0000,0.0000,0.0000,0.0000,0.0000,0.0000,0.0000,34.76,28.25,28,-9.990,1,319.4
1713.850,+0.0979,+0.0503,-0.0533,-0.0271,-0.4471,2.510,-10.144,2.590,-1.175,0.0000,0.0000,0.0000,0.0000,0.0000,0.0000,0.0000,0.0000,34.23,28.24,28,-9.230,1,315.2
1713.873,+0.1343,+0.0296,-0.0533,-0.0271,-0.4471,2.634,-10.184,2.327,-0.366,0.0000,0.0000,0.0000,0.0000,0.0000,0.0000,0.0000,0.0000,34.23,28.24,28,-9.230,1,315.2
1713.918,+0.1000,+0.0296,-0.0533,-0.0271,-0.4471,2.755,-10.191,2.435,0.112,0.0000,0.0000,0.0000,0.0000,0.0000,0.0000,0.0000,0.0000,34.23,28.24,28,-9.170,1,315.2
1713.945,+0.1000,+0.0296,-0.0533,-0.0271,-0.4500,2.876,-10.188,2.583,0.079,0.0000,0.0000,0.0000,0.0000,0.0000,0.0000,0.0000,0.0000,34.23,28.24,28,-9.260,1,315.2
1713.972,+0.1000,+0.0858,-0.0533,-0.0271,-0.4500,2.876,-10.188,2.583,0.079,0.0000,0.0000,0.0000,0.0000,0.0000,0.0000,0.0000,0.0000,34.23,28.24,28,-9.260,1,315.2
1714.019,+0.1000,+0.0333,-0.0467,-0.0314,-0.4514,3.007,-10.194,2.794,-0.147,0.0000,0.0000,0.0000,0.0000,0.0000,0.0000,0.0000,0.0000,33.51,28.24,28,-9.320,1,309.5
1714.042,+0.1000,+0.0333,-0.0467,-0.0329,-0.4529,3.138,-10.209,2.938,-0.321,0.0000,0.0000,0.0000,0.0000,0.0000,0.0000,0.0000,0.0000,33.51,28.24,28,-9.100,1,309.5
1714.093,+0.1000,+0.0333,-0.0467,-0.0329,-0.4529,3.138,-10.209,2.938,-0.321,0.0000,0.0000,0.0000,0.0000,0.0000,0.0000,0.0000,0.0000,33.51,28.24,28,-9.100,1,309.5
1714.117,+0.1000,+0.0949,-0.0467,-0.0329,-0.4529,3.285,-10.229,2.989,-0.371,0.0000,0.0000,0.0000,0.0000,0.0000,0.0000,0.0000,0.0000,33.51,28.24,28,-8.820,1,309.5
1714.144,+0.1000,+0.0370,-0.0467,-0.0329,-0.4557,3.419,-10.248,2.958,-0.346,0.0000,0.0000,0.0000,0.0000,0.0000,0.0000,0.0000,0.0000,33.51,28.23,28,-8.820,1,309.5
1714.182,+0.1000,+0.0370,-0.0467,-0.0329,-0.4557,3.694,-10.272,2.300,-0.013,0.0000,0.0000,0.0000,0.0000,0.0000,0.0000,0.0000,0.0000,33.51,28.23,28,-8.860,1,309.5
1714.208,+0.1000,+0.0370,-0.0467,-0.0314,-0.4571,3.694,-10.272,2.300,-0.013,0.0000,0.0000,0.0000,0.0000,0.0000,0.0000,0.0000,0.0000,33.51,28.23,28,-8.860,1,309.5
1714.235,+0.1317,+0.0370,-0.0467,-0.0314,-0.4571,3.699,-10.272,2.191,0.045,0.0000,0.0000,0.0000,0.0000,0.0000,0.0000,0.0000,0.0000,32.62,28.23,28,-8.960,1,302.5
1714.265,+0.1021,+0.0370,-0.0467,-0.0329,-0.4586,3.805,-10.269,2.023,0.139,0.0000,0.0000,0.0000,0.0000,0.0000,0.0000,0.0000,0.0000,32.62,28.23,28,-9.000,1,302.5
1714.303,+0.1021,+0.0370,-0.0467,-0.0314,-0.4571,3.888,-10.255,1.879,0.505,0.0000,0.0000,0.0000,0.0000,0.0000,0.0000,0.0000,0.0000,32.62,28.24,28,-9.000,1,302.5
1714.337,+0.1021,+0.0370,-0.0467,-0.0314,-0.4571,3.996,-10.194,2.428,2.112,0.0000,0.0000,0.0000,0.0000,0.0000,0.0000,0.0000,0.0000,32.62,28.24,28,-9.000,1,302.5
1714.378,+0.1021,-0.0007,-0.0467,-0.0329,-0.4529,4.117,-10.061,2.375,2.776,0.0000,0.0000,0.0000,0.0000,0.0000,0.0000,0.0000,0.0000,32.62,28.24,28,-8.980,1,302.5
1714.406,+0.1021,-0.0214,-0.0467,-0.0329,-0.4529,4.117,-10.061,2.375,2.776,0.0000,0.0000,0.0000,0.0000,0.0000,0.0000,0.0000,0.0000,32.62,28.24,28,-8.960,1,302.5
1714.436,+0.1303,-0.0706,-0.0467,-0.0329,-0.4529,4.122,-10.055,2.369,2.972,0.0000,0.0000,0.0000,0.0000,0.0000,0.0000,0.0000,0.0000,31.87,28.24,28,-8.940,1,296.8
1714.463,+0.0732,-0.0327,-0.0467,-0.0329,-0.4500,4.233,-9.908,2.069,2.790,0.0000,0.0000,0.0000,0.0000,0.0000,0.0000,0.0000,0.0000,31.87,28.24,28,-10.410,1,296.8
1714.497,+0.1275,-0.0266,-0.0467,-0.0314,-0.4429,4.233,-9.908,2.069,2.790,0.0000,0.0000,0.0000,0.0000,0.0000,0.0000,0.0000,0.0000,31.87,28.25,27,-10.410,1,296.8
1714.528,+0.1042,-0.0347,-0.0467,-0.0286,-0.4400,4.329,-9.784,1.817,2.347,0.0000,0.0000,0.0000,0.0000,0.0000,0.0000,0.0000,0.0000,31.87,28.25,27,-10.400,1,296.8
1714.560,+0.1042,-0.0361,-0.0467,-0.0286,-0.4400,4.329,-9.784,1.817,2.347,0.0000,0.0000,0.0000,0.0000,0.0000,0.0000,0.0000,0.0000,31.87,28.25,27,-10.400,1,296.8
1714.601,+0.1042,-0.0309,-0.0467,-0.0286,-0.4400,4.329,-9.784,1.817,2.347,0.0000,0.0000,0.0000,0.0000,0.0000,0.0000,0.0000,0.0000,31.87,28.25,27,-10.400,1,296.8
1714.675,+0.1042,-0.0191,-0.0467,-0.0286,-0.4400,4.400,-9.689,1.033,1.538,0.0000,0.0000,0.0000,0.0000,0.0000,0.0000,0.0000,0.0000,31.87,28.25,27,-10.170,1,296.8
1714.701,+0.1042,+0.0000,-0.0467,-0.0300,-0.4357,4.445,-9.623,0.928,1.293,0.0000,0.0000,0.0000,0.0000,0.0000,0.0000,0.0000,0.0000,31.87,28.26,27,-10.060,1,296.8
1714.732,+0.1042,+0.0497,-0.0467,-0.0300,-0.4357,4.489,-9.569,1.058,1.018,0.0000,0.0000,0.0000,0.0000,0.0000,0.0000,0.0000,0.0000,31.15,28.26,27,-10.060,1,291.0
1714.778,+0.0851,+0.0037,-0.0467,-0.0300,-0.4329,4.491,-9.567,1.101,0.960,0.0000,0.0000,0.0000,0.0000,0.0000,0.0000,0.0000,0.0000,31.15,28.26,27,-10.050,1,291.0
1714.826,+0.1021,+0.0037,-0.0467,-0.0300,-0.4357,4.583,-9.590,1.157,-0.720,0.0000,0.0000,0.0000,0.0000,0.0000,0.0000,0.0000,0.0000,31.15,28.26,27,-9.980,1,291.0
1714.853,+0.0704,+0.0601,-0.0467,-0.0286,-0.4314,4.583,-9.590,1.157,-0.720,0.0000,0.0000,0.0000,0.0000,0.0000,0.0000,0.0000,0.0000,31.15,28.26,27,-10.710,1,291.0
1714.880,+0.1000,+0.0074,-0.0467,-0.0286,-0.4314,4.641,-9.637,1.494,-0.743,0.0000,0.0000,0.0000,0.0000,0.0000,0.0000,0.0000,0.0000,30.64,28.26,27,-9.890,1,286.6
1714.917,+0.1000,+0.0074,-0.0400,-0.0314,-0.4229,4.713,-9.667,1.762,-0.378,0.0000,0.0000,0.0000,0.0000,0.0000,0.0000,0.0000,0.0000,30.64,28.25,26,-12.630,1,286.6
1714.965,+0.1000,+0.0074,-0.0467,-0.0286,-0.4114,4.887,-9.671,1.911,0.220,0.0000,0.0000,0.0000,0.0000,0.0000,0.0000,0.0000,0.0000,30.64,28.25,26,-12.400,1,286.6
1714.990,+0.1000,+0.0683,-0.0467,-0.0271,-0.4014,4.973,-9.661,1.772,0.235,0.0000,0.0000,0.0000,0.0000,0.0000,0.0000,0.0000,0.0000,30.64,28.25,26,-13.770,1,286.6
1715.023,+0.1000,+0.0111,-0.0467,-0.0271,-0.4014,4.973,-9.661,1.772,0.235,0.0000,0.0000,0.0000,0.0000,0.0000,0.0000,0.0000,0.0000,29.83,28.24,26,-13.770,1,279.9
1715.051,+0.1000,+0.0111,-0.0467,-0.0257,-0.3914,5.048,-9.654,1.606,0.177,0.0000,0.0000,0.0000,0.0000,0.0000,0.0000,0.0000,0.0000,29.83,28.24,26,-14.320,1,279.9
1715.086,+0.1000,+0.0111,-0.0467,-0.0257,-0.3914,5.048,-9.654,1.606,0.177,0.0000,0.0000,0.0000,0.0000,0.0000,0.0000,0.0000,0.0000,29.83,28.24,26,-14.320,1,279.9
1715.133,+0.1000,+0.0111,-0.0467,-0.0271,-0.3986,5.051,-9.654,1.548,0.147,0.0000,0.0000,0.0000,0.0000,0.0000,0.0000,0.0000,0.0000,29.83,28.23,27,-11.460,1,279.9
1715.157,+0.1358,+0.0747,-0.0467,-0.0271,-0.4043,5.097,-9.660,1.001,-0.146,0.0000,0.0000,0.0000,0.0000,0.0000,0.0000,0.0000,0.0000,29.83,28.23,27,-10.890,1,279.9
1715.192,+0.1021,+0.0579,-0.0467,-0.0300,-0.4243,5.142,-9.696,1.074,-1.287,0.0000,0.0000,0.0000,0.0000,0.0000,0.0000,0.0000,0.0000,29.83,28.23,27,-10.000,1,279.9
1715.216,+0.1021,+0.0826,-0.0467,-0.0300,-0.4243,5.142,-9.696,1.074,-1.287,0.0000,0.0000,0.0000,0.0000,0.0000,0.0000,0.0000,0.0000,29.34,28.23,27,-10.000,1,275.8
1715.254,+0.1021,+0.1028,-0.0533,-0.0271,-0.4357,5.190,-9.786,0.941,-2.450,0.0000,0.0000,0.0000,0.0000,0.0000,0.0000,0.0000,0.0000,29.34,28.23,27,-9.490,1,275.8
1715.291,+0.1021,+0.1556,-0.0467,-0.0314,-0.4486,5.209,-10.283,0.320,-5.354,0.0000,0.0000,0.0000,0.0000,0.0000,0.0000,0.0000,0.0000,29.34,28.20,27,-9.230,1,275.8
1715.330,+0.1021,+0.1212,-0.0467,-0.0329,-0.4529,5.209,-10.283,0.320,-5.354,0.0000,0.0000,0.0000,0.0000,0.0000,0.0000,0.0000,0.0000,29.34,28.20,27,-9.100,1,275.8
1715.359,+0.0727,+0.2051,-0.0467,-0.0343,-0.4629,5.232,-10.566,0.985,-4.659,0.0000,0.0000,0.0000,0.0000,0.0000,0.0000,0.0000,0.0000,29.34,28.20,27,-8.500,1,275.8
1715.395,+0.0762,+0.1864,-0.0467,-0.0343,-0.4686,5.281,-10.783,1.550,-3.832,0.0000,0.0000,0.0000,0.0000,0.0000,0.0000,0.0000,0.0000,29.34,28.18,27,-8.240,1,275.8
1715.417,+0.0979,+0.1380,-0.0467,-0.0343,-0.4686,5.281,-10.783,1.550,-3.832,0.0000,0.0000,0.0000,0.0000,0.0000,0.0000,0.0000,0.0000,28.46,28.18,27,-8.240,1,268.7
1715.477,+0.0827,+0.1822,-0.0400,-0.0386,-0.4871,5.457,-11.149,2.024,-3.242,0.0000,0.0000,0.0000,0.0000,0.0000,0.0000,0.0000,0.0000,28.46,28.18,27,-7.350,1,268.7
1715.503,+0.0632,+0.2048,-0.0400,-0.0386,-0.4871,5.459,-11.152,2.051,-3.211,0.0000,0.0000,0.0000,0.0000,0.0000,0.0000,0.0000,0.0000,28.46,28.16,28,-7.350,1,268.7
1715.540,+0.0938,+0.2227,-0.0467,-0.0386,-0.4900,5.459,-11.152,2.051,-3.211,0.0000,0.0000,0.0000,0.0000,0.0000,0.0000,0.0000,0.0000,28.46,28.16,28,-7.450,1,268.7
1715.598,+0.0938,+0.1916,-0.0467,-0.0386,-0.4900,5.459,-11.152,2.051,-3.211,0.0000,0.0000,0.0000,0.0000,0.0000,0.0000,0.0000,0.0000,28.46,28.16,28,-7.450,1,268.7
1715.634,+0.0938,+0.2031,-0.0467,-0.0386,-0.4900,5.459,-11.152,2.051,-3.211,0.0000,0.0000,0.0000,0.0000,0.0000,0.0000,0.0000,0.0000,28.46,28.16,28,-7.450,1,268.7
1715.671,+0.0938,+0.2101,-0.0467,-0.0386,-0.4900,5.559,-11.322,1.837,-3.302,0.0000,0.0000,0.0000,0.0000,0.0000,0.0000,0.0000,0.0000,28.46,28.16,28,-7.450,1,268.7
1715.698,+0.0938,+0.1333,-0.0400,-0.0429,-0.5057,5.660,-11.490,1.873,-3.252,0.0000,0.0000,0.0000,0.0000,0.0000,0.0000,0.0000,0.0000,28.46,28.16,28,-6.890,1,268.7
1715.741,+0.0733,+0.1333,-0.0400,-0.0429,-0.5057,5.664,-11.497,1.932,-3.171,0.0000,0.0000,0.0000,0.0000,0.0000,0.0000,0.0000,0.0000,27.64,28.15,28,-6.510,1,262.9
1715.773,+0.1184,-0.0093,-0.0467,-0.0414,-0.5186,5.754,-11.652,1.672,-3.120,0.0000,0.0000,0.0000,0.0000,0.0000,0.0000,0.0000,0.0000,27.64,28.15,28,-6.370,1,262.9
1715.800,+0.0938,-0.0444,-0.0467,-0.0414,-0.5214,5.870,-11.607,1.893,5.491,0.0000,0.0000,0.0000,0.0000,0.0000,0.0000,0.0000,0.0000,27.64,28.15,28,-6.300,1,262.9
1715.834,+0.0938,-0.0242,-0.0400,-0.0400,-0.4971,5.963,-11.191,2.032,9.038,0.0000,0.0000,0.0000,0.0000,0.0000,0.0000,0.0000,0.0000,27.64,28.15,28,-6.420,1,262.9
1715.862,+0.0938,-0.1213,-0.0400,-0.0400,-0.4971,5.963,-11.191,2.032,9.038,0.0000,0.0000,0.0000,0.0000,0.0000,0.0000,0.0000,0.0000,26.81,28.17,28,-6.420,1,257.4
1715.908,+0.0938,-0.0167,-0.0467,-0.0386,-0.4957,6.097,-10.422,0.996,5.503,0.0000,0.0000,0.0000,0.0000,0.0000,0.0000,0.0000,0.0000,26.81,28.22,27,-7.960,1,257.4
1715.936,+0.0938,-0.0900,-0.0467,-0.0386,-0.4929,6.132,-10.217,0.609,3.520,0.0000,0.0000,0.0000,0.0000,0.0000,0.0000,0.0000,0.0000,26.81,28.22,27,-8.170,1,257.4
1715.966,+0.1218,-0.0866,-0.0467,-0.0371,-0.4800,6.132,-10.217,0.609,3.520,0.0000,0.0000,0.0000,0.0000,0.0000,0.0000,0.0000,0.0000,26.81,28.22,27,-9.130,1,257.4
1716.002,+0.0958,-0.0339,-0.0467,-0.0343,-0.4714,6.149,-10.053,0.202,3.653,0.0000,0.0000,0.0000,0.0000,0.0000,0.0000,0.0000,0.0000,26.81,28.26,27,-8.820,1,257.4
1716.050,+0.0958,-0.0553,-0.0467,-0.0314,-0.4629,6.135,-9.865,-0.199,4.102,0.0000,0.0000,0.0000,0.0000,0.0000,0.0000,0.0000,0.0000,26.00,28.26,27,-9.180,1,251.7
1716.074,+0.0617,-0.0880,-0.0467,-0.0314,-0.4629,6.135,-9.865,-0.199,4.102,0.0000,0.0000,0.0000,0.0000,0.0000,0.0000,0.0000,0.0000,26.00,28.26,27,-9.180,1,251.7
1716.102,+0.0938,-0.0835,-0.0467,-0.0314,-0.4629,6.135,-9.865,-0.199,4.102,0.0000,0.0000,0.0000,0.0000,0.0000,0.0000,0.0000,0.0000,26.00,28.26,27,-9.180,1,251.7
1716.137,+0.0693,-0.0684,-0.0467,-0.0329,-0.4586,6.116,-9.655,-0.029,4.515,0.0000,0.0000,0.0000,0.0000,0.0000,0.0000,0.0000,0.0000,26.00,28.28,27,-9.160,1,251.7
1716.175,+0.0917,-0.0720,-0.0400,-0.0357,-0.4500,6.110,-9.418,0.388,4.823,0.0000,0.0000,0.0000,0.0000,0.0000,0.0000,0.0000,0.0000,26.00,28.28,27,-9.390,1,251.7
1716.204,+0.0340,-0.0989,-0.0467,-0.0314,-0.4457,6.110,-9.418,0.388,4.823,0.0000,0.0000,0.0000,0.0000,0.0000,0.0000,0.0000,0.0000,26.00,28.29,27,-9.530,1,251.7
1716.231,+0.0561,-0.0595,-0.0467,-0.0314,-0.4457,6.110,-9.238,0.517,3.303,0.0000,0.0000,0.0000,0.0000,0.0000,0.0000,0.0000,0.0000,25.45,28.29,27,-9.510,1,247.4
1716.259,+0.0551,-0.1152,-0.0400,-0.0343,-0.4457,6.135,-9.108,1.132,2.651,0.0000,0.0000,0.0000,0.0000,0.0000,0.0000,0.0000,0.0000,25.45,28.29,27,-9.510,1,247.4
1716.307,+0.0645,-0.0817,-0.0400,-0.0357,-0.4414,6.189,-8.987,1.456,2.736,0.0000,0.0000,0.0000,0.0000,0.0000,0.0000,0.0000,0.0000,25.45,28.30,27,-9.610,1,247.4
1716.344,+0.0582,-0.0632,-0.0400,-0.0357,-0.4357,6.193,-8.980,1.526,2.753,0.0000,0.0000,0.0000,0.0000,0.0000,0.0000,0.0000,0.0000,25.45,28.30,27,-9.940,1,247.4
1716.370,+0.0792,-0.0849,-0.0400,-0.0357,-0.4357,6.193,-8.980,1.526,2.753,0.0000,0.0000,0.0000,0.0000,0.0000,0.0000,0.0000,0.0000,25.45,28.30,27,-9.940,1,247.4
1716.397,+0.0792,-0.0852,-0.0400,-0.0343,-0.4314,6.264,-8.839,1.602,3.189,0.0000,0.0000,0.0000,0.0000,0.0000,0.0000,0.0000,0.0000,25.45,28.30,26,-9.920,1,247.4
1716.450,+0.0792,-0.0932,-0.0400,-0.0314,-0.4286,6.330,-8.684,1.416,3.410,0.0000,0.0000,0.0000,0.0000,0.0000,0.0000,0.0000,0.0000,24.79,28.30,26,-9.910,1,241.6
1716.499,+0.0792,-0.1061,-0.0400,-0.0329,-0.4243,6.385,-8.505,1.039,3.542,0.0000,0.0000,0.0000,0.0000,0.0000,0.0000,0.0000,0.0000,24.79,28.30,26,-9.990,1,241.6
1716.526,+0.0792,-0.1604,-0.0400,-0.0314,-0.4229,6.386,-8.502,0.959,3.560,0.0000,0.0000,0.0000,0.0000,0.0000,0.0000,0.0000,0.0000,24.79,28.30,26,-10.030,1,241.6
1716.559,+0.0792,-0.1012,-0.0400,-0.0314,-0.4229,6.386,-8.502,0.959,3.560,0.0000,0.0000,0.0000,0.0000,0.0000,0.0000,0.0000,0.0000,24.79,28.30,26,-10.030,1,241.6
1716.582,+0.0792,-0.1247,-0.0400,-0.0314,-0.4229,6.386,-8.502,0.959,3.560,0.0000,0.0000,0.0000,0.0000,0.0000,0.0000,0.0000,0.0000,24.79,28.30,26,-10.030,1,241.6
1716.618,+0.0792,-0.1481,-0.0400,-0.0314,-0.4229,6.386,-8.502,0.959,3.560,0.0000,0.0000,0.0000,0.0000,0.0000,0.0000,0.0000,0.0000,24.79,28.30,26,-10.030,1,241.6
1716.643,+0.0792,-0.1320,-0.0400,-0.0314,-0.4229,6.386,-8.502,0.959,3.560,0.0000,0.0000,0.0000,0.0000,0.0000,0.0000,0.0000,0.0000,24.79,28.30,26,-10.030,1,241.6
1716.676,+0.0530,-0.0741,-0.0400,-0.0314,-0.4171,6.421,-8.321,0.580,3.484,0.0000,0.0000,0.0000,0.0000,0.0000,0.0000,0.0000,0.0000,24.79,28.30,26,-10.200,1,241.6
1716.707,+0.0771,-0.0260,-0.0400,-0.0300,-0.4129,6.437,-8.155,0.352,3.375,0.0000,0.0000,0.0000,0.0000,0.0000,0.0000,0.0000,0.0000,24.79,28.28,26,-10.620,1,241.6
1716.732,+0.0771,-0.0086,-0.0400,-0.0300,-0.4129,6.436,-7.994,-0.087,3.479,0.0000,0.0000,0.0000,0.0000,0.0000,0.0000,0.0000,0.0000,24.19,28.28,26,-10.620,1,235.9
1716.772,+0.0771,+0.0096,-0.0400,-0.0300,-0.4043,6.456,-7.908,0.074,2.497,0.0000,0.0000,0.0000,0.0000,0.0000,0.0000,0.0000,0.0000,24.19,28.27,26,-10.850,1,235.9
1716.800,+0.0465,-0.0049,-0.0400,-0.0300,-0.4100,6.446,-8.015,-0.359,-3.568,0.0000,0.0000,0.0000,0.0000,0.0000,0.0000,0.0000,0.0000,24.19,28.27,26,-11.010,1,235.9
1716.835,+0.0750,+0.0327,-0.0400,-0.0314,-0.4171,6.426,-8.225,-0.249,-4.016,0.0000,0.0000,0.0000,0.0000,0.0000,0.0000,0.0000,0.0000,24.19,28.23,26,-10.210,1,235.9
1716.867,+0.0478,+0.0002,-0.0400,-0.0314,-0.4171,6.412,-8.411,0.045,-2.835,0.0000,0.0000,0.0000,0.0000,0.0000,0.0000,0.0000,0.0000,23.65,28.23,26,-10.210,1,230.1
1716.972,+0.0537,-0.0274,-0.0333,-0.0329,-0.4071,6.462,-8.673,0.828,-0.970,0.0000,0.0000,0.0000,0.0000,0.0000,0.0000,0.0000,0.0000,23.65,28.19,26,-12.730,1,230.1
1717.003,+0.0688,+0.0569,-0.0333,-0.0314,-0.3943,6.463,-8.676,0.866,-0.962,0.0000,0.0000,0.0000,0.0000,0.0000,0.0000,0.0000,0.0000,23.65,28.16,25,-13.970,1,230.1
1717.052,+0.0507,-0.0012,-0.0400,-0.0314,-0.3886,6.500,-8.738,0.863,-1.144,0.0000,0.0000,0.0000,0.0000,0.0000,0.0000,0.0000,0.0000,23.08,28.16,25,-12.920,1,224.2
1717.083,+0.0667,+0.0714,-0.0400,-0.0314,-0.3886,6.500,-8.738,0.863,-1.144,0.0000,0.0000,0.0000,0.0000,0.0000,0.0000,0.0000,0.0000,23.08,28.16,25,-12.920,1,224.2
1717.114,+0.0667,+0.0269,-0.0400,-0.0314,-0.3886,6.536,-8.812,0.798,-1.506,0.0000,0.0000,0.0000,0.0000,0.0000,0.0000,0.0000,0.0000,23.08,28.16,25,-11.140,1,224.2
1717.139,+0.0334,+0.0406,-0.0400,-0.0300,-0.3957,6.537,-8.814,0.776,-1.586,0.0000,0.0000,0.0000,0.0000,0.0000,0.0000,0.0000,0.0000,23.08,28.13,26,-11.140,1,224.2
1717.170,+0.0646,+0.0343,-0.0400,-0.0300,-0.4014,6.572,-8.918,0.563,-2.202,0.0000,0.0000,0.0000,0.0000,0.0000,0.0000,0.0000,0.0000,23.08,28.13,26,-11.590,1,224.2
1717.210,+0.0646,+0.0281,-0.0400,-0.0329,-0.4100,6.589,-9.038,0.149,-2.346,0.0000,0.0000,0.0000,0.0000,0.0000,0.0000,0.0000,0.0000,22.49,28.10,26,-10.380,1,218.5
1717.236,+0.0646,+0.1048,-0.0400,-0.0329,-0.4100,6.572,-9.199,-0.574,-3.858,0.0000,0.0000,0.0000,0.0000,0.0000,0.0000,0.0000,0.0000,22.49,28.10,26,-9.930,1,218.5
1717.272,+0.0405,+0.0856,-0.0400,-0.0343,-0.4286,6.570,-9.207,-0.543,-3.796,0.0000,0.0000,0.0000,0.0000,0.0000,0.0000,0.0000,0.0000,22.49,28.07,26,-9.750,1,218.5
1717.298,+0.0289,+0.1269,-0.0400,-0.0343,-0.4286,6.539,-9.431,-0.307,-4.482,0.0000,0.0000,0.0000,0.0000,0.0000,0.0000,0.0000,0.0000,22.49,28.07,26,-9.750,1,218.5
1717.365,+0.0466,+0.1129,-0.0333,-0.0386,-0.4471,6.528,-9.676,0.429,-4.580,0.0000,0.0000,0.0000,0.0000,0.0000,0.0000,0.0000,0.0000,22.49,28.07,26,-8.960,1,218.5
1717.389,+0.0225,+0.1569,-0.0333,-0.0414,-0.4557,6.553,-9.921,1.171,-4.026,0.0000,0.0000,0.0000,0.0000,0.0000,0.0000,0.0000,0.0000,22.49,28.07,26,-8.540,1,218.5
1717.419,+0.0281,+0.1370,-0.0333,-0.0414,-0.4557,6.553,-9.921,1.171,-4.026,0.0000,0.0000,0.0000,0.0000,0.0000,0.0000,0.0000,0.0000,21.85,28.04,26,-8.540,1,212.7
1717.446,+0.0226,+0.1566,-0.0333,-0.0414,-0.4614,6.611,-10.129,1.432,-3.752,0.0000,0.0000,0.0000,0.0000,0.0000,0.0000,0.0000,0.0000,21.85,28.04,26,-8.380,1,212.7
1717.476,+0.0238,+0.1022,-0.0333,-0.0429,-0.4686,6.614,-10.136,1.639,-3.553,0.0000,0.0000,0.0000,0.0000,0.0000,0.0000,0.0000,0.0000,21.85,28.04,26,-7.990,1,212.7
1717.502,+0.0500,+0.1714,-0.0333,-0.0429,-0.4686,6.614,-10.136,1.639,-3.553,0.0000,0.0000,0.0000,0.0000,0.0000,0.0000,0.0000,0.0000,21.85,28.01,26,-7.990,1,212.7
1717.558,+0.0337,+0.1498,-0.0333,-0.0429,-0.4714,6.691,-10.316,1.713,-3.350,0.0000,0.0000,0.0000,0.0000,0.0000,0.0000,0.0000,0.0000,21.85,28.01,26,-7.940,1,212.7
1717.600,+0.0270,+0.1484,-0.0333,-0.0429,-0.4714,6.691,-10.316,1.713,-3.350,0.0000,0.0000,0.0000,0.0000,0.0000,0.0000,0.0000,0.0000,21.85,28.01,26,-7.940,1,212.7
1717.684,+0.0458,+0.1427,-0.0333,-0.0443,-0.4814,6.834,-10.650,1.033,-3.316,0.0000,0.0000,0.0000,0.0000,0.0000,0.0000,0.0000,0.0000,21.85,28.01,26,-8.000,1,212.7
1717.716,+0.0458,-0.0026,-0.0333,-0.0429,-0.4857,6.834,-10.650,1.033,-3.316,0.0000,0.0000,0.0000,0.0000,0.0000,0.0000,0.0000,0.0000,21.13,27.99,27,-7.540,1,207.0
1717.744,+0.0766,-0.0241,-0.0333,-0.0443,-0.4871,6.849,-10.765,0.175,-1.669,0.0000,0.0000,0.0000,0.0000,0.0000,0.0000,0.0000,0.0000,21.13,27.99,27,-7.440,1,207.0
1717.820,+0.0479,+0.0335,-0.0333,-0.0429,-0.4800,6.966,-10.241,0.159,5.096,0.0000,0.0000,0.0000,0.0000,0.0000,0.0000,0.0000,0.0000,21.13,27.98,27,-7.150,1,207.0
1717.848,+0.0780,-0.0901,-0.0333,-0.0429,-0.4743,6.966,-10.241,0.159,5.096,0.0000,0.0000,0.0000,0.0000,0.0000,0.0000,0.0000,0.0000,21.13,28.00,26,-9.470,1,207.0
1717.878,+0.0500,-0.0447,-0.0333,-0.0429,-0.4743,6.966,-10.231,-0.009,5.012,0.0000,0.0000,0.0000,0.0000,0.0000,0.0000,0.0000,0.0000,20.37,28.00,26,-9.330,1,201.5
1717.963,+0.0500,+0.0116,-0.0333,-0.0414,-0.4586,6.885,-9.896,-1.190,1.892,0.0000,0.0000,0.0000,0.0000,0.0000,0.0000,0.0000,0.0000,20.37,28.01,26,-9.450,1,201.5
1717.986,+0.0500,-0.0216,-0.0333,-0.0400,-0.4543,6.810,-9.824,-1.434,1.318,0.0000,0.0000,0.0000,0.0000,0.0000,0.0000,0.0000,0.0000,20.37,28.01,26,-9.510,1,201.5
1718.016,+0.0218,-0.0596,-0.0333,-0.0400,-0.4543,6.810,-9.824,-1.434,1.318,0.0000,0.0000,0.0000,0.0000,0.0000,0.0000,0.0000,0.0000,19.80,28.02,26,-9.510,1,197.1
1718.088,+0.0348,+0.0100,-0.0333,-0.0386,-0.4529,6.722,-9.774,-1.208,1.270,0.0000,0.0000,0.0000,0.0000,0.0000,0.0000,0.0000,0.0000,19.80,28.02,26,-9.320,1,197.1
1718.112,+0.0106,-0.0329,-0.0333,-0.0386,-0.4529,6.658,-9.718,-0.780,1.537,0.0000,0.0000,0.0000,0.0000,0.0000,0.0000,0.0000,0.0000,19.80,28.02,26,-9.320,1,197.1
1718.149,+0.0203,-0.0158,-0.0333,-0.0414,-0.4500,6.657,-9.716,-0.639,1.620,0.0000,0.0000,0.0000,0.0000,0.0000,0.0000,0.0000,0.0000,19.80,28.03,26,-9.590,1,197.1
1718.175,+0.0087,-0.0951,-0.0333,-0.0400,-0.4457,6.619,-9.636,-0.211,2.011,0.0000,0.0000,0.0000,0.0000,0.0000,0.0000,0.0000,0.0000,19.80,28.03,26,-9.490,1,197.1
1718.264,+0.0287,-0.0240,-0.0333,-0.0414,-0.4414,6.563,-9.381,-0.417,1.027,0.0000,0.0000,0.0000,0.0000,0.0000,0.0000,0.0000,0.0000,19.08,28.03,26,-10.110,1,191.3
1718.287,+0.0001,+0.0074,-0.0333,-0.0414,-0.4414,6.562,-9.380,-0.418,1.051,0.0000,0.0000,0.0000,0.0000,0.0000,0.0000,0.0000,0.0000,19.08,28.03,25,-10.110,1,191.3
1718.312,+0.0354,-0.0508,-0.0333,-0.0414,-0.4386,6.562,-9.380,-0.418,1.051,0.0000,0.0000,0.0000,0.0000,0.0000,0.0000,0.0000,0.0000,19.08,28.03,25,-10.230,1,191.3
1718.340,+0.0051,+0.0037,-0.0333,-0.0414,-0.4386,6.531,-9.343,-0.491,0.806,0.0000,0.0000,0.0000,0.0000,0.0000,0.0000,0.0000,0.0000,19.08,28.03,25,-11.490,1,191.3
1718.379,+0.0333,-0.0366,-0.0267,-0.0443,-0.4329,6.497,-9.306,-0.535,0.935,0.0000,0.0000,0.0000,0.0000,0.0000,0.0000,0.0000,0.0000,19.08,28.03,25,-11.490,1,191.3
1718.420,+0.0333,+0.0000,-0.0133,-0.0500,-0.4300,6.497,-9.306,-0.535,0.935,0.0000,0.0000,0.0000,0.0000,0.0000,0.0000,0.0000,0.0000,18.41,28.03,25,-10.710,1,185.6
1718.443,-0.0026,-0.0639,-0.0067,-0.0529,-0.4186,6.462,-9.260,-0.514,1.158,0.0000,0.0000,0.0000,0.0000,0.0000,0.0000,0.0000,0.0000,18.41,28.03,25,-12.790,1,185.6
1718.470,-0.0010,-0.0037,-0.0067,-0.0557,-0.4157,6.428,-9.207,-0.471,1.295,0.0000,0.0000,0.0000,0.0000,0.0000,0.0000,0.0000,0.0000,18.41,28.03,25,-11.380,1,185.6
1718.506,+0.0292,-0.0467,-0.0067,-0.0557,-0.4157,6.428,-9.207,-0.471,1.295,0.0000,0.0000,0.0000,0.0000,0.0000,0.0000,0.0000,0.0000,18.41,28.02,24,-11.380,1,185.6
1718.534,-0.0006,-0.0074,-0.0067,-0.0543,-0.4114,6.397,-9.149,-0.420,1.310,0.0000,0.0000,0.0000,0.0000,0.0000,0.0000,0.0000,0.0000,18.41,28.02,24,-12.590,1,185.6
1718.571,+0.0271,-0.0074,-0.0067,-0.0543,-0.4114,6.397,-9.149,-0.420,1.310,0.0000,0.0000,0.0000,0.0000,0.0000,0.0000,0.0000,0.0000,18.41,28.02,24,-12.590,1,185.6
1718.600,+0.0271,-0.0074,-0.0067,-0.0543,-0.4114,6.397,-9.149,-0.420,1.310,0.0000,0.0000,0.0000,0.0000,0.0000,0.0000,0.0000,0.0000,18.41,28.02,24,-12.590,1,185.6
1718.649,+0.0271,-0.0074,-0.0067,-0.0543,-0.4114,6.397,-9.149,-0.420,1.310,0.0000,0.0000,0.0000,0.0000,0.0000,0.0000,0.0000,0.0000,18.41,28.02,24,-12.590,1,185.6
1718.689,+0.0487,+0.0310,-0.0067,-0.0557,-0.3986,6.285,-9.056,-1.040,0.132,0.0000,0.0000,0.0000,0.0000,0.0000,0.0000,0.0000,0.0000,18.41,28.02,24,-13.370,1,185.6
1718.730,+0.0292,+0.0342,-0.0067,-0.0557,-0.3986,6.285,-9.056,-1.040,0.132,0.0000,0.0000,0.0000,0.0000,0.0000,0.0000,0.0000,0.0000,17.61,28.01,24,-13.370,1,178.5
1718.754,+0.0292,+0.0642,-0.0067,-0.0557,-0.3929,6.217,-9.094,-1.791,-1.291,0.0000,0.0000,0.0000,0.0000,0.0000,0.0000,0.0000,0.0000,17.61,28.01,24,-14.500,1,178.5
1718.778,+0.0292,+0.0653,-0.0067,-0.0529,-0.3843,6.217,-9.094,-1.791,-1.291,0.0000,0.0000,0.0000,0.0000,0.0000,0.0000,0.0000,0.0000,17.61,28.00,24,-14.500,1,178.5
1718.835,+0.0133,+0.0356,-0.0067,-0.0529,-0.3957,5.965,-9.316,-2.658,-2.211,0.0000,0.0000,0.0000,0.0000,0.0000,0.0000,0.0000,0.0000,17.61,28.00,24,-11.060,1,178.5
1718.862,+0.0271,+0.0672,-0.0067,-0.0529,-0.3957,5.965,-9.316,-2.658,-2.211,0.0000,0.0000,0.0000,0.0000,0.0000,0.0000,0.0000,0.0000,17.12,27.98,24,-11.060,1,174.1
1718.889,-0.0043,+0.0707,-0.0067,-0.0543,-0.4086,5.709,-9.511,-1.941,-1.375,0.0000,0.0000,0.0000,0.0000,0.0000,0.0000,0.0000,0.0000,17.12,27.98,24,-10.070,1,174.1
1718.917,-0.0058,+0.0732,-0.0067,-0.0543,-0.4200,5.709,-9.511,-1.941,-1.375,0.0000,0.0000,0.0000,0.0000,0.0000,0.0000,0.0000,0.0000,17.12,27.96,25,-9.570,1,174.1
1718.940,-0.0140,+0.0878,-0.0067,-0.0571,-0.4257,5.477,-9.674,-3.325,-1.605,0.0000,0.0000,0.0000,0.0000,0.0000,0.0000,0.0000,0.0000,17.12,27.96,25,-9.550,1,174.1
1718.970,-0.0070,+0.0755,-0.0067,-0.0557,-0.4357,5.477,-9.674,-3.325,-1.605,0.0000,0.0000,0.0000,0.0000,0.0000,0.0000,0.0000,0.0000,17.12,27.96,25,-9.270,1,174.1
1719.010,+0.0187,+0.0687,-0.0133,-0.0557,-0.4414,5.247,-9.764,-4.403,-1.654,0.0000,0.0000,0.0000,0.0000,0.0000,0.0000,0.0000,0.0000,16.30,27.94,25,-9.100,1,167.1
1719.035,-0.0156,+0.0945,-0.0133,-0.0557,-0.4414,5.238,-9.768,-4.705,-1.618,0.0000,0.0000,0.0000,0.0000,0.0000,0.0000,0.0000,0.0000,16.30,27.94,25,-8.940,1,167.1
1719.060,+0.0167,+0.0957,-0.0067,-0.0586,-0.4471,5.238,-9.768,-4.705,-1.618,0.0000,0.0000,0.0000,0.0000,0.0000,0.0000,0.0000,0.0000,16.30,27.94,25,-8.940,1,167.1
1719.143,+0.0167,+0.0820,-0.0133,-0.0557,-0.4500,4.752,-9.936,-5.078,-1.905,0.0000,0.0000,0.0000,0.0000,0.0000,0.0000,0.0000,0.0000,16.30,27.92,25,-8.900,1,167.1
1719.173,+0.0455,+0.0481,-0.0133,-0.0543,-0.4543,4.481,-10.014,-5.376,-1.055,0.0000,0.0000,0.0000,0.0000,0.0000,0.0000,0.0000,0.0000,16.30,27.92,25,-8.550,1,167.1
1719.208,+0.0434,+0.0920,-0.0133,-0.0543,-0.4600,4.481,-10.014,-5.376,-1.055,0.0000,0.0000,0.0000,0.0000,0.0000,0.0000,0.0000,0.0000,15.78,27.91,25,-8.450,1,162.8
1719.249,+0.0420,+0.0894,-0.0133,-0.0543,-0.4600,4.208,-10.041,-6.132,-0.416,0.0000,0.0000,0.0000,0.0000,0.0000,0.0000,0.0000,0.0000,15.78,27.91,25,-8.460,1,162.8
1719.274,+0.0915,+0.0556,-0.0200,-0.0500,-0.4614,3.880,-10.059,-6.725,-0.458,0.0000,0.0000,0.0000,0.0000,0.0000,0.0000,0.0000,0.0000,15.78,27.90,25,-8.490,1,162.8
1719.310,+0.0271,+0.0987,-0.0200,-0.0500,-0.4614,3.873,-10.059,-6.701,-0.451,0.0000,0.0000,0.0000,0.0000,0.0000,0.0000,0.0000,0.0000,15.78,27.90,25,-8.410,1,162.8
1719.343,+0.0527,+0.0593,-0.0333,-0.0443,-0.4643,3.530,-10.092,-6.899,-0.809,0.0000,0.0000,0.0000,0.0000,0.0000,0.0000,0.0000,0.0000,15.78,27.90,25,-8.510,1,162.8
1719.376,+0.0292,+0.1065,-0.0333,-0.0443,-0.4643,3.530,-10.092,-6.899,-0.809,0.0000,0.0000,0.0000,0.0000,0.0000,0.0000,0.0000,0.0000,15.78,27.90,25,-8.510,1,162.8
1719.403,+0.0292,+0.0630,-0.0200,-0.0500,-0.4671,3.195,-10.145,-6.723,-1.085,0.0000,0.0000,0.0000,0.0000,0.0000,0.0000,0.0000,0.0000,15.78,27.89,25,-8.250,1,162.8
1719.430,-0.0017,+0.1178,-0.0200,-0.0500,-0.4671,2.846,-10.215,-6.343,-1.268,0.0000,0.0000,0.0000,0.0000,0.0000,0.0000,0.0000,0.0000,15.08,27.89,25,-8.250,1,157.2
1719.464,+0.0271,+0.0667,-0.0267,-0.0486,-0.4686,2.545,-10.281,-5.070,-0.930,0.0000,0.0000,0.0000,0.0000,0.0000,0.0000,0.0000,0.0000,15.08,27.89,25,-8.160,1,157.2
1719.498,+0.0271,+0.1121,-0.0267,-0.0500,-0.4700,2.545,-10.281,-5.070,-0.930,0.0000,0.0000,0.0000,0.0000,0.0000,0.0000,0.0000,0.0000,15.08,27.88,25,-8.160,1,157.2
1719.530,+0.0271,+0.0704,-0.0267,-0.0486,-0.4714,2.540,-10.281,-4.774,-0.831,0.0000,0.0000,0.0000,0.0000,0.0000,0.0000,0.0000,0.0000,15.08,27.88,25,-7.970,1,157.2
1719.566,+0.0271,+0.1137,-0.0267,-0.0486,-0.4714,2.540,-10.281,-4.774,-0.831,0.0000,0.0000,0.0000,0.0000,0.0000,0.0000,0.0000,0.0000,15.08,27.88,25,-7.970,1,157.2
1719.598,+0.0271,+0.0267,-0.0267,-0.0486,-0.4714,2.540,-10.281,-4.774,-0.831,0.0000,0.0000,0.0000,0.0000,0.0000,0.0000,0.0000,0.0000,15.08,27.88,25,-7.970,1,157.2
1719.661,+0.0271,+0.0443,-0.0267,-0.0486,-0.4714,2.301,-10.315,-4.300,-0.379,0.0000,0.0000,0.0000,0.0000,0.0000,0.0000,0.0000,0.0000,15.08,27.88,25,-7.970,1,157.2
1719.691,+0.0271,+0.0159,-0.0267,-0.0486,-0.4743,2.103,-10.335,-3.760,0.026,0.0000,0.0000,0.0000,0.0000,0.0000,0.0000,0.0000,0.0000,15.08,27.88,25,-7.940,1,157.2
1719.716,+0.0271,-0.0546,-0.0267,-0.0486,-0.4743,2.103,-10.335,-3.760,0.026,0.0000,0.0000,0.0000,0.0000,0.0000,0.0000,0.0000,0.0000,14.33,27.87,25,-7.940,1,151.3
1719.758,+0.0271,+0.0179,-0.0267,-0.0486,-0.4743,1.912,-10.279,-3.675,1.979,0.0000,0.0000,0.0000,0.0000,0.0000,0.0000,0.0000,0.0000,14.33,27.87,25,-7.800,1,151.3
1719.782,+0.0271,-0.0086,-0.0267,-0.0457,-0.4657,1.730,-10.101,-3.346,3.759,0.0000,0.0000,0.0000,0.0000,0.0000,0.0000,0.0000,0.0000,14.33,27.87,25,-7.940,1,151.3
1719.829,+0.0271,-0.0199,-0.0267,-0.0443,-0.4643,1.555,-9.877,-3.136,3.991,0.0000,0.0000,0.0000,0.0000,0.0000,0.0000,0.0000,0.0000,14.33,27.88,25,-8.330,1,151.3
1719.855,+0.0596,-0.0170,-0.0333,-0.0443,-0.4586,1.402,-9.705,-3.159,3.114,0.0000,0.0000,0.0000,0.0000,0.0000,0.0000,0.0000,0.0000,14.33,27.89,25,-8.760,1,151.3
1719.880,+0.0632,-0.0840,-0.0333,-0.0443,-0.4586,1.402,-9.705,-3.159,3.114,0.0000,0.0000,0.0000,0.0000,0.0000,0.0000,0.0000,0.0000,13.60,27.89,25,-8.760,1,145.6
1719.937,+0.0473,-0.0273,-0.0333,-0.0414,-0.4529,1.072,-9.453,-3.558,2.160,0.0000,0.0000,0.0000,0.0000,0.0000,0.0000,0.0000,0.0000,13.60,27.90,25,-8.860,1,145.6
1719.967,+0.0616,-0.0281,-0.0333,-0.0400,-0.4514,0.908,-9.332,-2.901,2.649,0.0000,0.0000,0.0000,0.0000,0.0000,0.0000,0.0000,0.0000,13.60,27.90,25,-9.250,1,145.6
1720.000,+0.0611,-0.0729,-0.0400,-0.0343,-0.4371,0.785,-9.202,-2.855,3.014,0.0000,0.0000,0.0000,0.0000,0.0000,0.0000,0.0000,0.0000,13.60,27.90,24,-9.610,1,145.6
1720.048,+0.0563,-0.0223,-0.0400,-0.0357,-0.4357,0.679,-9.058,-2.025,2.697,0.0000,0.0000,0.0000,0.0000,0.0000,0.0000,0.0000,0.0000,12.94,27.90,24,-9.410,1,140.1
1720.077,+0.0396,-0.0444,-0.0400,-0.0357,-0.4357,0.679,-9.058,-2.025,2.697,0.0000,0.0000,0.0000,0.0000,0.0000,0.0000,0.0000,0.0000,12.94,27.90,24,-9.410,1,140.1
1720.112,+0.0642,+0.0037,-0.0400,-0.0357,-0.4357,0.587,-8.971,-1.904,1.110,0.0000,0.0000,0.0000,0.0000,0.0000,0.0000,0.0000,0.0000,12.94,27.90,24,-9.510,1,140.1
1720.143,+0.0417,+0.0037,-0.0400,-0.0343,-0.4371,0.585,-8.971,-1.929,0.635,0.0000,0.0000,0.0000,0.0000,0.0000,0.0000,0.0000,0.0000,12.94,27.89,24,-9.510,1,140.1
1720.192,+0.0417,-0.0287,-0.0400,-0.0329,-0.4300,0.429,-9.003,-1.118,-0.438,0.0000,0.0000,0.0000,0.0000,0.0000,0.0000,0.0000,0.0000,12.94,27.89,24,-11.090,1,140.1
1720.216,+0.0765,+0.0000,-0.0400,-0.0329,-0.4300,0.429,-9.003,-1.118,-0.438,0.0000,0.0000,0.0000,0.0000,0.0000,0.0000,0.0000,0.0000,12.33,27.88,24,-11.090,1,134.5
1720.254,+0.0437,+0.0405,-0.0400,-0.0329,-0.4157,0.381,-9.011,-0.736,0.188,0.0000,0.0000,0.0000,0.0000,0.0000,0.0000,0.0000,0.0000,12.33,27.88,24,-12.780,1,134.5
1720.282,+0.0437,+0.0037,-0.0400,-0.0314,-0.4114,0.381,-9.011,-0.736,0.188,0.0000,0.0000,0.0000,0.0000,0.0000,0.0000,0.0000,0.0000,12.33,27.86,23,-11.130,1,134.5
1720.307,+0.0788,+0.0037,-0.0467,-0.0286,-0.4057,0.350,-8.988,-0.626,0.640,0.0000,0.0000,0.0000,0.0000,0.0000,0.0000,0.0000,0.0000,12.33,27.86,23,-12.300,1,134.5
1720.337,+0.0458,-0.0458,-0.0400,-0.0300,-0.4043,0.324,-8.942,-0.652,1.035,0.0000,0.0000,0.0000,0.0000,0.0000,0.0000,0.0000,0.0000,12.33,27.86,23,-11.910,1,134.5
1720.387,+0.0638,+0.0000,-0.0467,-0.0257,-0.3914,0.295,-8.890,-0.563,1.128,0.0000,0.0000,0.0000,0.0000,0.0000,0.0000,0.0000,0.0000,12.33,27.86,23,-13.560,1,134.5
1720.413,+0.0479,+0.0000,-0.0467,-0.0257,-0.3914,0.295,-8.890,-0.563,1.128,0.0000,0.0000,0.0000,0.0000,0.0000,0.0000,0.0000,0.0000,11.72,27.84,23,-13.560,1,128.8
1720.481,+0.0756,+0.0000,-0.0400,-0.0271,-0.3814,0.242,-8.778,-0.817,1.108,0.0000,0.0000,0.0000,0.0000,0.0000,0.0000,0.0000,0.0000,11.72,27.84,23,-13.560,1,128.8
1720.514,+0.0778,-0.0457,-0.0400,-0.0257,-0.3771,0.242,-8.777,-0.873,1.083,0.0000,0.0000,0.0000,0.0000,0.0000,0.0000,0.0000,0.0000,11.72,27.83,23,-14.000,1,128.8
1720.550,+0.0783,-0.0037,-0.0400,-0.0257,-0.3771,0.242,-8.777,-0.873,1.083,0.0000,0.0000,0.0000,0.0000,0.0000,0.0000,0.0000,0.0000,11.72,27.83,23,-14.000,1,128.8
1720.575,+0.0904,-0.0037,-0.0400,-0.0257,-0.3771,0.242,-8.777,-0.873,1.083,0.0000,0.0000,0.0000,0.0000,0.0000,0.0000,0.0000,0.0000,11.72,27.83,23,-14.000,1,128.8
1720.612,+0.0815,+0.0376,-0.0400,-0.0257,-0.3771,0.242,-8.777,-0.873,1.083,0.0000,0.0000,0.0000,0.0000,0.0000,0.0000,0.0000,0.0000,11.72,27.83,23,-14.000,1,128.8
1720.645,+0.0604,+0.0471,-0.0400,-0.0257,-0.3771,0.242,-8.777,-0.873,1.083,0.0000,0.0000,0.0000,0.0000,0.0000,0.0000,0.0000,0.0000,11.72,27.83,23,-14.000,1,128.8
1720.674,+0.0895,+0.1071,-0.0467,-0.0214,-0.3643,0.219,-8.737,-0.559,0.770,0.0000,0.0000,0.0000,0.0000,0.0000,0.0000,0.0000,0.0000,11.72,27.83,23,-14.550,1,128.8
1720.708,+0.0625,+0.1453,-0.0467,-0.0214,-0.3671,0.214,-8.738,-0.008,-0.555,0.0000,0.0000,0.0000,0.0000,0.0000,0.0000,0.0000,0.0000,11.72,27.81,23,-13.180,1,128.8
1720.737,+0.0625,+0.1805,-0.0467,-0.0214,-0.3671,0.194,-8.913,-0.464,-4.252,0.0000,0.0000,0.0000,0.0000,0.0000,0.0000,0.0000,0.0000,11.14,27.81,23,-14.050,1,123.1
1720.768,+0.0898,+0.1792,-0.0467,-0.0214,-0.3757,0.171,-9.220,-0.479,-5.672,0.0000,0.0000,0.0000,0.0000,0.0000,0.0000,0.0000,0.0000,11.14,27.78,23,-14.470,1,123.1
1720.803,+0.0646,+0.1761,-0.0467,-0.0214,-0.3814,0.167,-9.529,0.233,-5.531,0.0000,0.0000,0.0000,0.0000,0.0000,0.0000,0.0000,0.0000,11.14,27.78,23,-12.710,1,123.1
1720.874,+0.0779,+0.1266,-0.0467,-0.0286,-0.4200,0.227,-9.948,1.077,-3.276,0.0000,0.0000,0.0000,0.0000,0.0000,0.0000,0.0000,0.0000,10.55,27.74,24,-8.240,1,117.6
1720.909,+0.0667,+0.1544,-0.0467,-0.0314,-0.4457,0.303,-10.098,1.647,-2.910,0.0000,0.0000,0.0000,0.0000,0.0000,0.0000,0.0000,0.0000,10.55,27.71,24,-7.850,1,117.6
1720.935,+0.0991,+0.1895,-0.0467,-0.0314,-0.4514,0.305,-10.101,1.841,-2.787,0.0000,0.0000,0.0000,0.0000,0.0000,0.0000,0.0000,0.0000,10.55,27.71,24,-7.710,1,117.6
1721.016,+0.0806,+0.1655,-0.0467,-0.0314,-0.4686,0.507,-10.407,1.553,-2.784,0.0000,0.0000,0.0000,0.0000,0.0000,0.0000,0.0000,0.0000,9.88,27.69,25,-7.450,1,112.0
1721.043,+0.1028,+0.1531,-0.0467,-0.0329,-0.4757,0.511,-10.412,1.450,-2.711,0.0000,0.0000,0.0000,0.0000,0.0000,0.0000,0.0000,0.0000,9.88,27.69,25,-7.160,1,112.0
1721.086,+0.0934,+0.1730,-0.0467,-0.0329,-0.4757,0.511,-10.412,1.450,-2.711,0.0000,0.0000,0.0000,0.0000,0.0000,0.0000,0.0000,0.0000,9.88,27.69,25,-7.160,1,112.0
1721.112,+0.1068,+0.1074,-0.0467,-0.0329,-0.4757,0.599,-10.493,1.654,-1.157,0.0000,0.0000,0.0000,0.0000,0.0000,0.0000,0.0000,0.0000,9.88,27.69,25,-6.940,1,112.0
1721.143,+0.1330,+0.1571,-0.0467,-0.0329,-0.4757,0.601,-10.494,1.722,-0.656,0.0000,0.0000,0.0000,0.0000,0.0000,0.0000,0.0000,0.0000,9.88,27.68,25,-6.940,1,112.0
1721.177,+0.1066,+0.1562,-0.0467,-0.0343,-0.4829,0.765,-10.502,1.012,-0.137,0.0000,0.0000,0.0000,0.0000,0.0000,0.0000,0.0000,0.0000,9.88,27.68,25,-6.900,1,112.0
1721.205,+0.0833,+0.1148,-0.0533,-0.0329,-0.4843,0.765,-10.502,1.012,-0.137,0.0000,0.0000,0.0000,0.0000,0.0000,0.0000,0.0000,0.0000,9.88,27.67,25,-7.210,1,112.0
1721.250,+0.1030,+0.1848,-0.0533,-0.0300,-0.4871,0.813,-10.525,0.805,-0.764,0.0000,0.0000,0.0000,0.0000,0.0000,0.0000,0.0000,0.0000,9.32,27.67,25,-6.950,1,107.7
1721.277,+0.1162,+0.1222,-0.0467,-0.0343,-0.4914,0.860,-10.582,0.787,-1.282,0.0000,0.0000,0.0000,0.0000,0.0000,0.0000,0.0000,0.0000,9.32,27.67,25,-6.950,1,107.7
1721.316,+0.1099,+0.1620,-0.0467,-0.0357,-0.4929,0.904,-10.655,0.872,-1.409,0.0000,0.0000,0.0000,0.0000,0.0000,0.0000,0.0000,0.0000,9.32,27.67,25,-6.990,1,107.7
1721.349,+0.0896,+0.1733,-0.0533,-0.0329,-0.4986,0.954,-10.727,1.098,-1.402,0.0000,0.0000,0.0000,0.0000,0.0000,0.0000,0.0000,0.0000,9.32,27.67,25,-6.630,1,107.7
1721.376,+0.0896,+0.1850,-0.0533,-0.0329,-0.4986,1.018,-10.791,1.693,-1.117,0.0000,0.0000,0.0000,0.0000,0.0000,0.0000,0.0000,0.0000,9.32,27.67,25,-6.630,1,107.7
1721.404,+0.1203,+0.1880,-0.0533,-0.0343,-0.5000,1.018,-10.791,1.693,-1.117,0.0000,0.0000,0.0000,0.0000,0.0000,0.0000,0.0000,0.0000,9.32,27.67,25,-6.520,1,107.7
1721.434,+0.0917,+0.1875,-0.0467,-0.0371,-0.5029,1.115,-10.840,1.992,-0.781,0.0000,0.0000,0.0000,0.0000,0.0000,0.0000,0.0000,0.0000,8.42,27.67,25,-6.240,1,100.9
1721.468,+0.0917,+0.1855,-0.0533,-0.0343,-0.5057,1.218,-10.872,1.588,0.063,0.0000,0.0000,0.0000,0.0000,0.0000,0.0000,0.0000,0.0000,8.42,27.67,25,-5.950,1,100.9
1721.499,+0.1195,+0.1444,-0.0533,-0.0343,-0.5057,1.218,-10.872,1.588,0.063,0.0000,0.0000,0.0000,0.0000,0.0000,0.0000,0.0000,0.0000,8.42,27.67,25,-5.950,1,100.9
1721.539,+0.0938,+0.1444,-0.0533,-0.0329,-0.5071,1.219,-10.872,1.457,0.335,0.0000,0.0000,0.0000,0.0000,0.0000,0.0000,0.0000,0.0000,8.42,27.67,25,-5.820,1,100.9
1721.585,+0.0938,+0.0764,-0.0533,-0.0329,-0.5071,1.219,-10.872,1.457,0.335,0.0000,0.0000,0.0000,0.0000,0.0000,0.0000,0.0000,0.0000,8.42,27.67,25,-5.820,1,100.9
1721.615,+0.0938,+0.0343,-0.0533,-0.0329,-0.5071,1.219,-10.872,1.457,0.335,0.0000,0.0000,0.0000,0.0000,0.0000,0.0000,0.0000,0.0000,8.42,27.67,25,-5.820,1,100.9
1721.642,+0.0938,-0.0372,-0.0533,-0.0329,-0.5071,1.219,-10.872,1.457,0.335,0.0000,0.0000,0.0000,0.0000,0.0000,0.0000,0.0000,0.0000,8.42,27.67,25,-5.820,1,100.9
1721.672,+0.1225,-0.0350,-0.0467,-0.0371,-0.5029,1.277,-10.760,1.601,3.907,0.0000,0.0000,0.0000,0.0000,0.0000,0.0000,0.0000,0.0000,8.42,27.67,25,-5.580,1,100.9
1721.738,+0.1099,+0.0076,-0.0467,-0.0357,-0.4957,1.547,-10.030,2.815,7.491,0.0000,0.0000,0.0000,0.0000,0.0000,0.0000,0.0000,0.0000,7.62,27.68,25,-5.730,1,95.2
1721.773,+0.1226,-0.0392,-0.0467,-0.0357,-0.4929,1.547,-10.030,2.815,7.491,0.0000,0.0000,0.0000,0.0000,0.0000,0.0000,0.0000,0.0000,7.62,27.71,25,-6.150,1,95.2
1721.806,+0.1514,-0.0099,-0.0533,-0.0314,-0.4829,1.803,-9.443,1.754,4.212,0.0000,0.0000,0.0000,0.0000,0.0000,0.0000,0.0000,0.0000,7.62,27.71,25,-7.410,1,95.2
1721.860,+0.1209,-0.0154,-0.0533,-0.0300,-0.4757,1.890,-9.234,1.332,3.975,0.0000,0.0000,0.0000,0.0000,0.0000,0.0000,0.0000,0.0000,6.88,27.73,24,-7.670,1,89.4
1721.896,+0.1552,-0.0241,-0.0533,-0.0243,-0.4471,1.941,-9.016,0.412,4.172,0.0000,0.0000,0.0000,0.0000,0.0000,0.0000,0.0000,0.0000,6.88,27.73,24,-9.000,1,89.4
1721.924,+0.1401,-0.0500,-0.0533,-0.0243,-0.4471,1.942,-9.012,0.407,4.175,0.0000,0.0000,0.0000,0.0000,0.0000,0.0000,0.0000,0.0000,6.88,27.74,24,-8.590,1,89.4
1721.958,+0.1125,-0.0432,-0.0533,-0.0271,-0.4443,1.955,-8.794,0.140,4.372,0.0000,0.0000,0.0000,0.0000,0.0000,0.0000,0.0000,0.0000,6.88,27.74,24,-8.120,1,89.4
1721.988,+0.1413,-0.0104,-0.0533,-0.0243,-0.4443,1.963,-8.592,0.397,4.236,0.0000,0.0000,0.0000,0.0000,0.0000,0.0000,0.0000,0.0000,6.88,27.74,24,-8.200,1,89.4
1722.021,+0.1146,-0.0535,-0.0533,-0.0243,-0.4443,1.976,-8.435,0.325,1.889,0.0000,0.0000,0.0000,0.0000,0.0000,0.0000,0.0000,0.0000,6.41,27.74,24,-8.200,1,85.2
1722.049,+0.1146,-0.0255,-0.0533,-0.0271,-0.4471,1.976,-8.435,0.325,1.889,0.0000,0.0000,0.0000,0.0000,0.0000,0.0000,0.0000,0.0000,6.41,27.74,24,-8.290,1,85.2
1722.082,+0.1146,+0.0259,-0.0533,-0.0271,-0.4471,1.976,-8.435,0.325,1.889,0.0000,0.0000,0.0000,0.0000,0.0000,0.0000,0.0000,0.0000,6.41,27.74,24,-8.290,1,85.2
1722.127,+0.1146,-0.0084,-0.0533,-0.0243,-0.4471,1.999,-8.371,0.935,0.944,0.0000,0.0000,0.0000,0.0000,0.0000,0.0000,0.0000,0.0000,6.41,27.72,24,-8.100,1,85.2
1722.156,+0.1146,+0.0222,-0.0533,-0.0257,-0.4457,2.154,-8.245,2.192,1.926,0.0000,0.0000,0.0000,0.0000,0.0000,0.0000,0.0000,0.0000,6.41,27.72,24,-7.980,1,85.2
1722.186,+0.1146,-0.0294,-0.0533,-0.0271,-0.4414,2.265,-8.137,2.276,2.343,0.0000,0.0000,0.0000,0.0000,0.0000,0.0000,0.0000,0.0000,6.41,27.72,24,-7.870,1,85.2
1722.256,+0.1279,-0.0051,-0.0533,-0.0257,-0.4400,2.382,-8.003,2.071,2.654,0.0000,0.0000,0.0000,0.0000,0.0000,0.0000,0.0000,0.0000,5.70,27.70,24,-8.020,1,78.1
1722.297,+0.1385,-0.0239,-0.0533,-0.0271,-0.4386,2.384,-8.000,2.079,2.646,0.0000,0.0000,0.0000,0.0000,0.0000,0.0000,0.0000,0.0000,5.70,27.69,24,-8.090,1,78.1
1722.330,+0.1446,-0.0349,-0.0533,-0.0271,-0.4386,2.500,-7.858,2.125,2.854,0.0000,0.0000,0.0000,0.0000,0.0000,0.0000,0.0000,0.0000,5.70,27.69,24,-8.090,1,78.1
1722.391,+0.1359,-0.0194,-0.0533,-0.0214,-0.4186,2.612,-7.714,2.090,2.529,0.0000,0.0000,0.0000,0.0000,0.0000,0.0000,0.0000,0.0000,5.70,27.67,23,-9.450,1,78.1
1722.432,+0.1652,-0.0338,-0.0533,-0.0214,-0.4157,2.617,-7.709,2.094,2.545,0.0000,0.0000,0.0000,0.0000,0.0000,0.0000,0.0000,0.0000,5.30,27.67,23,-9.000,1,73.8
1722.511,+0.1634,+0.0000,-0.0533,-0.0229,-0.4257,2.837,-7.630,1.670,-0.489,0.0000,0.0000,0.0000,0.0000,0.0000,0.0000,0.0000,0.0000,5.30,27.64,23,-8.640,1,73.8
1722.567,+0.1497,+0.0292,-0.0533,-0.0229,-0.4257,2.837,-7.630,1.670,-0.489,0.0000,0.0000,0.0000,0.0000,0.0000,0.0000,0.0000,0.0000,5.30,27.64,23,-8.640,1,73.8
1722.602,+0.1601,+0.0916,-0.0533,-0.0229,-0.4257,2.837,-7.630,1.670,-0.489,0.0000,0.0000,0.0000,0.0000,0.0000,0.0000,0.0000,0.0000,5.30,27.64,23,-8.640,1,73.8
1722.654,+0.1375,+0.0724,-0.0533,-0.0229,-0.4257,2.906,-7.716,1.277,-2.131,0.0000,0.0000,0.0000,0.0000,0.0000,0.0000,0.0000,0.0000,5.30,27.64,23,-8.660,1,73.8
1722.699,+0.1375,+0.0536,-0.0600,-0.0200,-0.4257,2.978,-7.833,1.706,-1.993,0.0000,0.0000,0.0000,0.0000,0.0000,0.0000,0.0000,0.0000,4.81,27.60,23,-10.290,1,68.1
1722.738,+0.1375,+0.1009,-0.0600,-0.0186,-0.4100,3.197,-7.980,0.535,-0.231,0.0000,0.0000,0.0000,0.0000,0.0000,0.0000,0.0000,0.0000,4.81,27.60,23,-9.710,1,68.1
1722.784,+0.1569,+0.0642,-0.0600,-0.0171,-0.4114,3.352,-8.014,0.057,0.054,0.0000,0.0000,0.0000,0.0000,0.0000,0.0000,0.0000,0.0000,4.81,0.00,23,-8.930,1,68.1
1722.837,+0.1567,+0.0941,-0.0533,-0.0229,-0.4314,3.541,-8.031,0.050,0.055,0.0000,0.0000,0.0000,0.0000,0.0000,0.0000,0.0000,0.0000,6.31,0.00,23,-7.890,1,62.2
1722.883,+0.1801,+0.0749,-0.0600,-0.0229,-0.4400,3.761,-8.057,0.056,0.056,0.0000,0.0000,0.0000,0.0000,0.0000,0.0000,0.0000,0.0000,6.31,0.00,23,-7.480,1,62.2
1722.974,+0.1674,+0.1020,-0.0600,-0.0200,-0.4486,4.151,-8.303,0.055,0.055,0.0000,0.0000,0.0000,0.0000,0.0000,0.0000,0.0000,0.0000,6.31,0.00,23,-7.320,1,62.2
1723.024,+0.1856,+0.2136,-0.0600,-0.0214,-0.4500,4.283,-8.550,0.055,0.050,0.0000,0.0000,0.0000,0.0000,0.0000,0.0000,0.0000,0.0000,5.93,0.00,23,-7.290,1,58.1
1723.072,+0.1542,+0.2409,-0.0600,-0.0214,-0.4500,4.283,-8.550,0.055,0.050,0.0000,0.0000,0.0000,0.0000,0.0000,0.0000,0.0000,0.0000,5.93,0.00,23,-7.290,1,58.1
1723.136,+0.1685,+0.2199,-0.0600,-0.0229,-0.4571,4.557,-9.047,0.052,0.053,0.0000,0.0000,0.0000,0.0000,0.0000,0.0000,0.0000,0.0000,5.93,0.00,24,-7.020,1,58.1
1723.182,+0.1562,+0.2484,-0.0533,-0.0314,-0.4914,4.740,-9.259,4.275,-3.757,0.0000,0.0000,0.0000,0.0000,0.0000,0.0000,0.0000,0.0000,5.37,27.40,24,-5.240,1,52.5
1723.239,+0.1562,+0.2689,-0.0533,-0.0329,-0.5071,4.966,-9.455,4.650,-3.378,0.0000,0.0000,0.0000,0.0000,0.0000,0.0000,0.0000,0.0000,5.37,27.37,24,-4.720,1,52.5
1723.301,+0.1562,+0.3026,-0.0533,-0.0343,-0.5200,5.432,-9.793,4.172,-2.399,0.0000,0.0000,0.0000,0.0000,0.0000,0.0000,0.0000,0.0000,5.37,27.37,24,-4.110,1,52.5
1723.396,+0.1667,+0.2595,-0.0533,-0.0371,-0.5257,5.652,-9.826,4.564,1.479,0.0000,0.0000,0.0000,0.0000,0.0000,0.0000,0.0000,0.0000,4.73,27.34,25,-3.340,1,46.9
1723.466,+0.1850,+0.2325,-0.0533,-0.0371,-0.5286,6.053,-9.473,3.923,4.081,0.0000,0.0000,0.0000,0.0000,0.0000,0.0000,0.0000,0.0000,4.73,27.34,25,-2.850,1,46.9
1723.542,+0.2000,+0.2148,-0.0533,-0.0371,-0.5286,6.053,-9.473,3.923,4.081,0.0000,0.0000,0.0000,0.0000,0.0000,0.0000,0.0000,0.0000,4.73,27.34,25,-2.850,1,46.9
1723.640,+0.1993,+0.2325,-0.0533,-0.0371,-0.5400,6.381,-9.200,2.938,1.677,0.0000,0.0000,0.0000,0.0000,0.0000,0.0000,0.0000,0.0000,4.07,27.35,25,-2.870,1,41.5
1723.750,+0.1843,+0.2202,-0.0533,-0.0371,-0.5229,7.168,-8.003,4.035,9.578,0.0000,0.0000,0.0000,0.0000,0.0000,0.0000,0.0000,0.0000,3.27,27.34,25,-2.430,1,34.5
1723.903,+0.2061,+0.1429,-0.0467,-0.0386,-0.5243,7.540,-6.548,0.307,5.854,0.0000,0.0000,0.0000,0.0000,0.0000,0.0000,0.0000,0.0000,2.73,27.34,25,-1.470,1,28.8
1724.100,+0.2952,+0.1130,-0.0467,-0.0357,-0.5014,7.798,-4.671,1.461,5.735,0.0000,0.0000,0.0000,0.0000,0.0000,0.0000,0.0000,0.0000,2.04,27.18,24,-1.210,1,18.0
1724.463,+0.4574,+0.2918,0.4267,-0.1471,0.2443,25.279,7.405,0.435,0.564,0.0000,0.0000,0.0000,0.0000,0.0000,0.0000,0.0000,0.0000,1.96,3.54,20,0.630,1,3.5
1725.536,+0.4625,-0.0444,-0.3867,-0.0600,-1.0600,10.249,-25.519,-54.539,-60.361,0.0000,0.0000,0.0000,0.0000,0.0000,0.0000,0.0000,0.0000,1.50,3.36,30,4.020,1,3.9
1725.869,+0.2124,-0.4971,-0.3467,0.1443,-0.7386,0.659,-4.140,-3.685,1.006,0.0000,0.0000,0.0000,0.0000,0.0000,0.0000,0.0000,0.0000,0.28,0.09,25,0.340,1,4.8
1726.457,+0.3417,-0.4741,-0.3667,0.3143,0.4886,-0.989,-4.141,-0.947,-0.200,0.0000,0.0000,0.0000,0.0000,0.0000,0.0000,0.0000,0.0000,0.28,0.08,22,-9.460,1,4.8
1727.011,+0.3375,-0.6926,-0.5067,0.5414,0.8671,-0.109,-4.248,1.734,0.299,0.0000,0.0000,0.0000,0.0000,0.0000,0.0000,0.0000,0.0000,0.28,0.01,21,-12.270,1,4.8
