timestamp_s,errorx,errory,aileron,elevator,rudder,roll_deg,pitch_deg,roll_rate_dps,pitch_rate_dps,pid_roll_desired,pid_roll_P,pid_roll_I,pid_roll_D,pid_pitch_desired,pid_pitch_P,pid_pitch_I,pid_pitch_D,alt_rel_m,groundspeed_ms,throttle_pct,nav_pitch_deg,target_locked,dist_m
3330.092,-0.2396,-0.3111,-0.0333,-0.0571,-0.5971,3.509,-3.737,0.167,0.311,0.0000,0.0000,0.0000,0.0000,0.0000,0.0000,0.0000,0.0000,70.70,23.90,45,-0.220,1,640.5
3330.118,-0.2396,-0.3111,-0.0333,-0.0586,-0.6014,3.509,-3.737,0.167,0.311,0.0000,0.0000,0.0000,0.0000,0.0000,0.0000,0.0000,0.0000,70.70,23.90,45,-0.330,1,640.5
3330.149,-0.2396,-0.3111,-0.0333,-0.0586,-0.6014,3.509,-3.737,0.167,0.311,0.0000,0.0000,0.0000,0.0000,0.0000,0.0000,0.0000,0.0000,70.70,23.90,45,-0.330,1,640.5
3330.178,-0.2396,-0.3111,-0.0333,-0.0586,-0.6014,3.506,-3.733,0.175,0.303,0.0000,0.0000,0.0000,0.0000,0.0000,0.0000,0.0000,0.0000,70.70,23.90,45,-0.330,1,640.5
3330.223,-0.2396,-0.3463,-0.0267,-0.0614,-0.6071,3.506,-3.733,0.178,0.300,0.0000,0.0000,0.0000,0.0000,0.0000,0.0000,0.0000,0.0000,70.70,23.89,45,-0.510,1,640.5
3330.251,-0.2707,-0.3700,-0.0267,-0.0629,-0.6057,3.529,-3.607,0.621,2.871,0.0000,0.0000,0.0000,0.0000,0.0000,0.0000,0.0000,0.0000,70.70,23.89,45,-0.680,1,640.5
3330.277,-0.2095,-0.3758,-0.0267,-0.0629,-0.5971,3.529,-3.607,0.621,2.871,0.0000,0.0000,0.0000,0.0000,0.0000,0.0000,0.0000,0.0000,70.70,23.89,44,-0.820,1,640.5
3330.317,-0.2396,-0.3993,-0.0200,-0.0629,-0.5914,3.529,-3.208,-0.139,3.871,0.0000,0.0000,0.0000,0.0000,0.0000,0.0000,0.0000,0.0000,70.57,23.89,44,-0.990,1,635.6
3330.354,-0.2396,-0.3714,-0.0200,-0.0629,-0.5886,3.529,-3.204,-0.320,3.737,0.0000,0.0000,0.0000,0.0000,0.0000,0.0000,0.0000,0.0000,70.57,23.88,44,-1.220,1,635.6
3330.382,-0.2396,-0.4953,-0.0200,-0.0629,-0.5886,3.529,-3.204,-0.320,3.737,0.0000,0.0000,0.0000,0.0000,0.0000,0.0000,0.0000,0.0000,70.57,23.88,44,-1.330,1,635.6
3330.407,-0.2396,-0.4037,-0.0200,-0.0629,-0.5886,3.489,-3.039,-0.757,2.919,0.0000,0.0000,0.0000,0.0000,0.0000,0.0000,0.0000,0.0000,70.57,23.88,44,-1.670,1,635.6
3330.442,-0.2396,-0.4359,-0.0200,-0.0657,-0.5829,3.437,-2.924,-0.977,2.306,0.0000,0.0000,0.0000,0.0000,0.0000,0.0000,0.0000,0.0000,70.57,23.88,44,-1.670,1,635.6
3330.514,-0.2264,-0.4025,-0.0200,-0.0643,-0.5729,3.377,-2.836,-1.102,2.035,0.0000,0.0000,0.0000,0.0000,0.0000,0.0000,0.0000,0.0000,70.47,23.87,44,-2.220,1,630.8
3330.545,-0.2646,-0.4111,-0.0200,-0.0657,-0.5686,3.375,-2.832,-1.140,1.954,0.0000,0.0000,0.0000,0.0000,0.0000,0.0000,0.0000,0.0000,70.47,23.86,44,-2.530,1,630.8
3330.581,-0.2640,-0.4100,-0.0200,-0.0657,-0.5657,3.373,-2.830,-1.136,1.955,0.0000,0.0000,0.0000,0.0000,0.0000,0.0000,0.0000,0.0000,70.47,23.86,44,-2.680,1,630.8
3330.610,-0.2417,-0.3704,-0.0200,-0.0657,-0.5657,3.373,-2.830,-1.136,1.955,0.0000,0.0000,0.0000,0.0000,0.0000,0.0000,0.0000,0.0000,70.47,23.86,44,-2.680,1,630.8
3330.688,-0.2539,-0.3704,-0.0200,-0.0657,-0.5657,3.373,-2.830,-1.136,1.955,0.0000,0.0000,0.0000,0.0000,0.0000,0.0000,0.0000,0.0000,70.47,23.86,44,-2.680,1,630.8
3330.717,-0.2729,-0.4223,-0.0200,-0.0657,-0.5657,3.373,-2.830,-1.136,1.955,0.0000,0.0000,0.0000,0.0000,0.0000,0.0000,0.0000,0.0000,70.47,23.86,44,-2.680,1,630.8
3330.744,-0.2773,-0.3741,-0.0133,-0.0643,-0.5614,3.109,-2.745,-3.063,0.284,0.0000,0.0000,0.0000,0.0000,0.0000,0.0000,0.0000,0.0000,70.47,23.86,44,-3.320,1,630.8
3330.771,-0.2479,-0.3741,-0.0133,-0.0643,-0.5586,3.109,-2.745,-3.063,0.284,0.0000,0.0000,0.0000,0.0000,0.0000,0.0000,0.0000,0.0000,70.43,23.85,44,-3.320,1,627.2
3330.836,-0.2622,-0.3995,-0.0200,-0.0614,-0.5443,2.428,-2.646,-4.763,1.439,0.0000,0.0000,0.0000,0.0000,0.0000,0.0000,0.0000,0.0000,70.43,23.84,44,-3.770,1,627.2
3330.859,-0.2500,-0.3778,-0.0200,-0.0614,-0.5386,2.198,-2.589,-4.794,1.432,0.0000,0.0000,0.0000,0.0000,0.0000,0.0000,0.0000,0.0000,70.43,23.84,44,-4.110,1,627.2
3330.886,-0.2500,-0.3778,-0.0200,-0.0600,-0.5257,1.950,-2.531,-4.909,1.336,0.0000,0.0000,0.0000,0.0000,0.0000,0.0000,0.0000,0.0000,70.43,23.84,44,-4.740,1,627.2
3330.925,-0.2500,-0.3778,-0.0200,-0.0600,-0.5257,1.940,-2.529,-4.928,1.312,0.0000,0.0000,0.0000,0.0000,0.0000,0.0000,0.0000,0.0000,70.38,23.83,44,-4.740,1,621.4
3330.951,-0.2500,-0.3778,-0.0200,-0.0600,-0.5200,1.670,-2.475,-5.131,1.144,0.0000,0.0000,0.0000,0.0000,0.0000,0.0000,0.0000,0.0000,70.38,23.83,44,-5.420,1,621.4
3330.985,-0.2500,-0.3778,-0.0200,-0.0571,-0.5086,1.390,-2.429,-5.414,1.021,0.0000,0.0000,0.0000,0.0000,0.0000,0.0000,0.0000,0.0000,70.38,23.82,44,-5.600,1,621.4
3331.011,-0.2500,-0.3778,-0.0200,-0.0571,-0.5086,1.066,-2.396,-5.945,0.704,0.0000,0.0000,0.0000,0.0000,0.0000,0.0000,0.0000,0.0000,70.38,23.82,44,-5.600,1,621.4
3331.039,-0.2500,-0.3778,-0.0200,-0.0557,-0.4986,1.066,-2.396,-5.945,0.704,0.0000,0.0000,0.0000,0.0000,0.0000,0.0000,0.0000,0.0000,70.38,23.82,44,-6.130,1,621.4
3331.073,-0.2500,-0.3328,-0.0200,-0.0557,-0.4957,0.775,-2.383,-5.566,-0.255,0.0000,0.0000,0.0000,0.0000,0.0000,0.0000,0.0000,0.0000,70.38,23.81,43,-6.520,1,621.4
3331.122,-0.2317,-0.3090,-0.0200,-0.0543,-0.5029,0.470,-2.485,-6.193,-3.594,0.0000,0.0000,0.0000,0.0000,0.0000,0.0000,0.0000,0.0000,70.37,23.81,43,-6.900,1,616.6
3331.149,-0.2479,-0.2563,-0.0200,-0.0543,-0.5029,0.470,-2.485,-6.193,-3.594,0.0000,0.0000,0.0000,0.0000,0.0000,0.0000,0.0000,0.0000,70.37,23.81,43,-6.900,1,616.6
3331.176,-0.2479,-0.1929,-0.0200,-0.0543,-0.5029,0.457,-2.492,-6.190,-3.565,0.0000,0.0000,0.0000,0.0000,0.0000,0.0000,0.0000,0.0000,70.37,23.81,43,-6.900,1,616.6
3331.204,-0.2479,-0.2388,-0.0200,-0.0543,-0.4914,0.451,-2.496,-6.187,-3.566,0.0000,0.0000,0.0000,0.0000,0.0000,0.0000,0.0000,0.0000,70.37,23.81,43,-7.200,1,616.6
3331.242,-0.2479,-0.1786,-0.0200,-0.0557,-0.4929,-0.156,-3.030,-6.334,-5.872,0.0000,0.0000,0.0000,0.0000,0.0000,0.0000,0.0000,0.0000,70.37,23.81,43,-7.540,1,616.6
3331.298,-0.2479,-0.2401,-0.0200,-0.0543,-0.4886,-0.459,-3.291,-6.120,-4.762,0.0000,0.0000,0.0000,0.0000,0.0000,0.0000,0.0000,0.0000,70.36,23.81,43,-7.730,1,613.2
3331.330,-0.2479,-0.1706,-0.0200,-0.0543,-0.4857,-0.781,-3.515,-5.805,-3.451,0.0000,0.0000,0.0000,0.0000,0.0000,0.0000,0.0000,0.0000,70.36,23.81,43,-7.800,1,613.2
3331.352,-0.2479,-0.1656,-0.0200,-0.0543,-0.4857,-1.073,-3.677,-5.671,-3.103,0.0000,0.0000,0.0000,0.0000,0.0000,0.0000,0.0000,0.0000,70.36,23.81,43,-7.800,1,613.2
3331.384,-0.2479,-0.2007,-0.0200,-0.0543,-0.4829,-1.073,-3.677,-5.671,-3.103,0.0000,0.0000,0.0000,0.0000,0.0000,0.0000,0.0000,0.0000,70.36,23.81,43,-8.060,1,613.2
3331.410,-0.2479,-0.1741,-0.0200,-0.0543,-0.4800,-1.361,-3.818,-5.296,-2.482,0.0000,0.0000,0.0000,0.0000,0.0000,0.0000,0.0000,0.0000,70.36,23.81,43,-8.350,1,613.2
3331.472,-0.2332,-0.2028,-0.0200,-0.0543,-0.4771,-1.602,-3.947,-4.779,-2.492,0.0000,0.0000,0.0000,0.0000,0.0000,0.0000,0.0000,0.0000,70.36,23.82,42,-8.660,1,613.2
3331.501,-0.2458,-0.2184,-0.0200,-0.0543,-0.4743,-1.611,-3.953,-4.661,-2.512,0.0000,0.0000,0.0000,0.0000,0.0000,0.0000,0.0000,0.0000,70.28,23.82,42,-8.900,1,607.4
3331.526,-0.2119,-0.1462,-0.0200,-0.0543,-0.4743,-1.853,-4.098,-4.644,-2.629,0.0000,0.0000,0.0000,0.0000,0.0000,0.0000,0.0000,0.0000,70.28,23.82,42,-9.300,1,607.4
3331.557,-0.2437,-0.2098,-0.0200,-0.0543,-0.4714,-1.858,-4.101,-4.628,-2.689,0.0000,0.0000,0.0000,0.0000,0.0000,0.0000,0.0000,0.0000,70.28,23.83,42,-9.300,1,607.4
3331.589,-0.1893,-0.1587,-0.0133,-0.0543,-0.4686,-1.858,-4.101,-4.628,-2.689,0.0000,0.0000,0.0000,0.0000,0.0000,0.0000,0.0000,0.0000,70.28,23.83,42,-9.590,1,607.4
3331.620,-0.2124,-0.1030,-0.0133,-0.0543,-0.4686,-1.858,-4.101,-4.628,-2.689,0.0000,0.0000,0.0000,0.0000,0.0000,0.0000,0.0000,0.0000,70.28,23.83,42,-9.590,1,607.4
3331.648,-0.2067,-0.1276,-0.0133,-0.0543,-0.4686,-1.858,-4.101,-4.628,-2.689,0.0000,0.0000,0.0000,0.0000,0.0000,0.0000,0.0000,0.0000,70.28,23.83,42,-9.590,1,607.4
3331.677,-0.1776,-0.0756,-0.0133,-0.0543,-0.4686,-1.858,-4.101,-4.628,-2.689,0.0000,0.0000,0.0000,0.0000,0.0000,0.0000,0.0000,0.0000,70.28,23.83,42,-9.590,1,607.4
3331.738,-0.2161,-0.0574,-0.0133,-0.0543,-0.4686,-2.368,-4.465,-5.104,-4.658,0.0000,0.0000,0.0000,0.0000,0.0000,0.0000,0.0000,0.0000,70.28,23.83,42,-10.060,1,607.4
3331.761,-0.1922,-0.0649,-0.0200,-0.0500,-0.4643,-2.368,-4.465,-5.104,-4.658,0.0000,0.0000,0.0000,0.0000,0.0000,0.0000,0.0000,0.0000,70.28,23.84,41,-10.360,1,607.4
3331.790,-0.1979,+0.0188,-0.0200,-0.0500,-0.4643,-2.631,-4.752,-5.655,-6.494,0.0000,0.0000,0.0000,0.0000,0.0000,0.0000,0.0000,0.0000,70.19,23.84,41,-10.360,1,603.7
3331.818,-0.1950,-0.0142,-0.0200,-0.0529,-0.4729,-2.935,-5.126,-5.790,-6.994,0.0000,0.0000,0.0000,0.0000,0.0000,0.0000,0.0000,0.0000,70.19,23.84,41,-10.120,1,603.7
3331.846,-0.1924,-0.0004,-0.0267,-0.0500,-0.4757,-3.203,-5.452,-5.716,-6.693,0.0000,0.0000,0.0000,0.0000,0.0000,0.0000,0.0000,0.0000,70.19,23.87,41,-10.120,1,603.7
3331.907,-0.2057,-0.0176,-0.0200,-0.0529,-0.4814,-3.786,-6.097,-5.198,-5.325,0.0000,0.0000,0.0000,0.0000,0.0000,0.0000,0.0000,0.0000,70.19,23.90,41,-9.950,1,603.7
3331.947,-0.2188,-0.0176,-0.0200,-0.0543,-0.4857,-4.060,-6.383,-4.767,-4.812,0.0000,0.0000,0.0000,0.0000,0.0000,0.0000,0.0000,0.0000,69.95,23.90,41,-9.990,1,597.8
3331.975,-0.1885,+0.0390,-0.0200,-0.0529,-0.4757,-4.060,-6.383,-4.767,-4.812,0.0000,0.0000,0.0000,0.0000,0.0000,0.0000,0.0000,0.0000,69.95,23.91,40,-12.290,1,597.8
3332.006,-0.2167,-0.0115,-0.0200,-0.0529,-0.4700,-4.065,-6.389,-4.771,-4.815,0.0000,0.0000,0.0000,0.0000,0.0000,0.0000,0.0000,0.0000,69.95,23.91,40,-12.940,1,597.8
3332.026,-0.1748,+0.0450,-0.0133,-0.0571,-0.4743,-4.523,-6.895,-4.421,-4.664,0.0000,0.0000,0.0000,0.0000,0.0000,0.0000,0.0000,0.0000,69.95,23.91,40,-11.040,1,597.8
3332.071,-0.1755,+0.0426,-0.0200,-0.0529,-0.4843,-4.736,-7.138,-4.476,-4.580,0.0000,0.0000,0.0000,0.0000,0.0000,0.0000,0.0000,0.0000,69.95,23.97,41,-10.180,1,597.8
3332.107,-0.1862,+0.0045,-0.0200,-0.0529,-0.4929,-4.745,-7.148,-4.497,-4.550,0.0000,0.0000,0.0000,0.0000,0.0000,0.0000,0.0000,0.0000,69.65,23.97,41,-9.920,1,593.0
3332.134,-0.1773,+0.0363,-0.0200,-0.0529,-0.4929,-4.745,-7.148,-4.497,-4.550,0.0000,0.0000,0.0000,0.0000,0.0000,0.0000,0.0000,0.0000,69.65,23.97,41,-9.920,1,593.0
3332.159,-0.1388,+0.0533,-0.0200,-0.0529,-0.4929,-4.745,-7.148,-4.497,-4.550,0.0000,0.0000,0.0000,0.0000,0.0000,0.0000,0.0000,0.0000,69.65,23.97,41,-9.920,1,593.0
3332.186,-0.1698,+0.1129,-0.0267,-0.0514,-0.5000,-4.951,-7.374,-4.635,-4.473,0.0000,0.0000,0.0000,0.0000,0.0000,0.0000,0.0000,0.0000,69.65,23.97,41,-9.650,1,593.0
3332.212,-0.1354,+0.1241,-0.0267,-0.0514,-0.5000,-4.956,-7.379,-4.691,-4.448,0.0000,0.0000,0.0000,0.0000,0.0000,0.0000,0.0000,0.0000,69.65,23.99,41,-9.650,1,593.0
3332.238,-0.1304,+0.0793,-0.0333,-0.0471,-0.5071,-5.423,-7.881,-4.974,-4.742,0.0000,0.0000,0.0000,0.0000,0.0000,0.0000,0.0000,0.0000,69.65,23.99,41,-10.120,1,593.0
3332.276,-0.1458,+0.0926,-0.0333,-0.0500,-0.5157,-5.433,-7.891,-5.008,-4.780,0.0000,0.0000,0.0000,0.0000,0.0000,0.0000,0.0000,0.0000,69.37,24.03,41,-9.410,1,589.5
3332.309,-0.1613,+0.1210,-0.0400,-0.0471,-0.5243,-5.670,-8.144,-5.025,-4.750,0.0000,0.0000,0.0000,0.0000,0.0000,0.0000,0.0000,0.0000,69.37,24.03,41,-9.040,1,589.5
3332.362,-0.1351,+0.1118,-0.0333,-0.0471,-0.5329,-6.163,-8.663,-4.884,-4.475,0.0000,0.0000,0.0000,0.0000,0.0000,0.0000,0.0000,0.0000,69.37,24.10,42,-8.880,1,589.5
3332.383,-0.1376,+0.0812,-0.0333,-0.0486,-0.5371,-6.163,-8.663,-4.884,-4.475,0.0000,0.0000,0.0000,0.0000,0.0000,0.0000,0.0000,0.0000,69.37,24.10,42,-8.810,1,589.5
3332.411,-0.1469,+0.1719,-0.0333,-0.0500,-0.5500,-6.178,-8.678,-4.860,-4.429,0.0000,0.0000,0.0000,0.0000,0.0000,0.0000,0.0000,0.0000,69.37,24.10,42,-8.400,1,589.5
3332.440,-0.1172,+0.1250,-0.0333,-0.0500,-0.5500,-6.178,-8.678,-4.860,-4.429,0.0000,0.0000,0.0000,0.0000,0.0000,0.0000,0.0000,0.0000,69.37,24.10,42,-8.400,1,589.5
3332.518,-0.1341,+0.1168,-0.0467,-0.0457,-0.5629,-6.613,-9.133,-4.380,-4.028,0.0000,0.0000,0.0000,0.0000,0.0000,0.0000,0.0000,0.0000,68.93,24.13,42,-8.080,1,584.9
3332.549,-0.1372,+0.1418,-0.0467,-0.0457,-0.5686,-6.788,-9.350,-3.048,-3.713,0.0000,0.0000,0.0000,0.0000,0.0000,0.0000,0.0000,0.0000,68.93,24.19,42,-7.970,1,584.9
3332.584,-0.1120,+0.1417,-0.0467,-0.0471,-0.5729,-6.791,-9.354,-3.097,-3.730,0.0000,0.0000,0.0000,0.0000,0.0000,0.0000,0.0000,0.0000,68.93,24.19,42,-7.930,1,584.9
3332.614,-0.1016,+0.1097,-0.0467,-0.0471,-0.5729,-6.791,-9.354,-3.097,-3.730,0.0000,0.0000,0.0000,0.0000,0.0000,0.0000,0.0000,0.0000,68.93,24.19,42,-7.930,1,584.9
3332.641,-0.1227,+0.0070,-0.0467,-0.0471,-0.5729,-6.791,-9.354,-3.097,-3.730,0.0000,0.0000,0.0000,0.0000,0.0000,0.0000,0.0000,0.0000,68.93,24.19,42,-7.930,1,584.9
3332.668,-0.0896,+0.0593,-0.0467,-0.0471,-0.5729,-6.791,-9.354,-3.097,-3.730,0.0000,0.0000,0.0000,0.0000,0.0000,0.0000,0.0000,0.0000,68.93,24.19,42,-7.930,1,584.9
3332.700,-0.0942,+0.0115,-0.0467,-0.0471,-0.5729,-6.791,-9.354,-3.097,-3.730,0.0000,0.0000,0.0000,0.0000,0.0000,0.0000,0.0000,0.0000,68.93,24.19,42,-7.930,1,584.9
3332.735,-0.0952,-0.0307,-0.0400,-0.0500,-0.5814,-6.914,-9.561,-2.694,-3.757,0.0000,0.0000,0.0000,0.0000,0.0000,0.0000,0.0000,0.0000,68.93,24.19,42,-7.760,1,584.9
3332.773,-0.0938,-0.0332,-0.0467,-0.0457,-0.5771,-7.072,-9.712,-3.486,-0.956,0.0000,0.0000,0.0000,0.0000,0.0000,0.0000,0.0000,0.0000,68.40,24.25,42,-7.560,1,580.1
3332.806,-0.0562,-0.0531,-0.0467,-0.0443,-0.5586,-7.286,-9.484,-2.005,4.975,0.0000,0.0000,0.0000,0.0000,0.0000,0.0000,0.0000,0.0000,68.40,24.25,42,-9.480,1,580.1
3332.838,-0.0753,-0.0145,-0.0533,-0.0386,-0.5414,-7.375,-9.287,-2.144,4.430,0.0000,0.0000,0.0000,0.0000,0.0000,0.0000,0.0000,0.0000,68.40,24.37,41,-9.980,1,580.1
3332.871,-0.0472,-0.0626,-0.0533,-0.0386,-0.5414,-7.481,-9.150,-2.477,3.096,0.0000,0.0000,0.0000,0.0000,0.0000,0.0000,0.0000,0.0000,68.40,24.37,41,-9.590,1,580.1
3332.919,-0.0631,-0.0108,-0.0533,-0.0371,-0.5400,-7.592,-9.091,-2.941,1.726,0.0000,0.0000,0.0000,0.0000,0.0000,0.0000,0.0000,0.0000,67.68,24.45,41,-9.660,1,574.1
3332.945,-0.0479,-0.0389,-0.0600,-0.0343,-0.5371,-7.743,-9.062,-3.344,1.392,0.0000,0.0000,0.0000,0.0000,0.0000,0.0000,0.0000,0.0000,67.68,24.45,41,-9.670,1,574.1
3332.976,-0.0533,-0.0341,-0.0600,-0.0300,-0.5357,-7.893,-9.034,-2.959,1.731,0.0000,0.0000,0.0000,0.0000,0.0000,0.0000,0.0000,0.0000,67.68,24.54,41,-9.800,1,574.1
3333.005,-0.0445,-0.0419,-0.0600,-0.0286,-0.5314,-7.893,-9.034,-2.959,1.731,0.0000,0.0000,0.0000,0.0000,0.0000,0.0000,0.0000,0.0000,67.68,24.54,41,-9.910,1,574.1
3333.041,-0.0524,-0.0773,-0.0600,-0.0286,-0.5257,-8.053,-8.870,-0.475,2.393,0.0000,0.0000,0.0000,0.0000,0.0000,0.0000,0.0000,0.0000,67.68,24.54,41,-9.760,1,574.1
3333.073,-0.0417,+0.0000,-0.0600,-0.0300,-0.5271,-8.053,-8.870,-0.475,2.393,0.0000,0.0000,0.0000,0.0000,0.0000,0.0000,0.0000,0.0000,67.11,24.61,41,-9.810,1,569.1
3333.102,-0.0327,-0.0525,-0.0600,-0.0300,-0.5271,-8.055,-8.800,-0.074,2.175,0.0000,0.0000,0.0000,0.0000,0.0000,0.0000,0.0000,0.0000,67.11,24.61,41,-9.890,1,569.1
3333.135,-0.0359,-0.0955,-0.0600,-0.0300,-0.5243,-8.055,-8.800,-0.074,2.175,0.0000,0.0000,0.0000,0.0000,0.0000,0.0000,0.0000,0.0000,67.11,24.61,41,-9.890,1,569.1
3333.172,-0.0363,-0.0529,-0.0600,-0.0300,-0.5243,-8.055,-8.800,-0.074,2.175,0.0000,0.0000,0.0000,0.0000,0.0000,0.0000,0.0000,0.0000,67.11,24.61,41,-9.890,1,569.1
3333.206,-0.0539,-0.0598,-0.0600,-0.0271,-0.5157,-8.039,-8.724,0.311,2.218,0.0000,0.0000,0.0000,0.0000,0.0000,0.0000,0.0000,0.0000,67.11,24.69,41,-11.340,1,569.1
3333.248,-0.0560,-0.0185,-0.0600,-0.0286,-0.5143,-8.008,-8.733,0.645,-0.294,0.0000,0.0000,0.0000,0.0000,0.0000,0.0000,0.0000,0.0000,67.11,24.69,41,-10.580,1,569.1
3333.274,-0.0425,-0.0185,-0.0600,-0.0286,-0.5143,-8.008,-8.733,0.645,-0.294,0.0000,0.0000,0.0000,0.0000,0.0000,0.0000,0.0000,0.0000,66.59,24.75,41,-10.580,1,564.2
3333.301,-0.0410,+0.0382,-0.0600,-0.0286,-0.5143,-8.006,-8.735,0.774,-0.452,0.0000,0.0000,0.0000,0.0000,0.0000,0.0000,0.0000,0.0000,66.59,24.75,41,-10.550,1,564.2
3333.334,-0.0451,-0.0148,-0.0600,-0.0300,-0.5129,-7.858,-8.812,1.908,0.204,0.0000,0.0000,0.0000,0.0000,0.0000,0.0000,0.0000,0.0000,66.59,24.75,41,-10.260,1,564.2
3333.374,-0.0246,-0.0540,-0.0600,-0.0286,-0.5143,-7.856,-8.812,1.976,0.319,0.0000,0.0000,0.0000,0.0000,0.0000,0.0000,0.0000,0.0000,66.59,24.82,41,-9.950,1,564.2
3333.399,-0.0314,-0.0185,-0.0600,-0.0286,-0.5143,-7.856,-8.812,1.976,0.319,0.0000,0.0000,0.0000,0.0000,0.0000,0.0000,0.0000,0.0000,66.59,24.82,41,-9.950,1,564.2
3333.444,-0.0227,-0.0185,-0.0600,-0.0314,-0.5171,-7.631,-8.800,2.063,1.378,0.0000,0.0000,0.0000,0.0000,0.0000,0.0000,0.0000,0.0000,66.59,24.82,41,-9.880,1,564.2
3333.492,-0.0032,-0.0185,-0.0600,-0.0286,-0.5143,-7.504,-8.763,1.993,1.717,0.0000,0.0000,0.0000,0.0000,0.0000,0.0000,0.0000,0.0000,66.06,24.88,41,-10.080,1,559.3
3333.515,-0.0145,-0.0852,-0.0600,-0.0300,-0.5129,-7.504,-8.763,1.993,1.717,0.0000,0.0000,0.0000,0.0000,0.0000,0.0000,0.0000,0.0000,66.06,24.88,41,-10.070,1,559.3
3333.555,+0.0158,-0.0222,-0.0600,-0.0286,-0.5114,-7.403,-8.720,1.571,1.813,0.0000,0.0000,0.0000,0.0000,0.0000,0.0000,0.0000,0.0000,66.06,24.95,41,-10.080,1,559.3
3333.580,+0.0217,-0.0804,-0.0733,-0.0214,-0.5100,-7.403,-8.720,1.571,1.813,0.0000,0.0000,0.0000,0.0000,0.0000,0.0000,0.0000,0.0000,66.06,24.95,41,-10.080,1,559.3
3333.609,+0.0484,-0.0781,-0.0733,-0.0214,-0.5100,-7.403,-8.720,1.571,1.813,0.0000,0.0000,0.0000,0.0000,0.0000,0.0000,0.0000,0.0000,66.06,24.95,41,-10.080,1,559.3
3333.641,+0.0209,-0.0296,-0.0733,-0.0214,-0.5100,-7.403,-8.720,1.571,1.813,0.0000,0.0000,0.0000,0.0000,0.0000,0.0000,0.0000,0.0000,66.06,24.95,41,-10.080,1,559.3
3333.671,+0.0563,-0.0296,-0.0733,-0.0214,-0.5100,-7.403,-8.720,1.571,1.813,0.0000,0.0000,0.0000,0.0000,0.0000,0.0000,0.0000,0.0000,66.06,24.95,41,-10.080,1,559.3
3333.705,+0.0273,-0.0296,-0.0733,-0.0214,-0.5100,-7.403,-8.720,1.571,1.813,0.0000,0.0000,0.0000,0.0000,0.0000,0.0000,0.0000,0.0000,66.06,24.95,41,-10.080,1,559.3
3333.745,+0.0477,-0.0296,-0.0933,-0.0071,-0.5071,-7.234,-8.725,0.945,-0.147,0.0000,0.0000,0.0000,0.0000,0.0000,0.0000,0.0000,0.0000,66.06,24.95,41,-10.730,1,559.3
3333.770,+0.0209,-0.0296,-0.0933,-0.0043,-0.5071,-7.234,-8.725,0.945,-0.147,0.0000,0.0000,0.0000,0.0000,0.0000,0.0000,0.0000,0.0000,65.53,25.01,40,-10.730,1,554.3
3333.808,+0.0583,-0.0296,-0.1000,-0.0014,-0.5043,-7.172,-8.785,0.862,-0.259,0.0000,0.0000,0.0000,0.0000,0.0000,0.0000,0.0000,0.0000,65.53,25.01,40,-10.660,1,554.3
3333.836,+0.0268,-0.0296,-0.1000,0.0014,-0.5043,-7.172,-8.785,0.862,-0.259,0.0000,0.0000,0.0000,0.0000,0.0000,0.0000,0.0000,0.0000,65.53,0.00,40,-10.480,1,554.3
3333.872,+0.0457,-0.0296,-0.1000,0.0014,-0.5043,-7.057,-8.838,0.215,0.212,0.0000,0.0000,0.0000,0.0000,0.0000,0.0000,0.0000,0.0000,65.53,0.00,40,-10.380,1,554.3
3333.911,+0.0470,-0.0296,-0.1000,-0.0014,-0.5043,-6.987,-8.831,0.212,0.212,0.0000,0.0000,0.0000,0.0000,0.0000,0.0000,0.0000,0.0000,66.98,0.00,40,-10.360,1,548.7
3333.935,+0.0415,-0.0922,-0.1000,-0.0014,-0.5043,-6.879,-8.807,0.210,0.213,0.0000,0.0000,0.0000,0.0000,0.0000,0.0000,0.0000,0.0000,66.98,0.00,40,-10.360,1,548.7
3333.976,+0.0512,-0.0714,-0.1000,0.0014,-0.5043,-6.674,-8.738,0.206,0.213,0.0000,0.0000,0.0000,0.0000,0.0000,0.0000,0.0000,0.0000,66.98,0.00,40,-10.350,1,548.7
3334.027,+0.0474,-0.0681,-0.1000,0.0014,-0.4986,-6.397,-8.665,0.214,0.215,0.0000,0.0000,0.0000,0.0000,0.0000,0.0000,0.0000,0.0000,66.98,0.00,40,-10.770,1,548.7
3334.054,+0.0478,-0.0407,-0.1000,0.0014,-0.4957,-6.034,-8.639,0.210,0.213,0.0000,0.0000,0.0000,0.0000,0.0000,0.0000,0.0000,0.0000,66.98,0.00,40,-10.820,1,548.7
3334.085,+0.0469,-0.0908,-0.1000,0.0014,-0.4957,-6.034,-8.639,0.210,0.213,0.0000,0.0000,0.0000,0.0000,0.0000,0.0000,0.0000,0.0000,66.48,0.00,40,-10.820,1,543.9
3334.106,+0.0593,-0.0444,-0.1000,0.0014,-0.4929,-5.654,-8.625,0.212,0.214,0.0000,0.0000,0.0000,0.0000,0.0000,0.0000,0.0000,0.0000,66.48,0.00,40,-10.820,1,543.9
3334.135,+0.0523,-0.0444,-0.1000,0.0014,-0.4929,-5.654,-8.625,0.212,0.214,0.0000,0.0000,0.0000,0.0000,0.0000,0.0000,0.0000,0.0000,66.48,0.00,40,-10.820,1,543.9
3334.177,+0.0674,-0.0444,-0.1000,0.0014,-0.4929,-5.654,-8.625,0.211,0.211,0.0000,0.0000,0.0000,0.0000,0.0000,0.0000,0.0000,0.0000,66.48,0.00,40,-10.820,1,543.9
3334.203,+0.0292,-0.0444,-0.1000,0.0014,-0.4929,-5.263,-8.662,0.209,0.214,0.0000,0.0000,0.0000,0.0000,0.0000,0.0000,0.0000,0.0000,66.48,0.00,40,-10.630,1,543.9
3334.246,+0.0497,-0.0444,-0.1000,-0.0014,-0.4929,-4.482,-8.706,0.212,0.210,0.0000,0.0000,0.0000,0.0000,0.0000,0.0000,0.0000,0.0000,66.48,0.00,40,-10.610,1,543.9
3334.275,+0.0601,-0.0444,-0.1000,-0.0014,-0.4929,-4.482,-8.706,0.212,0.210,0.0000,0.0000,0.0000,0.0000,0.0000,0.0000,0.0000,0.0000,65.96,0.00,40,-10.560,1,539.0
3334.307,+0.0601,-0.0444,-0.0800,-0.0129,-0.4900,-4.025,-8.689,9.487,0.916,0.0000,0.0000,0.0000,0.0000,0.0000,0.0000,0.0000,0.0000,65.96,0.00,40,-10.540,1,539.0
3334.335,+0.0657,-0.0444,-0.0867,-0.0100,-0.4900,-3.598,-8.663,9.212,0.889,0.0000,0.0000,0.0000,0.0000,0.0000,0.0000,0.0000,0.0000,65.96,0.00,40,-10.540,1,539.0
3334.371,+0.0620,-0.0880,-0.0800,-0.0100,-0.4900,-3.589,-8.662,9.258,0.892,0.0000,0.0000,0.0000,0.0000,0.0000,0.0000,0.0000,0.0000,65.96,25.40,40,-10.530,1,539.0
3334.396,+0.1049,-0.0481,-0.0800,-0.0100,-0.4900,-3.589,-8.662,9.258,0.892,0.0000,0.0000,0.0000,0.0000,0.0000,0.0000,0.0000,0.0000,65.96,25.40,40,-10.530,1,539.0
3334.427,+0.0714,-0.0481,-0.0800,-0.0114,-0.4886,-3.094,-8.640,9.064,0.725,0.0000,0.0000,0.0000,0.0000,0.0000,0.0000,0.0000,0.0000,65.96,25.40,40,-10.530,1,539.0
3334.472,+0.0852,-0.0481,-0.0867,-0.0100,-0.4871,-2.628,-8.625,8.659,0.634,0.0000,0.0000,0.0000,0.0000,0.0000,0.0000,0.0000,0.0000,65.96,25.46,40,-10.660,1,539.0
3334.496,+0.0851,-0.0481,-0.0867,-0.0100,-0.4871,-2.249,-8.590,7.282,1.197,0.0000,0.0000,0.0000,0.0000,0.0000,0.0000,0.0000,0.0000,65.41,25.46,40,-10.610,1,533.8
3334.539,+0.0936,-0.0481,-0.0800,-0.0129,-0.4843,-2.235,-8.588,6.906,1.355,0.0000,0.0000,0.0000,0.0000,0.0000,0.0000,0.0000,0.0000,65.41,25.51,39,-10.590,1,533.8
3334.585,+0.0950,-0.0481,-0.0800,-0.0129,-0.4843,-1.908,-8.540,6.792,1.048,0.0000,0.0000,0.0000,0.0000,0.0000,0.0000,0.0000,0.0000,65.41,25.51,39,-10.580,1,533.8
3334.607,+0.0978,-0.0481,-0.0800,-0.0129,-0.4843,-1.908,-8.540,6.792,1.048,0.0000,0.0000,0.0000,0.0000,0.0000,0.0000,0.0000,0.0000,65.41,25.51,39,-10.580,1,533.8
3334.635,+0.0927,-0.0481,-0.0800,-0.0129,-0.4843,-1.908,-8.540,6.792,1.048,0.0000,0.0000,0.0000,0.0000,0.0000,0.0000,0.0000,0.0000,65.41,25.51,39,-10.580,1,533.8
3334.667,+0.0914,-0.0481,-0.0800,-0.0129,-0.4843,-1.908,-8.540,6.792,1.048,0.0000,0.0000,0.0000,0.0000,0.0000,0.0000,0.0000,0.0000,65.41,25.51,39,-10.580,1,533.8
3334.703,+0.1146,-0.0481,-0.0800,-0.0129,-0.4843,-1.908,-8.540,6.792,1.048,0.0000,0.0000,0.0000,0.0000,0.0000,0.0000,0.0000,0.0000,65.41,25.51,39,-10.580,1,533.8
3334.743,+0.0708,-0.0481,-0.0800,-0.0129,-0.4871,-1.279,-8.560,6.293,-0.285,0.0000,0.0000,0.0000,0.0000,0.0000,0.0000,0.0000,0.0000,65.41,25.51,39,-10.580,1,533.8
3334.784,+0.0920,-0.0104,-0.0800,-0.0143,-0.4857,-1.279,-8.560,6.293,-0.285,0.0000,0.0000,0.0000,0.0000,0.0000,0.0000,0.0000,0.0000,64.89,25.56,39,-10.570,1,528.8
3334.809,+0.0729,-0.0444,-0.0733,-0.0157,-0.4843,-0.682,-8.600,6.330,0.017,0.0000,0.0000,0.0000,0.0000,0.0000,0.0000,0.0000,0.0000,64.89,25.56,39,-10.570,1,528.8
3334.855,+0.0729,-0.0444,-0.0733,-0.0143,-0.4829,-0.331,-8.601,6.686,0.310,0.0000,0.0000,0.0000,0.0000,0.0000,0.0000,0.0000,0.0000,64.89,25.61,39,-10.570,1,528.8
3334.882,+0.1038,-0.0444,-0.0667,-0.0200,-0.4829,0.003,-8.592,6.941,0.414,0.0000,0.0000,0.0000,0.0000,0.0000,0.0000,0.0000,0.0000,64.89,25.61,39,-10.420,1,528.8
3334.914,+0.0750,-0.0444,-0.0667,-0.0200,-0.4829,0.003,-8.592,6.941,0.414,0.0000,0.0000,0.0000,0.0000,0.0000,0.0000,0.0000,0.0000,64.36,25.66,39,-10.420,1,523.6
3334.948,+0.0750,+0.0013,-0.0667,-0.0214,-0.4843,0.587,-8.616,5.289,-0.452,0.0000,0.0000,0.0000,0.0000,0.0000,0.0000,0.0000,0.0000,64.36,25.66,39,-10.480,1,523.6
3334.974,+0.1074,-0.0407,-0.0667,-0.0229,-0.4857,0.587,-8.616,5.289,-0.452,0.0000,0.0000,0.0000,0.0000,0.0000,0.0000,0.0000,0.0000,64.36,25.71,39,-10.510,1,523.6
3335.006,+0.0771,-0.0407,-0.0667,-0.0200,-0.4857,0.592,-8.617,5.081,-0.581,0.0000,0.0000,0.0000,0.0000,0.0000,0.0000,0.0000,0.0000,64.36,25.71,39,-10.510,1,523.6
3335.054,+0.0958,-0.0075,-0.0667,-0.0200,-0.4800,1.072,-8.723,4.952,-1.178,0.0000,0.0000,0.0000,0.0000,0.0000,0.0000,0.0000,0.0000,64.36,25.71,39,-11.000,1,523.6
3335.077,+0.1155,+0.0275,-0.0667,-0.0200,-0.4800,1.072,-8.723,4.952,-1.178,0.0000,0.0000,0.0000,0.0000,0.0000,0.0000,0.0000,0.0000,63.83,25.76,39,-11.000,1,518.6
3335.103,+0.1138,-0.0333,-0.0600,-0.0243,-0.4814,1.308,-8.780,4.564,-0.808,0.0000,0.0000,0.0000,0.0000,0.0000,0.0000,0.0000,0.0000,63.83,25.76,39,-10.720,1,518.6
3335.134,+0.1107,+0.0153,-0.0600,-0.0243,-0.4814,1.308,-8.780,4.564,-0.808,0.0000,0.0000,0.0000,0.0000,0.0000,0.0000,0.0000,0.0000,63.83,25.76,39,-10.720,1,518.6
3335.171,+0.1092,+0.0127,-0.0600,-0.0243,-0.4814,1.308,-8.780,4.564,-0.808,0.0000,0.0000,0.0000,0.0000,0.0000,0.0000,0.0000,0.0000,63.83,25.76,39,-10.720,1,518.6
3335.210,+0.1099,-0.0259,-0.0667,-0.0214,-0.4757,1.536,-8.820,4.053,-0.427,0.0000,0.0000,0.0000,0.0000,0.0000,0.0000,0.0000,0.0000,63.83,25.80,39,-11.050,1,518.6
3335.243,+0.0896,-0.0259,-0.0667,-0.0229,-0.4829,1.892,-8.864,3.620,-0.220,0.0000,0.0000,0.0000,0.0000,0.0000,0.0000,0.0000,0.0000,63.83,25.80,39,-10.200,1,518.6
3335.275,+0.0896,-0.0259,-0.0600,-0.0229,-0.4857,1.892,-8.864,3.620,-0.220,0.0000,0.0000,0.0000,0.0000,0.0000,0.0000,0.0000,0.0000,63.83,25.85,39,-10.000,1,518.6
3335.313,+0.1123,+0.0144,-0.0600,-0.0243,-0.4900,2.042,-8.894,2.928,-0.708,0.0000,0.0000,0.0000,0.0000,0.0000,0.0000,0.0000,0.0000,63.28,25.85,39,-10.160,1,513.5
3335.356,+0.0917,-0.0222,-0.0600,-0.0271,-0.4900,2.172,-8.948,3.089,-1.069,0.0000,0.0000,0.0000,0.0000,0.0000,0.0000,0.0000,0.0000,63.28,25.89,39,-10.250,1,513.5
3335.378,+0.0536,+0.0454,-0.0600,-0.0257,-0.4914,2.172,-8.948,3.089,-1.069,0.0000,0.0000,0.0000,0.0000,0.0000,0.0000,0.0000,0.0000,63.28,25.89,39,-10.270,1,513.5
3335.407,+0.0896,+0.0334,-0.0600,-0.0257,-0.4914,2.317,-9.013,3.454,-1.084,0.0000,0.0000,0.0000,0.0000,0.0000,0.0000,0.0000,0.0000,63.28,25.89,39,-10.100,1,513.5
3335.453,+0.0896,-0.0148,-0.0533,-0.0329,-0.4957,2.467,-9.067,3.359,-0.693,0.0000,0.0000,0.0000,0.0000,0.0000,0.0000,0.0000,0.0000,63.28,25.89,39,-9.720,1,513.5
3335.479,+0.0896,+0.0434,-0.0533,-0.0329,-0.4957,2.467,-9.067,3.359,-0.693,0.0000,0.0000,0.0000,0.0000,0.0000,0.0000,0.0000,0.0000,62.74,25.94,39,-9.720,1,508.5
3335.511,+0.0896,-0.0111,-0.0600,-0.0286,-0.4971,2.617,-9.103,3.493,-0.406,0.0000,0.0000,0.0000,0.0000,0.0000,0.0000,0.0000,0.0000,62.74,25.94,39,-9.630,1,508.5
3335.542,+0.0896,+0.0381,-0.0600,-0.0286,-0.4971,2.778,-9.124,3.480,-0.114,0.0000,0.0000,0.0000,0.0000,0.0000,0.0000,0.0000,0.0000,62.74,26.00,39,-9.660,1,508.5
3335.576,+0.0896,-0.0074,-0.0600,-0.0300,-0.4986,2.931,-9.134,3.348,-0.047,0.0000,0.0000,0.0000,0.0000,0.0000,0.0000,0.0000,0.0000,62.74,26.00,39,-9.570,1,508.5
3335.605,+0.1195,-0.0074,-0.0600,-0.0300,-0.4986,2.931,-9.134,3.348,-0.047,0.0000,0.0000,0.0000,0.0000,0.0000,0.0000,0.0000,0.0000,62.74,26.00,39,-9.570,1,508.5
3335.653,+0.0917,-0.0074,-0.0600,-0.0300,-0.4986,2.931,-9.134,3.348,-0.047,0.0000,0.0000,0.0000,0.0000,0.0000,0.0000,0.0000,0.0000,62.74,26.00,39,-9.570,1,508.5
3335.673,+0.1333,+0.0665,-0.0600,-0.0300,-0.4986,2.931,-9.134,3.348,-0.047,0.0000,0.0000,0.0000,0.0000,0.0000,0.0000,0.0000,0.0000,62.74,26.00,39,-9.570,1,508.5
3335.702,+0.0938,-0.0037,-0.0600,-0.0300,-0.4986,2.931,-9.134,3.348,-0.047,0.0000,0.0000,0.0000,0.0000,0.0000,0.0000,0.0000,0.0000,62.74,26.00,39,-9.570,1,508.5
3335.743,+0.0938,-0.0037,-0.0533,-0.0300,-0.4986,3.079,-9.143,3.010,-0.032,0.0000,0.0000,0.0000,0.0000,0.0000,0.0000,0.0000,0.0000,62.74,26.00,39,-12.190,1,508.5
3335.784,+0.0938,-0.0037,-0.0533,-0.0286,-0.4857,3.079,-9.143,3.010,-0.032,0.0000,0.0000,0.0000,0.0000,0.0000,0.0000,0.0000,0.0000,62.18,26.02,38,-12.190,1,503.6
3335.821,+0.0938,-0.0037,-0.0600,-0.0229,-0.4657,3.336,-9.169,2.551,-0.168,0.0000,0.0000,0.0000,0.0000,0.0000,0.0000,0.0000,0.0000,62.18,26.09,38,-11.930,1,503.6
3335.841,+0.0938,-0.0037,-0.0600,-0.0229,-0.4657,3.443,-9.186,2.212,-0.074,0.0000,0.0000,0.0000,0.0000,0.0000,0.0000,0.0000,0.0000,62.18,26.09,38,-12.620,1,503.6
3335.872,+0.1219,-0.0037,-0.0533,-0.0257,-0.4514,3.516,-9.187,1.764,0.299,0.0000,0.0000,0.0000,0.0000,0.0000,0.0000,0.0000,0.0000,62.18,26.09,38,-13.580,1,503.6
3335.909,+0.0725,-0.0037,-0.0533,-0.0243,-0.4443,3.519,-9.187,1.685,0.374,0.0000,0.0000,0.0000,0.0000,0.0000,0.0000,0.0000,0.0000,61.61,26.12,38,-13.820,1,498.5
3335.944,+0.0938,-0.0037,-0.0533,-0.0243,-0.4386,3.668,-9.178,1.809,-0.140,0.0000,0.0000,0.0000,0.0000,0.0000,0.0000,0.0000,0.0000,61.61,26.12,38,-13.910,1,498.5
3335.984,+0.0721,+0.0348,-0.0600,-0.0214,-0.4386,3.750,-9.223,1.983,-0.719,0.0000,0.0000,0.0000,0.0000,0.0000,0.0000,0.0000,0.0000,61.61,26.19,38,-13.970,1,498.5
3336.017,+0.0658,+0.0000,-0.0600,-0.0214,-0.4386,3.846,-9.290,2.317,-1.042,0.0000,0.0000,0.0000,0.0000,0.0000,0.0000,0.0000,0.0000,61.61,26.19,38,-13.970,1,498.5
3336.043,+0.0896,+0.0582,-0.0533,-0.0243,-0.4357,3.955,-9.350,2.579,-0.879,0.0000,0.0000,0.0000,0.0000,0.0000,0.0000,0.0000,0.0000,61.61,26.19,38,-13.990,1,498.5
3336.079,+0.0896,+0.0037,-0.0533,-0.0271,-0.4386,3.955,-9.350,2.579,-0.879,0.0000,0.0000,0.0000,0.0000,0.0000,0.0000,0.0000,0.0000,60.86,26.24,38,-12.470,1,492.1
3336.117,+0.0667,+0.0443,-0.0467,-0.0286,-0.4400,4.069,-9.392,2.684,-0.562,0.0000,0.0000,0.0000,0.0000,0.0000,0.0000,0.0000,0.0000,60.86,26.24,38,-13.290,1,492.1
3336.140,+0.0875,+0.0074,-0.0467,-0.0286,-0.4400,4.069,-9.392,2.684,-0.562,0.0000,0.0000,0.0000,0.0000,0.0000,0.0000,0.0000,0.0000,60.86,26.24,38,-13.290,1,492.1
3336.174,+0.0875,+0.0074,-0.0467,-0.0286,-0.4400,4.186,-9.417,2.691,-0.379,0.0000,0.0000,0.0000,0.0000,0.0000,0.0000,0.0000,0.0000,60.86,26.24,38,-13.290,1,492.1
3336.206,+0.0875,+0.0074,-0.0533,-0.0271,-0.4443,4.189,-9.418,2.663,-0.200,0.0000,0.0000,0.0000,0.0000,0.0000,0.0000,0.0000,0.0000,60.86,26.28,38,-12.680,1,492.1
3336.242,+0.0875,+0.0502,-0.0533,-0.0271,-0.4471,4.372,-9.452,1.580,-0.146,0.0000,0.0000,0.0000,0.0000,0.0000,0.0000,0.0000,0.0000,60.86,26.28,38,-13.100,1,492.1
3336.282,+0.0875,+0.0111,-0.0533,-0.0271,-0.4414,4.372,-9.452,1.580,-0.146,0.0000,0.0000,0.0000,0.0000,0.0000,0.0000,0.0000,0.0000,60.27,26.33,37,-13.610,1,487.1
3336.323,+0.0875,+0.0490,-0.0533,-0.0271,-0.4414,4.442,-9.494,1.617,-1.496,0.0000,0.0000,0.0000,0.0000,0.0000,0.0000,0.0000,0.0000,60.27,26.33,37,-12.280,1,487.1
3336.344,+0.1276,+0.0148,-0.0533,-0.0286,-0.4571,4.442,-9.494,1.617,-1.496,0.0000,0.0000,0.0000,0.0000,0.0000,0.0000,0.0000,0.0000,60.27,26.37,38,-10.800,1,487.1
3336.376,+0.1158,+0.1080,-0.0533,-0.0300,-0.4671,4.505,-9.602,1.241,-2.524,0.0000,0.0000,0.0000,0.0000,0.0000,0.0000,0.0000,0.0000,60.27,26.37,38,-10.480,1,487.1
3336.416,+0.0917,+0.0614,-0.0600,-0.0271,-0.4843,4.546,-9.765,0.635,-3.390,0.0000,0.0000,0.0000,0.0000,0.0000,0.0000,0.0000,0.0000,60.27,26.37,38,-9.870,1,487.1
3336.442,+0.1242,+0.1416,-0.0600,-0.0271,-0.4843,4.565,-9.927,0.366,-3.116,0.0000,0.0000,0.0000,0.0000,0.0000,0.0000,0.0000,0.0000,60.27,26.37,38,-9.870,1,487.1
3336.477,+0.0938,+0.0774,-0.0533,-0.0286,-0.4943,4.565,-9.927,0.366,-3.116,0.0000,0.0000,0.0000,0.0000,0.0000,0.0000,0.0000,0.0000,59.65,26.41,38,-9.150,1,481.9
3336.504,+0.0938,+0.1506,-0.0600,-0.0300,-0.5014,4.572,-10.073,0.343,-2.773,0.0000,0.0000,0.0000,0.0000,0.0000,0.0000,0.0000,0.0000,59.65,26.41,38,-8.810,1,481.9
3336.530,+0.0938,+0.1013,-0.0533,-0.0329,-0.5100,4.572,-10.079,0.328,-2.584,0.0000,0.0000,0.0000,0.0000,0.0000,0.0000,0.0000,0.0000,59.65,26.41,38,-8.660,1,481.9
3336.568,+0.0709,+0.1294,-0.0533,-0.0343,-0.5114,4.578,-10.197,0.460,-2.275,0.0000,0.0000,0.0000,0.0000,0.0000,0.0000,0.0000,0.0000,59.65,26.44,39,-8.700,1,481.9
3336.601,+0.0917,+0.1016,-0.0533,-0.0343,-0.5114,4.578,-10.197,0.460,-2.275,0.0000,0.0000,0.0000,0.0000,0.0000,0.0000,0.0000,0.0000,59.65,26.44,39,-8.700,1,481.9
3336.640,+0.0917,+0.0994,-0.0533,-0.0343,-0.5114,4.578,-10.197,0.460,-2.275,0.0000,0.0000,0.0000,0.0000,0.0000,0.0000,0.0000,0.0000,59.65,26.44,39,-8.700,1,481.9
3336.669,+0.0627,+0.1660,-0.0533,-0.0343,-0.5114,4.578,-10.197,0.460,-2.275,0.0000,0.0000,0.0000,0.0000,0.0000,0.0000,0.0000,0.0000,59.65,26.44,39,-8.700,1,481.9
3336.706,+0.0896,+0.1130,-0.0533,-0.0343,-0.5114,4.578,-10.197,0.460,-2.275,0.0000,0.0000,0.0000,0.0000,0.0000,0.0000,0.0000,0.0000,59.65,26.44,39,-8.700,1,481.9
3336.737,+0.0623,+0.1225,-0.0533,-0.0343,-0.5200,4.628,-10.427,1.257,-1.902,0.0000,0.0000,0.0000,0.0000,0.0000,0.0000,0.0000,0.0000,59.65,26.44,39,-8.420,1,481.9
3336.776,+0.0652,+0.1175,-0.0533,-0.0357,-0.5271,4.628,-10.427,1.257,-1.902,0.0000,0.0000,0.0000,0.0000,0.0000,0.0000,0.0000,0.0000,58.98,26.49,39,-8.280,1,476.7
3336.817,+0.0854,+0.0815,-0.0467,-0.0386,-0.5357,4.761,-10.647,2.075,-2.145,0.0000,0.0000,0.0000,0.0000,0.0000,0.0000,0.0000,0.0000,58.98,26.49,39,-7.930,1,476.7
3336.854,+0.0619,+0.0397,-0.0467,-0.0400,-0.5400,4.763,-10.650,2.185,-2.202,0.0000,0.0000,0.0000,0.0000,0.0000,0.0000,0.0000,0.0000,58.98,26.53,39,-7.710,1,476.7
3336.876,+0.0833,-0.0593,-0.0467,-0.0400,-0.5371,4.919,-10.554,2.345,4.979,0.0000,0.0000,0.0000,0.0000,0.0000,0.0000,0.0000,0.0000,58.98,26.53,39,-7.730,1,476.7
3336.922,+0.0833,-0.0328,-0.0467,-0.0371,-0.5229,4.919,-10.554,2.345,4.979,0.0000,0.0000,0.0000,0.0000,0.0000,0.0000,0.0000,0.0000,58.27,26.58,39,-7.700,1,471.5
3336.943,+0.0833,-0.1557,-0.0533,-0.0357,-0.5157,5.031,-10.192,2.475,7.808,0.0000,0.0000,0.0000,0.0000,0.0000,0.0000,0.0000,0.0000,58.27,26.58,39,-7.890,1,471.5
3336.971,+0.0833,-0.1104,-0.0533,-0.0357,-0.5157,5.124,-9.837,2.007,7.231,0.0000,0.0000,0.0000,0.0000,0.0000,0.0000,0.0000,0.0000,58.27,26.65,38,-8.680,1,471.5
3337.003,+0.1104,-0.1073,-0.0533,-0.0357,-0.5100,5.126,-9.830,1.877,6.941,0.0000,0.0000,0.0000,0.0000,0.0000,0.0000,0.0000,0.0000,58.27,26.65,38,-9.040,1,471.5
3337.038,+0.0854,-0.1044,-0.0533,-0.0343,-0.5000,5.195,-9.549,1.320,5.105,0.0000,0.0000,0.0000,0.0000,0.0000,0.0000,0.0000,0.0000,58.27,26.65,38,-9.840,1,471.5
3337.078,+0.0854,-0.1027,-0.0533,-0.0314,-0.4943,5.240,-9.341,0.800,3.592,0.0000,0.0000,0.0000,0.0000,0.0000,0.0000,0.0000,0.0000,57.58,26.73,38,-10.210,1,466.3
3337.104,+0.0854,-0.1147,-0.0533,-0.0329,-0.4871,5.261,-9.190,0.522,3.321,0.0000,0.0000,0.0000,0.0000,0.0000,0.0000,0.0000,0.0000,57.58,26.73,38,-10.380,1,466.3
3337.137,+0.0854,-0.0946,-0.0533,-0.0329,-0.4871,5.261,-9.190,0.522,3.321,0.0000,0.0000,0.0000,0.0000,0.0000,0.0000,0.0000,0.0000,57.58,26.73,38,-10.380,1,466.3
3337.166,+0.0854,-0.1180,-0.0533,-0.0329,-0.4871,5.261,-9.190,0.522,3.321,0.0000,0.0000,0.0000,0.0000,0.0000,0.0000,0.0000,0.0000,57.58,26.73,38,-10.380,1,466.3
3337.200,+0.0854,-0.1073,-0.0533,-0.0314,-0.4800,5.261,-9.184,0.352,3.142,0.0000,0.0000,0.0000,0.0000,0.0000,0.0000,0.0000,0.0000,57.58,26.79,38,-10.490,1,466.3
3337.248,+0.0669,-0.0918,-0.0533,-0.0300,-0.4700,5.271,-8.792,0.682,2.790,0.0000,0.0000,0.0000,0.0000,0.0000,0.0000,0.0000,0.0000,57.58,26.79,38,-10.790,1,466.3
3337.275,+0.0833,-0.0333,-0.0533,-0.0286,-0.4657,5.271,-8.792,0.682,2.790,0.0000,0.0000,0.0000,0.0000,0.0000,0.0000,0.0000,0.0000,56.97,26.84,37,-10.790,1,461.2
3337.310,+0.0587,-0.0333,-0.0533,-0.0300,-0.4671,5.275,-8.721,0.415,0.994,0.0000,0.0000,0.0000,0.0000,0.0000,0.0000,0.0000,0.0000,56.97,26.84,37,-10.870,1,461.2
3337.340,+0.0813,-0.0830,-0.0533,-0.0300,-0.4643,5.286,-8.697,0.800,0.796,0.0000,0.0000,0.0000,0.0000,0.0000,0.0000,0.0000,0.0000,56.97,26.88,37,-10.580,1,461.2
3337.375,+0.0565,-0.0810,-0.0533,-0.0286,-0.4657,5.286,-8.696,0.786,0.809,0.0000,0.0000,0.0000,0.0000,0.0000,0.0000,0.0000,0.0000,56.97,26.88,37,-10.420,1,461.2
3337.406,+0.0515,-0.0407,-0.0533,-0.0286,-0.4657,5.322,-8.664,1.324,1.234,0.0000,0.0000,0.0000,0.0000,0.0000,0.0000,0.0000,0.0000,56.97,26.88,37,-10.580,1,461.2
3337.437,+0.0494,-0.0899,-0.0533,-0.0300,-0.4643,5.322,-8.664,1.324,1.234,0.0000,0.0000,0.0000,0.0000,0.0000,0.0000,0.0000,0.0000,56.97,26.88,37,-10.580,1,461.2
3337.477,+0.0530,-0.0444,-0.0467,-0.0314,-0.4600,5.382,-8.602,1.714,1.835,0.0000,0.0000,0.0000,0.0000,0.0000,0.0000,0.0000,0.0000,56.37,26.92,37,-10.710,1,455.6
3337.515,+0.0729,-0.0856,-0.0467,-0.0314,-0.4571,5.451,-8.521,1.820,2.171,0.0000,0.0000,0.0000,0.0000,0.0000,0.0000,0.0000,0.0000,56.37,26.92,37,-10.720,1,455.6
3337.559,+0.0528,-0.0838,-0.0467,-0.0314,-0.4543,5.530,-8.418,1.730,2.295,0.0000,0.0000,0.0000,0.0000,0.0000,0.0000,0.0000,0.0000,56.37,26.95,37,-10.700,1,455.6
3337.584,+0.0708,-0.1113,-0.0467,-0.0314,-0.4543,5.530,-8.418,1.730,2.295,0.0000,0.0000,0.0000,0.0000,0.0000,0.0000,0.0000,0.0000,56.37,26.95,37,-10.630,1,455.6
3337.609,+0.0708,-0.0556,-0.0467,-0.0314,-0.4543,5.530,-8.418,1.730,2.295,0.0000,0.0000,0.0000,0.0000,0.0000,0.0000,0.0000,0.0000,56.37,26.95,37,-10.630,1,455.6
3337.652,+0.0912,-0.1280,-0.0467,-0.0314,-0.4543,5.530,-8.418,1.730,2.295,0.0000,0.0000,0.0000,0.0000,0.0000,0.0000,0.0000,0.0000,56.37,26.95,37,-10.630,1,455.6
3337.682,+0.0729,-0.0630,-0.0467,-0.0314,-0.4543,5.530,-8.418,1.730,2.295,0.0000,0.0000,0.0000,0.0000,0.0000,0.0000,0.0000,0.0000,56.37,26.95,37,-10.630,1,455.6
3337.707,+0.0729,-0.1230,-0.0467,-0.0314,-0.4543,5.530,-8.418,1.730,2.295,0.0000,0.0000,0.0000,0.0000,0.0000,0.0000,0.0000,0.0000,56.37,26.95,37,-10.630,1,455.6
3337.746,+0.0955,-0.0667,-0.0467,-0.0300,-0.4500,5.666,-8.214,1.361,2.662,0.0000,0.0000,0.0000,0.0000,0.0000,0.0000,0.0000,0.0000,56.37,26.95,37,-11.080,1,455.6
3337.774,+0.0750,-0.0124,-0.0467,-0.0286,-0.4457,5.666,-8.214,1.361,2.662,0.0000,0.0000,0.0000,0.0000,0.0000,0.0000,0.0000,0.0000,55.84,26.98,37,-11.080,1,450.4
3337.809,+0.0750,-0.0630,-0.0467,-0.0300,-0.4471,5.779,-8.086,0.946,0.075,0.0000,0.0000,0.0000,0.0000,0.0000,0.0000,0.0000,0.0000,55.84,26.98,37,-11.240,1,450.4
3337.857,+0.0750,-0.0304,-0.0467,-0.0286,-0.4457,5.776,-8.301,0.075,-2.545,0.0000,0.0000,0.0000,0.0000,0.0000,0.0000,0.0000,0.0000,55.84,27.00,37,-11.080,1,450.4
3337.880,+0.0750,+0.0065,-0.0533,-0.0271,-0.4500,5.776,-8.307,0.085,-2.624,0.0000,0.0000,0.0000,0.0000,0.0000,0.0000,0.0000,0.0000,55.84,27.00,37,-10.560,1,450.4
3337.916,+0.0509,+0.0302,-0.0467,-0.0300,-0.4529,5.776,-8.307,0.085,-2.624,0.0000,0.0000,0.0000,0.0000,0.0000,0.0000,0.0000,0.0000,55.31,27.02,37,-10.560,1,445.0
3337.950,+0.0473,-0.0027,-0.0467,-0.0300,-0.4529,5.792,-8.538,0.945,-1.458,0.0000,0.0000,0.0000,0.0000,0.0000,0.0000,0.0000,0.0000,55.31,27.02,37,-11.790,1,445.0
3337.984,+0.0457,+0.0002,-0.0467,-0.0286,-0.4486,5.792,-8.539,1.085,-1.263,0.0000,0.0000,0.0000,0.0000,0.0000,0.0000,0.0000,0.0000,55.31,27.03,36,-12.520,1,445.0
3338.017,+0.0427,-0.0407,-0.0467,-0.0300,-0.4443,5.845,-8.613,1.674,-0.707,0.0000,0.0000,0.0000,0.0000,0.0000,0.0000,0.0000,0.0000,55.31,27.03,36,-12.520,1,445.0
3338.044,+0.0350,+0.0156,-0.0467,-0.0314,-0.4429,5.910,-8.668,1.590,-0.728,0.0000,0.0000,0.0000,0.0000,0.0000,0.0000,0.0000,0.0000,55.31,27.03,36,-11.970,1,445.0
3338.076,+0.0646,+0.0105,-0.0467,-0.0300,-0.4357,5.910,-8.668,1.590,-0.728,0.0000,0.0000,0.0000,0.0000,0.0000,0.0000,0.0000,0.0000,54.77,27.05,36,-13.130,1,439.5
3338.113,+0.0410,+0.0086,-0.0467,-0.0314,-0.4371,5.973,-8.722,1.584,-0.875,0.0000,0.0000,0.0000,0.0000,0.0000,0.0000,0.0000,0.0000,54.77,27.05,36,-11.700,1,439.5
3338.142,+0.0625,-0.0296,-0.0467,-0.0314,-0.4371,5.973,-8.722,1.584,-0.875,0.0000,0.0000,0.0000,0.0000,0.0000,0.0000,0.0000,0.0000,54.77,27.05,36,-11.700,1,439.5
3338.170,+0.0625,+0.0238,-0.0467,-0.0314,-0.4371,5.973,-8.722,1.584,-0.875,0.0000,0.0000,0.0000,0.0000,0.0000,0.0000,0.0000,0.0000,54.77,27.05,36,-11.700,1,439.5
3338.203,+0.0625,+0.0207,-0.0467,-0.0300,-0.4443,6.043,-8.790,1.469,-1.266,0.0000,0.0000,0.0000,0.0000,0.0000,0.0000,0.0000,0.0000,54.77,27.06,37,-10.640,1,439.5
3338.253,+0.0625,+0.0096,-0.0467,-0.0314,-0.4629,6.121,-8.978,0.451,-2.085,0.0000,0.0000,0.0000,0.0000,0.0000,0.0000,0.0000,0.0000,54.77,27.06,37,-9.960,1,439.5
3338.274,+0.0625,+0.0518,-0.0467,-0.0314,-0.4629,6.121,-8.978,0.451,-2.085,0.0000,0.0000,0.0000,0.0000,0.0000,0.0000,0.0000,0.0000,54.77,27.08,37,-9.960,1,439.5
3338.311,+0.0625,+0.0277,-0.0467,-0.0329,-0.4671,6.128,-9.087,0.214,-2.009,0.0000,0.0000,0.0000,0.0000,0.0000,0.0000,0.0000,0.0000,54.20,27.08,37,-9.840,1,434.1
3338.341,+0.0625,+0.0384,-0.0467,-0.0329,-0.4700,6.124,-9.202,0.207,-1.830,0.0000,0.0000,0.0000,0.0000,0.0000,0.0000,0.0000,0.0000,54.20,27.10,37,-9.660,1,434.1
3338.406,+0.0482,+0.0433,-0.0467,-0.0329,-0.4729,6.122,-9.302,0.400,-1.693,0.0000,0.0000,0.0000,0.0000,0.0000,0.0000,0.0000,0.0000,54.20,27.10,37,-9.500,1,434.1
3338.427,+0.0604,+0.0711,-0.0467,-0.0343,-0.4771,6.122,-9.302,0.400,-1.693,0.0000,0.0000,0.0000,0.0000,0.0000,0.0000,0.0000,0.0000,54.20,27.10,37,-9.500,1,434.1
3338.476,+0.0420,+0.0365,-0.0467,-0.0343,-0.4800,6.133,-9.407,0.761,-1.600,0.0000,0.0000,0.0000,0.0000,0.0000,0.0000,0.0000,0.0000,53.60,27.12,37,-9.450,1,428.7
3338.505,+0.0292,+0.0592,-0.0467,-0.0343,-0.4829,6.158,-9.500,1.073,-1.559,0.0000,0.0000,0.0000,0.0000,0.0000,0.0000,0.0000,0.0000,53.60,27.12,37,-9.270,1,428.7
3338.552,+0.0375,+0.0445,-0.0467,-0.0371,-0.4857,6.203,-9.601,1.301,-1.506,0.0000,0.0000,0.0000,0.0000,0.0000,0.0000,0.0000,0.0000,53.60,27.14,37,-9.230,1,428.7
3338.580,+0.0238,+0.0689,-0.0467,-0.0386,-0.4871,6.203,-9.601,1.301,-1.506,0.0000,0.0000,0.0000,0.0000,0.0000,0.0000,0.0000,0.0000,53.60,27.14,37,-9.270,1,428.7
3338.611,+0.0241,+0.0682,-0.0467,-0.0386,-0.4871,6.203,-9.601,1.301,-1.506,0.0000,0.0000,0.0000,0.0000,0.0000,0.0000,0.0000,0.0000,53.60,27.14,37,-9.270,1,428.7
3338.645,+0.0500,+0.0222,-0.0467,-0.0386,-0.4871,6.203,-9.601,1.301,-1.506,0.0000,0.0000,0.0000,0.0000,0.0000,0.0000,0.0000,0.0000,53.60,27.14,37,-9.270,1,428.7
3338.679,+0.0247,+0.0672,-0.0467,-0.0386,-0.4871,6.203,-9.601,1.301,-1.506,0.0000,0.0000,0.0000,0.0000,0.0000,0.0000,0.0000,0.0000,53.60,27.14,37,-9.270,1,428.7
3338.735,+0.0479,-0.0028,-0.0467,-0.0386,-0.4900,6.251,-9.685,1.337,-1.459,0.0000,0.0000,0.0000,0.0000,0.0000,0.0000,0.0000,0.0000,53.60,27.14,37,-9.160,1,428.7
3338.769,+0.0479,-0.0232,-0.0400,-0.0386,-0.4900,6.301,-9.768,0.896,-0.745,0.0000,0.0000,0.0000,0.0000,0.0000,0.0000,0.0000,0.0000,53.60,27.16,37,-9.050,1,428.7
3338.800,+0.0479,-0.0809,-0.0400,-0.0400,-0.4857,6.330,-9.768,1.224,1.742,0.0000,0.0000,0.0000,0.0000,0.0000,0.0000,0.0000,0.0000,52.96,27.16,37,-8.930,1,423.3
3338.822,+0.0479,-0.0568,-0.0400,-0.0386,-0.4814,6.380,-9.628,1.211,3.356,0.0000,0.0000,0.0000,0.0000,0.0000,0.0000,0.0000,0.0000,52.96,27.19,37,-8.970,1,423.3
3338.849,+0.0479,-0.1044,-0.0400,-0.0386,-0.4814,6.381,-9.624,1.211,3.905,0.0000,0.0000,0.0000,0.0000,0.0000,0.0000,0.0000,0.0000,52.96,27.19,37,-8.900,1,423.3
3338.900,+0.0479,-0.0309,-0.0467,-0.0343,-0.4629,6.437,-9.289,0.497,3.116,0.0000,0.0000,0.0000,0.0000,0.0000,0.0000,0.0000,0.0000,52.96,27.23,36,-10.970,1,423.3
3338.930,+0.0194,-0.1053,-0.0467,-0.0343,-0.4629,6.442,-9.173,0.252,2.200,0.0000,0.0000,0.0000,0.0000,0.0000,0.0000,0.0000,0.0000,52.32,27.23,36,-10.740,1,418.0
3338.983,+0.0458,-0.0415,-0.0467,-0.0329,-0.4557,6.437,-9.090,0.110,1.812,0.0000,0.0000,0.0000,0.0000,0.0000,0.0000,0.0000,0.0000,52.32,27.27,36,-10.770,1,418.0
3339.015,+0.0192,-0.0622,-0.0467,-0.0329,-0.4557,6.412,-9.034,-0.244,1.359,0.0000,0.0000,0.0000,0.0000,0.0000,0.0000,0.0000,0.0000,52.32,27.27,36,-10.770,1,418.0
3339.060,+0.0437,-0.0537,-0.0467,-0.0329,-0.4529,6.391,-8.990,0.116,1.008,0.0000,0.0000,0.0000,0.0000,0.0000,0.0000,0.0000,0.0000,52.32,27.31,36,-10.720,1,418.0
3339.084,+0.0090,-0.0222,-0.0467,-0.0329,-0.4529,6.391,-8.990,0.116,1.008,0.0000,0.0000,0.0000,0.0000,0.0000,0.0000,0.0000,0.0000,51.70,27.31,36,-10.720,1,412.6
3339.114,+0.0417,-0.0736,-0.0400,-0.0357,-0.4529,6.386,-8.967,0.256,0.672,0.0000,0.0000,0.0000,0.0000,0.0000,0.0000,0.0000,0.0000,51.70,27.31,36,-10.730,1,412.6
3339.150,+0.0180,-0.0259,-0.0400,-0.0357,-0.4529,6.386,-8.967,0.256,0.672,0.0000,0.0000,0.0000,0.0000,0.0000,0.0000,0.0000,0.0000,51.70,27.31,36,-10.730,1,412.6
3339.185,+0.0148,+0.0182,-0.0400,-0.0357,-0.4529,6.370,-8.982,-0.080,-0.367,0.0000,0.0000,0.0000,0.0000,0.0000,0.0000,0.0000,0.0000,51.70,27.31,36,-10.680,1,412.6
3339.237,+0.0202,-0.0222,-0.0400,-0.0343,-0.4571,6.346,-9.061,0.000,-1.249,0.0000,0.0000,0.0000,0.0000,0.0000,0.0000,0.0000,0.0000,51.70,27.34,36,-10.580,1,412.6
3339.278,+0.0139,-0.0222,-0.0400,-0.0357,-0.4586,6.336,-9.137,0.324,-0.962,0.0000,0.0000,0.0000,0.0000,0.0000,0.0000,0.0000,0.0000,51.09,27.35,36,-10.240,1,407.1
3339.305,+0.0333,+0.0336,-0.0400,-0.0343,-0.4600,6.340,-9.188,0.504,-0.580,0.0000,0.0000,0.0000,0.0000,0.0000,0.0000,0.0000,0.0000,51.09,27.35,36,-10.150,1,407.1
3339.338,+0.0077,+0.0271,-0.0400,-0.0371,-0.4600,6.354,-9.216,0.687,-0.143,0.0000,0.0000,0.0000,0.0000,0.0000,0.0000,0.0000,0.0000,51.09,27.37,36,-10.210,1,407.1
3339.380,+0.0099,-0.0148,-0.0400,-0.0357,-0.4614,6.355,-9.217,0.723,-0.060,0.0000,0.0000,0.0000,0.0000,0.0000,0.0000,0.0000,0.0000,51.09,27.37,36,-10.230,1,407.1
3339.410,+0.0292,-0.0148,-0.0267,-0.0471,-0.4643,6.377,-9.231,0.751,0.104,0.0000,0.0000,0.0000,0.0000,0.0000,0.0000,0.0000,0.0000,51.09,27.37,36,-9.820,1,407.1
3339.448,+0.0292,-0.0148,-0.0267,-0.0471,-0.4643,6.399,-9.240,0.640,0.102,0.0000,0.0000,0.0000,0.0000,0.0000,0.0000,0.0000,0.0000,51.09,27.37,36,-10.020,1,407.1
3339.476,-0.0013,+0.0393,-0.0200,-0.0529,-0.4671,6.399,-9.240,0.640,0.102,0.0000,0.0000,0.0000,0.0000,0.0000,0.0000,0.0000,0.0000,50.48,27.39,36,-10.020,1,401.7
3339.506,+0.0271,-0.0111,-0.0200,-0.0529,-0.4671,6.415,-9.250,0.457,0.031,0.0000,0.0000,0.0000,0.0000,0.0000,0.0000,0.0000,0.0000,50.48,27.39,36,-10.100,1,401.7
3339.535,+0.0271,-0.0111,-0.0133,-0.0543,-0.4657,6.402,-9.256,-0.206,0.186,0.0000,0.0000,0.0000,0.0000,0.0000,0.0000,0.0000,0.0000,50.48,27.39,36,-9.910,1,401.7
3339.578,+0.0271,-0.0111,-0.0133,-0.0557,-0.4671,6.402,-9.256,-0.175,0.183,0.0000,0.0000,0.0000,0.0000,0.0000,0.0000,0.0000,0.0000,50.48,27.42,36,-9.770,1,401.7
3339.602,-0.0080,-0.0734,-0.0133,-0.0557,-0.4671,6.402,-9.256,-0.175,0.183,0.0000,0.0000,0.0000,0.0000,0.0000,0.0000,0.0000,0.0000,50.48,27.42,36,-9.770,1,401.7
3339.638,+0.0250,-0.0148,-0.0133,-0.0557,-0.4671,6.402,-9.256,-0.175,0.183,0.0000,0.0000,0.0000,0.0000,0.0000,0.0000,0.0000,0.0000,50.48,27.42,36,-9.770,1,401.7
3339.669,+0.0250,-0.0638,-0.0133,-0.0557,-0.4671,6.402,-9.256,-0.175,0.183,0.0000,0.0000,0.0000,0.0000,0.0000,0.0000,0.0000,0.0000,50.48,27.42,36,-9.770,1,401.7
3339.698,+0.0250,-0.0708,-0.0133,-0.0557,-0.4671,6.402,-9.256,-0.175,0.183,0.0000,0.0000,0.0000,0.0000,0.0000,0.0000,0.0000,0.0000,50.48,27.42,36,-9.770,1,401.7
3339.738,+0.0250,-0.0222,-0.0133,-0.0557,-0.4643,6.360,-9.189,-0.316,1.677,0.0000,0.0000,0.0000,0.0000,0.0000,0.0000,0.0000,0.0000,50.48,27.42,36,-10.010,1,401.7
3339.781,+0.0043,-0.0591,-0.0133,-0.0557,-0.4614,6.360,-9.189,-0.316,1.677,0.0000,0.0000,0.0000,0.0000,0.0000,0.0000,0.0000,0.0000,49.83,27.44,36,-10.340,1,396.0
3339.807,+0.0229,-0.0826,-0.0133,-0.0557,-0.4586,6.271,-9.040,-0.812,1.516,0.0000,0.0000,0.0000,0.0000,0.0000,0.0000,0.0000,0.0000,49.83,27.44,36,-10.400,1,396.0
3339.834,+0.0229,-0.0854,-0.0133,-0.0557,-0.4557,6.271,-9.040,-0.812,1.516,0.0000,0.0000,0.0000,0.0000,0.0000,0.0000,0.0000,0.0000,49.83,27.47,36,-10.480,1,396.0
3339.873,+0.0005,-0.0333,-0.0133,-0.0557,-0.4529,6.207,-8.987,-0.887,1.133,0.0000,0.0000,0.0000,0.0000,0.0000,0.0000,0.0000,0.0000,49.83,27.47,36,-10.450,1,396.0
3339.917,+0.0208,-0.0333,-0.0133,-0.0557,-0.4529,6.150,-8.952,-0.752,0.979,0.0000,0.0000,0.0000,0.0000,0.0000,0.0000,0.0000,0.0000,49.19,27.49,36,-10.590,1,390.3
3339.946,-0.0093,-0.0333,-0.0133,-0.0543,-0.4514,6.030,-8.949,-2.473,-0.110,0.0000,0.0000,0.0000,0.0000,0.0000,0.0000,0.0000,0.0000,49.19,27.49,36,-10.820,1,390.3
3339.974,+0.0187,-0.0333,-0.0133,-0.0543,-0.4514,6.030,-8.949,-2.473,-0.110,0.0000,0.0000,0.0000,0.0000,0.0000,0.0000,0.0000,0.0000,49.19,27.51,35,-10.710,1,390.3
3340.009,-0.0061,-0.0333,-0.0133,-0.0529,-0.4500,5.862,-8.974,-3.652,0.137,0.0000,0.0000,0.0000,0.0000,0.0000,0.0000,0.0000,0.0000,49.19,27.51,35,-10.600,1,390.3
3340.052,+0.0167,-0.0333,-0.0133,-0.0557,-0.4500,5.394,-8.982,-4.451,-0.537,0.0000,0.0000,0.0000,0.0000,0.0000,0.0000,0.0000,0.0000,49.19,27.51,35,-10.420,1,390.3
3340.088,+0.0167,-0.0333,-0.0200,-0.0514,-0.4514,5.394,-8.982,-4.451,-0.537,0.0000,0.0000,0.0000,0.0000,0.0000,0.0000,0.0000,0.0000,48.57,27.53,35,-10.420,1,384.6
3340.114,+0.0167,-0.0333,-0.0200,-0.0500,-0.4529,5.141,-9.026,-4.961,-0.831,0.0000,0.0000,0.0000,0.0000,0.0000,0.0000,0.0000,0.0000,48.57,27.53,35,-10.410,1,384.6
3340.154,+0.0387,+0.0059,-0.0200,-0.0500,-0.4529,5.141,-9.026,-4.961,-0.831,0.0000,0.0000,0.0000,0.0000,0.0000,0.0000,0.0000,0.0000,48.57,27.53,35,-10.410,1,384.6
3340.179,+0.0187,-0.0296,-0.0200,-0.0500,-0.4529,5.131,-9.028,-4.957,-0.829,0.0000,0.0000,0.0000,0.0000,0.0000,0.0000,0.0000,0.0000,48.57,27.53,35,-10.410,1,384.6
3340.204,+0.0187,+0.0309,-0.0200,-0.0500,-0.4529,4.873,-9.072,-5.309,-0.743,0.0000,0.0000,0.0000,0.0000,0.0000,0.0000,0.0000,0.0000,48.57,27.54,35,-10.400,1,384.6
3340.245,+0.0187,-0.0259,-0.0267,-0.0457,-0.4486,4.266,-9.148,-5.682,-0.430,0.0000,0.0000,0.0000,0.0000,0.0000,0.0000,0.0000,0.0000,48.57,27.54,35,-11.600,1,384.6
3340.299,+0.0187,+0.0039,-0.0267,-0.0471,-0.4471,3.970,-9.183,-5.594,-0.439,0.0000,0.0000,0.0000,0.0000,0.0000,0.0000,0.0000,0.0000,47.95,27.56,35,-10.200,1,378.9
3340.335,+0.0187,-0.0222,-0.0267,-0.0457,-0.4514,3.959,-9.184,-5.424,-0.434,0.0000,0.0000,0.0000,0.0000,0.0000,0.0000,0.0000,0.0000,47.95,27.56,35,-10.260,1,378.9
3340.363,+0.0187,-0.0222,-0.0267,-0.0457,-0.4514,3.686,-9.219,-5.151,-0.460,0.0000,0.0000,0.0000,0.0000,0.0000,0.0000,0.0000,0.0000,47.95,27.57,35,-10.260,1,378.9
3340.387,-0.0161,+0.0397,-0.0267,-0.0443,-0.4471,3.686,-9.219,-5.151,-0.460,0.0000,0.0000,0.0000,0.0000,0.0000,0.0000,0.0000,0.0000,47.95,27.57,35,-11.510,1,378.9
3340.434,+0.0167,-0.0185,-0.0267,-0.0429,-0.4400,3.428,-9.253,-3.986,-0.165,0.0000,0.0000,0.0000,0.0000,0.0000,0.0000,0.0000,0.0000,47.95,27.57,35,-11.160,1,378.9
3340.461,+0.0167,-0.0185,-0.0267,-0.0457,-0.4429,3.250,-9.259,-3.492,0.092,0.0000,0.0000,0.0000,0.0000,0.0000,0.0000,0.0000,0.0000,47.95,27.59,35,-10.390,1,378.9
3340.490,+0.0167,-0.0185,-0.0267,-0.0457,-0.4429,3.250,-9.259,-3.492,0.092,0.0000,0.0000,0.0000,0.0000,0.0000,0.0000,0.0000,0.0000,47.34,27.59,35,-10.390,1,373.4
3340.513,+0.0167,-0.0185,-0.0267,-0.0443,-0.4471,3.107,-9.265,-2.757,0.074,0.0000,0.0000,0.0000,0.0000,0.0000,0.0000,0.0000,0.0000,47.34,27.59,35,-10.150,1,373.4
3340.546,+0.0167,-0.0185,-0.0267,-0.0429,-0.4486,2.958,-9.268,-2.669,0.101,0.0000,0.0000,0.0000,0.0000,0.0000,0.0000,0.0000,0.0000,47.34,27.60,35,-10.190,1,373.4
3340.581,+0.0167,-0.0185,-0.0333,-0.0429,-0.4486,2.955,-9.268,-2.733,0.188,0.0000,0.0000,0.0000,0.0000,0.0000,0.0000,0.0000,0.0000,47.34,27.60,35,-10.200,1,373.4
3340.607,+0.0167,-0.0185,-0.0333,-0.0429,-0.4486,2.955,-9.268,-2.733,0.188,0.0000,0.0000,0.0000,0.0000,0.0000,0.0000,0.0000,0.0000,47.34,27.60,35,-10.200,1,373.4
3340.642,+0.0167,-0.0185,-0.0333,-0.0429,-0.4486,2.955,-9.268,-2.733,0.188,0.0000,0.0000,0.0000,0.0000,0.0000,0.0000,0.0000,0.0000,47.34,27.60,35,-10.200,1,373.4
3340.670,+0.0167,+0.0361,-0.0333,-0.0429,-0.4486,2.955,-9.268,-2.733,0.188,0.0000,0.0000,0.0000,0.0000,0.0000,0.0000,0.0000,0.0000,47.34,27.60,35,-10.200,1,373.4
3340.713,+0.0167,-0.0148,-0.0333,-0.0429,-0.4486,2.955,-9.268,-2.733,0.188,0.0000,0.0000,0.0000,0.0000,0.0000,0.0000,0.0000,0.0000,47.34,27.60,35,-10.200,1,373.4
3340.761,+0.0167,+0.0182,-0.0333,-0.0429,-0.4543,2.632,-9.342,-3.029,-0.917,0.0000,0.0000,0.0000,0.0000,0.0000,0.0000,0.0000,0.0000,47.34,27.62,35,-10.210,1,373.4
3340.780,+0.0167,-0.0111,-0.0333,-0.0429,-0.4543,2.632,-9.342,-3.029,-0.917,0.0000,0.0000,0.0000,0.0000,0.0000,0.0000,0.0000,0.0000,46.70,27.62,35,-10.210,1,367.8
3340.815,+0.0167,+0.0324,-0.0333,-0.0414,-0.4557,2.471,-9.422,-2.656,-1.292,0.0000,0.0000,0.0000,0.0000,0.0000,0.0000,0.0000,0.0000,46.70,27.62,35,-9.980,1,367.8
3340.840,+0.0167,-0.0074,-0.0333,-0.0414,-0.4557,2.471,-9.422,-2.656,-1.292,0.0000,0.0000,0.0000,0.0000,0.0000,0.0000,0.0000,0.0000,46.70,27.63,35,-9.980,1,367.8
3340.876,+0.0167,+0.0347,-0.0333,-0.0414,-0.4586,2.100,-9.582,-2.120,-0.563,0.0000,0.0000,0.0000,0.0000,0.0000,0.0000,0.0000,0.0000,46.70,27.63,35,-9.930,1,367.8
3340.929,+0.0167,+0.0268,-0.0333,-0.0414,-0.4586,1.992,-9.613,-1.860,-0.327,0.0000,0.0000,0.0000,0.0000,0.0000,0.0000,0.0000,0.0000,46.06,27.65,35,-10.040,1,362.2
3340.958,+0.0458,+0.0000,-0.0333,-0.0386,-0.4471,1.988,-9.614,-1.797,-0.269,0.0000,0.0000,0.0000,0.0000,0.0000,0.0000,0.0000,0.0000,46.06,27.65,35,-11.260,1,362.2
3340.997,+0.0187,+0.0000,-0.0333,-0.0386,-0.4471,1.894,-9.631,-1.849,-0.163,0.0000,0.0000,0.0000,0.0000,0.0000,0.0000,0.0000,0.0000,46.06,27.66,35,-10.700,1,362.2
3341.019,+0.0562,+0.0000,-0.0333,-0.0386,-0.4471,1.794,-9.650,-1.704,-0.308,0.0000,0.0000,0.0000,0.0000,0.0000,0.0000,0.0000,0.0000,46.06,27.66,35,-11.420,1,362.2
3341.046,+0.0208,+0.0000,-0.0400,-0.0371,-0.4486,1.697,-9.673,-1.772,-0.175,0.0000,0.0000,0.0000,0.0000,0.0000,0.0000,0.0000,0.0000,46.06,27.66,35,-11.420,1,362.2
3341.077,+0.0484,+0.0000,-0.0400,-0.0371,-0.4371,1.697,-9.673,-1.772,-0.175,0.0000,0.0000,0.0000,0.0000,0.0000,0.0000,0.0000,0.0000,45.38,27.68,34,-12.890,1,356.4
3341.102,+0.0229,+0.0583,-0.0400,-0.0371,-0.4371,1.693,-9.673,-1.804,-0.111,0.0000,0.0000,0.0000,0.0000,0.0000,0.0000,0.0000,0.0000,45.38,27.68,34,-13.490,1,356.4
3341.148,+0.0229,+0.0037,-0.0400,-0.0329,-0.4271,1.693,-9.673,-1.804,-0.111,0.0000,0.0000,0.0000,0.0000,0.0000,0.0000,0.0000,0.0000,45.38,27.68,34,-13.490,1,356.4
3341.171,+0.0604,+0.0037,-0.0400,-0.0329,-0.4271,1.693,-9.673,-1.804,-0.111,0.0000,0.0000,0.0000,0.0000,0.0000,0.0000,0.0000,0.0000,45.38,27.68,34,-13.490,1,356.4
3341.207,+0.0250,+0.0037,-0.0400,-0.0329,-0.4186,1.602,-9.683,-1.691,0.053,0.0000,0.0000,0.0000,0.0000,0.0000,0.0000,0.0000,0.0000,45.38,27.69,34,-13.780,1,356.4
3341.239,+0.0250,+0.0037,-0.0400,-0.0357,-0.4300,1.436,-9.697,-1.186,0.054,0.0000,0.0000,0.0000,0.0000,0.0000,0.0000,0.0000,0.0000,45.38,27.69,34,-11.780,1,356.4
3341.275,+0.0250,+0.0037,-0.0467,-0.0300,-0.4243,1.433,-9.697,-1.124,0.050,0.0000,0.0000,0.0000,0.0000,0.0000,0.0000,0.0000,0.0000,44.87,27.71,34,-13.040,1,352.1
3341.301,+0.0250,+0.0037,-0.0400,-0.0343,-0.4171,1.373,-9.705,-0.931,0.046,0.0000,0.0000,0.0000,0.0000,0.0000,0.0000,0.0000,0.0000,44.87,27.71,34,-13.560,1,352.1
3341.345,+0.0250,+0.0037,-0.0400,-0.0314,-0.4114,1.321,-9.711,-0.901,0.080,0.0000,0.0000,0.0000,0.0000,0.0000,0.0000,0.0000,0.0000,44.87,27.73,34,-13.810,1,352.1
3341.375,+0.0529,+0.0037,-0.0400,-0.0314,-0.4086,1.320,-9.712,-0.893,0.089,0.0000,0.0000,0.0000,0.0000,0.0000,0.0000,0.0000,0.0000,44.87,27.73,34,-13.870,1,352.1
3341.411,+0.0271,+0.0037,-0.0400,-0.0300,-0.4014,1.242,-9.700,-0.348,0.648,0.0000,0.0000,0.0000,0.0000,0.0000,0.0000,0.0000,0.0000,44.87,27.73,34,-13.960,1,352.1
3341.449,+0.0271,+0.0037,-0.0400,-0.0300,-0.4014,1.242,-9.699,-0.212,0.744,0.0000,0.0000,0.0000,0.0000,0.0000,0.0000,0.0000,0.0000,44.87,27.73,34,-13.980,1,352.1
3341.481,+0.0540,+0.0037,-0.0467,-0.0271,-0.3986,1.242,-9.699,-0.212,0.744,0.0000,0.0000,0.0000,0.0000,0.0000,0.0000,0.0000,0.0000,44.19,27.75,33,-13.980,1,346.3
3341.512,+0.0292,-0.0454,-0.0400,-0.0300,-0.3957,1.233,-9.664,0.041,0.881,0.0000,0.0000,0.0000,0.0000,0.0000,0.0000,0.0000,0.0000,44.19,27.75,33,-13.990,1,346.3
3341.538,+0.0619,+0.0000,-0.0400,-0.0314,-0.3971,1.241,-9.644,0.407,-0.008,0.0000,0.0000,0.0000,0.0000,0.0000,0.0000,0.0000,0.0000,44.19,27.77,33,-13.990,1,346.3
3341.577,+0.0534,+0.0393,-0.0400,-0.0271,-0.3957,1.241,-9.644,0.528,-0.291,0.0000,0.0000,0.0000,0.0000,0.0000,0.0000,0.0000,0.0000,44.19,27.77,33,-13.990,1,346.3
3341.610,+0.0594,+0.0037,-0.0400,-0.0271,-0.3957,1.241,-9.644,0.528,-0.291,0.0000,0.0000,0.0000,0.0000,0.0000,0.0000,0.0000,0.0000,44.19,27.77,33,-13.990,1,346.3
3341.644,+0.0609,+0.0944,-0.0400,-0.0271,-0.3957,1.241,-9.644,0.528,-0.291,0.0000,0.0000,0.0000,0.0000,0.0000,0.0000,0.0000,0.0000,44.19,27.77,33,-13.990,1,346.3
3341.673,+0.0375,+0.1671,-0.0400,-0.0271,-0.3957,1.241,-9.644,0.528,-0.291,0.0000,0.0000,0.0000,0.0000,0.0000,0.0000,0.0000,0.0000,44.19,27.77,33,-13.990,1,346.3
3341.703,+0.0662,+0.1754,-0.0400,-0.0271,-0.3957,1.241,-9.644,0.528,-0.291,0.0000,0.0000,0.0000,0.0000,0.0000,0.0000,0.0000,0.0000,44.19,27.77,33,-13.990,1,346.3
3341.752,+0.0396,+0.1311,-0.0467,-0.0314,-0.4257,1.256,-9.924,-0.775,-5.676,0.0000,0.0000,0.0000,0.0000,0.0000,0.0000,0.0000,0.0000,44.19,27.77,33,-11.230,1,346.3
3341.788,+0.0396,+0.1714,-0.0467,-0.0314,-0.4257,1.218,-10.230,-0.560,-6.374,0.0000,0.0000,0.0000,0.0000,0.0000,0.0000,0.0000,0.0000,43.53,27.78,34,-11.230,1,340.8
3341.828,+0.0175,+0.1731,-0.0400,-0.0329,-0.4414,1.195,-10.577,0.072,-6.019,0.0000,0.0000,0.0000,0.0000,0.0000,0.0000,0.0000,0.0000,43.53,27.78,35,-10.210,1,340.8
3341.858,+0.0090,+0.1680,-0.0467,-0.0329,-0.4500,1.207,-10.844,0.902,-4.731,0.0000,0.0000,0.0000,0.0000,0.0000,0.0000,0.0000,0.0000,43.53,27.78,35,-9.420,1,340.8
3341.883,+0.0354,+0.1947,-0.0400,-0.0400,-0.4829,1.250,-11.049,1.524,-3.802,0.0000,0.0000,0.0000,0.0000,0.0000,0.0000,0.0000,0.0000,43.53,27.78,35,-8.070,1,340.8
3341.933,+0.0354,+0.1762,-0.0400,-0.0400,-0.4829,1.324,-11.235,1.823,-3.424,0.0000,0.0000,0.0000,0.0000,0.0000,0.0000,0.0000,0.0000,42.85,27.78,35,-7.760,1,335.4
3341.961,+0.0657,+0.2002,-0.0333,-0.0443,-0.5043,1.414,-11.408,2.138,-3.589,0.0000,0.0000,0.0000,0.0000,0.0000,0.0000,0.0000,0.0000,42.85,27.79,35,-7.570,1,335.4
3341.998,+0.0375,+0.1849,-0.0400,-0.0414,-0.5071,1.416,-11.412,2.124,-3.576,0.0000,0.0000,0.0000,0.0000,0.0000,0.0000,0.0000,0.0000,42.85,27.79,35,-7.380,1,335.4
3342.042,+0.0576,+0.1431,-0.0467,-0.0386,-0.5129,1.506,-11.579,1.151,-1.909,0.0000,0.0000,0.0000,0.0000,0.0000,0.0000,0.0000,0.0000,42.85,27.79,35,-7.050,1,335.4
3342.076,+0.0396,+0.0659,-0.0400,-0.0429,-0.5114,1.556,-11.620,1.703,0.603,0.0000,0.0000,0.0000,0.0000,0.0000,0.0000,0.0000,0.0000,42.06,27.81,36,-6.870,1,329.8
3342.108,+0.0661,+0.0132,-0.0400,-0.0400,-0.5029,1.684,-11.401,2.367,5.194,0.0000,0.0000,0.0000,0.0000,0.0000,0.0000,0.0000,0.0000,42.06,27.81,36,-6.940,1,329.8
3342.135,+0.0733,-0.0124,-0.0400,-0.0400,-0.5029,1.684,-11.401,2.367,5.194,0.0000,0.0000,0.0000,0.0000,0.0000,0.0000,0.0000,0.0000,42.06,27.81,36,-6.940,1,329.8
3342.170,+0.0682,-0.0378,-0.0400,-0.0400,-0.5029,1.684,-11.401,2.367,5.194,0.0000,0.0000,0.0000,0.0000,0.0000,0.0000,0.0000,0.0000,42.06,27.81,36,-6.940,1,329.8
3342.203,+0.0986,-0.0593,-0.0400,-0.0414,-0.5014,1.804,-11.047,1.631,6.817,0.0000,0.0000,0.0000,0.0000,0.0000,0.0000,0.0000,0.0000,42.06,27.85,35,-7.370,1,329.8
3342.235,+0.1038,-0.0253,-0.0400,-0.0429,-0.5000,1.875,-10.744,0.618,4.845,0.0000,0.0000,0.0000,0.0000,0.0000,0.0000,0.0000,0.0000,42.06,27.85,35,-8.480,1,329.8
3342.290,+0.0707,+0.0043,-0.0467,-0.0357,-0.4900,1.892,-10.573,-0.211,3.046,0.0000,0.0000,0.0000,0.0000,0.0000,0.0000,0.0000,0.0000,41.22,27.91,35,-9.030,1,324.1
3342.328,+0.0792,-0.0260,-0.0467,-0.0329,-0.4843,1.866,-10.438,-0.713,2.426,0.0000,0.0000,0.0000,0.0000,0.0000,0.0000,0.0000,0.0000,41.22,27.91,35,-9.180,1,324.1
3342.364,+0.0819,-0.0356,-0.0467,-0.0329,-0.4786,1.817,-10.329,-0.910,2.365,0.0000,0.0000,0.0000,0.0000,0.0000,0.0000,0.0000,0.0000,41.22,27.96,34,-9.180,1,324.1
3342.394,+0.0604,-0.0634,-0.0467,-0.0343,-0.4743,1.817,-10.329,-0.910,2.365,0.0000,0.0000,0.0000,0.0000,0.0000,0.0000,0.0000,0.0000,41.22,27.96,34,-10.460,1,324.1
3342.418,+0.0604,-0.0270,-0.0467,-0.0329,-0.4614,1.760,-10.213,-0.475,2.532,0.0000,0.0000,0.0000,0.0000,0.0000,0.0000,0.0000,0.0000,41.22,27.96,34,-10.250,1,324.1
3342.445,+0.0286,-0.0269,-0.0467,-0.0329,-0.4614,1.731,-10.075,0.082,3.433,0.0000,0.0000,0.0000,0.0000,0.0000,0.0000,0.0000,0.0000,41.22,27.96,34,-10.250,1,324.1
3342.483,+0.0356,-0.0548,-0.0467,-0.0343,-0.4571,1.731,-10.075,0.082,3.433,0.0000,0.0000,0.0000,0.0000,0.0000,0.0000,0.0000,0.0000,40.43,28.00,34,-9.990,1,318.3
3342.517,+0.0563,-0.0273,-0.0467,-0.0343,-0.4543,1.731,-9.909,0.653,3.820,0.0000,0.0000,0.0000,0.0000,0.0000,0.0000,0.0000,0.0000,40.43,28.00,34,-9.720,1,318.3
3342.552,+0.0319,-0.0719,-0.0400,-0.0371,-0.4543,1.764,-9.730,1.137,3.563,0.0000,0.0000,0.0000,0.0000,0.0000,0.0000,0.0000,0.0000,40.43,28.04,34,-9.610,1,318.3
3342.578,+0.0542,-0.0507,-0.0400,-0.0357,-0.4557,1.764,-9.730,1.137,3.563,0.0000,0.0000,0.0000,0.0000,0.0000,0.0000,0.0000,0.0000,40.43,28.04,34,-9.700,1,318.3
3342.614,+0.0542,-0.0824,-0.0400,-0.0357,-0.4557,1.764,-9.730,1.137,3.563,0.0000,0.0000,0.0000,0.0000,0.0000,0.0000,0.0000,0.0000,40.43,28.04,34,-9.700,1,318.3
3342.639,+0.0542,-0.0639,-0.0400,-0.0357,-0.4557,1.764,-9.730,1.137,3.563,0.0000,0.0000,0.0000,0.0000,0.0000,0.0000,0.0000,0.0000,40.43,28.04,34,-9.700,1,318.3
3342.684,+0.0542,-0.1117,-0.0400,-0.0357,-0.4557,1.764,-9.730,1.137,3.563,0.0000,0.0000,0.0000,0.0000,0.0000,0.0000,0.0000,0.0000,40.43,28.04,34,-9.700,1,318.3
3342.712,+0.0844,-0.0722,-0.0400,-0.0357,-0.4557,1.764,-9.730,1.137,3.563,0.0000,0.0000,0.0000,0.0000,0.0000,0.0000,0.0000,0.0000,40.43,28.04,34,-9.700,1,318.3
3342.744,+0.0835,-0.1193,-0.0400,-0.0357,-0.4529,1.898,-9.419,1.434,3.220,0.0000,0.0000,0.0000,0.0000,0.0000,0.0000,0.0000,0.0000,40.43,28.04,34,-9.860,1,318.3
3342.791,+0.0583,-0.0632,-0.0400,-0.0343,-0.4486,1.957,-9.268,1.008,3.285,0.0000,0.0000,0.0000,0.0000,0.0000,0.0000,0.0000,0.0000,39.74,28.07,34,-9.860,1,312.7
3342.826,+0.0832,-0.1217,-0.0400,-0.0329,-0.4414,1.993,-9.105,0.658,3.318,0.0000,0.0000,0.0000,0.0000,0.0000,0.0000,0.0000,0.0000,39.74,28.09,34,-10.110,1,312.7
3342.852,+0.0922,-0.1536,-0.0467,-0.0329,-0.4386,2.000,-8.948,-0.033,3.365,0.0000,0.0000,0.0000,0.0000,0.0000,0.0000,0.0000,0.0000,39.74,28.09,34,-10.340,1,312.7
3342.880,+0.0928,-0.1020,-0.0467,-0.0286,-0.4314,1.989,-8.789,-0.136,3.329,0.0000,0.0000,0.0000,0.0000,0.0000,0.0000,0.0000,0.0000,39.74,28.09,34,-10.590,1,312.7
3342.922,+0.0646,-0.1261,-0.0467,-0.0314,-0.4286,1.988,-8.782,-0.199,3.308,0.0000,0.0000,0.0000,0.0000,0.0000,0.0000,0.0000,0.0000,39.11,28.11,34,-10.590,1,307.1
3342.948,+0.0646,-0.1188,-0.0467,-0.0286,-0.4257,1.968,-8.635,-0.415,3.366,0.0000,0.0000,0.0000,0.0000,0.0000,0.0000,0.0000,0.0000,39.11,28.11,34,-11.000,1,307.1
3342.987,+0.0646,-0.1420,-0.0467,-0.0257,-0.4200,1.941,-8.476,0.035,2.782,0.0000,0.0000,0.0000,0.0000,0.0000,0.0000,0.0000,0.0000,39.11,28.13,33,-11.010,1,307.1
3343.010,+0.1009,-0.0058,-0.0467,-0.0257,-0.4200,1.948,-8.431,-0.116,-0.979,0.0000,0.0000,0.0000,0.0000,0.0000,0.0000,0.0000,0.0000,39.11,28.13,33,-11.010,1,307.1
3343.048,+0.0667,-0.0667,-0.0467,-0.0286,-0.4229,1.930,-8.553,-0.219,-2.705,0.0000,0.0000,0.0000,0.0000,0.0000,0.0000,0.0000,0.0000,39.11,28.13,33,-11.430,1,307.1
3343.074,+0.0667,-0.0096,-0.0467,-0.0286,-0.4229,1.930,-8.553,-0.219,-2.705,0.0000,0.0000,0.0000,0.0000,0.0000,0.0000,0.0000,0.0000,39.11,28.13,33,-11.430,1,307.1
3343.118,+0.0871,-0.0266,-0.0533,-0.0243,-0.4157,1.914,-8.729,-0.108,-3.184,0.0000,0.0000,0.0000,0.0000,0.0000,0.0000,0.0000,0.0000,38.53,28.13,33,-12.850,1,301.4
3343.153,+0.0688,-0.0163,-0.0533,-0.0243,-0.4157,1.914,-8.729,-0.108,-3.184,0.0000,0.0000,0.0000,0.0000,0.0000,0.0000,0.0000,0.0000,38.53,28.13,33,-12.850,1,301.4
3343.213,+0.0688,-0.0283,-0.0467,-0.0271,-0.4157,1.908,-8.864,0.134,-2.029,0.0000,0.0000,0.0000,0.0000,0.0000,0.0000,0.0000,0.0000,38.53,28.12,33,-10.990,1,301.4
3343.240,+0.0688,+0.0590,-0.0467,-0.0271,-0.4214,1.920,-8.987,0.403,-0.565,0.0000,0.0000,0.0000,0.0000,0.0000,0.0000,0.0000,0.0000,38.53,28.12,33,-10.480,1,301.4
3343.264,+0.0688,+0.0199,-0.0467,-0.0271,-0.4243,1.920,-8.987,0.403,-0.565,0.0000,0.0000,0.0000,0.0000,0.0000,0.0000,0.0000,0.0000,38.53,28.11,33,-10.310,1,301.4
3343.288,+0.0688,+0.0211,-0.0467,-0.0271,-0.4243,1.920,-8.987,0.403,-0.565,0.0000,0.0000,0.0000,0.0000,0.0000,0.0000,0.0000,0.0000,37.97,28.11,33,-10.310,1,295.8
3343.314,+0.1010,-0.0370,-0.0467,-0.0271,-0.4271,1.936,-9.022,0.465,-0.509,0.0000,0.0000,0.0000,0.0000,0.0000,0.0000,0.0000,0.0000,37.97,28.11,33,-10.330,1,295.8
3343.355,+0.0708,+0.0015,-0.0467,-0.0286,-0.4314,1.973,-9.056,0.945,-0.446,0.0000,0.0000,0.0000,0.0000,0.0000,0.0000,0.0000,0.0000,37.97,28.10,33,-9.900,1,295.8
3343.382,+0.0708,-0.0333,-0.0467,-0.0286,-0.4314,1.973,-9.056,0.945,-0.446,0.0000,0.0000,0.0000,0.0000,0.0000,0.0000,0.0000,0.0000,37.97,28.10,33,-9.840,1,295.8
3343.407,+0.1042,+0.0259,-0.0467,-0.0271,-0.4300,2.017,-9.091,1.112,-0.623,0.0000,0.0000,0.0000,0.0000,0.0000,0.0000,0.0000,0.0000,37.97,28.10,33,-11.450,1,295.8
3343.446,+0.0955,-0.0296,-0.0467,-0.0271,-0.4300,2.075,-9.144,1.352,-1.187,0.0000,0.0000,0.0000,0.0000,0.0000,0.0000,0.0000,0.0000,37.97,28.10,33,-11.450,1,295.8
3343.483,+0.0750,+0.0116,-0.0467,-0.0286,-0.4286,2.075,-9.144,1.352,-1.187,0.0000,0.0000,0.0000,0.0000,0.0000,0.0000,0.0000,0.0000,37.36,28.10,33,-10.850,1,290.1
3343.526,+0.0958,+0.0111,-0.0533,-0.0243,-0.4300,2.144,-9.245,1.217,-1.975,0.0000,0.0000,0.0000,0.0000,0.0000,0.0000,0.0000,0.0000,37.36,28.10,33,-10.290,1,290.1
3343.552,+0.0771,+0.0347,-0.0533,-0.0257,-0.4343,2.144,-9.245,1.217,-1.975,0.0000,0.0000,0.0000,0.0000,0.0000,0.0000,0.0000,0.0000,37.36,28.09,33,-10.290,1,290.1
3343.601,+0.0953,+0.0138,-0.0467,-0.0271,-0.4357,2.194,-9.348,1.087,-1.993,0.0000,0.0000,0.0000,0.0000,0.0000,0.0000,0.0000,0.0000,37.36,28.09,33,-10.150,1,290.1
3343.628,+0.0792,+0.0422,-0.0467,-0.0271,-0.4357,2.194,-9.348,1.087,-1.993,0.0000,0.0000,0.0000,0.0000,0.0000,0.0000,0.0000,0.0000,37.36,28.09,33,-10.150,1,290.1
3343.654,+0.1114,+0.0462,-0.0467,-0.0271,-0.4357,2.194,-9.348,1.087,-1.993,0.0000,0.0000,0.0000,0.0000,0.0000,0.0000,0.0000,0.0000,37.36,28.09,33,-10.150,1,290.1
3343.678,+0.0813,+0.0549,-0.0467,-0.0271,-0.4357,2.194,-9.348,1.087,-1.993,0.0000,0.0000,0.0000,0.0000,0.0000,0.0000,0.0000,0.0000,37.36,28.09,33,-10.150,1,290.1
3343.705,+0.0813,-0.0037,-0.0467,-0.0271,-0.4357,2.194,-9.348,1.087,-1.993,0.0000,0.0000,0.0000,0.0000,0.0000,0.0000,0.0000,0.0000,37.36,28.09,33,-10.150,1,290.1
3343.741,+0.1057,+0.0398,-0.0467,-0.0286,-0.4400,2.244,-9.462,0.951,-1.765,0.0000,0.0000,0.0000,0.0000,0.0000,0.0000,0.0000,0.0000,37.36,28.09,33,-9.850,1,290.1
3343.771,+0.0833,+0.0498,-0.0533,-0.0271,-0.4414,2.244,-9.462,0.951,-1.765,0.0000,0.0000,0.0000,0.0000,0.0000,0.0000,0.0000,0.0000,36.88,28.09,33,-9.760,1,285.7
3343.821,+0.0833,+0.0356,-0.0533,-0.0286,-0.4486,2.328,-9.632,1.138,-1.415,0.0000,0.0000,0.0000,0.0000,0.0000,0.0000,0.0000,0.0000,36.88,28.09,33,-9.450,1,285.7
3343.855,+0.0833,+0.0530,-0.0467,-0.0300,-0.4500,2.440,-9.791,1.694,-1.358,0.0000,0.0000,0.0000,0.0000,0.0000,0.0000,0.0000,0.0000,36.88,28.09,33,-9.380,1,285.7
3343.888,+0.1090,+0.0568,-0.0467,-0.0286,-0.4486,2.524,-9.857,2.058,-1.120,0.0000,0.0000,0.0000,0.0000,0.0000,0.0000,0.0000,0.0000,36.88,28.09,33,-9.660,1,285.7
3343.917,+0.0854,+0.0148,-0.0467,-0.0286,-0.4486,2.524,-9.857,2.058,-1.120,0.0000,0.0000,0.0000,0.0000,0.0000,0.0000,0.0000,0.0000,36.09,28.09,33,-9.660,1,278.8
3343.949,+0.0854,+0.0623,-0.0467,-0.0286,-0.4514,2.719,-9.979,2.380,-1.261,0.0000,0.0000,0.0000,0.0000,0.0000,0.0000,0.0000,0.0000,36.09,28.09,33,-9.360,1,278.8
3343.974,+0.1195,+0.0185,-0.0467,-0.0300,-0.4557,2.719,-9.979,2.380,-1.261,0.0000,0.0000,0.0000,0.0000,0.0000,0.0000,0.0000,0.0000,36.09,28.09,33,-9.360,1,278.8
3344.009,+0.0875,+0.0620,-0.0533,-0.0286,-0.4571,2.830,-10.040,2.198,-0.679,0.0000,0.0000,0.0000,0.0000,0.0000,0.0000,0.0000,0.0000,36.09,28.09,33,-9.290,1,278.8
3344.044,+0.0875,+0.0222,-0.0467,-0.0300,-0.4557,2.926,-10.049,2.421,0.458,0.0000,0.0000,0.0000,0.0000,0.0000,0.0000,0.0000,0.0000,36.09,28.09,33,-9.470,1,278.8
3344.075,+0.0875,+0.0222,-0.0533,-0.0271,-0.4529,2.926,-10.049,2.421,0.458,0.0000,0.0000,0.0000,0.0000,0.0000,0.0000,0.0000,0.0000,35.43,28.09,33,-9.470,1,273.4
3344.107,+0.0875,+0.0222,-0.0467,-0.0300,-0.4529,3.055,-9.988,2.666,1.534,0.0000,0.0000,0.0000,0.0000,0.0000,0.0000,0.0000,0.0000,35.43,28.09,33,-9.220,1,273.4
3344.144,+0.0875,-0.0193,-0.0467,-0.0300,-0.4529,3.055,-9.988,2.666,1.534,0.0000,0.0000,0.0000,0.0000,0.0000,0.0000,0.0000,0.0000,35.43,28.09,33,-9.220,1,273.4
3344.173,+0.0875,+0.0185,-0.0467,-0.0300,-0.4529,3.055,-9.988,2.666,1.534,0.0000,0.0000,0.0000,0.0000,0.0000,0.0000,0.0000,0.0000,35.43,28.09,33,-9.220,1,273.4
3344.203,+0.0875,-0.0307,-0.0467,-0.0314,-0.4543,3.186,-9.908,2.645,1.611,0.0000,0.0000,0.0000,0.0000,0.0000,0.0000,0.0000,0.0000,35.43,28.11,33,-9.360,1,273.4
3344.240,+0.0875,+0.0148,-0.0467,-0.0314,-0.4543,3.313,-9.847,2.508,1.096,0.0000,0.0000,0.0000,0.0000,0.0000,0.0000,0.0000,0.0000,35.43,28.11,33,-9.600,1,273.4
3344.308,+0.1012,-0.0095,-0.0467,-0.0300,-0.4529,3.522,-9.792,1.897,0.464,0.0000,0.0000,0.0000,0.0000,0.0000,0.0000,0.0000,0.0000,34.72,28.13,33,-9.640,1,267.7
3344.340,+0.1167,+0.0111,-0.0467,-0.0300,-0.4529,3.525,-9.792,1.775,0.383,0.0000,0.0000,0.0000,0.0000,0.0000,0.0000,0.0000,0.0000,34.72,28.14,33,-9.570,1,267.7
3344.365,+0.0917,-0.0481,-0.0467,-0.0300,-0.4529,3.590,-9.787,1.584,0.355,0.0000,0.0000,0.0000,0.0000,0.0000,0.0000,0.0000,0.0000,34.72,28.14,33,-9.570,1,267.7
3344.404,+0.0917,+0.0074,-0.0467,-0.0314,-0.4514,3.638,-9.770,1.074,0.650,0.0000,0.0000,0.0000,0.0000,0.0000,0.0000,0.0000,0.0000,34.72,28.14,33,-9.550,1,267.7
3344.439,+0.1168,+0.0074,-0.0533,-0.0271,-0.4500,3.638,-9.770,1.074,0.650,0.0000,0.0000,0.0000,0.0000,0.0000,0.0000,0.0000,0.0000,34.72,28.14,33,-9.590,1,267.7
3344.475,+0.0938,-0.0348,-0.0467,-0.0286,-0.4486,3.640,-9.769,1.015,0.720,0.0000,0.0000,0.0000,0.0000,0.0000,0.0000,0.0000,0.0000,34.20,28.14,33,-9.990,1,263.4
3344.509,+0.0938,+0.0037,-0.0533,-0.0271,-0.4357,3.684,-9.730,1.152,1.173,0.0000,0.0000,0.0000,0.0000,0.0000,0.0000,0.0000,0.0000,34.20,28.14,33,-12.110,1,263.4
3344.536,+0.0631,+0.0037,-0.0467,-0.0271,-0.4271,3.735,-9.676,1.308,1.279,0.0000,0.0000,0.0000,0.0000,0.0000,0.0000,0.0000,0.0000,34.20,28.14,33,-11.960,1,263.4
3344.569,+0.1177,-0.0426,-0.0467,-0.0271,-0.4243,3.788,-9.629,1.379,1.206,0.0000,0.0000,0.0000,0.0000,0.0000,0.0000,0.0000,0.0000,34.20,28.16,32,-11.460,1,263.4
3344.625,+0.0938,-0.0292,-0.0467,-0.0271,-0.4243,3.788,-9.629,1.379,1.206,0.0000,0.0000,0.0000,0.0000,0.0000,0.0000,0.0000,0.0000,34.20,28.16,32,-11.460,1,263.4
3344.649,+0.0938,-0.0037,-0.0467,-0.0271,-0.4243,3.788,-9.629,1.379,1.206,0.0000,0.0000,0.0000,0.0000,0.0000,0.0000,0.0000,0.0000,34.20,28.16,32,-11.460,1,263.4
3344.677,+0.0938,-0.0037,-0.0467,-0.0271,-0.4243,3.788,-9.629,1.379,1.206,0.0000,0.0000,0.0000,0.0000,0.0000,0.0000,0.0000,0.0000,34.20,28.16,32,-11.460,1,263.4
3344.705,+0.0938,-0.0574,-0.0467,-0.0271,-0.4243,3.788,-9.629,1.379,1.206,0.0000,0.0000,0.0000,0.0000,0.0000,0.0000,0.0000,0.0000,34.20,28.16,32,-11.460,1,263.4
3344.741,+0.0938,-0.0074,-0.0467,-0.0300,-0.4129,3.906,-9.545,1.423,1.031,0.0000,0.0000,0.0000,0.0000,0.0000,0.0000,0.0000,0.0000,34.20,28.16,32,-13.220,1,263.4
3344.776,+0.0938,-0.0505,-0.0533,-0.0243,-0.4129,3.906,-9.545,1.423,1.031,0.0000,0.0000,0.0000,0.0000,0.0000,0.0000,0.0000,0.0000,33.36,28.17,32,-11.670,1,256.4
3344.809,+0.0938,-0.0111,-0.0467,-0.0257,-0.4171,3.970,-9.500,1.331,1.005,0.0000,0.0000,0.0000,0.0000,0.0000,0.0000,0.0000,0.0000,33.36,28.17,32,-12.710,1,256.4
3344.840,+0.0938,-0.0599,-0.0467,-0.0257,-0.4114,4.026,-9.458,1.264,1.034,0.0000,0.0000,0.0000,0.0000,0.0000,0.0000,0.0000,0.0000,33.36,28.19,32,-12.710,1,256.4
3344.879,+0.0938,-0.0148,-0.0467,-0.0257,-0.4000,4.145,-9.359,1.586,1.347,0.0000,0.0000,0.0000,0.0000,0.0000,0.0000,0.0000,0.0000,33.36,28.19,32,-13.280,1,256.4
3344.948,+0.1074,-0.0390,-0.0467,-0.0257,-0.4086,4.238,-9.313,2.192,0.216,0.0000,0.0000,0.0000,0.0000,0.0000,0.0000,0.0000,0.0000,32.69,28.19,32,-10.670,1,250.6
3344.972,+0.0958,-0.0185,-0.0467,-0.0257,-0.4143,4.238,-9.313,2.192,0.216,0.0000,0.0000,0.0000,0.0000,0.0000,0.0000,0.0000,0.0000,32.69,28.20,32,-10.670,1,250.6
3345.005,+0.0958,+0.0280,-0.0467,-0.0271,-0.4214,4.328,-9.351,1.730,-1.335,0.0000,0.0000,0.0000,0.0000,0.0000,0.0000,0.0000,0.0000,32.69,28.20,32,-10.510,1,250.6
3345.037,+0.0958,+0.0821,-0.0533,-0.0271,-0.4357,4.381,-9.554,0.991,-4.854,0.0000,0.0000,0.0000,0.0000,0.0000,0.0000,0.0000,0.0000,32.69,28.20,32,-10.370,1,250.6
3345.080,+0.0958,+0.1021,-0.0467,-0.0286,-0.4400,4.424,-9.809,1.324,-5.115,0.0000,0.0000,0.0000,0.0000,0.0000,0.0000,0.0000,0.0000,32.04,28.19,32,-10.280,1,245.0
3345.104,+0.0612,+0.1883,-0.0467,-0.0300,-0.4443,4.488,-10.059,1.776,-4.363,0.0000,0.0000,0.0000,0.0000,0.0000,0.0000,0.0000,0.0000,32.04,28.19,32,-9.720,1,245.0
3345.138,+0.0938,+0.1049,-0.0467,-0.0300,-0.4443,4.488,-10.059,1.776,-4.363,0.0000,0.0000,0.0000,0.0000,0.0000,0.0000,0.0000,0.0000,32.04,28.19,32,-9.720,1,245.0
3345.193,+0.0773,+0.1101,-0.0467,-0.0314,-0.4514,4.491,-10.068,1.906,-4.158,0.0000,0.0000,0.0000,0.0000,0.0000,0.0000,0.0000,0.0000,32.04,28.18,33,-9.180,1,245.0
3345.215,+0.0536,+0.1688,-0.0467,-0.0314,-0.4543,4.573,-10.245,2.304,-3.406,0.0000,0.0000,0.0000,0.0000,0.0000,0.0000,0.0000,0.0000,32.04,28.18,33,-9.000,1,245.0
3345.254,+0.0896,+0.1203,-0.0467,-0.0343,-0.4714,4.809,-10.537,2.736,-2.534,0.0000,0.0000,0.0000,0.0000,0.0000,0.0000,0.0000,0.0000,32.04,28.18,33,-8.430,1,245.0
3345.288,+0.0896,+0.1383,-0.0467,-0.0343,-0.4714,4.813,-10.542,2.505,-2.618,0.0000,0.0000,0.0000,0.0000,0.0000,0.0000,0.0000,0.0000,31.36,28.18,33,-8.430,1,239.4
3345.318,+0.0896,+0.1058,-0.0400,-0.0386,-0.4786,4.813,-10.542,2.505,-2.618,0.0000,0.0000,0.0000,0.0000,0.0000,0.0000,0.0000,0.0000,31.36,28.18,33,-7.940,1,239.4
3345.343,+0.0896,+0.1819,-0.0467,-0.0357,-0.4843,4.928,-10.694,2.271,-2.898,0.0000,0.0000,0.0000,0.0000,0.0000,0.0000,0.0000,0.0000,31.36,28.18,33,-7.980,1,239.4
3345.376,+0.0896,+0.1123,-0.0467,-0.0357,-0.4871,5.032,-10.855,1.988,-3.002,0.0000,0.0000,0.0000,0.0000,0.0000,0.0000,0.0000,0.0000,31.36,28.18,33,-7.900,1,239.4
3345.417,+0.0896,+0.1476,-0.0467,-0.0357,-0.4900,5.109,-11.007,1.189,-2.197,0.0000,0.0000,0.0000,0.0000,0.0000,0.0000,0.0000,0.0000,31.36,28.18,33,-7.680,1,239.4
3345.450,+0.0896,+0.1244,-0.0467,-0.0357,-0.4900,5.111,-11.012,1.036,-2.020,0.0000,0.0000,0.0000,0.0000,0.0000,0.0000,0.0000,0.0000,31.36,28.18,33,-7.770,1,239.4
3345.482,+0.0896,+0.0815,-0.0467,-0.0371,-0.4943,5.111,-11.012,1.036,-2.020,0.0000,0.0000,0.0000,0.0000,0.0000,0.0000,0.0000,0.0000,30.76,28.18,33,-7.770,1,235.0
3345.509,+0.0896,+0.0254,-0.0467,-0.0357,-0.4929,5.135,-11.063,0.887,0.208,0.0000,0.0000,0.0000,0.0000,0.0000,0.0000,0.0000,0.0000,30.76,28.18,33,-7.520,1,235.0
3345.537,+0.0896,+0.0236,-0.0467,-0.0357,-0.4786,5.228,-10.899,2.665,5.744,0.0000,0.0000,0.0000,0.0000,0.0000,0.0000,0.0000,0.0000,30.76,28.19,33,-7.700,1,235.0
3345.573,+0.0896,-0.0560,-0.0467,-0.0357,-0.4814,5.230,-10.894,2.600,5.539,0.0000,0.0000,0.0000,0.0000,0.0000,0.0000,0.0000,0.0000,30.76,28.19,33,-7.790,1,235.0
3345.607,+0.0896,-0.0258,-0.0467,-0.0357,-0.4814,5.230,-10.894,2.600,5.539,0.0000,0.0000,0.0000,0.0000,0.0000,0.0000,0.0000,0.0000,30.76,28.19,33,-7.790,1,235.0
3345.669,+0.1046,-0.0512,-0.0467,-0.0357,-0.4814,5.230,-10.894,2.600,5.539,0.0000,0.0000,0.0000,0.0000,0.0000,0.0000,0.0000,0.0000,30.76,28.19,33,-7.790,1,235.0
3345.694,+0.1247,-0.0767,-0.0467,-0.0357,-0.4814,5.230,-10.894,2.600,5.539,0.0000,0.0000,0.0000,0.0000,0.0000,0.0000,0.0000,0.0000,30.76,28.19,33,-7.790,1,235.0
3345.724,+0.0938,-0.0678,-0.0467,-0.0357,-0.4814,5.435,-10.260,1.642,5.691,0.0000,0.0000,0.0000,0.0000,0.0000,0.0000,0.0000,0.0000,30.76,28.19,33,-8.390,1,235.0
3345.752,+0.1240,-0.0816,-0.0467,-0.0343,-0.4714,5.487,-10.036,0.786,3.989,0.0000,0.0000,0.0000,0.0000,0.0000,0.0000,0.0000,0.0000,30.76,28.25,33,-9.110,1,235.0
3345.783,+0.0958,-0.0804,-0.0467,-0.0343,-0.4714,5.487,-10.036,0.786,3.989,0.0000,0.0000,0.0000,0.0000,0.0000,0.0000,0.0000,0.0000,29.74,28.25,33,-9.110,1,227.7
3345.812,+0.0958,-0.0930,-0.0467,-0.0343,-0.4657,5.495,-9.879,0.171,3.068,0.0000,0.0000,0.0000,0.0000,0.0000,0.0000,0.0000,0.0000,29.74,28.25,33,-9.390,1,227.7
3345.846,+0.0704,-0.0415,-0.0467,-0.0329,-0.4614,5.495,-9.876,-0.036,2.801,0.0000,0.0000,0.0000,0.0000,0.0000,0.0000,0.0000,0.0000,29.74,28.27,32,-9.580,1,227.7
3345.882,+0.0938,-0.0859,-0.0533,-0.0286,-0.4514,5.459,-9.619,0.169,3.032,0.0000,0.0000,0.0000,0.0000,0.0000,0.0000,0.0000,0.0000,29.74,28.27,32,-10.040,1,227.7
3345.920,+0.0707,-0.0895,-0.0467,-0.0300,-0.4443,5.459,-9.619,0.169,3.032,0.0000,0.0000,0.0000,0.0000,0.0000,0.0000,0.0000,0.0000,29.19,28.30,32,-10.040,1,223.3
3345.947,+0.0607,-0.1248,-0.0467,-0.0286,-0.4400,5.490,-9.320,0.981,3.336,0.0000,0.0000,0.0000,0.0000,0.0000,0.0000,0.0000,0.0000,29.19,28.30,32,-9.960,1,223.3
3345.974,+0.0896,-0.0784,-0.0467,-0.0314,-0.4371,5.491,-9.317,1.363,3.394,0.0000,0.0000,0.0000,0.0000,0.0000,0.0000,0.0000,0.0000,29.19,28.32,32,-9.960,1,223.3
3346.002,+0.0595,-0.0795,-0.0467,-0.0300,-0.4357,5.491,-9.317,1.363,3.394,0.0000,0.0000,0.0000,0.0000,0.0000,0.0000,0.0000,0.0000,29.19,28.32,32,-10.090,1,223.3
3346.041,+0.0875,-0.0696,-0.0400,-0.0314,-0.4343,5.551,-9.176,1.379,2.247,0.0000,0.0000,0.0000,0.0000,0.0000,0.0000,0.0000,0.0000,29.19,28.32,32,-10.500,1,223.3
3346.070,+0.0580,-0.0333,-0.0467,-0.0314,-0.4343,5.602,-9.131,1.426,0.465,0.0000,0.0000,0.0000,0.0000,0.0000,0.0000,0.0000,0.0000,29.19,28.33,32,-10.450,1,223.3
3346.099,+0.0854,-0.0333,-0.0467,-0.0314,-0.4343,5.660,-9.133,1.658,0.213,0.0000,0.0000,0.0000,0.0000,0.0000,0.0000,0.0000,0.0000,28.50,28.33,32,-10.430,1,217.4
3346.141,+0.0645,-0.0705,-0.0467,-0.0300,-0.4329,5.660,-9.133,1.658,0.213,0.0000,0.0000,0.0000,0.0000,0.0000,0.0000,0.0000,0.0000,28.50,28.33,32,-10.430,1,217.4
3346.180,+0.0833,-0.0370,-0.0467,-0.0300,-0.4329,5.735,-9.124,1.775,0.745,0.0000,0.0000,0.0000,0.0000,0.0000,0.0000,0.0000,0.0000,28.50,28.33,32,-10.260,1,217.4
3346.206,+0.0833,-0.0370,-0.0467,-0.0314,-0.4314,5.736,-9.124,1.770,0.724,0.0000,0.0000,0.0000,0.0000,0.0000,0.0000,0.0000,0.0000,28.50,28.33,32,-10.260,1,217.4
3346.242,+0.0833,-0.0370,-0.0467,-0.0314,-0.4286,5.883,-9.018,1.641,1.594,0.0000,0.0000,0.0000,0.0000,0.0000,0.0000,0.0000,0.0000,28.50,28.33,32,-10.320,1,217.4
3346.267,+0.0833,-0.0968,-0.0467,-0.0300,-0.4271,5.883,-9.018,1.641,1.594,0.0000,0.0000,0.0000,0.0000,0.0000,0.0000,0.0000,0.0000,28.50,28.34,32,-10.200,1,217.4
3346.310,+0.0626,-0.0407,-0.0467,-0.0286,-0.4257,5.949,-8.942,1.473,1.692,0.0000,0.0000,0.0000,0.0000,0.0000,0.0000,0.0000,0.0000,27.87,28.34,32,-10.170,1,211.7
3346.353,+0.0813,-0.0769,-0.0467,-0.0286,-0.4257,6.006,-8.871,1.310,1.538,0.0000,0.0000,0.0000,0.0000,0.0000,0.0000,0.0000,0.0000,27.87,28.33,31,-10.430,1,211.7
3346.379,+0.0813,-0.0444,-0.0467,-0.0286,-0.4229,6.006,-8.871,1.310,1.538,0.0000,0.0000,0.0000,0.0000,0.0000,0.0000,0.0000,0.0000,27.87,28.33,31,-10.600,1,211.7
3346.408,+0.0813,-0.0977,-0.0467,-0.0286,-0.4229,6.054,-8.815,1.275,1.406,0.0000,0.0000,0.0000,0.0000,0.0000,0.0000,0.0000,0.0000,27.87,28.33,31,-10.550,1,211.7
3346.437,+0.0813,-0.0481,-0.0467,-0.0300,-0.4214,6.054,-8.815,1.275,1.406,0.0000,0.0000,0.0000,0.0000,0.0000,0.0000,0.0000,0.0000,27.87,28.33,31,-10.550,1,211.7
3346.497,+0.0661,-0.0751,-0.0467,-0.0300,-0.4243,6.177,-8.841,1.139,-1.805,0.0000,0.0000,0.0000,0.0000,0.0000,0.0000,0.0000,0.0000,27.26,28.33,31,-10.600,1,206.0
3346.522,+0.1130,+0.0083,-0.0467,-0.0300,-0.4271,6.220,-8.968,1.064,-2.333,0.0000,0.0000,0.0000,0.0000,0.0000,0.0000,0.0000,0.0000,27.26,28.33,31,-10.600,1,206.0
3346.549,+0.0490,+0.0092,-0.0467,-0.0300,-0.4271,6.220,-8.968,1.064,-2.333,0.0000,0.0000,0.0000,0.0000,0.0000,0.0000,0.0000,0.0000,27.26,28.32,31,-10.560,1,206.0
3346.580,+0.0792,+0.0044,-0.0400,-0.0314,-0.4286,6.221,-8.971,1.035,-2.529,0.0000,0.0000,0.0000,0.0000,0.0000,0.0000,0.0000,0.0000,27.26,28.32,31,-10.670,1,206.0
3346.607,+0.0792,+0.0154,-0.0400,-0.0314,-0.4286,6.221,-8.971,1.035,-2.529,0.0000,0.0000,0.0000,0.0000,0.0000,0.0000,0.0000,0.0000,27.26,28.32,31,-10.670,1,206.0
3346.639,+0.0523,+0.0107,-0.0400,-0.0314,-0.4286,6.221,-8.971,1.035,-2.529,0.0000,0.0000,0.0000,0.0000,0.0000,0.0000,0.0000,0.0000,27.26,28.32,31,-10.670,1,206.0
3346.699,+0.0771,-0.0063,-0.0400,-0.0314,-0.4286,6.221,-8.971,1.035,-2.529,0.0000,0.0000,0.0000,0.0000,0.0000,0.0000,0.0000,0.0000,27.26,28.32,31,-10.670,1,206.0
3346.732,+0.0771,+0.0170,-0.0400,-0.0314,-0.4171,6.263,-9.107,1.156,-2.073,0.0000,0.0000,0.0000,0.0000,0.0000,0.0000,0.0000,0.0000,27.26,28.32,31,-11.620,1,206.0
3346.759,+0.0466,+0.0284,-0.0400,-0.0286,-0.4086,6.311,-9.211,1.391,-1.374,0.0000,0.0000,0.0000,0.0000,0.0000,0.0000,0.0000,0.0000,27.26,28.31,31,-12.980,1,206.0
3346.787,+0.0445,-0.0222,-0.0400,-0.0286,-0.4086,6.366,-9.282,1.612,-0.964,0.0000,0.0000,0.0000,0.0000,0.0000,0.0000,0.0000,0.0000,26.65,28.31,31,-12.980,1,200.3
3346.813,+0.0729,+0.0368,-0.0400,-0.0329,-0.4186,6.435,-9.344,1.758,-0.865,0.0000,0.0000,0.0000,0.0000,0.0000,0.0000,0.0000,0.0000,26.65,28.31,31,-10.470,1,200.3
3346.859,+0.0729,+0.0158,-0.0400,-0.0300,-0.4157,6.513,-9.406,1.557,-0.784,0.0000,0.0000,0.0000,0.0000,0.0000,0.0000,0.0000,0.0000,26.65,28.30,31,-10.890,1,200.3
3346.883,+0.0729,+0.0466,-0.0400,-0.0329,-0.4157,6.575,-9.469,1.538,-1.309,0.0000,0.0000,0.0000,0.0000,0.0000,0.0000,0.0000,0.0000,26.65,28.30,31,-10.390,1,200.3
3346.931,+0.0729,+0.0221,-0.0400,-0.0357,-0.4243,6.638,-9.572,1.220,-2.028,0.0000,0.0000,0.0000,0.0000,0.0000,0.0000,0.0000,0.0000,26.02,28.29,31,-10.390,1,194.6
3346.955,+0.0729,+0.0553,-0.0400,-0.0329,-0.4329,6.676,-9.703,0.708,-2.481,0.0000,0.0000,0.0000,0.0000,0.0000,0.0000,0.0000,0.0000,26.02,28.29,31,-9.850,1,194.6
3346.984,+0.1019,+0.0479,-0.0400,-0.0329,-0.4386,6.676,-9.706,0.600,-2.560,0.0000,0.0000,0.0000,0.0000,0.0000,0.0000,0.0000,0.0000,26.02,28.28,31,-9.850,1,194.6
3347.007,+0.0391,+0.0638,-0.0400,-0.0343,-0.4400,6.676,-9.706,0.600,-2.560,0.0000,0.0000,0.0000,0.0000,0.0000,0.0000,0.0000,0.0000,26.02,28.28,31,-9.700,1,194.6
3347.035,+0.0729,+0.1115,-0.0400,-0.0343,-0.4457,6.690,-9.843,0.285,-2.440,0.0000,0.0000,0.0000,0.0000,0.0000,0.0000,0.0000,0.0000,26.02,28.28,31,-9.500,1,194.6
3347.082,+0.0729,+0.0452,-0.0467,-0.0329,-0.4500,6.690,-9.974,0.240,-2.266,0.0000,0.0000,0.0000,0.0000,0.0000,0.0000,0.0000,0.0000,25.33,28.27,31,-9.370,1,188.8
3347.118,+0.0488,+0.0577,-0.0400,-0.0371,-0.4543,6.689,-10.104,0.373,-2.101,0.0000,0.0000,0.0000,0.0000,0.0000,0.0000,0.0000,0.0000,25.33,28.27,31,-9.020,1,188.8
3347.141,+0.0708,+0.0825,-0.0400,-0.0371,-0.4543,6.689,-10.104,0.373,-2.101,0.0000,0.0000,0.0000,0.0000,0.0000,0.0000,0.0000,0.0000,25.33,28.27,31,-9.020,1,188.8
3347.179,+0.0480,+0.1034,-0.0400,-0.0357,-0.4586,6.689,-10.109,0.411,-2.065,0.0000,0.0000,0.0000,0.0000,0.0000,0.0000,0.0000,0.0000,25.33,28.27,31,-8.960,1,188.8
3347.206,+0.0374,+0.0296,-0.0400,-0.0357,-0.4586,6.699,-10.229,0.661,-2.030,0.0000,0.0000,0.0000,0.0000,0.0000,0.0000,0.0000,0.0000,25.33,28.26,32,-8.960,1,188.8
3347.246,+0.0446,+0.1080,-0.0400,-0.0386,-0.4643,6.749,-10.488,0.757,-2.324,0.0000,0.0000,0.0000,0.0000,0.0000,0.0000,0.0000,0.0000,25.33,28.26,32,-8.910,1,188.8
3347.297,+0.0469,+0.0998,-0.0400,-0.0400,-0.4714,6.750,-10.493,0.763,-2.310,0.0000,0.0000,0.0000,0.0000,0.0000,0.0000,0.0000,0.0000,24.59,28.26,32,-8.670,1,183.0
3347.320,+0.0625,+0.0444,-0.0333,-0.0414,-0.4729,6.750,-10.493,0.763,-2.310,0.0000,0.0000,0.0000,0.0000,0.0000,0.0000,0.0000,0.0000,24.59,28.26,32,-8.970,1,183.0
3347.348,+0.0320,+0.0987,-0.0333,-0.0414,-0.4757,6.773,-10.622,0.745,-2.350,0.0000,0.0000,0.0000,0.0000,0.0000,0.0000,0.0000,0.0000,24.59,28.26,32,-8.540,1,183.0
3347.389,+0.0604,+0.1232,-0.0400,-0.0414,-0.4786,6.796,-10.750,0.630,-2.264,0.0000,0.0000,0.0000,0.0000,0.0000,0.0000,0.0000,0.0000,24.59,28.26,32,-8.450,1,183.0
3347.430,+0.0604,+0.0556,-0.0333,-0.0414,-0.4757,6.787,-10.830,-0.251,-0.023,0.0000,0.0000,0.0000,0.0000,0.0000,0.0000,0.0000,0.0000,24.59,28.26,32,-8.540,1,183.0
3347.462,+0.0334,+0.0556,-0.0400,-0.0400,-0.4714,6.773,-10.777,0.649,2.692,0.0000,0.0000,0.0000,0.0000,0.0000,0.0000,0.0000,0.0000,24.59,28.27,32,-8.220,1,183.0
3347.494,+0.0583,+0.0081,-0.0400,-0.0400,-0.4714,6.806,-10.541,0.999,5.270,0.0000,0.0000,0.0000,0.0000,0.0000,0.0000,0.0000,0.0000,23.81,28.27,32,-8.220,1,177.2
3347.516,+0.0192,-0.0177,-0.0400,-0.0386,-0.4671,6.806,-10.541,0.999,5.270,0.0000,0.0000,0.0000,0.0000,0.0000,0.0000,0.0000,0.0000,23.81,28.27,32,-8.250,1,177.2
3347.564,+0.0563,-0.0493,-0.0333,-0.0414,-0.4671,6.834,-10.254,0.528,5.292,0.0000,0.0000,0.0000,0.0000,0.0000,0.0000,0.0000,0.0000,23.81,28.30,31,-8.430,1,177.2
3347.619,+0.0563,-0.0511,-0.0400,-0.0386,-0.4614,6.834,-10.254,0.528,5.292,0.0000,0.0000,0.0000,0.0000,0.0000,0.0000,0.0000,0.0000,23.81,28.30,31,-10.070,1,177.2
3347.648,+0.0857,-0.0789,-0.0400,-0.0386,-0.4614,6.834,-10.254,0.528,5.292,0.0000,0.0000,0.0000,0.0000,0.0000,0.0000,0.0000,0.0000,23.81,28.30,31,-10.070,1,177.2
3347.672,+0.0583,-0.1671,-0.0400,-0.0386,-0.4614,6.834,-10.254,0.528,5.292,0.0000,0.0000,0.0000,0.0000,0.0000,0.0000,0.0000,0.0000,23.81,28.30,31,-10.070,1,177.2
3347.703,+0.0583,-0.0908,-0.0400,-0.0386,-0.4614,6.834,-10.254,0.528,5.292,0.0000,0.0000,0.0000,0.0000,0.0000,0.0000,0.0000,0.0000,23.81,28.30,31,-10.070,1,177.2
3347.734,+0.0583,-0.0992,-0.0333,-0.0414,-0.4529,6.834,-10.239,0.547,5.311,0.0000,0.0000,0.0000,0.0000,0.0000,0.0000,0.0000,0.0000,23.81,28.30,31,-9.720,1,177.2
3347.770,+0.0583,-0.0927,-0.0400,-0.0371,-0.4514,6.835,-10.044,-0.040,3.971,0.0000,0.0000,0.0000,0.0000,0.0000,0.0000,0.0000,0.0000,23.23,28.31,31,-9.860,1,172.9
3347.800,+0.0300,-0.0653,-0.0400,-0.0371,-0.4486,6.813,-9.893,-0.528,2.905,0.0000,0.0000,0.0000,0.0000,0.0000,0.0000,0.0000,0.0000,23.23,28.31,31,-9.950,1,172.9
3347.839,+0.0339,-0.0981,-0.0400,-0.0357,-0.4443,6.765,-9.767,-0.802,2.470,0.0000,0.0000,0.0000,0.0000,0.0000,0.0000,0.0000,0.0000,23.23,28.34,31,-10.610,1,172.9
3347.867,+0.0542,-0.1356,-0.0400,-0.0343,-0.4314,6.655,-9.539,-0.572,2.789,0.0000,0.0000,0.0000,0.0000,0.0000,0.0000,0.0000,0.0000,23.23,28.34,31,-10.860,1,172.9
3347.904,+0.0308,-0.1165,-0.0333,-0.0357,-0.4271,6.618,-9.419,-0.252,2.987,0.0000,0.0000,0.0000,0.0000,0.0000,0.0000,0.0000,0.0000,22.35,28.37,31,-10.740,1,165.9
3347.937,+0.0258,-0.0875,-0.0333,-0.0357,-0.4243,6.596,-9.282,0.064,3.097,0.0000,0.0000,0.0000,0.0000,0.0000,0.0000,0.0000,0.0000,22.35,28.37,31,-10.780,1,165.9
3347.966,+0.0212,-0.1470,-0.0400,-0.0343,-0.4200,6.595,-9.277,0.162,3.125,0.0000,0.0000,0.0000,0.0000,0.0000,0.0000,0.0000,0.0000,22.35,28.38,30,-11.090,1,165.9
3348.027,+0.0327,-0.1058,-0.0333,-0.0357,-0.4157,6.601,-9.007,0.630,2.381,0.0000,0.0000,0.0000,0.0000,0.0000,0.0000,0.0000,0.0000,22.35,28.38,30,-11.170,1,165.9
3348.057,+0.0458,-0.0593,-0.0333,-0.0371,-0.4200,6.599,-9.005,-0.027,-0.718,0.0000,0.0000,0.0000,0.0000,0.0000,0.0000,0.0000,0.0000,22.35,28.38,30,-11.520,1,165.9
3348.088,+0.0458,-0.0097,-0.0333,-0.0371,-0.4200,6.599,-9.005,-0.027,-0.718,0.0000,0.0000,0.0000,0.0000,0.0000,0.0000,0.0000,0.0000,21.70,28.38,30,-11.520,1,160.1
3348.116,+0.0153,-0.0012,-0.0333,-0.0343,-0.4171,6.598,-9.009,-0.223,-1.507,0.0000,0.0000,0.0000,0.0000,0.0000,0.0000,0.0000,0.0000,21.70,28.38,30,-11.480,1,160.1
3348.142,+0.0437,-0.0519,-0.0333,-0.0343,-0.4171,6.598,-9.009,-0.223,-1.507,0.0000,0.0000,0.0000,0.0000,0.0000,0.0000,0.0000,0.0000,21.70,28.38,30,-11.480,1,160.1
3348.186,+0.0234,-0.0157,-0.0400,-0.0343,-0.4229,6.571,-9.152,-0.359,-3.175,0.0000,0.0000,0.0000,0.0000,0.0000,0.0000,0.0000,0.0000,21.70,28.37,30,-11.040,1,160.1
3348.227,+0.0417,+0.0282,-0.0400,-0.0343,-0.4229,6.521,-9.440,0.003,-1.618,0.0000,0.0000,0.0000,0.0000,0.0000,0.0000,0.0000,0.0000,21.70,28.37,30,-10.730,1,160.1
3348.256,+0.0126,+0.0110,-0.0333,-0.0357,-0.4157,6.513,-9.509,0.289,-0.806,0.0000,0.0000,0.0000,0.0000,0.0000,0.0000,0.0000,0.0000,21.70,28.36,30,-11.000,1,160.1
3348.286,+0.0396,+0.0136,-0.0333,-0.0357,-0.4157,6.513,-9.509,0.289,-0.806,0.0000,0.0000,0.0000,0.0000,0.0000,0.0000,0.0000,0.0000,21.04,28.36,30,-11.000,1,154.2
3348.311,+0.0396,-0.0333,-0.0400,-0.0343,-0.4200,6.513,-9.511,0.370,-0.603,0.0000,0.0000,0.0000,0.0000,0.0000,0.0000,0.0000,0.0000,21.04,28.36,30,-10.380,1,154.2
3348.343,+0.0128,+0.0143,-0.0333,-0.0371,-0.4257,6.521,-9.552,0.615,-0.378,0.0000,0.0000,0.0000,0.0000,0.0000,0.0000,0.0000,0.0000,21.04,28.35,30,-10.090,1,154.2
3348.403,+0.0222,-0.0024,-0.0333,-0.0357,-0.4271,6.527,-9.632,0.245,-0.653,0.0000,0.0000,0.0000,0.0000,0.0000,0.0000,0.0000,0.0000,21.04,28.35,30,-10.080,1,154.2
3348.431,+0.0354,-0.0259,-0.0333,-0.0386,-0.4329,6.527,-9.632,0.245,-0.653,0.0000,0.0000,0.0000,0.0000,0.0000,0.0000,0.0000,0.0000,21.04,28.35,30,-10.080,1,154.2
3348.472,+0.0354,+0.0123,-0.0333,-0.0386,-0.4357,6.527,-9.634,0.257,-1.060,0.0000,0.0000,0.0000,0.0000,0.0000,0.0000,0.0000,0.0000,21.04,28.35,30,-9.930,1,154.2
3348.512,+0.0354,+0.0167,-0.0333,-0.0357,-0.4329,6.522,-9.708,-0.200,-1.771,0.0000,0.0000,0.0000,0.0000,0.0000,0.0000,0.0000,0.0000,20.52,28.35,30,-10.900,1,149.8
3348.573,+0.0354,+0.0085,-0.0400,-0.0371,-0.4371,6.493,-9.822,-0.613,-2.166,0.0000,0.0000,0.0000,0.0000,0.0000,0.0000,0.0000,0.0000,20.52,28.34,30,-10.210,1,149.8
3348.603,+0.0354,+0.0347,-0.0400,-0.0371,-0.4371,6.493,-9.822,-0.613,-2.166,0.0000,0.0000,0.0000,0.0000,0.0000,0.0000,0.0000,0.0000,20.52,28.34,30,-10.210,1,149.8
3348.633,+0.0354,+0.0404,-0.0400,-0.0371,-0.4371,6.493,-9.822,-0.613,-2.166,0.0000,0.0000,0.0000,0.0000,0.0000,0.0000,0.0000,0.0000,20.52,28.34,30,-10.210,1,149.8
3348.668,+0.0108,+0.0363,-0.0400,-0.0371,-0.4371,6.493,-9.822,-0.613,-2.166,0.0000,0.0000,0.0000,0.0000,0.0000,0.0000,0.0000,0.0000,20.52,28.34,30,-10.210,1,149.8
3348.700,+0.0063,+0.0444,-0.0400,-0.0371,-0.4371,6.493,-9.822,-0.613,-2.166,0.0000,0.0000,0.0000,0.0000,0.0000,0.0000,0.0000,0.0000,20.52,28.34,30,-10.210,1,149.8
3348.727,+0.0312,+0.0000,-0.0400,-0.0371,-0.4400,6.394,-10.047,-0.804,-1.881,0.0000,0.0000,0.0000,0.0000,0.0000,0.0000,0.0000,0.0000,20.52,28.34,30,-9.920,1,149.8
3348.756,+0.0024,+0.0512,-0.0400,-0.0371,-0.4429,6.339,-10.156,-0.723,-1.770,0.0000,0.0000,0.0000,0.0000,0.0000,0.0000,0.0000,0.0000,20.52,28.33,30,-9.900,1,149.8
3348.782,-0.0035,+0.0618,-0.0400,-0.0371,-0.4429,6.339,-10.156,-0.723,-1.770,0.0000,0.0000,0.0000,0.0000,0.0000,0.0000,0.0000,0.0000,19.66,28.33,30,-9.900,1,142.7
3348.825,+0.0066,+0.0438,-0.0333,-0.0386,-0.4500,6.296,-10.262,-0.288,-1.588,0.0000,0.0000,0.0000,0.0000,0.0000,0.0000,0.0000,0.0000,19.66,28.32,31,-9.570,1,142.7
3348.865,+0.0250,+0.0498,-0.0133,-0.0543,-0.4514,6.276,-10.462,0.494,-1.826,0.0000,0.0000,0.0000,0.0000,0.0000,0.0000,0.0000,0.0000,19.66,28.32,31,-10.450,1,142.7
3348.895,-0.0042,+0.0667,-0.0067,-0.0571,-0.4543,6.277,-10.466,0.608,-1.872,0.0000,0.0000,0.0000,0.0000,0.0000,0.0000,0.0000,0.0000,19.66,28.32,31,-9.780,1,142.7
3348.929,-0.0023,+0.0634,-0.0067,-0.0571,-0.4543,6.276,-10.529,0.341,-0.726,0.0000,0.0000,0.0000,0.0000,0.0000,0.0000,0.0000,0.0000,19.10,28.32,31,-9.530,1,138.3
3348.952,-0.0158,-0.0428,-0.0067,-0.0600,-0.4543,6.276,-10.548,0.617,0.317,0.0000,0.0000,0.0000,0.0000,0.0000,0.0000,0.0000,0.0000,19.10,28.32,31,-9.410,1,138.3
3348.983,+0.0187,+0.0185,-0.0067,-0.0600,-0.4543,6.277,-10.548,0.724,0.572,0.0000,0.0000,0.0000,0.0000,0.0000,0.0000,0.0000,0.0000,19.10,28.32,31,-9.290,1,138.3
3349.011,+0.0187,-0.0346,-0.0067,-0.0614,-0.4557,6.358,-10.325,0.890,3.083,0.0000,0.0000,0.0000,0.0000,0.0000,0.0000,0.0000,0.0000,19.10,28.32,31,-9.290,1,138.3
3349.041,+0.0187,-0.0359,0.0000,-0.0643,-0.4529,6.359,-10.319,0.797,3.179,0.0000,0.0000,0.0000,0.0000,0.0000,0.0000,0.0000,0.0000,19.10,28.32,31,-9.560,1,138.3
3349.069,+0.0187,-0.0978,0.0000,-0.0614,-0.4500,6.359,-10.319,0.797,3.179,0.0000,0.0000,0.0000,0.0000,0.0000,0.0000,0.0000,0.0000,19.10,28.33,30,-9.760,1,138.3
3349.109,+0.0187,-0.0346,-0.0067,-0.0600,-0.4486,6.374,-10.190,0.144,2.599,0.0000,0.0000,0.0000,0.0000,0.0000,0.0000,0.0000,0.0000,18.36,28.33,30,-10.040,1,132.7
3349.150,+0.0187,-0.0766,-0.0067,-0.0600,-0.4486,6.374,-10.190,0.144,2.599,0.0000,0.0000,0.0000,0.0000,0.0000,0.0000,0.0000,0.0000,18.36,28.33,30,-10.040,1,132.7
3349.192,+0.0187,-0.0446,-0.0067,-0.0600,-0.4457,6.358,-10.081,-0.499,1.802,0.0000,0.0000,0.0000,0.0000,0.0000,0.0000,0.0000,0.0000,18.36,28.35,30,-10.470,1,132.7
3349.228,+0.0187,-0.0546,-0.0067,-0.0600,-0.4429,6.313,-10.011,-0.799,1.342,0.0000,0.0000,0.0000,0.0000,0.0000,0.0000,0.0000,0.0000,18.36,28.35,30,-10.660,1,132.7
3349.256,+0.0187,-0.0148,-0.0067,-0.0600,-0.4371,6.256,-9.962,-0.767,1.217,0.0000,0.0000,0.0000,0.0000,0.0000,0.0000,0.0000,0.0000,18.36,28.35,30,-10.690,1,132.7
3349.292,-0.0050,-0.0571,-0.0067,-0.0600,-0.4371,6.209,-9.920,-0.473,1.320,0.0000,0.0000,0.0000,0.0000,0.0000,0.0000,0.0000,0.0000,17.63,28.36,30,-10.690,1,127.0
3349.335,+0.0167,-0.0549,-0.0067,-0.0586,-0.4386,6.120,-9.893,-2.398,0.244,0.0000,0.0000,0.0000,0.0000,0.0000,0.0000,0.0000,0.0000,17.63,28.37,30,-10.370,1,127.0
3349.371,-0.0074,-0.0222,-0.0067,-0.0571,-0.4371,6.117,-9.893,-2.326,0.280,0.0000,0.0000,0.0000,0.0000,0.0000,0.0000,0.0000,0.0000,17.63,28.37,30,-10.480,1,127.0
3349.403,-0.0126,-0.0706,-0.0067,-0.0571,-0.4371,5.964,-9.919,-3.669,-0.050,0.0000,0.0000,0.0000,0.0000,0.0000,0.0000,0.0000,0.0000,17.63,28.37,30,-10.480,1,127.0
3349.446,-0.0080,-0.0259,-0.0067,-0.0571,-0.4371,5.734,-9.903,-4.432,0.649,0.0000,0.0000,0.0000,0.0000,0.0000,0.0000,0.0000,0.0000,17.63,28.37,30,-10.600,1,127.0
3349.495,-0.0078,-0.0583,-0.0067,-0.0571,-0.4343,5.483,-9.890,-4.782,0.265,0.0000,0.0000,0.0000,0.0000,0.0000,0.0000,0.0000,0.0000,16.93,28.38,30,-10.410,1,121.5
3349.526,+0.0083,-0.0296,-0.0067,-0.0586,-0.4357,5.213,-9.897,-5.434,-0.183,0.0000,0.0000,0.0000,0.0000,0.0000,0.0000,0.0000,0.0000,16.93,28.38,30,-10.450,1,121.5
3349.553,+0.0394,-0.0296,-0.0067,-0.0557,-0.4357,5.207,-9.897,-5.604,-0.253,0.0000,0.0000,0.0000,0.0000,0.0000,0.0000,0.0000,0.0000,16.93,28.38,30,-10.450,1,121.5
3349.596,+0.0104,-0.0296,-0.0133,-0.0557,-0.4357,5.207,-9.897,-5.604,-0.253,0.0000,0.0000,0.0000,0.0000,0.0000,0.0000,0.0000,0.0000,16.93,28.38,30,-10.530,1,121.5
3349.621,+0.0104,-0.0296,-0.0133,-0.0557,-0.4357,5.207,-9.897,-5.604,-0.253,0.0000,0.0000,0.0000,0.0000,0.0000,0.0000,0.0000,0.0000,16.93,28.38,30,-10.530,1,121.5
3349.658,+0.0341,-0.0296,-0.0133,-0.0557,-0.4357,5.207,-9.897,-5.604,-0.253,0.0000,0.0000,0.0000,0.0000,0.0000,0.0000,0.0000,0.0000,16.93,28.38,30,-10.530,1,121.5
3349.684,+0.0125,+0.0279,-0.0133,-0.0557,-0.4357,5.207,-9.897,-5.604,-0.253,0.0000,0.0000,0.0000,0.0000,0.0000,0.0000,0.0000,0.0000,16.93,28.38,30,-10.530,1,121.5
3349.712,+0.0125,-0.0259,-0.0133,-0.0557,-0.4357,5.207,-9.897,-5.604,-0.253,0.0000,0.0000,0.0000,0.0000,0.0000,0.0000,0.0000,0.0000,16.93,28.38,30,-10.530,1,121.5
3349.743,+0.0125,-0.0259,-0.0200,-0.0486,-0.4343,4.578,-9.940,-6.910,-0.387,0.0000,0.0000,0.0000,0.0000,0.0000,0.0000,0.0000,0.0000,16.93,28.38,30,-10.390,1,121.5
3349.786,-0.0082,-0.0259,-0.0133,-0.0500,-0.4357,4.258,-9.964,-7.029,-0.376,0.0000,0.0000,0.0000,0.0000,0.0000,0.0000,0.0000,0.0000,16.22,28.38,30,-10.390,1,115.7
3349.811,+0.0104,+0.0344,-0.0200,-0.0471,-0.4357,3.878,-9.997,-6.714,-0.384,0.0000,0.0000,0.0000,0.0000,0.0000,0.0000,0.0000,0.0000,16.22,28.38,30,-10.360,1,115.7
3349.851,-0.0113,-0.0222,-0.0200,-0.0486,-0.4371,3.526,-10.032,-6.187,-0.398,0.0000,0.0000,0.0000,0.0000,0.0000,0.0000,0.0000,0.0000,16.22,28.38,30,-10.130,1,115.7
3349.902,+0.0083,+0.0093,-0.0200,-0.0471,-0.4386,3.226,-10.064,-5.740,-0.379,0.0000,0.0000,0.0000,0.0000,0.0000,0.0000,0.0000,0.0000,15.52,28.38,30,-10.280,1,110.1
3349.944,-0.0124,-0.0185,-0.0200,-0.0486,-0.4400,2.710,-10.095,-4.478,0.281,0.0000,0.0000,0.0000,0.0000,0.0000,0.0000,0.0000,0.0000,15.52,28.38,30,-10.110,1,110.1
3349.980,+0.0063,-0.0185,-0.0200,-0.0500,-0.4386,2.706,-10.095,-4.222,0.450,0.0000,0.0000,0.0000,0.0000,0.0000,0.0000,0.0000,0.0000,15.52,28.38,30,-10.160,1,110.1
3350.009,+0.0354,-0.0703,-0.0200,-0.0500,-0.4386,2.484,-10.069,-4.414,0.759,0.0000,0.0000,0.0000,0.0000,0.0000,0.0000,0.0000,0.0000,15.52,28.38,30,-10.160,1,110.1
3350.039,+0.0372,-0.0222,-0.0200,-0.0471,-0.4386,2.271,-10.050,-3.976,0.288,0.0000,0.0000,0.0000,0.0000,0.0000,0.0000,0.0000,0.0000,15.52,28.38,30,-10.080,1,110.1
3350.088,+0.0104,-0.0222,-0.0200,-0.0457,-0.4400,2.271,-10.050,-3.976,0.288,0.0000,0.0000,0.0000,0.0000,0.0000,0.0000,0.0000,0.0000,14.81,28.39,30,-10.160,1,104.3
3350.117,+0.0104,-0.0746,-0.0333,-0.0400,-0.4371,2.078,-10.047,-4.196,0.236,0.0000,0.0000,0.0000,0.0000,0.0000,0.0000,0.0000,0.0000,14.81,28.39,30,-10.330,1,104.3
3350.147,+0.0104,-0.0259,-0.0333,-0.0400,-0.4371,2.078,-10.047,-4.196,0.236,0.0000,0.0000,0.0000,0.0000,0.0000,0.0000,0.0000,0.0000,14.81,28.39,30,-10.330,1,104.3
3350.178,+0.0104,-0.0739,-0.0333,-0.0400,-0.4371,1.849,-10.044,-4.285,0.228,0.0000,0.0000,0.0000,0.0000,0.0000,0.0000,0.0000,0.0000,14.81,28.39,30,-10.290,1,104.3
3350.208,+0.0104,-0.0296,-0.0333,-0.0400,-0.4371,1.844,-10.044,-4.279,0.216,0.0000,0.0000,0.0000,0.0000,0.0000,0.0000,0.0000,0.0000,14.81,28.39,30,-10.290,1,104.3
3350.250,-0.0105,-0.0296,-0.0267,-0.0414,-0.4329,1.417,-10.049,-3.418,0.142,0.0000,0.0000,0.0000,0.0000,0.0000,0.0000,0.0000,0.0000,14.81,28.39,30,-10.720,1,104.3
3350.297,+0.0083,-0.0296,-0.0333,-0.0414,-0.4329,1.246,-10.050,-3.121,0.208,0.0000,0.0000,0.0000,0.0000,0.0000,0.0000,0.0000,0.0000,14.09,28.39,29,-10.520,1,98.5
3350.325,+0.0083,-0.0296,-0.0333,-0.0414,-0.4329,1.091,-10.045,-2.926,0.318,0.0000,0.0000,0.0000,0.0000,0.0000,0.0000,0.0000,0.0000,14.09,28.39,29,-10.420,1,98.5
3350.385,+0.0083,-0.0569,-0.0267,-0.0414,-0.4329,1.088,-10.045,-2.903,0.340,0.0000,0.0000,0.0000,0.0000,0.0000,0.0000,0.0000,0.0000,14.09,28.39,29,-10.400,1,98.5
3350.419,+0.0083,-0.0333,-0.0333,-0.0386,-0.4329,0.931,-10.034,-3.019,0.414,0.0000,0.0000,0.0000,0.0000,0.0000,0.0000,0.0000,0.0000,14.09,28.39,29,-10.370,1,98.5
3350.464,+0.0281,-0.0333,-0.0333,-0.0400,-0.4314,0.796,-10.012,-2.842,0.672,0.0000,0.0000,0.0000,0.0000,0.0000,0.0000,0.0000,0.0000,14.09,28.39,29,-10.470,1,98.5
3350.498,+0.0353,-0.0777,-0.0333,-0.0386,-0.4300,0.669,-9.986,-2.659,0.632,0.0000,0.0000,0.0000,0.0000,0.0000,0.0000,0.0000,0.0000,13.38,28.39,29,-10.490,1,92.7
3350.527,+0.0425,-0.0370,-0.0333,-0.0371,-0.4314,0.532,-9.972,-2.774,0.294,0.0000,0.0000,0.0000,0.0000,0.0000,0.0000,0.0000,0.0000,13.38,28.39,29,-10.430,1,92.7
3350.566,+0.0366,-0.0370,-0.0400,-0.0357,-0.4300,0.529,-9.972,-2.818,0.200,0.0000,0.0000,0.0000,0.0000,0.0000,0.0000,0.0000,0.0000,13.38,28.39,29,-10.420,1,92.7
3350.599,+0.0167,-0.0370,-0.0400,-0.0357,-0.4300,0.529,-9.972,-2.818,0.200,0.0000,0.0000,0.0000,0.0000,0.0000,0.0000,0.0000,0.0000,13.38,28.39,29,-10.420,1,92.7
3350.637,+0.0397,-0.0370,-0.0400,-0.0357,-0.4300,0.529,-9.972,-2.818,0.200,0.0000,0.0000,0.0000,0.0000,0.0000,0.0000,0.0000,0.0000,13.38,28.39,29,-10.420,1,92.7
3350.665,+0.0187,-0.0370,-0.0400,-0.0357,-0.4300,0.529,-9.972,-2.818,0.200,0.0000,0.0000,0.0000,0.0000,0.0000,0.0000,0.0000,0.0000,13.38,28.39,29,-10.420,1,92.7
3350.714,+0.0187,-0.0370,-0.0400,-0.0357,-0.4300,0.375,-9.999,-2.951,-0.678,0.0000,0.0000,0.0000,0.0000,0.0000,0.0000,0.0000,0.0000,13.38,28.39,29,-10.420,1,92.7
3350.744,+0.0187,-0.0370,-0.0400,-0.0343,-0.4343,0.230,-10.052,-2.633,-0.945,0.0000,0.0000,0.0000,0.0000,0.0000,0.0000,0.0000,0.0000,13.38,28.39,29,-10.470,1,92.7
3350.792,+0.0187,-0.0370,-0.0400,-0.0357,-0.4329,-0.009,-10.144,-1.896,-0.480,0.0000,0.0000,0.0000,0.0000,0.0000,0.0000,0.0000,0.0000,12.68,28.39,29,-10.450,1,87.0
3350.827,+0.0436,-0.0370,-0.0400,-0.0357,-0.4329,-0.009,-10.144,-1.896,-0.480,0.0000,0.0000,0.0000,0.0000,0.0000,0.0000,0.0000,0.0000,12.68,28.39,29,-10.440,1,87.0
3350.856,+0.0208,-0.0370,-0.0400,-0.0357,-0.4329,-0.102,-10.169,-1.655,-0.177,0.0000,0.0000,0.0000,0.0000,0.0000,0.0000,0.0000,0.0000,12.68,28.39,29,-10.440,1,87.0
3350.894,+0.0441,-0.0370,-0.0400,-0.0343,-0.4314,-0.174,-10.182,-0.655,0.149,0.0000,0.0000,0.0000,0.0000,0.0000,0.0000,0.0000,0.0000,12.68,28.38,29,-10.440,1,87.0
3350.949,+0.0393,-0.0370,-0.0400,-0.0329,-0.4329,-0.167,-10.190,-0.073,0.121,0.0000,0.0000,0.0000,0.0000,0.0000,0.0000,0.0000,0.0000,11.97,28.38,29,-10.440,1,81.3
3350.983,+0.0506,-0.0370,-0.0400,-0.0329,-0.4329,-0.168,-10.190,-0.136,0.138,0.0000,0.0000,0.0000,0.0000,0.0000,0.0000,0.0000,0.0000,11.97,28.38,29,-10.440,1,81.3
3351.035,+0.0444,-0.0370,-0.0400,-0.0329,-0.4329,-0.186,-10.214,-0.113,-0.143,0.0000,0.0000,0.0000,0.0000,0.0000,0.0000,0.0000,0.0000,11.97,28.38,29,-10.440,1,81.3
3351.068,+0.0292,-0.0370,-0.0467,-0.0314,-0.4343,-0.186,-10.214,-0.113,-0.143,0.0000,0.0000,0.0000,0.0000,0.0000,0.0000,0.0000,0.0000,11.27,28.38,29,-10.440,1,75.7
3351.103,+0.0543,-0.0370,-0.0467,-0.0314,-0.4343,-0.189,-10.233,0.097,-0.201,0.0000,0.0000,0.0000,0.0000,0.0000,0.0000,0.0000,0.0000,11.27,28.38,29,-10.440,1,75.7
3351.139,+0.0552,-0.0796,-0.0467,-0.0314,-0.4343,-0.189,-10.233,0.097,-0.201,0.0000,0.0000,0.0000,0.0000,0.0000,0.0000,0.0000,0.0000,11.27,28.38,29,-10.440,1,75.7
3351.175,+0.0333,-0.0407,-0.0400,-0.0343,-0.4343,-0.180,-10.253,0.251,-0.174,0.0000,0.0000,0.0000,0.0000,0.0000,0.0000,0.0000,0.0000,11.27,28.38,29,-10.440,1,75.7
3351.212,+0.0570,-0.0407,-0.0400,-0.0343,-0.4343,-0.159,-10.269,0.507,-0.060,0.0000,0.0000,0.0000,0.0000,0.0000,0.0000,0.0000,0.0000,11.27,28.38,29,-10.440,1,75.7
3351.250,+0.0354,-0.0407,-0.0400,-0.0329,-0.4329,-0.134,-10.281,0.520,-0.001,0.0000,0.0000,0.0000,0.0000,0.0000,0.0000,0.0000,0.0000,11.27,28.38,29,-10.640,1,75.7
3351.282,+0.0619,-0.0407,-0.0400,-0.0329,-0.4329,-0.110,-10.290,0.431,0.026,0.0000,0.0000,0.0000,0.0000,0.0000,0.0000,0.0000,0.0000,10.54,28.38,29,-10.640,1,69.9
3351.326,+0.0576,-0.0765,-0.0400,-0.0329,-0.4329,-0.091,-10.298,0.274,0.096,0.0000,0.0000,0.0000,0.0000,0.0000,0.0000,0.0000,0.0000,10.54,28.38,29,-10.520,1,69.9
3351.368,+0.0605,-0.0444,-0.0467,-0.0300,-0.4329,-0.091,-10.298,0.237,0.117,0.0000,0.0000,0.0000,0.0000,0.0000,0.0000,0.0000,0.0000,10.54,28.38,29,-10.500,1,69.9
3351.412,+0.0618,-0.0444,-0.0467,-0.0300,-0.4329,-0.083,-10.306,0.045,-0.098,0.0000,0.0000,0.0000,0.0000,0.0000,0.0000,0.0000,0.0000,10.54,28.38,29,-10.730,1,69.9
3351.453,+0.0437,-0.0444,-0.0467,-0.0300,-0.4329,-0.082,-10.327,0.107,-0.284,0.0000,0.0000,0.0000,0.0000,0.0000,0.0000,0.0000,0.0000,10.54,28.38,29,-10.700,1,69.9
3351.504,+0.0615,-0.0760,-0.0467,-0.0300,-0.4329,-0.075,-10.354,0.270,-0.316,0.0000,0.0000,0.0000,0.0000,0.0000,0.0000,0.0000,0.0000,9.80,28.38,29,-10.610,1,64.1
3351.540,+0.0697,-0.0481,-0.0467,-0.0300,-0.4329,-0.061,-10.378,0.390,-0.269,0.0000,0.0000,0.0000,0.0000,0.0000,0.0000,0.0000,0.0000,9.80,28.38,29,-10.560,1,64.1
3351.581,+0.0479,-0.0481,-0.0467,-0.0329,-0.4329,-0.061,-10.378,0.390,-0.269,0.0000,0.0000,0.0000,0.0000,0.0000,0.0000,0.0000,0.0000,9.80,28.38,29,-10.550,1,64.1
3351.632,+0.0656,-0.0481,-0.0467,-0.0329,-0.4329,-0.061,-10.378,0.390,-0.269,0.0000,0.0000,0.0000,0.0000,0.0000,0.0000,0.0000,0.0000,9.80,28.38,29,-10.550,1,64.1
3351.682,+0.0680,-0.0801,-0.0467,-0.0329,-0.4329,-0.061,-10.378,0.390,-0.269,0.0000,0.0000,0.0000,0.0000,0.0000,0.0000,0.0000,0.0000,9.80,28.38,29,-10.550,1,64.1
3351.734,+0.0695,-0.0828,-0.0467,-0.0314,-0.4314,0.007,-10.408,0.987,0.119,0.0000,0.0000,0.0000,0.0000,0.0000,0.0000,0.0000,0.0000,9.80,28.38,29,-10.620,1,64.1
3351.785,+0.0716,-0.0556,-0.0467,-0.0286,-0.4314,0.067,-10.404,1.337,0.257,0.0000,0.0000,0.0000,0.0000,0.0000,0.0000,0.0000,0.0000,9.05,28.39,29,-10.580,1,58.3
3351.851,+0.0845,-0.0556,-0.0467,-0.0286,-0.4286,0.284,-10.458,0.200,0.199,0.0000,0.0000,0.0000,0.0000,0.0000,0.0000,0.0000,0.0000,9.05,28.39,29,-10.930,1,58.3
3351.906,+0.0769,-0.0848,-0.0467,-0.0286,-0.4286,0.347,-10.487,0.192,0.199,0.0000,0.0000,0.0000,0.0000,0.0000,0.0000,0.0000,0.0000,10.32,0.00,29,-10.720,1,52.8
3351.976,+0.0758,-0.0593,-0.0467,-0.0286,-0.4314,0.493,-10.536,0.200,0.198,0.0000,0.0000,0.0000,0.0000,0.0000,0.0000,0.0000,0.0000,10.32,0.00,29,-10.790,1,52.8
3352.048,+0.0777,-0.0827,-0.0467,-0.0271,-0.4300,0.650,-10.573,0.195,0.201,0.0000,0.0000,0.0000,0.0000,0.0000,0.0000,0.0000,0.0000,9.58,0.00,28,-10.800,1,47.2
3352.132,+0.1010,-0.0833,-0.0467,-0.0286,-0.4314,0.650,-10.573,0.196,0.199,0.0000,0.0000,0.0000,0.0000,0.0000,0.0000,0.0000,0.0000,9.58,0.00,28,-10.750,1,47.2
3352.212,+0.0970,-0.0881,-0.0533,-0.0271,-0.4300,0.880,-10.622,0.195,0.197,0.0000,0.0000,0.0000,0.0000,0.0000,0.0000,0.0000,0.0000,8.86,0.00,28,-10.970,1,41.7
3352.317,+0.1059,-0.1046,-0.0467,-0.0271,-0.4300,1.101,-10.675,1.517,-0.179,0.0000,0.0000,0.0000,0.0000,0.0000,0.0000,0.0000,0.0000,8.86,28.40,28,-11.040,1,41.7
3352.463,+0.1134,-0.1045,-0.0467,-0.0271,-0.4271,1.334,-10.729,1.655,-0.153,0.0000,0.0000,0.0000,0.0000,0.0000,0.0000,0.0000,0.0000,8.10,28.41,28,-11.210,1,36.0
3352.612,+0.1361,-0.1378,-0.0533,-0.0271,-0.4271,1.583,-10.776,1.626,-0.106,0.0000,0.0000,0.0000,0.0000,0.0000,0.0000,0.0000,0.0000,7.30,28.42,28,-11.250,1,30.2
3352.850,+0.1745,-0.1384,-0.0533,-0.0257,-0.4257,2.882,-11.121,2.904,-0.676,0.0000,0.0000,0.0000,0.0000,0.0000,0.0000,0.0000,0.0000,4.89,28.44,28,-11.650,1,12.8
3353.325,+0.1688,-0.1548,0.7600,-0.3271,-0.9586,0.504,-67.935,114.597,101.347,0.0000,0.0000,0.0000,0.0000,0.0000,0.0000,0.0000,0.0000,2.03,9.00,33,-11.660,1,18.5
3355.769,+0.1833,-0.1630,-1.0000,0.6529,-0.2529,-36.519,18.229,-154.076,-206.702,0.0000,0.0000,0.0000,0.0000,0.0000,0.0000,0.0000,0.0000,0.34,3.04,18,-11.850,1,21.7
3356.137,+0.2257,-0.2006,-1.0000,0.6529,-0.2529,-36.519,18.229,-154.076,-206.702,0.0000,0.0000,0.0000,0.0000,0.0000,0.0000,0.0000,0.0000,0.34,3.04,18,-11.850,1,21.7
3356.186,+0.2406,-0.2139,-1.0000,0.6071,-0.3929,-36.709,17.886,-153.048,-229.558,0.0000,0.0000,0.0000,0.0000,0.0000,0.0000,0.0000,0.0000,0.34,2.95,18,-11.850,1,21.7
3356.224,+0.2315,-0.1852,-1.0000,0.3143,-0.6857,-46.281,3.174,-49.898,-104.562,0.0000,0.0000,0.0000,0.0000,0.0000,0.0000,0.0000,0.0000,0.34,2.95,18,-12.070,1,21.7
3356.255,+0.2376,-0.2335,-0.8133,0.4171,-0.5829,-46.064,3.771,1.729,-98.568,0.0000,0.0000,0.0000,0.0000,0.0000,0.0000,0.0000,0.0000,0.34,1.92,18,-12.320,1,21.7
3356.305,+0.2306,-0.1889,-0.8067,0.2957,-0.7043,-46.004,3.786,13.733,-95.548,0.0000,0.0000,0.0000,0.0000,0.0000,0.0000,0.0000,0.0000,0.22,1.92,18,-12.330,1,22.2
3356.340,+0.2392,-0.2327,-0.7267,0.2600,-0.7400,-43.610,3.768,52.472,-92.693,0.0000,0.0000,0.0000,0.0000,0.0000,0.0000,0.0000,0.0000,0.22,1.52,18,-12.470,1,22.2
3356.406,+0.2448,-0.2176,-0.5533,0.3157,-0.4900,-32.579,1.980,144.961,-76.711,0.0000,0.0000,0.0000,0.0000,0.0000,0.0000,0.0000,0.0000,0.22,1.52,18,-12.540,1,22.2
3356.445,+1.0000,-1.0000,-0.5667,0.3414,-0.3671,-32.277,1.921,142.805,-77.030,0.0000,0.0000,0.0000,0.0000,0.0000,0.0000,0.0000,0.0000,0.23,1.31,18,-12.680,1,22.4
3356.508,+0.7092,-0.9681,-0.3933,0.2429,-0.1514,-12.497,-2.066,253.122,-69.806,0.0000,0.0000,0.0000,0.0000,0.0000,0.0000,0.0000,0.0000,0.23,1.31,18,-12.680,1,22.4
3356.544,+0.6555,-0.8515,-0.3000,0.2000,0.0514,-12.497,-2.066,253.122,-69.806,0.0000,0.0000,0.0000,0.0000,0.0000,0.0000,0.0000,0.0000,0.23,0.99,18,-15.880,1,22.4
3356.571,+0.6063,-0.8037,-0.2867,0.2071,0.1786,-12.233,-2.123,266.235,-69.173,0.0000,0.0000,0.0000,0.0000,0.0000,0.0000,0.0000,0.0000,0.23,0.99,18,-17.990,1,22.4
3356.606,+0.6220,-0.7878,-0.2867,0.2071,0.1786,-12.233,-2.123,266.235,-69.173,0.0000,0.0000,0.0000,0.0000,0.0000,0.0000,0.0000,0.0000,0.23,0.99,18,-17.990,1,22.4
3356.661,+0.5870,-0.7950,-0.2867,0.2071,0.1786,-12.233,-2.123,266.235,-69.173,0.0000,0.0000,0.0000,0.0000,0.0000,0.0000,0.0000,0.0000,0.23,0.99,18,-17.990,1,22.4
