timestamp_s,errorx,errory,aileron,elevator,rudder,roll_deg,pitch_deg,roll_rate_dps,pitch_rate_dps,pid_roll_desired,pid_roll_P,pid_roll_I,pid_roll_D,pid_pitch_desired,pid_pitch_P,pid_pitch_I,pid_pitch_D,alt_rel_m,groundspeed_ms,throttle_pct,nav_pitch_deg,target_locked,dist_m
1904.450,+0.7250,-0.3074,-0.0800,-0.0300,-0.6443,-3.582,-4.731,-4.095,1.537,0.0000,0.0000,0.0000,0.0000,0.0000,0.0000,0.0000,0.0000,76.77,23.08,45,-0.330,1,893.6
1904.483,+0.7771,-0.4464,-0.0867,-0.0271,-0.6471,-3.792,-4.687,-4.405,1.322,0.0000,0.0000,0.0000,0.0000,0.0000,0.0000,0.0000,0.0000,76.77,23.10,45,-0.470,1,893.6
1904.512,+0.7876,-0.4223,-0.0867,-0.0257,-0.6486,-3.796,-4.686,-4.717,1.187,0.0000,0.0000,0.0000,0.0000,0.0000,0.0000,0.0000,0.0000,76.77,23.10,45,-0.550,1,893.6
1904.538,+0.8301,-0.4407,-0.0867,-0.0257,-0.6486,-3.796,-4.686,-4.717,1.187,0.0000,0.0000,0.0000,0.0000,0.0000,0.0000,0.0000,0.0000,76.77,23.10,45,-0.550,1,893.6
1904.568,+0.8249,-0.4345,-0.0867,-0.0257,-0.6486,-3.796,-4.686,-4.717,1.187,0.0000,0.0000,0.0000,0.0000,0.0000,0.0000,0.0000,0.0000,76.77,23.10,45,-0.550,1,893.6
1904.604,+0.8195,-0.4281,-0.0867,-0.0257,-0.6486,-3.796,-4.686,-4.717,1.187,0.0000,0.0000,0.0000,0.0000,0.0000,0.0000,0.0000,0.0000,76.77,23.10,45,-0.550,1,893.6
1904.666,+0.8111,-0.4269,-0.0867,-0.0257,-0.6486,-4.040,-4.655,-5.569,1.067,0.0000,0.0000,0.0000,0.0000,0.0000,0.0000,0.0000,0.0000,76.77,23.10,45,-0.550,1,893.6
1904.692,+0.8572,-0.4166,-0.1000,-0.0157,-0.6386,-4.259,-4.591,-3.010,2.610,0.0000,0.0000,0.0000,0.0000,0.0000,0.0000,0.0000,0.0000,76.77,23.13,45,-1.000,1,893.6
1904.718,+0.7996,-0.4215,-0.1000,-0.0157,-0.6386,-4.259,-4.591,-3.010,2.610,0.0000,0.0000,0.0000,0.0000,0.0000,0.0000,0.0000,0.0000,76.54,23.13,45,-1.000,1,889.3
1904.748,+0.8258,-0.4681,-0.1000,-0.0171,-0.6429,-4.305,-4.498,0.466,1.694,0.0000,0.0000,0.0000,0.0000,0.0000,0.0000,0.0000,0.0000,76.54,23.13,45,-1.190,1,889.3
1904.796,+0.7915,-0.4734,-0.1067,-0.0114,-0.6371,-4.304,-4.495,0.357,1.724,0.0000,0.0000,0.0000,0.0000,0.0000,0.0000,0.0000,0.0000,76.54,23.14,45,-1.510,1,889.3
1904.825,+0.7750,-0.4877,-0.1133,-0.0057,-0.6229,-4.297,-4.182,0.621,5.140,0.0000,0.0000,0.0000,0.0000,0.0000,0.0000,0.0000,0.0000,76.54,23.14,45,-2.070,1,889.3
1904.847,+0.7750,-0.5291,-0.1133,-0.0029,-0.6114,-4.297,-4.182,0.621,5.140,0.0000,0.0000,0.0000,0.0000,0.0000,0.0000,0.0000,0.0000,76.54,23.17,44,-2.070,1,889.3
1904.874,+0.7750,-0.5123,-0.1133,-0.0029,-0.6114,-4.242,-3.918,1.855,5.834,0.0000,0.0000,0.0000,0.0000,0.0000,0.0000,0.0000,0.0000,76.39,23.17,44,-2.070,1,886.1
1904.905,+0.8031,-0.4573,-0.1133,0.0014,-0.5957,-4.133,-3.651,2.786,5.697,0.0000,0.0000,0.0000,0.0000,0.0000,0.0000,0.0000,0.0000,76.39,23.17,44,-2.720,1,886.1
1904.932,+0.7771,-0.5202,-0.1200,0.0029,-0.5914,-4.130,-3.646,3.101,5.663,0.0000,0.0000,0.0000,0.0000,0.0000,0.0000,0.0000,0.0000,76.39,23.19,44,-2.910,1,886.1
1904.963,+0.8327,-0.5173,-0.1200,0.0071,-0.5786,-3.738,-3.151,4.589,4.776,0.0000,0.0000,0.0000,0.0000,0.0000,0.0000,0.0000,0.0000,76.39,23.19,44,-3.420,1,886.1
1905.001,+0.8498,-0.4665,-0.1200,0.0086,-0.5743,-3.734,-3.147,4.725,4.665,0.0000,0.0000,0.0000,0.0000,0.0000,0.0000,0.0000,0.0000,76.20,23.22,44,-3.550,1,881.0
1905.039,+0.8559,-0.5107,-0.1267,0.0129,-0.5529,-3.269,-2.731,5.804,5.194,0.0000,0.0000,0.0000,0.0000,0.0000,0.0000,0.0000,0.0000,76.20,23.22,44,-4.190,1,881.0
1905.068,+0.8839,-0.4905,-0.1267,0.0129,-0.5529,-3.269,-2.731,5.804,5.194,0.0000,0.0000,0.0000,0.0000,0.0000,0.0000,0.0000,0.0000,76.20,23.22,44,-4.190,1,881.0
1905.134,+0.8701,-0.4906,-0.1267,0.0171,-0.5400,-2.962,-2.457,6.962,6.023,0.0000,0.0000,0.0000,0.0000,0.0000,0.0000,0.0000,0.0000,76.20,23.23,44,-4.460,1,881.0
1905.157,+0.9191,-0.5125,-0.1333,0.0171,-0.5343,-2.596,-2.203,7.724,4.765,0.0000,0.0000,0.0000,0.0000,0.0000,0.0000,0.0000,0.0000,76.20,23.23,44,-4.710,1,881.0
1905.193,+0.9375,-0.4519,-0.1333,0.0229,-0.5143,-2.226,-2.040,7.480,3.900,0.0000,0.0000,0.0000,0.0000,0.0000,0.0000,0.0000,0.0000,76.20,23.23,44,-5.700,1,881.0
1905.218,+0.9283,-0.4519,-0.1333,0.0229,-0.5143,-2.226,-2.040,7.480,3.900,0.0000,0.0000,0.0000,0.0000,0.0000,0.0000,0.0000,0.0000,76.12,23.23,44,-5.700,1,876.8
1905.278,+0.9095,-0.4248,-0.1467,0.0314,-0.5029,-1.904,-1.954,5.541,0.392,0.0000,0.0000,0.0000,0.0000,0.0000,0.0000,0.0000,0.0000,76.12,23.22,43,-6.440,1,876.8
1905.299,+0.8841,-0.3047,-0.1467,0.0314,-0.5029,-1.682,-2.061,4.946,-3.000,0.0000,0.0000,0.0000,0.0000,0.0000,0.0000,0.0000,0.0000,76.12,23.22,43,-6.440,1,876.8
1905.333,+0.8709,-0.3068,-0.1467,0.0314,-0.5143,-1.682,-2.061,4.946,-3.000,0.0000,0.0000,0.0000,0.0000,0.0000,0.0000,0.0000,0.0000,76.12,23.22,43,-6.630,1,876.8
1905.365,+0.8206,-0.1864,-0.1467,0.0300,-0.5100,-1.390,-2.341,6.125,-5.572,0.0000,0.0000,0.0000,0.0000,0.0000,0.0000,0.0000,0.0000,76.12,23.22,43,-6.850,1,876.8
1905.404,+0.8236,-0.2132,-0.1467,0.0300,-0.5100,-1.390,-2.341,6.125,-5.572,0.0000,0.0000,0.0000,0.0000,0.0000,0.0000,0.0000,0.0000,76.11,23.22,43,-6.850,1,872.6
1905.440,+0.7958,-0.2219,-0.1400,0.0257,-0.5000,-0.581,-2.788,9.657,-3.198,0.0000,0.0000,0.0000,0.0000,0.0000,0.0000,0.0000,0.0000,76.11,23.22,43,-6.680,1,872.6
1905.505,+0.8253,-0.2006,-0.1400,0.0271,-0.4957,-0.064,-2.893,11.954,-1.355,0.0000,0.0000,0.0000,0.0000,0.0000,0.0000,0.0000,0.0000,76.11,23.22,43,-6.840,1,872.6
1905.533,+0.8068,-0.0788,-0.1333,0.0257,-0.4943,-0.064,-2.893,11.954,-1.355,0.0000,0.0000,0.0000,0.0000,0.0000,0.0000,0.0000,0.0000,76.11,23.22,43,-7.000,1,872.6
1905.572,+0.8132,-0.1750,-0.1333,0.0257,-0.4943,-0.064,-2.893,11.954,-1.355,0.0000,0.0000,0.0000,0.0000,0.0000,0.0000,0.0000,0.0000,76.11,23.22,43,-7.000,1,872.6
1905.600,+0.8638,-0.1020,-0.1333,0.0257,-0.4943,-0.064,-2.893,11.954,-1.355,0.0000,0.0000,0.0000,0.0000,0.0000,0.0000,0.0000,0.0000,76.11,23.22,43,-7.000,1,872.6
1905.634,+0.8860,-0.0789,-0.1333,0.0257,-0.4943,-0.064,-2.893,11.954,-1.355,0.0000,0.0000,0.0000,0.0000,0.0000,0.0000,0.0000,0.0000,76.11,23.22,43,-7.000,1,872.6
1905.682,+0.8955,-0.0533,-0.1333,0.0257,-0.4857,1.345,-2.885,15.485,0.539,0.0000,0.0000,0.0000,0.0000,0.0000,0.0000,0.0000,0.0000,76.11,23.22,43,-7.450,1,872.6
1905.710,+0.9351,+0.0053,-0.1333,0.0257,-0.4829,1.345,-2.885,15.485,0.539,0.0000,0.0000,0.0000,0.0000,0.0000,0.0000,0.0000,0.0000,76.05,23.23,43,-7.360,1,868.3
1905.738,+0.9447,+0.0887,-0.1333,0.0257,-0.4829,2.064,-2.891,15.736,-1.223,0.0000,0.0000,0.0000,0.0000,0.0000,0.0000,0.0000,0.0000,76.05,23.23,43,-7.360,1,868.3
1905.795,+0.9065,+0.0099,-0.1400,0.0271,-0.5014,2.823,-3.060,13.905,-5.656,0.0000,0.0000,0.0000,0.0000,0.0000,0.0000,0.0000,0.0000,76.05,23.24,43,-7.600,1,868.3
1905.857,+0.9090,+0.0478,-0.1467,0.0343,-0.5029,4.074,-3.789,11.734,-7.613,0.0000,0.0000,0.0000,0.0000,0.0000,0.0000,0.0000,0.0000,75.97,23.25,42,-8.150,1,864.2
1905.890,+0.8708,+0.1657,-0.1467,0.0343,-0.5057,4.639,-4.145,11.204,-6.560,0.0000,0.0000,0.0000,0.0000,0.0000,0.0000,0.0000,0.0000,75.97,23.25,42,-7.470,1,864.2
1905.916,+0.8378,+0.1638,-0.1467,0.0300,-0.5129,4.639,-4.145,11.204,-6.560,0.0000,0.0000,0.0000,0.0000,0.0000,0.0000,0.0000,0.0000,75.97,23.26,42,-7.650,1,864.2
1905.953,+0.8452,+0.1820,-0.1400,0.0286,-0.5171,5.191,-4.448,11.506,-5.435,0.0000,0.0000,0.0000,0.0000,0.0000,0.0000,0.0000,0.0000,75.97,23.26,42,-7.340,1,864.2
1905.992,+0.8225,+0.1898,-0.1333,0.0229,-0.5200,5.737,-4.700,12.176,-4.844,0.0000,0.0000,0.0000,0.0000,0.0000,0.0000,0.0000,0.0000,75.97,23.28,42,-7.100,1,864.2
1906.026,+0.7849,+0.2168,-0.1333,0.0229,-0.5200,6.357,-4.951,13.409,-4.378,0.0000,0.0000,0.0000,0.0000,0.0000,0.0000,0.0000,0.0000,75.86,23.28,42,-7.100,1,861.1
1906.064,+0.7890,+0.2020,-0.1400,0.0229,-0.5314,6.357,-4.951,13.409,-4.378,0.0000,0.0000,0.0000,0.0000,0.0000,0.0000,0.0000,0.0000,75.86,23.28,42,-6.700,1,861.1
1906.089,+0.7810,+0.2917,-0.1400,0.0229,-0.5314,6.357,-4.951,13.409,-4.378,0.0000,0.0000,0.0000,0.0000,0.0000,0.0000,0.0000,0.0000,75.86,23.28,42,-6.700,1,861.1
1906.122,+0.7681,+0.2800,-0.1333,0.0186,-0.5414,7.025,-5.196,14.454,-4.373,0.0000,0.0000,0.0000,0.0000,0.0000,0.0000,0.0000,0.0000,75.86,23.32,42,-6.550,1,861.1
1906.169,+0.8013,+0.3321,-0.1200,0.0100,-0.5586,8.494,-5.690,15.369,-4.144,0.0000,0.0000,0.0000,0.0000,0.0000,0.0000,0.0000,0.0000,75.86,23.32,42,-5.990,1,861.1
1906.202,+0.7836,+0.3355,-0.1200,0.0071,-0.5643,9.224,-5.876,15.513,-2.640,0.0000,0.0000,0.0000,0.0000,0.0000,0.0000,0.0000,0.0000,75.86,23.36,43,-5.620,1,861.1
1906.247,+0.7922,+0.2896,-0.1200,0.0071,-0.5700,9.939,-5.980,15.107,-1.396,0.0000,0.0000,0.0000,0.0000,0.0000,0.0000,0.0000,0.0000,75.57,23.36,43,-5.210,1,855.9
1906.315,+0.8133,+0.3001,-0.1200,0.0043,-0.5871,10.636,-6.046,14.333,-1.236,0.0000,0.0000,0.0000,0.0000,0.0000,0.0000,0.0000,0.0000,75.57,23.40,43,-4.620,1,855.9
1906.342,+0.7936,+0.3564,-0.1200,0.0043,-0.5871,11.299,-6.130,13.549,-1.818,0.0000,0.0000,0.0000,0.0000,0.0000,0.0000,0.0000,0.0000,75.57,23.40,43,-4.620,1,855.9
1906.371,+0.7940,+0.3023,-0.1200,0.0014,-0.5986,11.299,-6.130,13.549,-1.818,0.0000,0.0000,0.0000,0.0000,0.0000,0.0000,0.0000,0.0000,75.57,23.40,43,-4.620,1,855.9
1906.404,+0.7678,+0.3949,-0.1200,-0.0000,-0.6086,11.923,-6.251,12.888,-2.459,0.0000,0.0000,0.0000,0.0000,0.0000,0.0000,0.0000,0.0000,75.57,23.44,43,-4.140,1,855.9
1906.454,+0.7811,+0.3672,-0.1133,-0.0043,-0.6186,12.531,-6.402,12.659,-2.542,0.0000,0.0000,0.0000,0.0000,0.0000,0.0000,0.0000,0.0000,75.26,23.44,43,-3.900,1,851.9
1906.475,+0.7316,+0.3437,-0.1133,-0.0043,-0.6186,13.082,-6.591,11.018,-3.132,0.0000,0.0000,0.0000,0.0000,0.0000,0.0000,0.0000,0.0000,75.26,23.44,43,-3.900,1,851.9
1906.534,+0.7468,+0.3714,-0.1067,-0.0114,-0.6400,13.093,-6.595,11.082,-3.103,0.0000,0.0000,0.0000,0.0000,0.0000,0.0000,0.0000,0.0000,75.26,23.49,43,-2.860,1,851.9
1906.567,+0.7202,+0.3242,-0.1067,-0.0114,-0.6400,13.093,-6.595,11.082,-3.103,0.0000,0.0000,0.0000,0.0000,0.0000,0.0000,0.0000,0.0000,75.26,23.49,43,-2.860,1,851.9
1906.589,+0.6447,+0.2370,-0.1067,-0.0114,-0.6400,13.093,-6.595,11.082,-3.103,0.0000,0.0000,0.0000,0.0000,0.0000,0.0000,0.0000,0.0000,75.26,23.49,43,-2.860,1,851.9
1906.618,+0.6971,+0.2894,-0.1067,-0.0114,-0.6400,13.093,-6.595,11.082,-3.103,0.0000,0.0000,0.0000,0.0000,0.0000,0.0000,0.0000,0.0000,75.26,23.49,43,-2.860,1,851.9
1906.648,+0.6666,+0.2908,-0.1067,-0.0114,-0.6400,13.093,-6.595,11.082,-3.103,0.0000,0.0000,0.0000,0.0000,0.0000,0.0000,0.0000,0.0000,75.26,23.49,43,-2.860,1,851.9
1906.678,+0.6563,+0.2444,-0.1000,-0.0186,-0.6529,13.996,-6.933,9.545,-0.666,0.0000,0.0000,0.0000,0.0000,0.0000,0.0000,0.0000,0.0000,75.26,23.49,43,-2.700,1,851.9
1906.712,+0.6858,+0.1990,-0.0933,-0.0200,-0.6514,13.996,-6.933,9.545,-0.666,0.0000,0.0000,0.0000,0.0000,0.0000,0.0000,0.0000,0.0000,74.89,23.54,44,-2.610,1,847.7
1906.737,+0.6552,+0.1809,-0.0933,-0.0200,-0.6514,14.473,-6.923,11.478,4.649,0.0000,0.0000,0.0000,0.0000,0.0000,0.0000,0.0000,0.0000,74.89,23.54,44,-2.260,1,847.7
1906.771,+0.6996,+0.1922,-0.0800,-0.0300,-0.6443,15.059,-6.699,11.715,6.177,0.0000,0.0000,0.0000,0.0000,0.0000,0.0000,0.0000,0.0000,74.89,23.60,43,-2.580,1,847.7
1906.797,+0.6802,+0.1750,-0.0800,-0.0300,-0.6414,16.177,-6.148,11.240,6.488,0.0000,0.0000,0.0000,0.0000,0.0000,0.0000,0.0000,0.0000,74.89,23.60,43,-2.530,1,847.7
1906.841,+0.6810,+0.2296,-0.0667,-0.0371,-0.6457,16.198,-6.139,10.823,5.753,0.0000,0.0000,0.0000,0.0000,0.0000,0.0000,0.0000,0.0000,74.89,23.67,43,-2.980,1,847.7
1906.868,+0.6732,+0.1743,-0.0667,-0.0371,-0.6457,16.714,-5.938,9.854,4.353,0.0000,0.0000,0.0000,0.0000,0.0000,0.0000,0.0000,0.0000,74.48,23.67,43,-2.980,1,843.3
1906.909,+0.6673,+0.1880,-0.0667,-0.0386,-0.6471,17.157,-5.804,9.091,3.645,0.0000,0.0000,0.0000,0.0000,0.0000,0.0000,0.0000,0.0000,74.48,23.76,43,-3.120,1,843.3
1906.952,+0.6435,+0.1860,-0.0667,-0.0414,-0.6500,17.855,-5.653,4.935,3.132,0.0000,0.0000,0.0000,0.0000,0.0000,0.0000,0.0000,0.0000,74.48,23.76,43,-2.790,1,843.3
1906.985,+0.6372,+0.1714,-0.0667,-0.0414,-0.6500,17.862,-5.651,3.929,3.040,0.0000,0.0000,0.0000,0.0000,0.0000,0.0000,0.0000,0.0000,74.48,23.76,43,-2.790,1,843.3
1907.018,+0.6326,+0.1687,-0.0600,-0.0429,-0.6514,17.862,-5.651,3.929,3.040,0.0000,0.0000,0.0000,0.0000,0.0000,0.0000,0.0000,0.0000,74.11,23.78,43,-2.670,1,838.9
1907.044,+0.5729,+0.1528,-0.0600,-0.0429,-0.6514,17.971,-5.593,2.125,3.975,0.0000,0.0000,0.0000,0.0000,0.0000,0.0000,0.0000,0.0000,74.11,23.78,43,-2.620,1,838.9
1907.073,+0.5798,+0.1043,-0.0600,-0.0457,-0.6486,17.971,-5.593,2.125,3.975,0.0000,0.0000,0.0000,0.0000,0.0000,0.0000,0.0000,0.0000,74.11,23.78,43,-2.620,1,838.9
1907.101,+0.5661,+0.0921,-0.0600,-0.0457,-0.6486,17.971,-5.593,2.125,3.975,0.0000,0.0000,0.0000,0.0000,0.0000,0.0000,0.0000,0.0000,74.11,23.78,43,-2.620,1,838.9
1907.139,+0.5652,+0.0710,-0.0533,-0.0471,-0.6471,18.054,-5.522,2.423,4.581,0.0000,0.0000,0.0000,0.0000,0.0000,0.0000,0.0000,0.0000,74.11,23.83,43,-2.580,1,838.9
1907.185,+0.5720,+0.0439,-0.0400,-0.0543,-0.6314,18.573,-4.794,4.406,9.754,0.0000,0.0000,0.0000,0.0000,0.0000,0.0000,0.0000,0.0000,74.11,23.83,43,-2.950,1,838.9
1907.239,+0.5910,+0.0171,-0.0400,-0.0543,-0.6229,18.581,-4.778,4.308,10.093,0.0000,0.0000,0.0000,0.0000,0.0000,0.0000,0.0000,0.0000,73.69,23.90,43,-3.190,1,833.4
1907.271,+0.5965,-0.0420,-0.0400,-0.0514,-0.6114,18.750,-4.398,3.462,9.721,0.0000,0.0000,0.0000,0.0000,0.0000,0.0000,0.0000,0.0000,73.69,23.90,43,-3.540,1,833.4
1907.296,+0.6122,-0.0463,-0.0400,-0.0514,-0.6114,18.878,-4.042,2.703,8.997,0.0000,0.0000,0.0000,0.0000,0.0000,0.0000,0.0000,0.0000,73.69,23.94,42,-3.540,1,833.4
1907.384,+0.5770,-0.0557,-0.0467,-0.0457,-0.5971,18.969,-3.700,1.570,7.899,0.0000,0.0000,0.0000,0.0000,0.0000,0.0000,0.0000,0.0000,73.69,23.94,42,-4.350,1,833.4
1907.409,+0.5979,-0.2075,-0.0467,-0.0457,-0.5857,18.969,-3.700,1.570,7.899,0.0000,0.0000,0.0000,0.0000,0.0000,0.0000,0.0000,0.0000,73.69,23.96,42,-4.630,1,833.4
1907.445,+0.5566,-0.1016,-0.0467,-0.0457,-0.5800,19.015,-3.443,1.193,7.577,0.0000,0.0000,0.0000,0.0000,0.0000,0.0000,0.0000,0.0000,73.49,23.96,42,-4.760,1,830.1
1907.468,+0.5514,-0.1986,-0.0467,-0.0457,-0.5800,19.017,-3.433,0.942,7.357,0.0000,0.0000,0.0000,0.0000,0.0000,0.0000,0.0000,0.0000,73.49,23.96,42,-5.530,1,830.1
1907.530,+0.5289,-0.1189,-0.0467,-0.0457,-0.5657,18.985,-3.222,-1.325,6.658,0.0000,0.0000,0.0000,0.0000,0.0000,0.0000,0.0000,0.0000,73.49,23.98,41,-6.050,1,830.1
1907.552,+0.5310,-0.1821,-0.0467,-0.0457,-0.5657,18.985,-3.222,-1.325,6.658,0.0000,0.0000,0.0000,0.0000,0.0000,0.0000,0.0000,0.0000,73.49,23.98,41,-6.050,1,830.1
1907.581,+0.5141,-0.0968,-0.0467,-0.0457,-0.5657,18.985,-3.222,-1.325,6.658,0.0000,0.0000,0.0000,0.0000,0.0000,0.0000,0.0000,0.0000,73.49,23.98,41,-6.050,1,830.1
1907.608,+0.5014,-0.1120,-0.0467,-0.0457,-0.5657,18.985,-3.222,-1.325,6.658,0.0000,0.0000,0.0000,0.0000,0.0000,0.0000,0.0000,0.0000,73.49,23.98,41,-6.050,1,830.1
1907.691,+0.5197,-0.1109,-0.0400,-0.0486,-0.5457,18.730,-2.921,-2.236,4.465,0.0000,0.0000,0.0000,0.0000,0.0000,0.0000,0.0000,0.0000,73.49,23.98,41,-6.570,1,830.1
1907.722,+0.4658,-0.0754,-0.0400,-0.0486,-0.5457,18.730,-2.921,-2.236,4.465,0.0000,0.0000,0.0000,0.0000,0.0000,0.0000,0.0000,0.0000,73.31,23.99,41,-6.570,1,825.7
1907.745,+0.4260,-0.0296,-0.0400,-0.0457,-0.5400,18.613,-2.834,-2.591,3.320,0.0000,0.0000,0.0000,0.0000,0.0000,0.0000,0.0000,0.0000,73.31,23.99,41,-6.850,1,825.7
1907.773,+0.4360,-0.0849,-0.0333,-0.0500,-0.5414,18.485,-2.839,-2.562,1.748,0.0000,0.0000,0.0000,0.0000,0.0000,0.0000,0.0000,0.0000,73.31,23.99,41,-6.510,1,825.7
1907.818,+0.4545,-0.1374,-0.0400,-0.0471,-0.5357,18.283,-2.926,-1.589,2.072,0.0000,0.0000,0.0000,0.0000,0.0000,0.0000,0.0000,0.0000,73.31,23.99,41,-6.460,1,825.7
1907.844,+0.4436,-0.1026,-0.0333,-0.0514,-0.5343,18.283,-2.926,-1.589,2.072,0.0000,0.0000,0.0000,0.0000,0.0000,0.0000,0.0000,0.0000,73.31,24.00,41,-6.260,1,825.7
1907.875,+0.4535,-0.0967,-0.0333,-0.0514,-0.5343,18.220,-2.922,-1.050,2.898,0.0000,0.0000,0.0000,0.0000,0.0000,0.0000,0.0000,0.0000,73.19,24.00,41,-6.260,1,821.3
1907.915,+0.4403,-0.1308,-0.0267,-0.0514,-0.5286,18.177,-2.874,-0.750,3.550,0.0000,0.0000,0.0000,0.0000,0.0000,0.0000,0.0000,0.0000,73.19,24.00,41,-6.450,1,821.3
1907.950,+0.4471,-0.1467,-0.0267,-0.0529,-0.5271,18.138,-2.787,-0.704,3.960,0.0000,0.0000,0.0000,0.0000,0.0000,0.0000,0.0000,0.0000,73.19,24.00,41,-6.590,1,821.3
1908.006,+0.4497,-0.1244,-0.0267,-0.0514,-0.5171,17.986,-2.606,-2.064,3.631,0.0000,0.0000,0.0000,0.0000,0.0000,0.0000,0.0000,0.0000,73.19,23.99,40,-6.890,1,821.3
1908.035,+0.4483,-0.1256,-0.0267,-0.0514,-0.5171,17.981,-2.602,-2.164,3.609,0.0000,0.0000,0.0000,0.0000,0.0000,0.0000,0.0000,0.0000,73.05,23.99,40,-6.890,1,815.5
1908.066,+0.4468,-0.1269,-0.0333,-0.0500,-0.5100,17.981,-2.602,-2.164,3.609,0.0000,0.0000,0.0000,0.0000,0.0000,0.0000,0.0000,0.0000,73.05,23.99,40,-7.180,1,815.5
1908.152,+0.4642,-0.1015,-0.0333,-0.0500,-0.5157,17.891,-2.567,-1.736,0.830,0.0000,0.0000,0.0000,0.0000,0.0000,0.0000,0.0000,0.0000,73.05,23.99,40,-7.280,1,815.5
1908.176,+0.4556,+0.0430,-0.0333,-0.0486,-0.5143,17.596,-2.818,-3.771,-3.189,0.0000,0.0000,0.0000,0.0000,0.0000,0.0000,0.0000,0.0000,73.05,23.99,40,-7.400,1,815.5
1908.205,+0.4307,-0.0255,-0.0333,-0.0486,-0.5200,17.588,-2.827,-3.931,-3.476,0.0000,0.0000,0.0000,0.0000,0.0000,0.0000,0.0000,0.0000,73.05,23.99,40,-7.490,1,815.5
1908.233,+0.4244,-0.0198,-0.0333,-0.0486,-0.5200,17.588,-2.827,-3.931,-3.476,0.0000,0.0000,0.0000,0.0000,0.0000,0.0000,0.0000,0.0000,72.99,23.99,40,-7.490,1,812.1
1908.288,+0.4157,-0.0704,-0.0333,-0.0486,-0.5257,17.173,-3.243,-4.259,-2.060,0.0000,0.0000,0.0000,0.0000,0.0000,0.0000,0.0000,0.0000,72.99,23.98,40,-6.370,1,812.1
1908.311,+0.3996,-0.0052,-0.0333,-0.0500,-0.5243,16.974,-3.406,-4.016,-1.349,0.0000,0.0000,0.0000,0.0000,0.0000,0.0000,0.0000,0.0000,72.99,23.98,40,-6.350,1,812.1
1908.340,+0.3808,-0.0667,-0.0333,-0.0500,-0.5243,16.974,-3.406,-4.016,-1.349,0.0000,0.0000,0.0000,0.0000,0.0000,0.0000,0.0000,0.0000,72.99,23.98,40,-6.350,1,812.1
1908.373,+0.3588,-0.0206,-0.0333,-0.0486,-0.5286,16.787,-3.553,-3.542,-0.782,0.0000,0.0000,0.0000,0.0000,0.0000,0.0000,0.0000,0.0000,72.99,23.98,40,-6.540,1,812.1
1908.403,+0.3388,-0.0630,-0.0267,-0.0529,-0.5214,16.629,-3.688,-2.911,-0.569,0.0000,0.0000,0.0000,0.0000,0.0000,0.0000,0.0000,0.0000,72.99,23.99,40,-7.750,1,812.1
1908.442,+0.3571,-0.0630,-0.0267,-0.0529,-0.5214,16.501,-3.819,-2.341,-0.632,0.0000,0.0000,0.0000,0.0000,0.0000,0.0000,0.0000,0.0000,72.84,23.99,40,-7.220,1,806.5
1908.481,+0.3703,-0.0630,-0.0200,-0.0571,-0.5257,16.394,-3.953,-1.914,-0.864,0.0000,0.0000,0.0000,0.0000,0.0000,0.0000,0.0000,0.0000,72.84,23.99,40,-7.160,1,806.5
1908.519,+0.3400,-0.0630,-0.0267,-0.0543,-0.5257,16.392,-3.956,-1.834,-0.921,0.0000,0.0000,0.0000,0.0000,0.0000,0.0000,0.0000,0.0000,72.84,23.99,40,-7.150,1,806.5
1908.548,+0.3644,-0.0110,-0.0267,-0.0543,-0.5257,16.392,-3.956,-1.834,-0.921,0.0000,0.0000,0.0000,0.0000,0.0000,0.0000,0.0000,0.0000,72.84,23.99,40,-7.150,1,806.5
1908.572,+0.3482,-0.0593,-0.0267,-0.0543,-0.5257,16.392,-3.956,-1.834,-0.921,0.0000,0.0000,0.0000,0.0000,0.0000,0.0000,0.0000,0.0000,72.84,23.99,40,-7.150,1,806.5
1908.645,+0.3629,-0.0593,-0.0267,-0.0543,-0.5257,16.392,-3.956,-1.834,-0.921,0.0000,0.0000,0.0000,0.0000,0.0000,0.0000,0.0000,0.0000,72.84,23.99,40,-7.150,1,806.5
1908.684,+0.3836,-0.0190,-0.0267,-0.0514,-0.5257,16.199,-4.186,-1.883,-0.856,0.0000,0.0000,0.0000,0.0000,0.0000,0.0000,0.0000,0.0000,72.84,23.99,40,-7.180,1,806.5
1908.714,+0.3481,-0.0556,-0.0267,-0.0557,-0.5271,16.199,-4.186,-1.883,-0.856,0.0000,0.0000,0.0000,0.0000,0.0000,0.0000,0.0000,0.0000,72.67,24.00,40,-7.220,1,801.9
1908.745,+0.3723,-0.0556,-0.0267,-0.0529,-0.5300,16.090,-4.282,-2.311,-0.902,0.0000,0.0000,0.0000,0.0000,0.0000,0.0000,0.0000,0.0000,72.67,24.00,40,-7.100,1,801.9
1908.822,+0.3484,-0.0335,-0.0333,-0.0486,-0.5286,15.605,-4.576,-3.565,-0.982,0.0000,0.0000,0.0000,0.0000,0.0000,0.0000,0.0000,0.0000,72.67,24.01,40,-7.140,1,801.9
1908.848,+0.3574,-0.0519,-0.0333,-0.0500,-0.5300,15.605,-4.576,-3.565,-0.982,0.0000,0.0000,0.0000,0.0000,0.0000,0.0000,0.0000,0.0000,72.67,24.03,40,-7.250,1,801.9
1908.884,+0.3389,-0.0086,-0.0333,-0.0486,-0.5314,15.414,-4.690,-3.677,-1.043,0.0000,0.0000,0.0000,0.0000,0.0000,0.0000,0.0000,0.0000,72.47,24.03,40,-7.320,1,797.2
1908.921,+0.3124,-0.0481,-0.0333,-0.0514,-0.5314,15.406,-4.695,-3.685,-1.057,0.0000,0.0000,0.0000,0.0000,0.0000,0.0000,0.0000,0.0000,72.47,24.04,40,-7.280,1,797.2
1908.944,+0.2676,-0.0481,-0.0333,-0.0514,-0.5314,15.050,-4.942,-3.185,-1.089,0.0000,0.0000,0.0000,0.0000,0.0000,0.0000,0.0000,0.0000,72.47,24.04,40,-7.240,1,797.2
1908.979,+0.2968,-0.0481,-0.0333,-0.0514,-0.5343,15.050,-4.942,-3.185,-1.089,0.0000,0.0000,0.0000,0.0000,0.0000,0.0000,0.0000,0.0000,72.47,24.04,40,-7.190,1,797.2
1909.019,+0.2785,-0.0099,-0.0200,-0.0586,-0.5357,14.884,-5.072,-3.157,-1.183,0.0000,0.0000,0.0000,0.0000,0.0000,0.0000,0.0000,0.0000,72.23,24.06,40,-7.310,1,792.6
1909.059,+0.3116,-0.0444,-0.0267,-0.0557,-0.5357,14.723,-5.204,-2.948,-1.245,0.0000,0.0000,0.0000,0.0000,0.0000,0.0000,0.0000,0.0000,72.23,24.06,40,-7.380,1,792.6
1909.080,+0.2745,-0.0444,-0.0267,-0.0557,-0.5357,14.723,-5.204,-2.948,-1.245,0.0000,0.0000,0.0000,0.0000,0.0000,0.0000,0.0000,0.0000,72.23,24.06,40,-7.380,1,792.6
1909.108,+0.2577,-0.0444,-0.0267,-0.0557,-0.5357,14.723,-5.204,-2.948,-1.245,0.0000,0.0000,0.0000,0.0000,0.0000,0.0000,0.0000,0.0000,72.23,24.06,40,-7.380,1,792.6
1909.180,+0.2891,-0.0211,-0.0267,-0.0557,-0.5386,14.426,-5.438,-2.833,-0.863,0.0000,0.0000,0.0000,0.0000,0.0000,0.0000,0.0000,0.0000,72.23,24.08,40,-7.380,1,792.6
1909.206,+0.2676,-0.0992,-0.0267,-0.0557,-0.5357,14.273,-5.517,-2.911,-0.158,0.0000,0.0000,0.0000,0.0000,0.0000,0.0000,0.0000,0.0000,72.23,24.11,40,-7.450,1,792.6
1909.233,+0.2667,-0.0444,-0.0267,-0.0557,-0.5357,14.117,-5.575,-3.107,-0.167,0.0000,0.0000,0.0000,0.0000,0.0000,0.0000,0.0000,0.0000,71.96,24.11,40,-7.450,1,788.0
1909.275,+0.2831,-0.0444,-0.0267,-0.0543,-0.5371,13.950,-5.640,-3.212,-0.379,0.0000,0.0000,0.0000,0.0000,0.0000,0.0000,0.0000,0.0000,71.96,24.11,40,-7.640,1,788.0
1909.310,+0.2719,-0.0444,-0.0267,-0.0543,-0.5371,13.787,-5.712,-3.243,-0.541,0.0000,0.0000,0.0000,0.0000,0.0000,0.0000,0.0000,0.0000,71.96,24.15,40,-7.620,1,788.0
1909.333,+0.2425,-0.0444,-0.0267,-0.0543,-0.5371,13.787,-5.712,-3.243,-0.541,0.0000,0.0000,0.0000,0.0000,0.0000,0.0000,0.0000,0.0000,71.96,24.15,40,-7.620,1,788.0
1909.375,+0.2499,-0.0444,-0.0333,-0.0514,-0.5371,13.609,-5.799,-3.242,-0.710,0.0000,0.0000,0.0000,0.0000,0.0000,0.0000,0.0000,0.0000,71.96,24.15,40,-7.630,1,788.0
1909.404,+0.2770,-0.0444,-0.0267,-0.0543,-0.5371,13.442,-5.883,-3.210,-0.710,0.0000,0.0000,0.0000,0.0000,0.0000,0.0000,0.0000,0.0000,71.96,24.18,40,-7.650,1,788.0
1909.439,+0.2551,-0.0444,-0.0267,-0.0543,-0.5371,13.273,-5.966,-3.295,-0.600,0.0000,0.0000,0.0000,0.0000,0.0000,0.0000,0.0000,0.0000,71.58,24.18,40,-7.650,1,782.3
1909.472,+0.2466,-0.0444,-0.0267,-0.0543,-0.5371,13.086,-6.038,-3.463,-0.346,0.0000,0.0000,0.0000,0.0000,0.0000,0.0000,0.0000,0.0000,71.58,24.18,40,-7.670,1,782.3
1909.501,+0.2382,-0.0444,-0.0333,-0.0486,-0.5371,13.083,-6.040,-3.510,-0.272,0.0000,0.0000,0.0000,0.0000,0.0000,0.0000,0.0000,0.0000,71.58,24.21,40,-7.700,1,782.3
1909.532,+0.2636,-0.0444,-0.0333,-0.0500,-0.5357,13.083,-6.040,-3.510,-0.272,0.0000,0.0000,0.0000,0.0000,0.0000,0.0000,0.0000,0.0000,71.58,24.21,40,-7.720,1,782.3
1909.565,+0.2386,-0.0444,-0.0333,-0.0500,-0.5357,13.083,-6.040,-3.510,-0.272,0.0000,0.0000,0.0000,0.0000,0.0000,0.0000,0.0000,0.0000,71.58,24.21,40,-7.720,1,782.3
1909.605,+0.2407,-0.0444,-0.0333,-0.0500,-0.5357,13.083,-6.040,-3.510,-0.272,0.0000,0.0000,0.0000,0.0000,0.0000,0.0000,0.0000,0.0000,71.58,24.21,40,-7.720,1,782.3
1909.639,+0.2309,-0.0444,-0.0333,-0.0500,-0.5357,13.083,-6.040,-3.510,-0.272,0.0000,0.0000,0.0000,0.0000,0.0000,0.0000,0.0000,0.0000,71.58,24.21,40,-7.720,1,782.3
1909.672,+0.2510,-0.0909,-0.0333,-0.0500,-0.5357,12.900,-6.096,-3.454,-0.049,0.0000,0.0000,0.0000,0.0000,0.0000,0.0000,0.0000,0.0000,71.58,24.21,40,-7.770,1,782.3
1909.702,+0.2469,-0.0481,-0.0333,-0.0486,-0.5343,12.719,-6.141,-3.444,0.021,0.0000,0.0000,0.0000,0.0000,0.0000,0.0000,0.0000,0.0000,71.58,24.24,40,-7.800,1,782.3
1909.736,+0.2216,-0.0481,-0.0333,-0.0486,-0.5343,12.537,-6.182,-3.464,0.044,0.0000,0.0000,0.0000,0.0000,0.0000,0.0000,0.0000,0.0000,71.25,24.24,40,-7.830,1,777.6
1909.765,+0.2394,-0.0481,-0.0333,-0.0486,-0.5343,12.534,-6.183,-3.471,0.042,0.0000,0.0000,0.0000,0.0000,0.0000,0.0000,0.0000,0.0000,71.25,24.27,39,-7.860,1,777.6
1909.815,+0.2311,-0.0798,-0.0400,-0.0471,-0.5329,12.168,-6.264,-3.579,-0.048,0.0000,0.0000,0.0000,0.0000,0.0000,0.0000,0.0000,0.0000,71.25,24.27,39,-8.070,1,777.6
1909.847,+0.2353,-0.0519,-0.0333,-0.0486,-0.5314,11.975,-6.306,-3.643,-0.074,0.0000,0.0000,0.0000,0.0000,0.0000,0.0000,0.0000,0.0000,71.25,24.31,39,-8.060,1,777.6
1909.888,+0.2180,-0.0519,-0.0400,-0.0457,-0.5314,11.595,-6.384,-3.689,-0.040,0.0000,0.0000,0.0000,0.0000,0.0000,0.0000,0.0000,0.0000,70.90,24.31,39,-8.070,1,772.9
1909.914,+0.2235,-0.1101,-0.0400,-0.0457,-0.5286,11.595,-6.384,-3.689,-0.040,0.0000,0.0000,0.0000,0.0000,0.0000,0.0000,0.0000,0.0000,70.90,24.34,39,-8.230,1,772.9
1909.948,+0.2031,-0.0556,-0.0400,-0.0457,-0.5286,11.406,-6.417,-3.256,0.247,0.0000,0.0000,0.0000,0.0000,0.0000,0.0000,0.0000,0.0000,70.90,24.34,39,-8.280,1,772.9
1910.020,+0.2240,-0.0556,-0.0400,-0.0457,-0.5229,11.256,-6.447,-2.335,-0.006,0.0000,0.0000,0.0000,0.0000,0.0000,0.0000,0.0000,0.0000,70.53,24.38,39,-8.710,1,768.2
1910.047,+0.1837,-0.0556,-0.0333,-0.0471,-0.5243,11.123,-6.489,-2.204,-0.095,0.0000,0.0000,0.0000,0.0000,0.0000,0.0000,0.0000,0.0000,70.53,24.38,39,-8.550,1,768.2
1910.086,+0.2190,-0.0556,-0.0333,-0.0471,-0.5243,11.123,-6.489,-2.204,-0.095,0.0000,0.0000,0.0000,0.0000,0.0000,0.0000,0.0000,0.0000,70.53,24.38,39,-8.550,1,768.2
1910.110,+0.2040,-0.0556,-0.0333,-0.0471,-0.5243,11.123,-6.489,-2.204,-0.095,0.0000,0.0000,0.0000,0.0000,0.0000,0.0000,0.0000,0.0000,70.53,24.38,39,-8.550,1,768.2
1910.184,+0.1993,-0.0556,-0.0400,-0.0443,-0.5243,10.763,-6.649,-2.108,-0.730,0.0000,0.0000,0.0000,0.0000,0.0000,0.0000,0.0000,0.0000,70.53,24.42,39,-8.520,1,768.2
1910.213,+0.1721,-0.0556,-0.0400,-0.0443,-0.5243,10.763,-6.649,-2.108,-0.730,0.0000,0.0000,0.0000,0.0000,0.0000,0.0000,0.0000,0.0000,70.53,24.45,39,-8.560,1,768.2
1910.239,+0.1622,-0.0556,-0.0400,-0.0443,-0.5243,10.758,-6.652,-2.067,-0.774,0.0000,0.0000,0.0000,0.0000,0.0000,0.0000,0.0000,0.0000,70.16,24.45,39,-8.560,1,763.4
1910.274,+0.1740,-0.0556,-0.0333,-0.0471,-0.5214,10.643,-6.718,-1.812,-0.348,0.0000,0.0000,0.0000,0.0000,0.0000,0.0000,0.0000,0.0000,70.16,24.45,39,-8.630,1,763.4
1910.339,+0.1755,-0.0556,-0.0333,-0.0457,-0.5200,10.448,-6.800,-1.516,-0.159,0.0000,0.0000,0.0000,0.0000,0.0000,0.0000,0.0000,0.0000,70.16,24.49,39,-8.710,1,763.4
1910.370,+0.1856,-0.0556,-0.0333,-0.0457,-0.5200,10.448,-6.800,-1.516,-0.159,0.0000,0.0000,0.0000,0.0000,0.0000,0.0000,0.0000,0.0000,70.16,24.49,39,-8.710,1,763.4
1910.408,+0.1643,-0.0146,-0.0400,-0.0457,-0.5200,10.371,-6.832,-1.453,-0.113,0.0000,0.0000,0.0000,0.0000,0.0000,0.0000,0.0000,0.0000,70.16,24.53,39,-8.750,1,763.4
1910.452,+0.1656,-0.0519,-0.0400,-0.0443,-0.5186,10.367,-6.834,-1.323,-0.018,0.0000,0.0000,0.0000,0.0000,0.0000,0.0000,0.0000,0.0000,69.77,24.53,39,-8.790,1,758.6
1910.475,+0.1661,-0.0519,-0.0333,-0.0471,-0.5186,10.293,-6.860,-1.322,0.058,0.0000,0.0000,0.0000,0.0000,0.0000,0.0000,0.0000,0.0000,69.77,24.53,39,-8.660,1,758.6
1910.507,+0.1733,-0.0519,-0.0333,-0.0471,-0.5186,10.223,-6.890,-1.264,-0.249,0.0000,0.0000,0.0000,0.0000,0.0000,0.0000,0.0000,0.0000,69.77,24.56,39,-8.660,1,758.6
1910.535,+0.1679,-0.0519,-0.0333,-0.0471,-0.5214,10.223,-6.890,-1.264,-0.249,0.0000,0.0000,0.0000,0.0000,0.0000,0.0000,0.0000,0.0000,69.77,24.56,39,-8.560,1,758.6
1910.567,+0.1690,-0.0519,-0.0333,-0.0471,-0.5214,10.223,-6.890,-1.264,-0.249,0.0000,0.0000,0.0000,0.0000,0.0000,0.0000,0.0000,0.0000,69.77,24.56,39,-8.560,1,758.6
1910.662,+0.1833,-0.0519,-0.0333,-0.0471,-0.5214,10.148,-6.938,-1.337,-0.522,0.0000,0.0000,0.0000,0.0000,0.0000,0.0000,0.0000,0.0000,69.77,24.56,39,-8.560,1,758.6
1910.697,+0.1917,-0.0069,-0.0400,-0.0443,-0.5186,10.068,-6.978,-1.536,-0.306,0.0000,0.0000,0.0000,0.0000,0.0000,0.0000,0.0000,0.0000,69.77,24.60,39,-8.840,1,758.6
1910.720,+0.1553,-0.0481,-0.0400,-0.0443,-0.5186,10.068,-6.978,-1.536,-0.306,0.0000,0.0000,0.0000,0.0000,0.0000,0.0000,0.0000,0.0000,69.38,24.60,39,-8.840,1,753.9
1910.793,+0.1767,-0.0481,-0.0400,-0.0429,-0.5171,9.974,-7.009,-1.756,-0.114,0.0000,0.0000,0.0000,0.0000,0.0000,0.0000,0.0000,0.0000,69.38,24.62,39,-8.960,1,753.9
1910.817,+0.1521,-0.0481,-0.0467,-0.0400,-0.5086,9.875,-7.031,-1.943,-0.004,0.0000,0.0000,0.0000,0.0000,0.0000,0.0000,0.0000,0.0000,69.38,24.62,39,-10.460,1,753.9
1910.846,+0.1564,-0.0481,-0.0400,-0.0429,-0.5057,9.772,-7.052,-2.014,0.016,0.0000,0.0000,0.0000,0.0000,0.0000,0.0000,0.0000,0.0000,69.08,24.66,38,-10.010,1,750.4
1910.885,+0.1384,-0.0881,-0.0400,-0.0429,-0.5057,9.658,-7.079,-2.002,-0.055,0.0000,0.0000,0.0000,0.0000,0.0000,0.0000,0.0000,0.0000,69.08,24.66,38,-9.440,1,750.4
1910.937,+0.1446,-0.0519,-0.0400,-0.0429,-0.5057,9.551,-7.108,-1.856,-0.041,0.0000,0.0000,0.0000,0.0000,0.0000,0.0000,0.0000,0.0000,69.08,24.70,38,-9.300,1,750.4
1910.963,+0.1427,-0.0519,-0.0400,-0.0443,-0.5071,9.358,-7.168,-1.624,-0.227,0.0000,0.0000,0.0000,0.0000,0.0000,0.0000,0.0000,0.0000,69.08,24.70,38,-9.580,1,750.4
1910.997,+0.1213,-0.0060,-0.0400,-0.0429,-0.5086,9.258,-7.235,-1.571,-0.871,0.0000,0.0000,0.0000,0.0000,0.0000,0.0000,0.0000,0.0000,69.08,24.70,38,-9.590,1,750.4
1911.019,+0.1316,-0.0481,-0.0400,-0.0429,-0.5086,9.258,-7.235,-1.571,-0.871,0.0000,0.0000,0.0000,0.0000,0.0000,0.0000,0.0000,0.0000,68.55,24.76,38,-9.590,1,744.3
1911.049,+0.1385,-0.0481,-0.0400,-0.0429,-0.5086,9.173,-7.320,-1.398,-1.196,0.0000,0.0000,0.0000,0.0000,0.0000,0.0000,0.0000,0.0000,68.55,24.76,38,-9.520,1,744.3
1911.120,+0.1248,-0.0246,-0.0400,-0.0429,-0.5086,9.096,-7.404,-1.194,-1.101,0.0000,0.0000,0.0000,0.0000,0.0000,0.0000,0.0000,0.0000,68.55,24.76,38,-9.520,1,744.3
1911.142,+0.1583,-0.0444,-0.0400,-0.0429,-0.5000,9.096,-7.404,-1.194,-1.101,0.0000,0.0000,0.0000,0.0000,0.0000,0.0000,0.0000,0.0000,68.55,24.79,38,-10.500,1,744.3
1911.175,+0.1058,-0.0444,-0.0400,-0.0429,-0.5000,9.025,-7.475,-1.078,-0.760,0.0000,0.0000,0.0000,0.0000,0.0000,0.0000,0.0000,0.0000,68.55,24.79,38,-9.810,1,744.3
1911.209,+0.1284,+0.0013,-0.0400,-0.0400,-0.5029,8.963,-7.523,-1.095,-0.563,0.0000,0.0000,0.0000,0.0000,0.0000,0.0000,0.0000,0.0000,68.55,24.83,38,-9.660,1,744.3
1911.236,+0.1216,-0.0407,-0.0400,-0.0400,-0.5029,8.897,-7.561,-1.159,-0.372,0.0000,0.0000,0.0000,0.0000,0.0000,0.0000,0.0000,0.0000,68.11,24.83,38,-9.660,1,739.5
1911.281,+0.1300,-0.0052,-0.0400,-0.0414,-0.4986,8.826,-7.593,-1.271,-0.300,0.0000,0.0000,0.0000,0.0000,0.0000,0.0000,0.0000,0.0000,68.11,24.87,38,-11.150,1,739.5
1911.313,+0.1214,-0.0370,-0.0400,-0.0414,-0.4957,8.824,-7.594,-1.301,-0.292,0.0000,0.0000,0.0000,0.0000,0.0000,0.0000,0.0000,0.0000,68.11,24.87,38,-10.670,1,739.5
1911.367,+0.1290,-0.0370,-0.0400,-0.0386,-0.4843,8.672,-7.663,-1.387,-0.617,0.0000,0.0000,0.0000,0.0000,0.0000,0.0000,0.0000,0.0000,68.11,24.87,38,-12.610,1,739.5
1911.394,+0.1437,+0.0186,-0.0400,-0.0400,-0.4829,8.593,-7.721,-1.453,-0.932,0.0000,0.0000,0.0000,0.0000,0.0000,0.0000,0.0000,0.0000,68.11,24.87,38,-11.160,1,739.5
1911.418,+0.1093,-0.0333,-0.0400,-0.0400,-0.4829,8.593,-7.721,-1.453,-0.932,0.0000,0.0000,0.0000,0.0000,0.0000,0.0000,0.0000,0.0000,67.55,24.93,37,-11.160,1,733.5
1911.447,+0.1417,-0.0333,-0.0400,-0.0371,-0.4857,8.510,-7.785,-1.581,-0.954,0.0000,0.0000,0.0000,0.0000,0.0000,0.0000,0.0000,0.0000,67.55,24.93,37,-10.590,1,733.5
1911.481,+0.1164,+0.0116,-0.0400,-0.0400,-0.4914,8.506,-7.787,-1.616,-0.933,0.0000,0.0000,0.0000,0.0000,0.0000,0.0000,0.0000,0.0000,67.55,24.97,38,-10.160,1,733.5
1911.509,+0.1092,-0.0296,-0.0400,-0.0400,-0.4914,8.416,-7.839,-1.673,-0.671,0.0000,0.0000,0.0000,0.0000,0.0000,0.0000,0.0000,0.0000,67.55,24.97,38,-10.140,1,733.5
1911.540,+0.1103,+0.0188,-0.0400,-0.0400,-0.4914,8.416,-7.839,-1.673,-0.671,0.0000,0.0000,0.0000,0.0000,0.0000,0.0000,0.0000,0.0000,67.55,24.97,38,-10.140,1,733.5
1911.570,+0.1354,-0.0259,-0.0400,-0.0400,-0.4914,8.416,-7.839,-1.673,-0.671,0.0000,0.0000,0.0000,0.0000,0.0000,0.0000,0.0000,0.0000,67.55,24.97,38,-10.140,1,733.5
1911.648,+0.1109,-0.0042,-0.0400,-0.0400,-0.4914,8.416,-7.839,-1.673,-0.671,0.0000,0.0000,0.0000,0.0000,0.0000,0.0000,0.0000,0.0000,67.55,24.97,38,-10.140,1,733.5
1911.692,+0.1111,-0.0222,-0.0400,-0.0400,-0.4971,8.321,-7.889,-1.578,-0.612,0.0000,0.0000,0.0000,0.0000,0.0000,0.0000,0.0000,0.0000,67.55,24.97,38,-9.980,1,733.5
1911.719,+0.0984,-0.0222,-0.0400,-0.0400,-0.4971,8.321,-7.889,-1.578,-0.612,0.0000,0.0000,0.0000,0.0000,0.0000,0.0000,0.0000,0.0000,67.08,25.01,38,-9.980,1,728.7
1911.748,+0.0976,+0.0302,-0.0467,-0.0386,-0.4986,8.141,-7.990,-1.427,-0.560,0.0000,0.0000,0.0000,0.0000,0.0000,0.0000,0.0000,0.0000,67.08,25.01,38,-9.920,1,728.7
1911.773,+0.1250,-0.0185,-0.0467,-0.0371,-0.5000,8.141,-7.990,-1.427,-0.560,0.0000,0.0000,0.0000,0.0000,0.0000,0.0000,0.0000,0.0000,67.08,25.04,38,-10.000,1,728.7
1911.841,+0.0978,-0.0185,-0.0400,-0.0386,-0.4814,7.913,-8.112,-1.287,-0.430,0.0000,0.0000,0.0000,0.0000,0.0000,0.0000,0.0000,0.0000,67.08,25.10,37,-10.960,1,728.7
1911.862,+0.1208,-0.0185,-0.0400,-0.0386,-0.4814,7.913,-8.112,-1.287,-0.430,0.0000,0.0000,0.0000,0.0000,0.0000,0.0000,0.0000,0.0000,66.59,25.10,37,-10.960,1,723.7
1911.905,+0.1004,-0.0185,-0.0467,-0.0357,-0.4900,7.773,-8.179,-1.140,-0.420,0.0000,0.0000,0.0000,0.0000,0.0000,0.0000,0.0000,0.0000,66.59,25.14,37,-10.320,1,723.7
1911.951,+0.0995,+0.0157,-0.0467,-0.0386,-0.4929,7.717,-8.219,-0.794,-0.740,0.0000,0.0000,0.0000,0.0000,0.0000,0.0000,0.0000,0.0000,66.59,25.14,37,-10.240,1,723.7
1911.989,+0.0936,-0.0148,-0.0400,-0.0386,-0.4929,7.716,-8.220,-0.802,-0.728,0.0000,0.0000,0.0000,0.0000,0.0000,0.0000,0.0000,0.0000,66.59,25.17,37,-10.230,1,723.7
1912.015,+0.1146,+0.0428,-0.0400,-0.0386,-0.4929,7.716,-8.220,-0.802,-0.728,0.0000,0.0000,0.0000,0.0000,0.0000,0.0000,0.0000,0.0000,66.21,25.17,37,-10.230,1,720.0
1912.106,+0.1038,+0.0081,-0.0467,-0.0386,-0.4986,7.621,-8.342,-0.925,-1.163,0.0000,0.0000,0.0000,0.0000,0.0000,0.0000,0.0000,0.0000,66.21,25.17,37,-10.000,1,720.0
1912.141,+0.0884,-0.0074,-0.0467,-0.0371,-0.5000,7.620,-8.344,-0.956,-1.172,0.0000,0.0000,0.0000,0.0000,0.0000,0.0000,0.0000,0.0000,66.21,25.21,37,-9.720,1,720.0
1912.170,+0.0804,+0.0993,-0.0467,-0.0371,-0.5086,7.549,-8.436,-1.369,-2.033,0.0000,0.0000,0.0000,0.0000,0.0000,0.0000,0.0000,0.0000,66.21,25.21,37,-9.510,1,720.0
1912.202,+0.0819,+0.0470,-0.0467,-0.0386,-0.4957,7.473,-8.565,-1.255,-2.497,0.0000,0.0000,0.0000,0.0000,0.0000,0.0000,0.0000,0.0000,66.21,25.25,37,-12.550,1,720.0
1912.228,+0.0730,+0.0628,-0.0467,-0.0386,-0.4957,7.473,-8.565,-1.255,-2.497,0.0000,0.0000,0.0000,0.0000,0.0000,0.0000,0.0000,0.0000,65.71,25.25,37,-12.550,1,715.2
1912.271,+0.0839,+0.0434,-0.0400,-0.0386,-0.4929,7.354,-8.831,-0.564,-2.075,0.0000,0.0000,0.0000,0.0000,0.0000,0.0000,0.0000,0.0000,65.71,25.25,37,-10.460,1,715.2
1912.305,+0.0508,+0.1023,-0.0400,-0.0386,-0.4929,7.318,-8.946,-0.324,-1.800,0.0000,0.0000,0.0000,0.0000,0.0000,0.0000,0.0000,0.0000,65.71,25.31,37,-10.460,1,715.2
1912.341,+0.0741,+0.0609,-0.0400,-0.0400,-0.4971,7.318,-8.946,-0.324,-1.800,0.0000,0.0000,0.0000,0.0000,0.0000,0.0000,0.0000,0.0000,65.71,25.31,37,-10.030,1,715.2
1912.383,+0.0749,+0.0594,-0.0400,-0.0400,-0.5057,7.298,-9.040,0.117,-1.392,0.0000,0.0000,0.0000,0.0000,0.0000,0.0000,0.0000,0.0000,65.71,25.31,37,-9.580,1,715.2
1912.425,+0.0724,+0.0638,-0.0400,-0.0414,-0.5129,7.301,-9.112,0.369,-1.044,0.0000,0.0000,0.0000,0.0000,0.0000,0.0000,0.0000,0.0000,65.02,25.36,37,-9.230,1,709.0
1912.460,+0.0672,+0.0296,-0.0400,-0.0429,-0.5171,7.306,-9.168,0.163,-0.792,0.0000,0.0000,0.0000,0.0000,0.0000,0.0000,0.0000,0.0000,65.02,25.36,37,-9.180,1,709.0
1912.489,+0.0896,+0.0824,-0.0400,-0.0429,-0.5200,7.297,-9.204,0.052,-0.592,0.0000,0.0000,0.0000,0.0000,0.0000,0.0000,0.0000,0.0000,65.02,25.40,37,-9.110,1,709.0
1912.512,+0.0896,+0.0333,-0.0400,-0.0429,-0.5200,7.297,-9.204,-0.090,-0.357,0.0000,0.0000,0.0000,0.0000,0.0000,0.0000,0.0000,0.0000,65.02,25.40,37,-9.080,1,709.0
1912.613,+0.0697,+0.0333,-0.0400,-0.0429,-0.5200,7.297,-9.204,-0.090,-0.357,0.0000,0.0000,0.0000,0.0000,0.0000,0.0000,0.0000,0.0000,65.02,25.40,37,-9.080,1,709.0
1912.639,+0.0854,+0.0333,-0.0400,-0.0429,-0.5200,7.297,-9.204,-0.090,-0.357,0.0000,0.0000,0.0000,0.0000,0.0000,0.0000,0.0000,0.0000,65.02,25.40,37,-9.080,1,709.0
1912.677,+0.0854,-0.0075,-0.0467,-0.0414,-0.5214,7.284,-9.218,0.018,0.367,0.0000,0.0000,0.0000,0.0000,0.0000,0.0000,0.0000,0.0000,65.02,25.40,37,-9.080,1,709.0
1912.753,+0.0729,+0.0296,-0.0400,-0.0414,-0.5214,7.254,-9.181,-0.173,0.585,0.0000,0.0000,0.0000,0.0000,0.0000,0.0000,0.0000,0.0000,64.43,25.48,37,-9.250,1,704.0
1912.789,+0.0588,-0.0140,-0.0400,-0.0414,-0.5214,7.254,-9.181,-0.211,0.534,0.0000,0.0000,0.0000,0.0000,0.0000,0.0000,0.0000,0.0000,64.43,25.48,37,-9.250,1,704.0
1912.816,+0.0496,+0.0259,-0.0467,-0.0400,-0.5057,7.229,-9.177,-0.335,0.152,0.0000,0.0000,0.0000,0.0000,0.0000,0.0000,0.0000,0.0000,64.43,25.48,37,-12.260,1,704.0
1912.843,+0.0792,+0.0259,-0.0467,-0.0371,-0.4857,7.199,-9.182,-0.445,0.113,0.0000,0.0000,0.0000,0.0000,0.0000,0.0000,0.0000,0.0000,64.43,25.54,36,-13.800,1,704.0
1912.894,+0.0615,+0.0259,-0.0400,-0.0386,-0.4843,7.136,-9.195,-0.321,0.222,0.0000,0.0000,0.0000,0.0000,0.0000,0.0000,0.0000,0.0000,63.99,25.54,36,-10.620,1,700.3
1912.953,+0.0617,+0.0259,-0.0400,-0.0400,-0.4971,7.074,-9.182,-0.536,0.822,0.0000,0.0000,0.0000,0.0000,0.0000,0.0000,0.0000,0.0000,63.99,25.59,37,-9.860,1,700.3
1912.983,+0.0463,-0.0251,-0.0400,-0.0400,-0.4971,7.074,-9.182,-0.536,0.822,0.0000,0.0000,0.0000,0.0000,0.0000,0.0000,0.0000,0.0000,63.99,25.59,37,-9.860,1,700.3
1913.009,+0.0401,+0.0222,-0.0400,-0.0414,-0.5014,7.033,-9.146,-0.511,1.125,0.0000,0.0000,0.0000,0.0000,0.0000,0.0000,0.0000,0.0000,63.99,25.67,37,-9.740,1,700.3
1913.034,+0.0708,+0.0222,-0.0400,-0.0414,-0.5014,6.994,-9.112,-0.561,0.780,0.0000,0.0000,0.0000,0.0000,0.0000,0.0000,0.0000,0.0000,63.25,25.67,37,-9.740,1,694.1
1913.077,+0.0296,+0.0222,-0.0400,-0.0414,-0.5043,6.994,-9.112,-0.561,0.780,0.0000,0.0000,0.0000,0.0000,0.0000,0.0000,0.0000,0.0000,63.25,25.67,37,-9.900,1,694.1
1913.118,+0.0453,+0.0222,-0.0400,-0.0414,-0.5043,6.955,-9.112,-0.478,0.220,0.0000,0.0000,0.0000,0.0000,0.0000,0.0000,0.0000,0.0000,63.25,25.67,37,-9.900,1,694.1
1913.150,+0.0376,+0.0222,-0.0400,-0.0429,-0.5057,6.954,-9.112,-0.449,0.068,0.0000,0.0000,0.0000,0.0000,0.0000,0.0000,0.0000,0.0000,63.25,25.72,37,-9.910,1,694.1
1913.175,+0.0290,+0.0222,-0.0400,-0.0400,-0.5057,6.897,-9.130,-0.098,0.292,0.0000,0.0000,0.0000,0.0000,0.0000,0.0000,0.0000,0.0000,63.25,25.72,37,-9.720,1,694.1
1913.227,+0.0431,-0.0085,-0.0400,-0.0414,-0.5071,6.883,-9.121,0.045,0.529,0.0000,0.0000,0.0000,0.0000,0.0000,0.0000,0.0000,0.0000,62.50,25.80,37,-9.680,1,687.7
1913.246,+0.0146,+0.0185,-0.0400,-0.0443,-0.5071,6.873,-9.102,-0.102,0.649,0.0000,0.0000,0.0000,0.0000,0.0000,0.0000,0.0000,0.0000,62.50,25.80,37,-9.660,1,687.7
1913.293,+0.0374,+0.0185,-0.0400,-0.0429,-0.5086,6.846,-9.084,-0.487,0.539,0.0000,0.0000,0.0000,0.0000,0.0000,0.0000,0.0000,0.0000,62.50,25.85,37,-9.640,1,687.7
1913.319,+0.0542,+0.0185,-0.0400,-0.0414,-0.5071,6.846,-9.084,-0.487,0.539,0.0000,0.0000,0.0000,0.0000,0.0000,0.0000,0.0000,0.0000,62.50,25.85,37,-9.760,1,687.7
1913.345,+0.0542,+0.0185,-0.0400,-0.0414,-0.5071,6.808,-9.068,-0.662,0.544,0.0000,0.0000,0.0000,0.0000,0.0000,0.0000,0.0000,0.0000,62.50,25.85,37,-9.760,1,687.7
1913.371,+0.0220,+0.0185,-0.0400,-0.0414,-0.5071,6.808,-9.068,-0.662,0.544,0.0000,0.0000,0.0000,0.0000,0.0000,0.0000,0.0000,0.0000,62.50,25.85,37,-9.690,1,687.7
1913.405,+0.0521,-0.0266,-0.0467,-0.0400,-0.5057,6.760,-9.050,-0.750,0.567,0.0000,0.0000,0.0000,0.0000,0.0000,0.0000,0.0000,0.0000,62.50,25.90,37,-9.660,1,687.7
1913.437,+0.0521,+0.0148,-0.0467,-0.0400,-0.5057,6.758,-9.049,-0.788,0.576,0.0000,0.0000,0.0000,0.0000,0.0000,0.0000,0.0000,0.0000,61.91,25.90,37,-9.660,1,682.6
1913.468,+0.0240,+0.0148,-0.0400,-0.0429,-0.5057,6.711,-9.034,-0.832,0.530,0.0000,0.0000,0.0000,0.0000,0.0000,0.0000,0.0000,0.0000,61.91,25.90,37,-9.810,1,682.6
1913.495,+0.0500,+0.0148,-0.0400,-0.0400,-0.5057,6.711,-9.034,-0.832,0.530,0.0000,0.0000,0.0000,0.0000,0.0000,0.0000,0.0000,0.0000,61.91,25.95,37,-9.810,1,682.6
1913.608,+0.0409,-0.0176,-0.0400,-0.0400,-0.5029,6.663,-9.009,-0.650,1.083,0.0000,0.0000,0.0000,0.0000,0.0000,0.0000,0.0000,0.0000,61.91,25.95,37,-9.760,1,682.6
1913.634,+0.0479,-0.0489,-0.0400,-0.0400,-0.5029,6.663,-9.009,-0.650,1.083,0.0000,0.0000,0.0000,0.0000,0.0000,0.0000,0.0000,0.0000,61.91,25.95,37,-9.760,1,682.6
1913.661,+0.0479,+0.0037,-0.0400,-0.0400,-0.5029,6.663,-9.009,-0.650,1.083,0.0000,0.0000,0.0000,0.0000,0.0000,0.0000,0.0000,0.0000,61.91,25.95,37,-9.760,1,682.6
1913.739,+0.0479,-0.0397,-0.0467,-0.0386,-0.4986,6.573,-8.813,-1.019,2.243,0.0000,0.0000,0.0000,0.0000,0.0000,0.0000,0.0000,0.0000,61.32,26.00,36,-9.640,1,677.5
1913.772,+0.0479,-0.0959,-0.0400,-0.0386,-0.4957,6.510,-8.720,-1.331,2.050,0.0000,0.0000,0.0000,0.0000,0.0000,0.0000,0.0000,0.0000,61.32,26.02,36,-9.760,1,677.5
1913.805,+0.0479,-0.0570,-0.0467,-0.0371,-0.4943,6.420,-8.632,-1.682,1.678,0.0000,0.0000,0.0000,0.0000,0.0000,0.0000,0.0000,0.0000,61.32,26.02,36,-9.990,1,677.5
1913.846,+0.0266,-0.0527,-0.0467,-0.0343,-0.4600,6.419,-8.631,-1.677,1.680,0.0000,0.0000,0.0000,0.0000,0.0000,0.0000,0.0000,0.0000,61.32,26.07,35,-13.870,1,677.5
1913.890,+0.0255,-0.0547,-0.0467,-0.0329,-0.4586,6.235,-8.508,-1.638,1.439,0.0000,0.0000,0.0000,0.0000,0.0000,0.0000,0.0000,0.0000,60.89,26.07,35,-11.720,1,673.6
1913.931,+0.0226,-0.0597,-0.0467,-0.0329,-0.4586,6.161,-8.447,-1.043,1.634,0.0000,0.0000,0.0000,0.0000,0.0000,0.0000,0.0000,0.0000,60.89,26.11,36,-10.970,1,673.6
1913.969,+0.0417,-0.0671,-0.0400,-0.0371,-0.4629,6.126,-8.379,-0.164,1.717,0.0000,0.0000,0.0000,0.0000,0.0000,0.0000,0.0000,0.0000,60.89,26.11,36,-10.740,1,673.6
1914.004,+0.0172,-0.0296,-0.0400,-0.0371,-0.4629,6.113,-8.308,0.092,1.770,0.0000,0.0000,0.0000,0.0000,0.0000,0.0000,0.0000,0.0000,60.89,26.15,36,-10.710,1,673.6
1914.042,+0.0396,-0.0296,-0.0400,-0.0371,-0.4629,6.130,-8.275,0.636,0.134,0.0000,0.0000,0.0000,0.0000,0.0000,0.0000,0.0000,0.0000,60.35,26.15,36,-10.740,1,668.6
1914.074,+0.0127,+0.0182,-0.0467,-0.0343,-0.4686,6.130,-8.275,0.636,0.134,0.0000,0.0000,0.0000,0.0000,0.0000,0.0000,0.0000,0.0000,60.35,26.15,36,-10.740,1,668.6
1914.108,+0.0375,+0.0195,-0.0467,-0.0343,-0.4686,6.130,-8.275,0.636,0.134,0.0000,0.0000,0.0000,0.0000,0.0000,0.0000,0.0000,0.0000,60.35,26.15,36,-10.740,1,668.6
1914.134,+0.0054,+0.0918,-0.0400,-0.0371,-0.4800,6.120,-8.359,-0.507,-3.022,0.0000,0.0000,0.0000,0.0000,0.0000,0.0000,0.0000,0.0000,60.35,26.15,36,-10.520,1,668.6
1914.175,+0.0138,+0.0620,-0.0467,-0.0357,-0.4814,6.064,-8.750,-0.215,-3.842,0.0000,0.0000,0.0000,0.0000,0.0000,0.0000,0.0000,0.0000,60.35,26.20,36,-10.460,1,668.6
1914.207,+0.0064,+0.0884,-0.0333,-0.0443,-0.4900,6.054,-8.921,0.164,-3.007,0.0000,0.0000,0.0000,0.0000,0.0000,0.0000,0.0000,0.0000,60.35,26.22,36,-9.580,1,668.6
1914.232,-0.0016,+0.0584,-0.0333,-0.0443,-0.4900,6.054,-8.921,0.164,-3.007,0.0000,0.0000,0.0000,0.0000,0.0000,0.0000,0.0000,0.0000,59.69,26.22,36,-9.580,1,662.2
1914.267,+0.0292,+0.0933,-0.0200,-0.0557,-0.4957,6.059,-9.050,0.310,-2.028,0.0000,0.0000,0.0000,0.0000,0.0000,0.0000,0.0000,0.0000,59.69,26.22,36,-9.280,1,662.2
1914.300,+0.0032,+0.0572,-0.0133,-0.0600,-0.5029,6.062,-9.153,0.358,-1.792,0.0000,0.0000,0.0000,0.0000,0.0000,0.0000,0.0000,0.0000,59.69,26.25,36,-9.090,1,662.2
1914.402,+0.0075,+0.0497,-0.0133,-0.0614,-0.5071,6.023,-9.265,-0.359,-0.147,0.0000,0.0000,0.0000,0.0000,0.0000,0.0000,0.0000,0.0000,59.12,26.28,36,-8.960,1,657.0
1914.439,+0.0229,+0.0642,-0.0067,-0.0643,-0.5100,6.021,-9.266,-0.377,0.014,0.0000,0.0000,0.0000,0.0000,0.0000,0.0000,0.0000,0.0000,59.12,26.28,36,-8.980,1,657.0
1914.467,-0.0076,-0.0283,-0.0067,-0.0643,-0.5100,5.996,-9.267,0.044,0.691,0.0000,0.0000,0.0000,0.0000,0.0000,0.0000,0.0000,0.0000,59.12,26.28,36,-8.980,1,657.0
1914.515,+0.0208,-0.0107,-0.0067,-0.0643,-0.5100,5.996,-9.267,0.036,0.688,0.0000,0.0000,0.0000,0.0000,0.0000,0.0000,0.0000,0.0000,59.12,26.29,36,-8.950,1,657.0
1914.536,+0.0208,-0.1239,-0.0067,-0.0643,-0.5100,5.996,-9.267,0.036,0.688,0.0000,0.0000,0.0000,0.0000,0.0000,0.0000,0.0000,0.0000,59.12,26.29,36,-8.950,1,657.0
1914.578,+0.0415,-0.0624,-0.0067,-0.0643,-0.5100,5.996,-9.267,0.036,0.688,0.0000,0.0000,0.0000,0.0000,0.0000,0.0000,0.0000,0.0000,59.12,26.29,36,-8.950,1,657.0
1914.610,+0.0503,-0.0450,-0.0067,-0.0643,-0.5100,5.996,-9.267,0.036,0.688,0.0000,0.0000,0.0000,0.0000,0.0000,0.0000,0.0000,0.0000,59.12,26.29,36,-8.950,1,657.0
1914.636,+0.0250,-0.1143,-0.0067,-0.0643,-0.5100,5.996,-9.267,0.036,0.688,0.0000,0.0000,0.0000,0.0000,0.0000,0.0000,0.0000,0.0000,59.12,26.29,36,-8.950,1,657.0
1914.707,+0.0382,-0.0308,-0.0067,-0.0629,-0.4914,5.998,-8.760,-0.974,3.767,0.0000,0.0000,0.0000,0.0000,0.0000,0.0000,0.0000,0.0000,59.12,26.36,36,-10.200,1,657.0
1914.732,+0.0271,-0.1309,-0.0067,-0.0629,-0.4914,5.998,-8.760,-0.974,3.767,0.0000,0.0000,0.0000,0.0000,0.0000,0.0000,0.0000,0.0000,58.54,26.36,36,-10.200,1,652.0
1914.777,+0.0468,-0.0535,-0.0133,-0.0600,-0.4857,5.791,-8.514,-2.492,1.857,0.0000,0.0000,0.0000,0.0000,0.0000,0.0000,0.0000,0.0000,58.54,26.36,36,-10.510,1,652.0
1914.803,-0.0038,-0.0222,-0.0133,-0.0571,-0.4800,5.789,-8.512,-2.573,1.762,0.0000,0.0000,0.0000,0.0000,0.0000,0.0000,0.0000,0.0000,58.54,26.40,35,-10.450,1,652.0
1914.838,+0.0025,-0.0659,-0.0133,-0.0586,-0.4700,5.781,-8.507,-2.558,1.775,0.0000,0.0000,0.0000,0.0000,0.0000,0.0000,0.0000,0.0000,58.54,26.40,35,-11.110,1,652.0
1914.884,-0.0135,-0.0602,-0.0133,-0.0557,-0.4671,5.623,-8.434,-4.123,1.158,0.0000,0.0000,0.0000,0.0000,0.0000,0.0000,0.0000,0.0000,58.09,26.42,35,-11.100,1,647.9
1914.919,-0.0042,-0.0741,-0.0200,-0.0529,-0.4643,5.126,-8.405,-5.268,0.877,0.0000,0.0000,0.0000,0.0000,0.0000,0.0000,0.0000,0.0000,58.09,26.42,35,-10.620,1,647.9
1914.944,+0.0187,-0.0919,-0.0200,-0.0529,-0.4643,5.120,-8.404,-5.435,1.034,0.0000,0.0000,0.0000,0.0000,0.0000,0.0000,0.0000,0.0000,58.09,26.45,35,-10.620,1,647.9
1915.048,+0.0090,-0.0544,-0.0200,-0.0514,-0.4600,4.328,-8.195,-5.012,-0.462,0.0000,0.0000,0.0000,0.0000,0.0000,0.0000,0.0000,0.0000,57.43,26.50,35,-11.000,1,641.5
1915.086,+0.0167,+0.0396,-0.0200,-0.0514,-0.4600,4.328,-8.195,-5.012,-0.462,0.0000,0.0000,0.0000,0.0000,0.0000,0.0000,0.0000,0.0000,57.43,26.50,35,-11.000,1,641.5
1915.184,+0.0268,-0.0153,-0.0200,-0.0500,-0.4643,3.462,-8.542,-6.230,-2.119,0.0000,0.0000,0.0000,0.0000,0.0000,0.0000,0.0000,0.0000,57.43,26.51,35,-10.400,1,641.5
1915.212,+0.0495,+0.0797,-0.0267,-0.0486,-0.4686,3.462,-8.542,-6.230,-2.119,0.0000,0.0000,0.0000,0.0000,0.0000,0.0000,0.0000,0.0000,57.43,26.53,35,-9.890,1,641.5
1915.243,+0.0208,+0.0264,-0.0267,-0.0486,-0.4686,3.449,-8.546,-6.302,-1.969,0.0000,0.0000,0.0000,0.0000,0.0000,0.0000,0.0000,0.0000,57.03,26.53,35,-9.900,1,637.4
1915.321,+0.0332,+0.0034,-0.0267,-0.0457,-0.4743,2.786,-8.679,-6.442,-0.879,0.0000,0.0000,0.0000,0.0000,0.0000,0.0000,0.0000,0.0000,57.03,26.55,35,-9.650,1,637.4
1915.348,+0.0229,+0.0410,-0.0267,-0.0457,-0.4743,2.472,-8.723,-5.882,-0.698,0.0000,0.0000,0.0000,0.0000,0.0000,0.0000,0.0000,0.0000,57.03,26.55,35,-9.620,1,637.4
1915.381,+0.0229,+0.0346,-0.0333,-0.0457,-0.4771,2.472,-8.723,-5.882,-0.698,0.0000,0.0000,0.0000,0.0000,0.0000,0.0000,0.0000,0.0000,57.03,26.55,35,-9.620,1,637.4
1915.405,+0.0229,+0.0559,-0.0333,-0.0429,-0.4629,2.215,-8.752,-4.368,-0.450,0.0000,0.0000,0.0000,0.0000,0.0000,0.0000,0.0000,0.0000,57.03,26.57,34,-12.600,1,637.4
1915.438,+0.0229,+0.0428,-0.0333,-0.0429,-0.4629,2.028,-8.788,-3.503,-0.791,0.0000,0.0000,0.0000,0.0000,0.0000,0.0000,0.0000,0.0000,56.48,26.57,34,-12.600,1,632.1
1915.473,+0.0229,+0.0000,-0.0333,-0.0429,-0.4629,1.858,-8.830,-3.461,-0.563,0.0000,0.0000,0.0000,0.0000,0.0000,0.0000,0.0000,0.0000,56.48,26.57,34,-10.950,1,632.1
1915.496,+0.0229,+0.0000,-0.0333,-0.0429,-0.4657,1.858,-8.830,-3.461,-0.563,0.0000,0.0000,0.0000,0.0000,0.0000,0.0000,0.0000,0.0000,56.48,26.60,35,-10.040,1,632.1
1915.532,+0.0229,+0.0421,-0.0333,-0.0414,-0.4671,1.693,-8.853,-3.471,-0.371,0.0000,0.0000,0.0000,0.0000,0.0000,0.0000,0.0000,0.0000,56.48,26.60,35,-9.840,1,632.1
1915.568,+0.0469,+0.0037,-0.0333,-0.0414,-0.4671,1.693,-8.853,-3.471,-0.371,0.0000,0.0000,0.0000,0.0000,0.0000,0.0000,0.0000,0.0000,56.48,26.60,35,-9.840,1,632.1
1915.612,+0.0250,+0.0037,-0.0333,-0.0414,-0.4671,1.693,-8.853,-3.471,-0.371,0.0000,0.0000,0.0000,0.0000,0.0000,0.0000,0.0000,0.0000,56.48,26.60,35,-9.840,1,632.1
1915.633,+0.0664,+0.0037,-0.0333,-0.0414,-0.4671,1.693,-8.853,-3.471,-0.371,0.0000,0.0000,0.0000,0.0000,0.0000,0.0000,0.0000,0.0000,56.48,26.60,35,-9.840,1,632.1
1915.671,+0.0271,+0.0435,-0.0333,-0.0414,-0.4671,1.520,-8.871,-3.365,-0.226,0.0000,0.0000,0.0000,0.0000,0.0000,0.0000,0.0000,0.0000,56.48,26.60,35,-12.550,1,632.1
1915.701,+0.0557,+0.0074,-0.0400,-0.0371,-0.4514,1.347,-8.888,-3.305,-0.261,0.0000,0.0000,0.0000,0.0000,0.0000,0.0000,0.0000,0.0000,56.48,26.62,34,-13.330,1,632.1
1915.737,+0.0292,-0.0356,-0.0400,-0.0371,-0.4514,1.174,-8.907,-3.328,-0.283,0.0000,0.0000,0.0000,0.0000,0.0000,0.0000,0.0000,0.0000,55.79,26.62,34,-12.420,1,625.6
1915.821,+0.0522,+0.0242,-0.0467,-0.0300,-0.4243,0.758,-8.904,-1.936,-0.102,0.0000,0.0000,0.0000,0.0000,0.0000,0.0000,0.0000,0.0000,55.79,26.65,33,-12.690,1,625.6
1915.857,+0.0577,+0.0074,-0.0400,-0.0329,-0.4243,0.758,-8.904,-1.936,-0.102,0.0000,0.0000,0.0000,0.0000,0.0000,0.0000,0.0000,0.0000,55.19,26.67,34,-12.690,1,620.0
1915.880,+0.0354,+0.0702,-0.0400,-0.0329,-0.4386,0.650,-8.964,-2.357,-1.812,0.0000,0.0000,0.0000,0.0000,0.0000,0.0000,0.0000,0.0000,55.19,26.67,34,-11.460,1,620.0
1915.935,+0.0519,+0.0699,-0.0467,-0.0314,-0.4571,0.530,-9.122,-2.355,-3.418,0.0000,0.0000,0.0000,0.0000,0.0000,0.0000,0.0000,0.0000,55.19,26.70,34,-10.310,1,620.0
1915.957,+0.0375,+0.0871,-0.0467,-0.0343,-0.4629,0.422,-9.316,-1.905,-3.807,0.0000,0.0000,0.0000,0.0000,0.0000,0.0000,0.0000,0.0000,55.19,26.70,34,-10.280,1,620.0
1916.001,+0.0375,+0.0941,-0.0467,-0.0329,-0.4700,0.341,-9.481,-1.582,-3.315,0.0000,0.0000,0.0000,0.0000,0.0000,0.0000,0.0000,0.0000,55.19,26.71,35,-9.620,1,620.0
1916.028,+0.0375,+0.0837,-0.0467,-0.0329,-0.4700,0.341,-9.481,-1.582,-3.315,0.0000,0.0000,0.0000,0.0000,0.0000,0.0000,0.0000,0.0000,54.63,26.71,35,-9.620,1,614.8
1916.053,+0.0375,+0.0934,-0.0467,-0.0343,-0.4800,0.338,-9.487,-1.491,-3.178,0.0000,0.0000,0.0000,0.0000,0.0000,0.0000,0.0000,0.0000,54.63,26.71,35,-9.210,1,614.8
1916.129,+0.0375,+0.1042,-0.0467,-0.0357,-0.4843,0.267,-9.634,-1.119,-2.319,0.0000,0.0000,0.0000,0.0000,0.0000,0.0000,0.0000,0.0000,54.63,26.71,35,-8.940,1,614.8
1916.158,+0.0664,+0.0995,-0.0467,-0.0357,-0.4871,0.218,-9.734,-1.018,-1.989,0.0000,0.0000,0.0000,0.0000,0.0000,0.0000,0.0000,0.0000,54.63,26.73,35,-8.890,1,614.8
1916.187,+0.0693,+0.1048,-0.0467,-0.0357,-0.4957,0.174,-9.827,-0.754,-1.664,0.0000,0.0000,0.0000,0.0000,0.0000,0.0000,0.0000,0.0000,54.63,26.73,35,-8.690,1,614.8
1916.212,+0.0755,+0.0556,-0.0467,-0.0357,-0.4986,0.174,-9.827,-0.754,-1.664,0.0000,0.0000,0.0000,0.0000,0.0000,0.0000,0.0000,0.0000,54.63,26.75,35,-8.640,1,614.8
1916.254,+0.0647,+0.0927,-0.0533,-0.0329,-0.5043,0.182,-9.967,0.344,-1.534,0.0000,0.0000,0.0000,0.0000,0.0000,0.0000,0.0000,0.0000,54.01,26.75,35,-8.460,1,609.6
1916.289,+0.0707,+0.1034,-0.0533,-0.0329,-0.5014,0.197,-10.011,0.428,-0.140,0.0000,0.0000,0.0000,0.0000,0.0000,0.0000,0.0000,0.0000,54.01,26.78,35,-8.540,1,609.6
1916.307,+0.0479,-0.0169,-0.0533,-0.0329,-0.5014,0.198,-10.010,0.385,0.580,0.0000,0.0000,0.0000,0.0000,0.0000,0.0000,0.0000,0.0000,54.01,26.78,35,-8.540,1,609.6
1916.338,+0.0761,+0.0593,-0.0533,-0.0314,-0.5000,0.198,-10.010,0.385,0.580,0.0000,0.0000,0.0000,0.0000,0.0000,0.0000,0.0000,0.0000,54.01,26.78,35,-8.640,1,609.6
1916.403,+0.0641,+0.0593,-0.0533,-0.0329,-0.4957,0.280,-9.647,0.423,2.807,0.0000,0.0000,0.0000,0.0000,0.0000,0.0000,0.0000,0.0000,54.01,26.84,35,-8.740,1,609.6
1916.426,+0.0521,-0.0732,-0.0533,-0.0329,-0.4957,0.280,-9.647,0.423,2.807,0.0000,0.0000,0.0000,0.0000,0.0000,0.0000,0.0000,0.0000,53.20,26.84,35,-8.740,1,603.1
1916.456,+0.0804,+0.0015,-0.0533,-0.0314,-0.4943,0.281,-9.642,0.399,2.669,0.0000,0.0000,0.0000,0.0000,0.0000,0.0000,0.0000,0.0000,53.20,26.84,35,-8.670,1,603.1
1916.489,+0.0806,+0.0012,-0.0533,-0.0329,-0.4957,0.300,-9.546,0.360,2.051,0.0000,0.0000,0.0000,0.0000,0.0000,0.0000,0.0000,0.0000,53.20,26.86,34,-8.620,1,603.1
1916.542,+0.0731,-0.0154,-0.0467,-0.0343,-0.4943,0.300,-9.544,0.350,1.853,0.0000,0.0000,0.0000,0.0000,0.0000,0.0000,0.0000,0.0000,53.20,26.86,34,-9.180,1,603.1
1916.584,+0.0583,-0.0002,-0.0467,-0.0343,-0.4943,0.300,-9.544,0.350,1.853,0.0000,0.0000,0.0000,0.0000,0.0000,0.0000,0.0000,0.0000,53.20,26.86,34,-9.180,1,603.1
1916.618,+0.0836,-0.0116,-0.0467,-0.0343,-0.4943,0.300,-9.544,0.350,1.853,0.0000,0.0000,0.0000,0.0000,0.0000,0.0000,0.0000,0.0000,53.20,26.86,34,-9.180,1,603.1
1916.651,+0.0865,-0.0167,-0.0467,-0.0343,-0.4943,0.300,-9.544,0.350,1.853,0.0000,0.0000,0.0000,0.0000,0.0000,0.0000,0.0000,0.0000,53.20,26.86,34,-9.180,1,603.1
1916.683,+0.0625,-0.0225,-0.0533,-0.0271,-0.4671,0.337,-9.418,0.319,1.182,0.0000,0.0000,0.0000,0.0000,0.0000,0.0000,0.0000,0.0000,53.20,26.86,34,-12.820,1,603.1
1916.712,+0.0914,+0.0222,-0.0533,-0.0271,-0.4529,0.337,-9.418,0.319,1.182,0.0000,0.0000,0.0000,0.0000,0.0000,0.0000,0.0000,0.0000,52.73,26.89,34,-12.290,1,599.2
1916.738,+0.0646,-0.0362,-0.0533,-0.0271,-0.4529,0.337,-9.416,0.320,1.186,0.0000,0.0000,0.0000,0.0000,0.0000,0.0000,0.0000,0.0000,52.73,26.89,34,-12.290,1,599.2
1916.790,+0.0820,-0.0124,-0.0533,-0.0243,-0.4414,0.389,-9.309,0.733,1.237,0.0000,0.0000,0.0000,0.0000,0.0000,0.0000,0.0000,0.0000,52.73,26.93,34,-11.570,1,599.2
1916.815,+0.0667,-0.0451,-0.0533,-0.0271,-0.4471,0.426,-9.238,0.741,1.891,0.0000,0.0000,0.0000,0.0000,0.0000,0.0000,0.0000,0.0000,52.73,26.93,34,-10.650,1,599.2
1916.898,+0.0667,-0.0095,-0.0533,-0.0271,-0.4529,0.540,-9.013,0.991,-0.335,0.0000,0.0000,0.0000,0.0000,0.0000,0.0000,0.0000,0.0000,52.13,26.96,34,-10.390,1,594.0
1916.935,+0.0428,+0.0074,-0.0533,-0.0271,-0.4586,0.541,-9.014,0.985,-0.252,0.0000,0.0000,0.0000,0.0000,0.0000,0.0000,0.0000,0.0000,52.13,26.99,34,-10.440,1,594.0
1916.967,+0.0646,+0.0540,-0.0533,-0.0286,-0.4600,0.592,-9.055,1.434,-0.820,0.0000,0.0000,0.0000,0.0000,0.0000,0.0000,0.0000,0.0000,52.13,26.99,34,-10.360,1,594.0
1917.002,+0.0646,+0.0111,-0.0467,-0.0300,-0.4557,0.678,-9.110,2.054,-0.919,0.0000,0.0000,0.0000,0.0000,0.0000,0.0000,0.0000,0.0000,52.13,27.01,33,-11.840,1,594.0
1917.055,+0.0646,+0.0111,-0.0533,-0.0286,-0.4457,0.791,-9.140,2.432,-0.500,0.0000,0.0000,0.0000,0.0000,0.0000,0.0000,0.0000,0.0000,51.55,27.01,33,-11.620,1,588.8
1917.093,+0.0646,+0.0520,-0.0533,-0.0286,-0.4457,0.791,-9.140,2.432,-0.500,0.0000,0.0000,0.0000,0.0000,0.0000,0.0000,0.0000,0.0000,51.55,27.01,33,-11.620,1,588.8
1917.119,+0.0969,+0.0148,-0.0533,-0.0286,-0.4457,0.796,-9.141,2.597,-0.204,0.0000,0.0000,0.0000,0.0000,0.0000,0.0000,0.0000,0.0000,51.55,27.01,33,-11.620,1,588.8
1917.167,+0.0667,+0.0148,-0.0533,-0.0286,-0.4486,1.054,-9.112,2.568,0.791,0.0000,0.0000,0.0000,0.0000,0.0000,0.0000,0.0000,0.0000,51.55,27.03,34,-10.360,1,588.8
1917.193,+0.0989,+0.0148,-0.0533,-0.0286,-0.4543,1.185,-9.069,2.413,1.013,0.0000,0.0000,0.0000,0.0000,0.0000,0.0000,0.0000,0.0000,51.55,27.03,34,-9.820,1,588.8
1917.215,+0.0688,+0.0148,-0.0533,-0.0257,-0.4571,1.185,-9.069,2.413,1.013,0.0000,0.0000,0.0000,0.0000,0.0000,0.0000,0.0000,0.0000,51.55,27.05,34,-9.820,1,588.8
1917.253,+0.1148,+0.0148,-0.0533,-0.0300,-0.4586,1.293,-9.015,1.523,1.134,0.0000,0.0000,0.0000,0.0000,0.0000,0.0000,0.0000,0.0000,50.96,27.05,34,-9.800,1,583.4
1917.274,+0.0729,+0.0148,-0.0533,-0.0300,-0.4643,1.374,-8.998,1.730,-0.511,0.0000,0.0000,0.0000,0.0000,0.0000,0.0000,0.0000,0.0000,50.96,27.05,34,-9.790,1,583.4
1917.324,+0.1087,+0.0466,-0.0467,-0.0300,-0.4671,1.454,-9.058,1.447,-1.457,0.0000,0.0000,0.0000,0.0000,0.0000,0.0000,0.0000,0.0000,50.96,27.08,34,-9.780,1,583.4
1917.350,+0.1100,+0.0185,-0.0467,-0.0300,-0.4671,1.518,-9.148,0.940,-1.800,0.0000,0.0000,0.0000,0.0000,0.0000,0.0000,0.0000,0.0000,50.96,27.08,34,-9.760,1,583.4
1917.388,+0.1021,+0.0593,-0.0533,-0.0286,-0.4686,1.519,-9.150,0.955,-1.798,0.0000,0.0000,0.0000,0.0000,0.0000,0.0000,0.0000,0.0000,50.96,27.09,34,-9.620,1,583.4
1917.414,+0.1128,+0.0784,-0.0533,-0.0286,-0.4686,1.519,-9.150,0.955,-1.798,0.0000,0.0000,0.0000,0.0000,0.0000,0.0000,0.0000,0.0000,50.24,27.09,34,-9.620,1,576.9
1917.439,+0.1173,+0.0259,-0.0533,-0.0271,-0.4700,1.560,-9.228,0.629,-1.426,0.0000,0.0000,0.0000,0.0000,0.0000,0.0000,0.0000,0.0000,50.24,27.09,34,-9.600,1,576.9
1917.475,+0.1097,+0.0691,-0.0533,-0.0257,-0.4714,1.586,-9.286,0.513,-0.984,0.0000,0.0000,0.0000,0.0000,0.0000,0.0000,0.0000,0.0000,50.24,27.09,34,-9.260,1,576.9
1917.506,+0.0875,+0.0780,-0.0533,-0.0257,-0.4714,1.611,-9.331,0.640,-0.803,0.0000,0.0000,0.0000,0.0000,0.0000,0.0000,0.0000,0.0000,50.24,27.10,34,-9.260,1,576.9
1917.546,+0.0875,+0.0333,-0.0600,-0.0271,-0.4729,1.611,-9.331,0.640,-0.803,0.0000,0.0000,0.0000,0.0000,0.0000,0.0000,0.0000,0.0000,50.24,27.10,34,-9.350,1,576.9
1917.567,+0.0875,+0.1019,-0.0600,-0.0271,-0.4729,1.611,-9.331,0.640,-0.803,0.0000,0.0000,0.0000,0.0000,0.0000,0.0000,0.0000,0.0000,50.24,27.10,34,-9.350,1,576.9
1917.607,+0.0875,+0.0370,-0.0600,-0.0271,-0.4729,1.611,-9.331,0.640,-0.803,0.0000,0.0000,0.0000,0.0000,0.0000,0.0000,0.0000,0.0000,50.24,27.10,34,-9.350,1,576.9
1917.644,+0.0875,+0.0794,-0.0600,-0.0271,-0.4729,1.611,-9.331,0.640,-0.803,0.0000,0.0000,0.0000,0.0000,0.0000,0.0000,0.0000,0.0000,50.24,27.10,34,-9.350,1,576.9
1917.671,+0.0875,+0.0407,-0.0600,-0.0271,-0.4729,1.646,-9.371,1.017,-0.691,0.0000,0.0000,0.0000,0.0000,0.0000,0.0000,0.0000,0.0000,50.24,27.10,34,-9.140,1,576.9
1917.708,+0.0875,+0.0407,-0.0533,-0.0300,-0.4786,1.697,-9.410,1.400,-0.722,0.0000,0.0000,0.0000,0.0000,0.0000,0.0000,0.0000,0.0000,50.24,27.12,34,-8.940,1,576.9
1917.737,+0.0875,-0.0112,-0.0533,-0.0300,-0.4786,1.781,-9.457,2.090,-0.803,0.0000,0.0000,0.0000,0.0000,0.0000,0.0000,0.0000,0.0000,49.65,27.12,34,-8.940,1,571.7
1917.771,+0.0875,-0.0087,-0.0533,-0.0314,-0.4800,1.870,-9.471,2.206,0.208,0.0000,0.0000,0.0000,0.0000,0.0000,0.0000,0.0000,0.0000,49.65,27.14,34,-8.850,1,571.7
1917.814,+0.0875,+0.0333,-0.0533,-0.0314,-0.4771,1.987,-9.410,2.574,1.949,0.0000,0.0000,0.0000,0.0000,0.0000,0.0000,0.0000,0.0000,49.65,27.14,34,-8.890,1,571.7
1917.848,+0.0875,-0.0115,-0.0533,-0.0300,-0.4757,2.120,-9.299,2.477,2.235,0.0000,0.0000,0.0000,0.0000,0.0000,0.0000,0.0000,0.0000,49.65,27.16,34,-9.180,1,571.7
1917.872,+0.1233,-0.0341,-0.0533,-0.0300,-0.4757,2.233,-9.204,2.218,1.853,0.0000,0.0000,0.0000,0.0000,0.0000,0.0000,0.0000,0.0000,49.03,27.16,34,-9.180,1,566.3
1917.908,+0.0896,+0.0259,-0.0533,-0.0314,-0.4714,2.332,-9.131,1.913,1.366,0.0000,0.0000,0.0000,0.0000,0.0000,0.0000,0.0000,0.0000,49.03,27.20,33,-9.360,1,566.3
1917.938,+0.1175,-0.0236,-0.0533,-0.0314,-0.4714,2.416,-9.078,1.764,1.206,0.0000,0.0000,0.0000,0.0000,0.0000,0.0000,0.0000,0.0000,49.03,27.20,33,-9.270,1,566.3
1917.976,+0.1150,+0.0222,-0.0533,-0.0271,-0.4671,2.497,-9.030,1.504,0.965,0.0000,0.0000,0.0000,0.0000,0.0000,0.0000,0.0000,0.0000,49.03,27.20,33,-9.680,1,566.3
1918.011,+0.0938,-0.0212,-0.0533,-0.0271,-0.4671,2.500,-9.029,1.465,0.937,0.0000,0.0000,0.0000,0.0000,0.0000,0.0000,0.0000,0.0000,49.03,27.21,33,-9.620,1,566.3
1918.047,+0.0938,+0.0185,-0.0533,-0.0271,-0.4643,2.565,-8.988,1.463,0.992,0.0000,0.0000,0.0000,0.0000,0.0000,0.0000,0.0000,0.0000,48.43,27.21,33,-9.540,1,561.0
1918.117,+0.0938,-0.0053,-0.0533,-0.0271,-0.4643,2.565,-8.988,1.463,0.992,0.0000,0.0000,0.0000,0.0000,0.0000,0.0000,0.0000,0.0000,48.43,27.21,33,-9.540,1,561.0
1918.149,+0.0938,+0.0148,-0.0533,-0.0300,-0.4643,2.711,-8.915,1.767,0.745,0.0000,0.0000,0.0000,0.0000,0.0000,0.0000,0.0000,0.0000,48.43,27.23,33,-9.550,1,561.0
1918.185,+0.0938,+0.0148,-0.0533,-0.0300,-0.4643,2.798,-8.889,1.961,0.625,0.0000,0.0000,0.0000,0.0000,0.0000,0.0000,0.0000,0.0000,48.43,27.23,33,-9.400,1,561.0
1918.209,+0.0938,+0.0148,-0.0533,-0.0271,-0.4500,2.798,-8.889,1.961,0.625,0.0000,0.0000,0.0000,0.0000,0.0000,0.0000,0.0000,0.0000,48.43,27.24,32,-12.340,1,561.0
1918.243,+0.0938,-0.0305,-0.0533,-0.0271,-0.4500,2.888,-8.863,2.051,0.685,0.0000,0.0000,0.0000,0.0000,0.0000,0.0000,0.0000,0.0000,47.86,27.24,32,-10.870,1,555.8
1918.268,+0.0938,+0.0111,-0.0533,-0.0286,-0.4457,2.995,-8.828,2.092,0.789,0.0000,0.0000,0.0000,0.0000,0.0000,0.0000,0.0000,0.0000,47.86,27.24,32,-10.870,1,555.8
1918.295,+0.0938,+0.0111,-0.0533,-0.0271,-0.4471,2.995,-8.828,2.092,0.789,0.0000,0.0000,0.0000,0.0000,0.0000,0.0000,0.0000,0.0000,47.86,27.26,33,-10.170,1,555.8
1918.328,+0.1198,-0.0352,-0.0533,-0.0271,-0.4471,2.997,-8.827,2.103,0.825,0.0000,0.0000,0.0000,0.0000,0.0000,0.0000,0.0000,0.0000,47.86,27.26,33,-10.170,1,555.8
1918.371,+0.0958,+0.0074,-0.0533,-0.0286,-0.4486,3.187,-8.749,1.970,0.910,0.0000,0.0000,0.0000,0.0000,0.0000,0.0000,0.0000,0.0000,47.86,27.26,33,-9.890,1,555.8
1918.446,+0.0958,-0.0152,-0.0533,-0.0271,-0.4500,3.289,-8.704,1.877,0.903,0.0000,0.0000,0.0000,0.0000,0.0000,0.0000,0.0000,0.0000,47.13,27.28,33,-11.630,1,549.0
1918.475,+0.0958,+0.0037,-0.0533,-0.0257,-0.4286,3.292,-8.702,1.872,0.904,0.0000,0.0000,0.0000,0.0000,0.0000,0.0000,0.0000,0.0000,47.13,27.28,33,-13.450,1,549.0
1918.508,+0.0958,+0.0037,-0.0533,-0.0257,-0.4286,3.294,-8.701,1.874,0.910,0.0000,0.0000,0.0000,0.0000,0.0000,0.0000,0.0000,0.0000,47.13,27.28,32,-13.450,1,549.0
1918.541,+0.0958,+0.0037,-0.0533,-0.0257,-0.4200,3.294,-8.701,1.874,0.910,0.0000,0.0000,0.0000,0.0000,0.0000,0.0000,0.0000,0.0000,47.13,27.28,32,-13.930,1,549.0
1918.570,+0.1247,+0.0037,-0.0533,-0.0257,-0.4200,3.294,-8.701,1.874,0.910,0.0000,0.0000,0.0000,0.0000,0.0000,0.0000,0.0000,0.0000,47.13,27.28,32,-13.930,1,549.0
1918.605,+0.0979,-0.0405,-0.0533,-0.0257,-0.4200,3.294,-8.701,1.874,0.910,0.0000,0.0000,0.0000,0.0000,0.0000,0.0000,0.0000,0.0000,47.13,27.28,32,-13.930,1,549.0
1918.635,+0.0979,+0.0511,-0.0533,-0.0257,-0.4200,3.294,-8.701,1.874,0.910,0.0000,0.0000,0.0000,0.0000,0.0000,0.0000,0.0000,0.0000,47.13,27.28,32,-13.930,1,549.0
1918.672,+0.0979,+0.0037,-0.0533,-0.0257,-0.4200,3.461,-8.624,1.799,0.894,0.0000,0.0000,0.0000,0.0000,0.0000,0.0000,0.0000,0.0000,47.13,27.28,32,-13.890,1,549.0
1918.744,+0.0979,+0.0271,-0.0533,-0.0200,-0.3943,3.646,-8.597,2.012,-0.069,0.0000,0.0000,0.0000,0.0000,0.0000,0.0000,0.0000,0.0000,46.70,27.29,31,-14.620,1,544.9
1918.772,+0.0979,+0.0605,-0.0533,-0.0243,-0.3986,3.744,-8.613,1.834,-0.207,0.0000,0.0000,0.0000,0.0000,0.0000,0.0000,0.0000,0.0000,46.70,27.30,32,-12.310,1,544.9
1918.796,+0.0979,+0.0738,-0.0533,-0.0243,-0.4043,3.798,-8.696,1.044,-2.554,0.0000,0.0000,0.0000,0.0000,0.0000,0.0000,0.0000,0.0000,46.70,27.30,32,-11.270,1,544.9
1918.827,+0.0706,+0.1118,-0.0533,-0.0243,-0.4157,3.800,-8.701,1.046,-2.552,0.0000,0.0000,0.0000,0.0000,0.0000,0.0000,0.0000,0.0000,46.70,27.30,32,-12.240,1,544.9
1918.846,+0.0508,+0.1023,-0.0533,-0.0243,-0.4129,3.800,-8.701,1.046,-2.552,0.0000,0.0000,0.0000,0.0000,0.0000,0.0000,0.0000,0.0000,46.70,27.30,32,-12.240,1,544.9
1918.878,+0.0669,+0.1215,-0.0533,-0.0243,-0.4129,3.846,-8.856,1.510,-3.611,0.0000,0.0000,0.0000,0.0000,0.0000,0.0000,0.0000,0.0000,46.28,27.30,32,-10.710,1,540.7
1918.917,+0.0693,+0.1130,-0.0533,-0.0286,-0.4371,4.034,-9.197,2.857,-2.819,0.0000,0.0000,0.0000,0.0000,0.0000,0.0000,0.0000,0.0000,46.28,27.30,32,-9.820,1,540.7
1918.942,+0.0896,+0.0993,-0.0467,-0.0300,-0.4414,4.034,-9.197,2.857,-2.819,0.0000,0.0000,0.0000,0.0000,0.0000,0.0000,0.0000,0.0000,46.28,27.30,32,-9.380,1,540.7
1918.994,+0.0722,+0.1064,-0.0467,-0.0343,-0.4571,4.343,-9.413,3.574,-1.624,0.0000,0.0000,0.0000,0.0000,0.0000,0.0000,0.0000,0.0000,46.28,27.30,32,-8.590,1,540.7
1919.018,+0.0875,+0.1137,-0.0467,-0.0329,-0.4643,4.343,-9.413,3.574,-1.624,0.0000,0.0000,0.0000,0.0000,0.0000,0.0000,0.0000,0.0000,45.58,27.30,33,-8.590,1,534.3
1919.054,+0.0875,+0.0982,-0.0467,-0.0329,-0.4700,4.521,-9.499,3.314,-1.551,0.0000,0.0000,0.0000,0.0000,0.0000,0.0000,0.0000,0.0000,45.58,27.30,33,-8.540,1,534.3
1919.084,+0.1160,+0.1100,-0.0467,-0.0329,-0.4700,4.521,-9.499,3.314,-1.551,0.0000,0.0000,0.0000,0.0000,0.0000,0.0000,0.0000,0.0000,45.58,27.30,33,-8.540,1,534.3
1919.106,+0.0896,+0.1303,-0.0467,-0.0329,-0.4700,4.521,-9.499,3.314,-1.551,0.0000,0.0000,0.0000,0.0000,0.0000,0.0000,0.0000,0.0000,45.58,27.30,33,-8.540,1,534.3
1919.190,+0.0896,+0.1077,-0.0467,-0.0329,-0.4814,4.844,-9.724,0.971,-1.191,0.0000,0.0000,0.0000,0.0000,0.0000,0.0000,0.0000,0.0000,45.58,27.31,33,-7.990,1,534.3
1919.217,+0.1210,+0.0741,-0.0467,-0.0343,-0.4857,4.844,-9.724,0.971,-1.191,0.0000,0.0000,0.0000,0.0000,0.0000,0.0000,0.0000,0.0000,44.94,27.32,33,-7.990,1,528.8
1919.249,+0.1185,+0.0263,-0.0467,-0.0357,-0.4900,4.846,-9.727,0.972,-1.192,0.0000,0.0000,0.0000,0.0000,0.0000,0.0000,0.0000,0.0000,44.94,27.32,33,-7.830,1,528.8
1919.276,+0.0938,+0.0146,-0.0467,-0.0329,-0.4814,4.913,-9.704,1.370,1.602,0.0000,0.0000,0.0000,0.0000,0.0000,0.0000,0.0000,0.0000,44.94,27.32,33,-8.010,1,528.8
1919.304,+0.1246,+0.0118,-0.0467,-0.0329,-0.4814,4.965,-9.606,0.952,2.243,0.0000,0.0000,0.0000,0.0000,0.0000,0.0000,0.0000,0.0000,44.94,27.33,33,-8.010,1,528.8
1919.343,+0.0958,+0.0630,-0.0533,-0.0314,-0.4800,4.994,-9.485,0.317,2.054,0.0000,0.0000,0.0000,0.0000,0.0000,0.0000,0.0000,0.0000,44.94,27.33,33,-8.100,1,528.8
1919.371,+0.0958,+0.0087,-0.0533,-0.0314,-0.4771,4.994,-9.485,0.317,2.054,0.0000,0.0000,0.0000,0.0000,0.0000,0.0000,0.0000,0.0000,44.94,27.33,33,-8.690,1,528.8
1919.406,+0.0958,+0.0158,-0.0467,-0.0329,-0.4786,4.998,-9.410,0.093,1.293,0.0000,0.0000,0.0000,0.0000,0.0000,0.0000,0.0000,0.0000,44.94,27.36,33,-8.640,1,528.8
1919.468,+0.0958,+0.0556,-0.0467,-0.0343,-0.4771,4.997,-9.353,0.373,0.493,0.0000,0.0000,0.0000,0.0000,0.0000,0.0000,0.0000,0.0000,44.28,27.36,33,-8.820,1,523.4
1919.490,+0.0585,+0.0556,-0.0467,-0.0329,-0.4757,4.997,-9.353,0.373,0.493,0.0000,0.0000,0.0000,0.0000,0.0000,0.0000,0.0000,0.0000,44.28,27.38,32,-8.820,1,523.4
1919.522,+0.0938,+0.0076,-0.0467,-0.0329,-0.4757,4.997,-9.353,0.369,0.501,0.0000,0.0000,0.0000,0.0000,0.0000,0.0000,0.0000,0.0000,44.28,27.38,32,-8.840,1,523.4
1919.551,+0.0642,+0.0519,-0.0467,-0.0329,-0.4757,4.997,-9.353,0.369,0.501,0.0000,0.0000,0.0000,0.0000,0.0000,0.0000,0.0000,0.0000,44.28,27.38,32,-8.840,1,523.4
1919.575,+0.0917,+0.0519,-0.0467,-0.0329,-0.4757,4.997,-9.353,0.369,0.501,0.0000,0.0000,0.0000,0.0000,0.0000,0.0000,0.0000,0.0000,44.28,27.38,32,-8.840,1,523.4
1919.673,+0.0917,+0.0337,-0.0467,-0.0329,-0.4757,5.013,-9.337,0.732,0.549,0.0000,0.0000,0.0000,0.0000,0.0000,0.0000,0.0000,0.0000,44.28,27.38,32,-8.580,1,523.4
1919.698,+0.0585,+0.0481,-0.0467,-0.0314,-0.4600,5.044,-9.318,1.030,0.722,0.0000,0.0000,0.0000,0.0000,0.0000,0.0000,0.0000,0.0000,44.28,27.39,32,-11.720,1,523.4
1919.726,+0.0896,+0.0481,-0.0467,-0.0314,-0.4600,5.044,-9.318,1.030,0.722,0.0000,0.0000,0.0000,0.0000,0.0000,0.0000,0.0000,0.0000,43.65,27.39,32,-11.720,1,518.0
1919.748,+0.0896,-0.0185,-0.0467,-0.0314,-0.4571,5.073,-9.294,0.704,0.627,0.0000,0.0000,0.0000,0.0000,0.0000,0.0000,0.0000,0.0000,43.65,27.39,32,-10.070,1,518.0
1919.783,+0.0896,+0.0444,-0.0467,-0.0314,-0.4600,5.098,-9.273,0.080,0.085,0.0000,0.0000,0.0000,0.0000,0.0000,0.0000,0.0000,0.0000,43.65,0.00,32,-9.270,1,518.0
1919.825,+0.0687,+0.0072,-0.0467,-0.0343,-0.4686,5.181,-9.236,0.105,0.107,0.0000,0.0000,0.0000,0.0000,0.0000,0.0000,0.0000,0.0000,43.65,0.00,32,-8.660,1,518.0
1919.851,+0.0875,+0.0407,-0.0467,-0.0329,-0.4700,5.181,-9.236,0.105,0.107,0.0000,0.0000,0.0000,0.0000,0.0000,0.0000,0.0000,0.0000,45.05,0.00,32,-8.660,1,512.6
1919.881,+0.0590,+0.0407,-0.0467,-0.0300,-0.4700,5.199,-9.188,0.106,0.110,0.0000,0.0000,0.0000,0.0000,0.0000,0.0000,0.0000,0.0000,45.05,0.00,32,-8.790,1,512.6
1919.936,+0.0688,+0.0113,-0.0467,-0.0329,-0.4643,5.214,-9.140,0.104,0.105,0.0000,0.0000,0.0000,0.0000,0.0000,0.0000,0.0000,0.0000,45.05,0.00,32,-10.590,1,512.6
1919.975,+0.0833,+0.0370,-0.0467,-0.0329,-0.4614,5.284,-9.063,0.110,0.107,0.0000,0.0000,0.0000,0.0000,0.0000,0.0000,0.0000,0.0000,45.05,0.00,32,-9.310,1,512.6
1920.004,+0.0833,-0.0150,-0.0467,-0.0329,-0.4643,5.341,-9.029,0.107,0.104,0.0000,0.0000,0.0000,0.0000,0.0000,0.0000,0.0000,0.0000,45.05,0.00,32,-9.090,1,512.6
1920.035,+0.0553,+0.0333,-0.0467,-0.0329,-0.4643,5.407,-8.991,0.103,0.104,0.0000,0.0000,0.0000,0.0000,0.0000,0.0000,0.0000,0.0000,44.30,0.00,32,-9.090,1,506.0
1920.070,+0.0813,+0.0333,-0.0467,-0.0300,-0.4643,5.407,-8.991,0.103,0.104,0.0000,0.0000,0.0000,0.0000,0.0000,0.0000,0.0000,0.0000,44.30,0.00,32,-8.970,1,506.0
1920.113,+0.0608,-0.0029,-0.0467,-0.0300,-0.4643,5.407,-8.991,0.103,0.104,0.0000,0.0000,0.0000,0.0000,0.0000,0.0000,0.0000,0.0000,44.30,0.00,32,-8.970,1,506.0
1920.133,+0.0792,+0.0296,-0.0467,-0.0314,-0.4657,5.474,-8.947,0.100,0.102,0.0000,0.0000,0.0000,0.0000,0.0000,0.0000,0.0000,0.0000,44.30,0.00,32,-9.050,1,506.0
1920.173,+0.0792,-0.0092,-0.0467,-0.0343,-0.4657,5.531,-8.900,0.107,0.110,0.0000,0.0000,0.0000,0.0000,0.0000,0.0000,0.0000,0.0000,44.30,0.00,32,-8.950,1,506.0
1920.209,+0.0792,+0.0259,-0.0467,-0.0314,-0.4543,5.579,-8.851,1.024,1.148,0.0000,0.0000,0.0000,0.0000,0.0000,0.0000,0.0000,0.0000,44.30,27.49,32,-10.040,1,506.0
1920.264,+0.0792,-0.0034,-0.0467,-0.0314,-0.4543,5.654,-8.779,0.827,0.679,0.0000,0.0000,0.0000,0.0000,0.0000,0.0000,0.0000,0.0000,43.71,27.49,32,-9.580,1,500.6
1920.289,+0.0792,+0.0222,-0.0467,-0.0300,-0.4557,5.654,-8.779,0.827,0.679,0.0000,0.0000,0.0000,0.0000,0.0000,0.0000,0.0000,0.0000,43.71,27.49,32,-9.320,1,500.6
1920.317,+0.0792,+0.0222,-0.0467,-0.0314,-0.4571,5.655,-8.779,0.809,0.634,0.0000,0.0000,0.0000,0.0000,0.0000,0.0000,0.0000,0.0000,43.71,27.49,32,-9.190,1,500.6
1920.341,+0.0448,-0.0389,-0.0467,-0.0314,-0.4571,5.655,-8.779,0.809,0.634,0.0000,0.0000,0.0000,0.0000,0.0000,0.0000,0.0000,0.0000,43.71,27.49,32,-9.190,1,500.6
1920.371,+0.0771,+0.0185,-0.0467,-0.0300,-0.4414,5.686,-8.755,0.850,0.740,0.0000,0.0000,0.0000,0.0000,0.0000,0.0000,0.0000,0.0000,43.71,27.49,32,-11.040,1,500.6
1920.405,+0.0771,+0.0185,-0.0467,-0.0314,-0.4400,5.718,-8.722,0.892,1.035,0.0000,0.0000,0.0000,0.0000,0.0000,0.0000,0.0000,0.0000,43.71,27.50,31,-10.270,1,500.6
1920.437,+0.0506,-0.0285,-0.0467,-0.0314,-0.4400,5.752,-8.679,0.922,1.144,0.0000,0.0000,0.0000,0.0000,0.0000,0.0000,0.0000,0.0000,43.13,27.50,31,-10.270,1,495.2
1920.474,+0.0750,+0.0148,-0.0467,-0.0300,-0.4443,5.788,-8.631,0.960,1.170,0.0000,0.0000,0.0000,0.0000,0.0000,0.0000,0.0000,0.0000,43.13,27.50,31,-9.560,1,495.2
1920.507,+0.0750,-0.0320,-0.0467,-0.0300,-0.4443,5.789,-8.630,0.964,1.172,0.0000,0.0000,0.0000,0.0000,0.0000,0.0000,0.0000,0.0000,43.13,27.51,31,-9.560,1,495.2
1920.538,+0.0750,+0.0111,-0.0467,-0.0329,-0.4443,5.789,-8.630,0.964,1.172,0.0000,0.0000,0.0000,0.0000,0.0000,0.0000,0.0000,0.0000,43.13,27.51,31,-9.670,1,495.2
1920.567,+0.0454,-0.0415,-0.0467,-0.0329,-0.4443,5.789,-8.630,0.964,1.172,0.0000,0.0000,0.0000,0.0000,0.0000,0.0000,0.0000,0.0000,43.13,27.51,31,-9.670,1,495.2
1920.605,+0.0729,+0.0074,-0.0467,-0.0329,-0.4443,5.789,-8.630,0.964,1.172,0.0000,0.0000,0.0000,0.0000,0.0000,0.0000,0.0000,0.0000,43.13,27.51,31,-9.670,1,495.2
1920.639,+0.0473,+0.0074,-0.0467,-0.0329,-0.4443,5.789,-8.630,0.964,1.172,0.0000,0.0000,0.0000,0.0000,0.0000,0.0000,0.0000,0.0000,43.13,27.51,31,-9.670,1,495.2
1920.695,+0.0708,-0.0213,-0.0467,-0.0300,-0.4443,5.862,-8.544,0.776,0.983,0.0000,0.0000,0.0000,0.0000,0.0000,0.0000,0.0000,0.0000,43.13,27.51,31,-9.660,1,495.2
1920.725,+0.0708,+0.0545,-0.0467,-0.0300,-0.4443,5.862,-8.544,0.776,0.983,0.0000,0.0000,0.0000,0.0000,0.0000,0.0000,0.0000,0.0000,42.58,27.51,31,-9.660,1,489.9
1920.750,+0.0708,+0.0074,-0.0400,-0.0329,-0.4443,5.903,-8.493,0.756,0.079,0.0000,0.0000,0.0000,0.0000,0.0000,0.0000,0.0000,0.0000,42.58,27.51,31,-9.830,1,489.9
1920.774,+0.0708,+0.0697,-0.0467,-0.0286,-0.4314,5.903,-8.493,0.756,0.079,0.0000,0.0000,0.0000,0.0000,0.0000,0.0000,0.0000,0.0000,42.58,27.52,30,-12.480,1,489.9
1920.807,+0.0448,+0.0574,-0.0467,-0.0300,-0.4243,5.906,-8.493,0.745,0.100,0.0000,0.0000,0.0000,0.0000,0.0000,0.0000,0.0000,0.0000,42.58,27.52,30,-12.880,1,489.9
1920.865,+0.0688,+0.0427,-0.0467,-0.0271,-0.4157,5.934,-8.640,0.165,-2.329,0.0000,0.0000,0.0000,0.0000,0.0000,0.0000,0.0000,0.0000,42.16,27.52,31,-11.060,1,485.8
1920.889,+0.0337,+0.0808,-0.0467,-0.0271,-0.4186,5.934,-8.640,0.165,-2.329,0.0000,0.0000,0.0000,0.0000,0.0000,0.0000,0.0000,0.0000,42.16,27.52,31,-11.200,1,485.8
1920.931,+0.0667,+0.0596,-0.0467,-0.0314,-0.4314,5.938,-8.860,0.263,-1.697,0.0000,0.0000,0.0000,0.0000,0.0000,0.0000,0.0000,0.0000,42.16,27.51,31,-9.820,1,485.8
1920.951,+0.0248,+0.1004,-0.0467,-0.0314,-0.4314,5.945,-8.935,0.450,-1.129,0.0000,0.0000,0.0000,0.0000,0.0000,0.0000,0.0000,0.0000,42.16,27.51,31,-9.370,1,485.8
1921.015,+0.0502,+0.0806,-0.0400,-0.0343,-0.4457,5.960,-8.995,0.581,-0.994,0.0000,0.0000,0.0000,0.0000,0.0000,0.0000,0.0000,0.0000,41.45,27.50,31,-9.210,1,479.0
1921.049,+0.0625,+0.0370,-0.0400,-0.0357,-0.4529,5.983,-9.051,0.750,-0.961,0.0000,0.0000,0.0000,0.0000,0.0000,0.0000,0.0000,0.0000,41.45,27.50,31,-8.870,1,479.0
1921.078,+0.0327,+0.0900,-0.0400,-0.0357,-0.4529,5.983,-9.051,0.750,-0.961,0.0000,0.0000,0.0000,0.0000,0.0000,0.0000,0.0000,0.0000,41.45,27.50,31,-8.870,1,479.0
1921.142,+0.0460,+0.0921,-0.0467,-0.0343,-0.4571,6.014,-9.115,0.805,-1.048,0.0000,0.0000,0.0000,0.0000,0.0000,0.0000,0.0000,0.0000,41.45,27.50,31,-8.750,1,479.0
1921.168,+0.0583,+0.0481,-0.0400,-0.0357,-0.4643,6.045,-9.175,0.914,-1.069,0.0000,0.0000,0.0000,0.0000,0.0000,0.0000,0.0000,0.0000,41.45,27.50,31,-8.710,1,479.0
1921.196,+0.0583,+0.1013,-0.0400,-0.0343,-0.4657,6.093,-9.229,0.921,-0.942,0.0000,0.0000,0.0000,0.0000,0.0000,0.0000,0.0000,0.0000,41.45,27.50,31,-8.570,1,479.0
1921.226,+0.0583,+0.0519,-0.0400,-0.0343,-0.4657,6.093,-9.229,0.921,-0.942,0.0000,0.0000,0.0000,0.0000,0.0000,0.0000,0.0000,0.0000,40.85,27.50,31,-8.570,1,473.5
1921.248,+0.0198,+0.0519,-0.0467,-0.0357,-0.4671,6.095,-9.231,0.942,-0.721,0.0000,0.0000,0.0000,0.0000,0.0000,0.0000,0.0000,0.0000,40.85,27.50,31,-8.660,1,473.5
1921.281,+0.0563,+0.0519,-0.0467,-0.0343,-0.4686,6.120,-9.263,0.536,-0.387,0.0000,0.0000,0.0000,0.0000,0.0000,0.0000,0.0000,0.0000,40.85,27.50,31,-8.420,1,473.5
1921.304,+0.0563,+0.0519,-0.0467,-0.0343,-0.4686,6.134,-9.283,0.457,-0.115,0.0000,0.0000,0.0000,0.0000,0.0000,0.0000,0.0000,0.0000,40.85,27.50,31,-8.420,1,473.5
1921.333,+0.0563,+0.0519,-0.0467,-0.0343,-0.4686,6.134,-9.283,0.457,-0.115,0.0000,0.0000,0.0000,0.0000,0.0000,0.0000,0.0000,0.0000,40.85,27.50,31,-8.550,1,473.5
1921.383,+0.0563,+0.0519,-0.0467,-0.0343,-0.4657,6.151,-9.266,0.514,0.883,0.0000,0.0000,0.0000,0.0000,0.0000,0.0000,0.0000,0.0000,40.85,27.50,31,-8.690,1,473.5
1921.405,+0.0182,+0.0519,-0.0467,-0.0343,-0.4657,6.165,-9.226,0.393,1.042,0.0000,0.0000,0.0000,0.0000,0.0000,0.0000,0.0000,0.0000,40.85,27.51,31,-8.700,1,473.5
1921.469,+0.0542,+0.0519,-0.0467,-0.0343,-0.4657,6.176,-9.166,0.212,0.463,0.0000,0.0000,0.0000,0.0000,0.0000,0.0000,0.0000,0.0000,40.24,27.51,31,-8.680,1,468.2
1921.501,+0.0542,+0.0047,-0.0400,-0.0386,-0.4671,6.176,-9.165,0.215,0.476,0.0000,0.0000,0.0000,0.0000,0.0000,0.0000,0.0000,0.0000,40.24,27.52,31,-8.650,1,468.2
1921.536,+0.0294,+0.0481,-0.0400,-0.0386,-0.4671,6.176,-9.165,0.215,0.476,0.0000,0.0000,0.0000,0.0000,0.0000,0.0000,0.0000,0.0000,40.24,27.52,31,-8.630,1,468.2
1921.573,+0.0521,+0.0481,-0.0400,-0.0386,-0.4671,6.176,-9.165,0.215,0.476,0.0000,0.0000,0.0000,0.0000,0.0000,0.0000,0.0000,0.0000,40.24,27.52,31,-8.630,1,468.2
1921.606,+0.0521,+0.0481,-0.0400,-0.0386,-0.4671,6.176,-9.165,0.215,0.476,0.0000,0.0000,0.0000,0.0000,0.0000,0.0000,0.0000,0.0000,40.24,27.52,31,-8.630,1,468.2
1921.641,+0.0269,+0.0481,-0.0400,-0.0386,-0.4671,6.176,-9.165,0.215,0.476,0.0000,0.0000,0.0000,0.0000,0.0000,0.0000,0.0000,0.0000,40.24,27.52,31,-8.630,1,468.2
1921.676,+0.0254,+0.0481,-0.0467,-0.0343,-0.4629,6.176,-9.158,0.071,0.224,0.0000,0.0000,0.0000,0.0000,0.0000,0.0000,0.0000,0.0000,40.24,27.52,31,-10.450,1,468.2
1921.709,+0.0479,+0.0018,-0.0467,-0.0329,-0.4529,6.159,-9.166,-0.174,-0.004,0.0000,0.0000,0.0000,0.0000,0.0000,0.0000,0.0000,0.0000,40.24,27.53,31,-11.780,1,468.2
1921.748,+0.0257,+0.0050,-0.0467,-0.0329,-0.4500,6.149,-9.181,0.327,0.583,0.0000,0.0000,0.0000,0.0000,0.0000,0.0000,0.0000,0.0000,39.62,27.53,31,-9.740,1,462.7
1921.781,+0.0196,+0.0407,-0.0467,-0.0329,-0.4529,6.162,-9.148,0.621,1.130,0.0000,0.0000,0.0000,0.0000,0.0000,0.0000,0.0000,0.0000,39.62,27.54,31,-9.230,1,462.7
1921.812,+0.0437,-0.0079,-0.0400,-0.0371,-0.4543,6.191,-9.078,0.834,1.757,0.0000,0.0000,0.0000,0.0000,0.0000,0.0000,0.0000,0.0000,39.62,27.54,31,-8.860,1,462.7
1921.841,+0.0437,-0.0162,-0.0400,-0.0329,-0.4414,6.193,-9.074,0.847,1.842,0.0000,0.0000,0.0000,0.0000,0.0000,0.0000,0.0000,0.0000,39.62,27.54,30,-12.010,1,462.7
1921.872,+0.0167,-0.0148,-0.0400,-0.0329,-0.4414,6.224,-8.989,0.717,1.769,0.0000,0.0000,0.0000,0.0000,0.0000,0.0000,0.0000,0.0000,39.01,27.54,30,-12.010,1,457.3
1921.921,+0.0417,+0.0296,-0.0400,-0.0314,-0.4257,6.258,-8.860,0.354,1.337,0.0000,0.0000,0.0000,0.0000,0.0000,0.0000,0.0000,0.0000,39.01,27.56,30,-11.390,1,457.3
1921.965,+0.0417,-0.0065,-0.0400,-0.0357,-0.4271,6.259,-8.809,0.083,1.178,0.0000,0.0000,0.0000,0.0000,0.0000,0.0000,0.0000,0.0000,39.01,27.56,30,-10.480,1,457.3
1921.997,+0.0417,+0.0259,-0.0400,-0.0329,-0.4300,6.259,-8.807,0.089,1.186,0.0000,0.0000,0.0000,0.0000,0.0000,0.0000,0.0000,0.0000,39.01,27.56,30,-9.930,1,457.3
1922.019,+0.0417,-0.0428,-0.0400,-0.0329,-0.4300,6.259,-8.807,0.089,1.186,0.0000,0.0000,0.0000,0.0000,0.0000,0.0000,0.0000,0.0000,38.41,27.56,30,-9.930,1,451.9
1922.057,+0.0417,-0.0182,-0.0400,-0.0314,-0.4200,6.252,-8.756,0.012,1.202,0.0000,0.0000,0.0000,0.0000,0.0000,0.0000,0.0000,0.0000,38.41,27.56,30,-12.620,1,451.9
1922.077,-0.0000,+0.0185,-0.0400,-0.0314,-0.4200,6.252,-8.756,0.012,1.202,0.0000,0.0000,0.0000,0.0000,0.0000,0.0000,0.0000,0.0000,38.41,27.56,30,-12.620,1,451.9
1922.106,+0.0101,-0.0339,-0.0400,-0.0314,-0.4200,6.252,-8.756,0.012,1.202,0.0000,0.0000,0.0000,0.0000,0.0000,0.0000,0.0000,0.0000,38.41,27.56,30,-12.620,1,451.9
1922.147,+0.0375,-0.0234,-0.0400,-0.0314,-0.4171,6.234,-8.700,-0.323,1.422,0.0000,0.0000,0.0000,0.0000,0.0000,0.0000,0.0000,0.0000,38.41,27.57,30,-11.260,1,451.9
1922.176,+0.0375,+0.0111,-0.0400,-0.0314,-0.4171,6.204,-8.632,-0.275,1.570,0.0000,0.0000,0.0000,0.0000,0.0000,0.0000,0.0000,0.0000,38.41,27.57,30,-10.210,1,451.9
1922.270,+0.0165,-0.0076,-0.0133,-0.0514,-0.4343,6.156,-8.714,-0.340,-4.506,0.0000,0.0000,0.0000,0.0000,0.0000,0.0000,0.0000,0.0000,37.81,27.57,30,-9.990,1,446.3
1922.298,+0.0333,+0.1694,-0.0133,-0.0529,-0.4443,6.155,-8.719,-0.336,-4.386,0.0000,0.0000,0.0000,0.0000,0.0000,0.0000,0.0000,0.0000,37.81,27.57,30,-9.940,1,446.3
1922.341,+0.0127,+0.1286,-0.0133,-0.0529,-0.4443,6.155,-8.719,-0.336,-4.386,0.0000,0.0000,0.0000,0.0000,0.0000,0.0000,0.0000,0.0000,37.81,27.57,30,-9.940,1,446.3
1922.382,+0.0100,+0.1432,-0.0067,-0.0557,-0.4386,6.137,-8.960,-0.094,-5.169,0.0000,0.0000,0.0000,0.0000,0.0000,0.0000,0.0000,0.0000,37.81,27.57,30,-12.640,1,446.3
1922.417,+0.0047,+0.1277,-0.0067,-0.0571,-0.4400,6.129,-9.203,0.193,-4.290,0.0000,0.0000,0.0000,0.0000,0.0000,0.0000,0.0000,0.0000,37.81,27.56,30,-10.130,1,446.3
1922.443,+0.0271,+0.1666,-0.0067,-0.0571,-0.4400,6.135,-9.406,0.432,-2.958,0.0000,0.0000,0.0000,0.0000,0.0000,0.0000,0.0000,0.0000,37.27,27.56,30,-9.130,1,441.0
1922.484,+0.0058,+0.1312,-0.0067,-0.0600,-0.4571,6.148,-9.538,0.538,-2.230,0.0000,0.0000,0.0000,0.0000,0.0000,0.0000,0.0000,0.0000,37.27,27.55,31,-8.620,1,441.0
1922.509,-0.0085,+0.1225,-0.0067,-0.0586,-0.4614,6.166,-9.649,0.553,-2.116,0.0000,0.0000,0.0000,0.0000,0.0000,0.0000,0.0000,0.0000,37.27,27.55,31,-8.310,1,441.0
1922.570,+0.0229,+0.1474,-0.0067,-0.0586,-0.4614,6.166,-9.649,0.553,-2.116,0.0000,0.0000,0.0000,0.0000,0.0000,0.0000,0.0000,0.0000,37.27,27.55,31,-8.310,1,441.0
1922.600,-0.0054,+0.1281,-0.0067,-0.0586,-0.4614,6.166,-9.649,0.553,-2.116,0.0000,0.0000,0.0000,0.0000,0.0000,0.0000,0.0000,0.0000,37.27,27.55,31,-8.310,1,441.0
1922.635,+0.0208,+0.1697,-0.0067,-0.0586,-0.4614,6.166,-9.649,0.553,-2.116,0.0000,0.0000,0.0000,0.0000,0.0000,0.0000,0.0000,0.0000,37.27,27.55,31,-8.310,1,441.0
1922.675,+0.0208,+0.1657,-0.0067,-0.0614,-0.4786,6.127,-9.784,-1.841,-3.355,0.0000,0.0000,0.0000,0.0000,0.0000,0.0000,0.0000,0.0000,37.27,27.55,31,-8.080,1,441.0
1922.731,+0.0208,+0.1828,-0.0067,-0.0657,-0.4829,6.123,-9.791,-1.745,-3.299,0.0000,0.0000,0.0000,0.0000,0.0000,0.0000,0.0000,0.0000,36.64,27.55,31,-8.060,1,435.5
1922.753,+0.0208,+0.1752,-0.0133,-0.0600,-0.4857,5.670,-10.085,-5.121,-2.608,0.0000,0.0000,0.0000,0.0000,0.0000,0.0000,0.0000,0.0000,36.64,27.55,31,-7.910,1,435.5
1922.785,+0.0208,+0.1111,-0.0133,-0.0586,-0.4900,5.670,-10.085,-5.208,-2.546,0.0000,0.0000,0.0000,0.0000,0.0000,0.0000,0.0000,0.0000,36.64,27.55,31,-7.850,1,435.5
1922.812,+0.0514,+0.1111,-0.0133,-0.0600,-0.5000,5.126,-10.345,-5.323,-2.452,0.0000,0.0000,0.0000,0.0000,0.0000,0.0000,0.0000,0.0000,36.64,27.55,31,-7.280,1,435.5
1922.847,+0.0477,+0.0671,-0.0133,-0.0571,-0.4943,4.919,-10.329,-4.567,0.792,0.0000,0.0000,0.0000,0.0000,0.0000,0.0000,0.0000,0.0000,36.64,27.55,31,-7.040,1,435.5
1922.881,+0.0503,+0.0173,-0.0133,-0.0586,-0.4957,4.910,-10.324,-4.167,2.543,0.0000,0.0000,0.0000,0.0000,0.0000,0.0000,0.0000,0.0000,35.80,27.55,31,-7.150,1,428.8
1922.935,+0.0776,+0.0401,-0.0267,-0.0514,-0.4886,4.429,-9.889,-6.495,4.622,0.0000,0.0000,0.0000,0.0000,0.0000,0.0000,0.0000,0.0000,35.80,27.58,31,-7.340,1,428.8
1922.968,+0.0848,+0.0011,-0.0267,-0.0500,-0.4871,4.084,-9.704,-7.631,3.197,0.0000,0.0000,0.0000,0.0000,0.0000,0.0000,0.0000,0.0000,35.80,27.58,31,-8.060,1,428.8
1923.001,+0.0640,-0.0090,-0.0333,-0.0457,-0.4857,3.690,-9.605,-8.337,1.744,0.0000,0.0000,0.0000,0.0000,0.0000,0.0000,0.0000,0.0000,35.80,27.61,31,-8.200,1,428.8
1923.046,+0.0591,+0.0431,-0.0333,-0.0429,-0.4771,3.254,-9.550,-7.714,1.238,0.0000,0.0000,0.0000,0.0000,0.0000,0.0000,0.0000,0.0000,35.11,27.61,31,-10.000,1,423.4
1923.072,+0.0417,-0.0440,-0.0333,-0.0429,-0.4771,3.254,-9.550,-7.714,1.238,0.0000,0.0000,0.0000,0.0000,0.0000,0.0000,0.0000,0.0000,35.11,27.61,31,-10.000,1,423.4
1923.104,+0.0417,+0.0197,-0.0333,-0.0429,-0.4771,3.254,-9.550,-7.714,1.238,0.0000,0.0000,0.0000,0.0000,0.0000,0.0000,0.0000,0.0000,35.11,27.61,31,-10.000,1,423.4
1923.142,+0.0185,+0.0217,-0.0333,-0.0429,-0.4686,3.239,-9.548,-7.514,1.183,0.0000,0.0000,0.0000,0.0000,0.0000,0.0000,0.0000,0.0000,35.11,27.63,30,-9.400,1,423.4
1923.181,+0.0396,+0.0198,-0.0333,-0.0443,-0.4643,2.630,-9.416,-4.018,1.507,0.0000,0.0000,0.0000,0.0000,0.0000,0.0000,0.0000,0.0000,35.11,27.63,30,-8.900,1,423.4
1923.217,+0.0155,-0.0302,-0.0267,-0.0443,-0.4586,2.426,-9.303,-3.546,3.413,0.0000,0.0000,0.0000,0.0000,0.0000,0.0000,0.0000,0.0000,34.46,27.64,30,-8.700,1,418.0
1923.244,+0.0058,-0.0082,-0.0267,-0.0443,-0.4586,2.418,-9.297,-3.562,3.334,0.0000,0.0000,0.0000,0.0000,0.0000,0.0000,0.0000,0.0000,34.46,27.64,30,-8.610,1,418.0
1923.271,-0.0261,-0.0103,-0.0333,-0.0429,-0.4600,2.256,-9.144,-3.102,3.219,0.0000,0.0000,0.0000,0.0000,0.0000,0.0000,0.0000,0.0000,34.46,27.64,30,-8.770,1,418.0
1923.304,+0.0312,-0.0065,-0.0333,-0.0429,-0.4600,2.110,-9.035,-2.523,2.199,0.0000,0.0000,0.0000,0.0000,0.0000,0.0000,0.0000,0.0000,34.46,27.66,30,-8.770,1,418.0
1923.337,+0.0053,-0.0090,-0.0333,-0.0429,-0.4571,2.110,-9.035,-2.523,2.199,0.0000,0.0000,0.0000,0.0000,0.0000,0.0000,0.0000,0.0000,34.46,27.66,30,-10.540,1,418.0
1923.370,+0.0030,-0.0133,-0.0333,-0.0414,-0.4386,2.000,-8.969,-1.710,1.265,0.0000,0.0000,0.0000,0.0000,0.0000,0.0000,0.0000,0.0000,34.46,27.66,30,-11.860,1,418.0
1923.408,+0.0271,-0.0113,-0.0333,-0.0386,-0.4271,1.921,-8.914,-1.580,1.336,0.0000,0.0000,0.0000,0.0000,0.0000,0.0000,0.0000,0.0000,34.46,27.67,29,-11.560,1,418.0
1923.433,+0.0606,+0.0259,-0.0333,-0.0386,-0.4271,1.921,-8.914,-1.580,1.336,0.0000,0.0000,0.0000,0.0000,0.0000,0.0000,0.0000,0.0000,33.87,27.67,29,-11.560,1,412.7
1923.476,+0.0497,-0.0106,-0.0333,-0.0386,-0.4271,1.740,-8.750,-2.037,2.134,0.0000,0.0000,0.0000,0.0000,0.0000,0.0000,0.0000,0.0000,33.87,27.67,29,-9.940,1,412.7
1923.519,+0.0516,-0.0140,-0.0400,-0.0357,-0.4300,1.738,-8.748,-2.065,2.245,0.0000,0.0000,0.0000,0.0000,0.0000,0.0000,0.0000,0.0000,33.87,27.67,30,-9.630,1,412.7
1923.540,+0.0726,-0.0513,-0.0400,-0.0357,-0.4300,1.738,-8.748,-2.065,2.245,0.0000,0.0000,0.0000,0.0000,0.0000,0.0000,0.0000,0.0000,33.87,27.67,30,-9.630,1,412.7
1923.571,+0.0631,-0.0836,-0.0400,-0.0357,-0.4300,1.738,-8.748,-2.065,2.245,0.0000,0.0000,0.0000,0.0000,0.0000,0.0000,0.0000,0.0000,33.87,27.67,30,-9.630,1,412.7
1923.614,+0.0579,-0.0289,-0.0400,-0.0357,-0.4300,1.738,-8.748,-2.065,2.245,0.0000,0.0000,0.0000,0.0000,0.0000,0.0000,0.0000,0.0000,33.87,27.67,30,-9.630,1,412.7
1923.641,+0.0717,+0.0608,-0.0400,-0.0357,-0.4300,1.738,-8.748,-2.065,2.245,0.0000,0.0000,0.0000,0.0000,0.0000,0.0000,0.0000,0.0000,33.87,27.67,30,-9.630,1,412.7
1923.683,+0.0624,+0.0443,-0.0400,-0.0371,-0.4314,1.540,-8.486,-2.212,2.659,0.0000,0.0000,0.0000,0.0000,0.0000,0.0000,0.0000,0.0000,33.87,27.67,30,-9.480,1,412.7
1923.710,+0.0437,+0.0666,-0.0400,-0.0343,-0.4314,1.540,-8.486,-2.212,2.659,0.0000,0.0000,0.0000,0.0000,0.0000,0.0000,0.0000,0.0000,33.30,27.68,29,-9.680,1,407.3
1923.765,+0.0604,+0.0740,-0.0400,-0.0357,-0.4443,1.334,-8.563,-2.175,-3.049,0.0000,0.0000,0.0000,0.0000,0.0000,0.0000,0.0000,0.0000,33.30,27.68,29,-10.060,1,407.3
1923.787,+0.0458,+0.2243,-0.0400,-0.0357,-0.4443,1.334,-8.563,-2.264,-4.394,0.0000,0.0000,0.0000,0.0000,0.0000,0.0000,0.0000,0.0000,33.30,27.68,29,-9.590,1,407.3
1923.839,+0.0458,+0.0944,-0.0400,-0.0371,-0.4543,1.137,-9.035,-1.553,-4.056,0.0000,0.0000,0.0000,0.0000,0.0000,0.0000,0.0000,0.0000,33.30,27.66,30,-8.870,1,407.3
1923.868,+0.0458,+0.0930,-0.0400,-0.0371,-0.4543,1.066,-9.204,-1.010,-2.444,0.0000,0.0000,0.0000,0.0000,0.0000,0.0000,0.0000,0.0000,32.74,27.66,30,-8.870,1,401.8
1923.892,+0.0458,+0.1702,-0.0400,-0.0357,-0.4586,1.018,-9.311,-0.790,-1.777,0.0000,0.0000,0.0000,0.0000,0.0000,0.0000,0.0000,0.0000,32.74,27.66,30,-8.580,1,401.8
1923.972,+0.0578,+0.0944,-0.0400,-0.0386,-0.4757,1.004,-9.386,0.190,-1.383,0.0000,0.0000,0.0000,0.0000,0.0000,0.0000,0.0000,0.0000,32.74,27.64,30,-7.500,1,401.8
1923.997,+0.0479,+0.1199,-0.0400,-0.0386,-0.4814,1.004,-9.389,0.189,-1.381,0.0000,0.0000,0.0000,0.0000,0.0000,0.0000,0.0000,0.0000,32.74,27.64,30,-7.120,1,401.8
1924.025,+0.0479,+0.1158,-0.0400,-0.0386,-0.4814,1.004,-9.389,0.189,-1.381,0.0000,0.0000,0.0000,0.0000,0.0000,0.0000,0.0000,0.0000,32.29,27.64,30,-7.120,1,397.5
1924.079,+0.0647,+0.0667,-0.0400,-0.0386,-0.4843,1.013,-9.452,0.001,-0.841,0.0000,0.0000,0.0000,0.0000,0.0000,0.0000,0.0000,0.0000,32.29,27.64,30,-7.220,1,397.5
1924.102,+0.0500,+0.0667,-0.0400,-0.0386,-0.4843,1.013,-9.452,0.001,-0.841,0.0000,0.0000,0.0000,0.0000,0.0000,0.0000,0.0000,0.0000,32.29,27.64,30,-7.220,1,397.5
1924.139,+0.0731,+0.0667,-0.0400,-0.0386,-0.4843,1.007,-9.472,-0.062,-0.170,0.0000,0.0000,0.0000,0.0000,0.0000,0.0000,0.0000,0.0000,32.29,27.63,30,-7.260,1,397.5
1924.173,+0.0773,+0.0219,-0.0400,-0.0386,-0.4843,1.046,-9.334,0.295,1.991,0.0000,0.0000,0.0000,0.0000,0.0000,0.0000,0.0000,0.0000,32.29,27.63,30,-7.250,1,397.5
1924.200,+0.0857,+0.0068,-0.0400,-0.0371,-0.4800,1.054,-9.239,-0.063,1.736,0.0000,0.0000,0.0000,0.0000,0.0000,0.0000,0.0000,0.0000,32.29,27.63,30,-7.630,1,397.5
1924.239,+0.0786,+0.0593,-0.0467,-0.0357,-0.4786,1.054,-9.239,-0.063,1.736,0.0000,0.0000,0.0000,0.0000,0.0000,0.0000,0.0000,0.0000,31.49,27.64,30,-7.630,1,390.5
1924.277,+0.0812,+0.0187,-0.0467,-0.0314,-0.4629,1.010,-9.139,-0.717,0.763,0.0000,0.0000,0.0000,0.0000,0.0000,0.0000,0.0000,0.0000,31.49,27.64,30,-10.990,1,390.5
1924.303,+0.0930,-0.0024,-0.0467,-0.0314,-0.4629,1.009,-9.138,-0.776,0.664,0.0000,0.0000,0.0000,0.0000,0.0000,0.0000,0.0000,0.0000,31.49,27.64,29,-10.990,1,390.5
1924.331,+0.0935,+0.0519,-0.0467,-0.0314,-0.4600,1.009,-9.138,-0.776,0.664,0.0000,0.0000,0.0000,0.0000,0.0000,0.0000,0.0000,0.0000,31.49,27.64,29,-9.930,1,390.5
1924.366,+0.0894,+0.0519,-0.0467,-0.0329,-0.4586,0.973,-9.114,-0.779,0.556,0.0000,0.0000,0.0000,0.0000,0.0000,0.0000,0.0000,0.0000,31.49,27.64,29,-8.860,1,390.5
1924.399,+0.0667,+0.0056,-0.0467,-0.0300,-0.4529,0.936,-9.091,-0.641,0.595,0.0000,0.0000,0.0000,0.0000,0.0000,0.0000,0.0000,0.0000,31.49,27.64,29,-9.720,1,390.5
1924.435,+0.0667,+0.0481,-0.0467,-0.0300,-0.4529,0.920,-9.070,-0.074,0.457,0.0000,0.0000,0.0000,0.0000,0.0000,0.0000,0.0000,0.0000,30.89,27.64,29,-9.720,1,385.1
1924.473,+0.0894,+0.0481,-0.0467,-0.0314,-0.4429,0.920,-9.069,0.077,0.421,0.0000,0.0000,0.0000,0.0000,0.0000,0.0000,0.0000,0.0000,30.89,27.64,29,-11.640,1,385.1
1924.506,+0.0688,+0.0481,-0.0467,-0.0314,-0.4429,0.929,-9.057,0.321,0.366,0.0000,0.0000,0.0000,0.0000,0.0000,0.0000,0.0000,0.0000,30.89,27.64,29,-11.640,1,385.1
1924.579,+0.0688,+0.0251,-0.0467,-0.0314,-0.4429,0.929,-9.057,0.321,0.366,0.0000,0.0000,0.0000,0.0000,0.0000,0.0000,0.0000,0.0000,30.89,27.64,29,-10.520,1,385.1
1924.602,+0.0688,+0.0444,-0.0467,-0.0314,-0.4429,0.929,-9.057,0.321,0.366,0.0000,0.0000,0.0000,0.0000,0.0000,0.0000,0.0000,0.0000,30.89,27.64,29,-10.520,1,385.1
1924.638,+0.0688,+0.0444,-0.0467,-0.0314,-0.4429,0.929,-9.057,0.321,0.366,0.0000,0.0000,0.0000,0.0000,0.0000,0.0000,0.0000,0.0000,30.89,27.64,29,-10.520,1,385.1
1924.744,+0.0783,+0.0444,-0.0467,-0.0329,-0.4557,0.979,-8.985,0.423,0.353,0.0000,0.0000,0.0000,0.0000,0.0000,0.0000,0.0000,0.0000,30.29,27.64,29,-8.620,1,379.6
1924.775,+0.0708,+0.0444,-0.0467,-0.0329,-0.4586,0.980,-8.985,0.493,0.043,0.0000,0.0000,0.0000,0.0000,0.0000,0.0000,0.0000,0.0000,30.29,27.64,29,-8.490,1,379.6
1924.806,+0.0985,+0.0936,-0.0467,-0.0314,-0.4600,1.048,-9.010,0.884,-0.088,0.0000,0.0000,0.0000,0.0000,0.0000,0.0000,0.0000,0.0000,30.29,27.64,29,-8.450,1,379.6
1924.832,+0.0729,+0.0481,-0.0467,-0.0314,-0.4629,1.050,-9.010,0.876,-0.098,0.0000,0.0000,0.0000,0.0000,0.0000,0.0000,0.0000,0.0000,30.29,27.64,29,-8.330,1,379.6
1924.872,+0.0952,+0.0481,-0.0467,-0.0314,-0.4629,1.094,-9.014,0.886,0.127,0.0000,0.0000,0.0000,0.0000,0.0000,0.0000,0.0000,0.0000,29.84,27.64,29,-8.330,1,375.4
1924.908,+0.0750,+0.0059,-0.0533,-0.0300,-0.4643,1.141,-9.007,1.018,0.351,0.0000,0.0000,0.0000,0.0000,0.0000,0.0000,0.0000,0.0000,29.84,27.64,29,-8.060,1,375.4
1924.939,+0.1025,+0.0444,-0.0467,-0.0314,-0.4657,1.200,-8.985,1.123,0.581,0.0000,0.0000,0.0000,0.0000,0.0000,0.0000,0.0000,0.0000,29.84,27.64,29,-8.090,1,375.4
1924.986,+0.0963,+0.0444,-0.0533,-0.0300,-0.4671,1.304,-8.927,0.877,0.695,0.0000,0.0000,0.0000,0.0000,0.0000,0.0000,0.0000,0.0000,29.84,27.64,29,-8.100,1,375.4
1925.015,+0.0792,+0.0444,-0.0533,-0.0286,-0.4571,1.304,-8.927,0.877,0.695,0.0000,0.0000,0.0000,0.0000,0.0000,0.0000,0.0000,0.0000,29.84,27.64,29,-9.410,1,375.4
1925.055,+0.1007,+0.0061,-0.0533,-0.0286,-0.4571,1.305,-8.926,0.880,0.693,0.0000,0.0000,0.0000,0.0000,0.0000,0.0000,0.0000,0.0000,29.09,27.64,29,-8.780,1,368.4
1925.080,+0.0813,+0.0407,-0.0533,-0.0286,-0.4571,1.305,-8.926,0.880,0.693,0.0000,0.0000,0.0000,0.0000,0.0000,0.0000,0.0000,0.0000,29.09,27.64,29,-8.780,1,368.4
1925.137,+0.0974,+0.0121,-0.0467,-0.0314,-0.4571,1.349,-8.889,1.032,1.095,0.0000,0.0000,0.0000,0.0000,0.0000,0.0000,0.0000,0.0000,29.09,27.63,29,-8.470,1,368.4
1925.158,+0.0833,+0.0370,-0.0467,-0.0314,-0.4571,1.397,-8.833,1.117,1.405,0.0000,0.0000,0.0000,0.0000,0.0000,0.0000,0.0000,0.0000,29.09,27.63,29,-8.370,1,368.4
1925.193,+0.0833,-0.0071,-0.0467,-0.0300,-0.4500,1.513,-8.687,1.138,1.404,0.0000,0.0000,0.0000,0.0000,0.0000,0.0000,0.0000,0.0000,29.09,27.63,29,-8.770,1,368.4
1925.223,+0.1113,+0.0333,-0.0533,-0.0286,-0.4514,1.513,-8.687,1.138,1.404,0.0000,0.0000,0.0000,0.0000,0.0000,0.0000,0.0000,0.0000,28.50,27.63,29,-8.770,1,362.8
1925.250,+0.0854,+0.0333,-0.0467,-0.0300,-0.4529,1.515,-8.685,1.129,1.348,0.0000,0.0000,0.0000,0.0000,0.0000,0.0000,0.0000,0.0000,28.50,27.63,29,-8.540,1,362.8
1925.282,+0.0854,-0.0147,-0.0467,-0.0286,-0.4400,1.569,-8.626,1.079,1.170,0.0000,0.0000,0.0000,0.0000,0.0000,0.0000,0.0000,0.0000,28.50,27.63,28,-11.480,1,362.8
1925.305,+0.1211,+0.0296,-0.0467,-0.0286,-0.4400,1.628,-8.571,1.334,1.235,0.0000,0.0000,0.0000,0.0000,0.0000,0.0000,0.0000,0.0000,28.50,27.63,28,-11.480,1,362.8
1925.339,+0.0875,-0.0152,-0.0533,-0.0271,-0.4357,1.700,-8.508,1.524,1.446,0.0000,0.0000,0.0000,0.0000,0.0000,0.0000,0.0000,0.0000,28.50,27.63,28,-10.470,1,362.8
1925.368,+0.1170,-0.0266,-0.0533,-0.0243,-0.4357,1.700,-8.508,1.524,1.446,0.0000,0.0000,0.0000,0.0000,0.0000,0.0000,0.0000,0.0000,28.50,27.63,28,-9.350,1,362.8
1925.399,+0.0896,+0.0222,-0.0467,-0.0271,-0.4386,1.772,-8.440,1.505,1.486,0.0000,0.0000,0.0000,0.0000,0.0000,0.0000,0.0000,0.0000,28.50,27.63,28,-9.150,1,362.8
1925.485,+0.1009,+0.0020,-0.0467,-0.0286,-0.4400,1.845,-8.383,1.418,0.746,0.0000,0.0000,0.0000,0.0000,0.0000,0.0000,0.0000,0.0000,27.94,27.62,29,-8.980,1,357.3
1925.515,+0.0917,+0.0185,-0.0467,-0.0271,-0.4414,1.846,-8.382,1.421,0.751,0.0000,0.0000,0.0000,0.0000,0.0000,0.0000,0.0000,0.0000,27.94,27.62,29,-8.900,1,357.3
1925.542,+0.0917,+0.0745,-0.0467,-0.0271,-0.4414,1.846,-8.382,1.421,0.751,0.0000,0.0000,0.0000,0.0000,0.0000,0.0000,0.0000,0.0000,27.94,27.62,29,-8.900,1,357.3
1925.635,+0.0917,+0.0411,-0.0467,-0.0271,-0.4414,1.846,-8.382,1.421,0.751,0.0000,0.0000,0.0000,0.0000,0.0000,0.0000,0.0000,0.0000,27.94,27.62,29,-8.900,1,357.3
1925.666,+0.0917,+0.0259,-0.0467,-0.0271,-0.4414,1.902,-8.394,1.355,-0.400,0.0000,0.0000,0.0000,0.0000,0.0000,0.0000,0.0000,0.0000,27.94,27.62,29,-8.900,1,357.3
1925.772,+0.1012,+0.0429,-0.0467,-0.0286,-0.4486,2.065,-8.518,1.946,-0.850,0.0000,0.0000,0.0000,0.0000,0.0000,0.0000,0.0000,0.0000,27.54,27.60,29,-8.400,1,353.2
1925.795,+0.0938,+0.0950,-0.0467,-0.0286,-0.4486,2.163,-8.552,2.124,-0.455,0.0000,0.0000,0.0000,0.0000,0.0000,0.0000,0.0000,0.0000,27.54,27.60,29,-8.440,1,353.2
1925.826,+0.0938,+0.0333,-0.0467,-0.0300,-0.4500,2.374,-8.568,2.180,0.043,0.0000,0.0000,0.0000,0.0000,0.0000,0.0000,0.0000,0.0000,27.54,27.60,29,-8.620,1,353.2
1925.853,+0.1252,+0.0333,-0.0467,-0.0300,-0.4500,2.374,-8.568,2.180,0.043,0.0000,0.0000,0.0000,0.0000,0.0000,0.0000,0.0000,0.0000,26.98,27.59,29,-8.620,1,347.6
1925.920,+0.0958,+0.0581,-0.0467,-0.0286,-0.4543,2.565,-8.578,1.794,-0.124,0.0000,0.0000,0.0000,0.0000,0.0000,0.0000,0.0000,0.0000,26.98,27.58,29,-8.100,1,347.6
1925.952,+0.1224,+0.0370,-0.0533,-0.0271,-0.4557,2.633,-8.599,1.207,-0.500,0.0000,0.0000,0.0000,0.0000,0.0000,0.0000,0.0000,0.0000,26.98,27.58,29,-8.360,1,347.6
1925.979,+0.0979,+0.0943,-0.0533,-0.0271,-0.4557,2.633,-8.599,1.207,-0.500,0.0000,0.0000,0.0000,0.0000,0.0000,0.0000,0.0000,0.0000,26.98,27.58,29,-8.360,1,347.6
1926.016,+0.1212,+0.0822,-0.0467,-0.0300,-0.4586,2.690,-8.636,1.133,-0.736,0.0000,0.0000,0.0000,0.0000,0.0000,0.0000,0.0000,0.0000,26.98,27.56,29,-8.200,1,347.6
1926.072,+0.1000,+0.0444,-0.0533,-0.0300,-0.4586,2.740,-8.676,1.188,-0.694,0.0000,0.0000,0.0000,0.0000,0.0000,0.0000,0.0000,0.0000,26.44,27.56,29,-8.020,1,342.2
1926.100,+0.1303,+0.0444,-0.0533,-0.0300,-0.4586,2.740,-8.676,1.188,-0.694,0.0000,0.0000,0.0000,0.0000,0.0000,0.0000,0.0000,0.0000,26.44,27.56,29,-8.020,1,342.2
1926.181,+0.1021,+0.0655,-0.0533,-0.0286,-0.4629,2.917,-8.686,1.178,0.245,0.0000,0.0000,0.0000,0.0000,0.0000,0.0000,0.0000,0.0000,26.44,27.55,29,-7.890,1,342.2
1926.205,+0.1021,+0.0481,-0.0533,-0.0271,-0.4643,2.967,-8.682,1.113,0.128,0.0000,0.0000,0.0000,0.0000,0.0000,0.0000,0.0000,0.0000,26.44,27.54,29,-7.960,1,342.2
1926.240,+0.1270,+0.0481,-0.0533,-0.0271,-0.4643,2.969,-8.682,1.094,0.097,0.0000,0.0000,0.0000,0.0000,0.0000,0.0000,0.0000,0.0000,25.76,27.54,29,-7.880,1,335.5
1926.281,+0.1042,+0.0481,-0.0533,-0.0314,-0.4657,3.021,-8.687,1.066,-0.080,0.0000,0.0000,0.0000,0.0000,0.0000,0.0000,0.0000,0.0000,25.76,27.53,29,-7.840,1,335.5
1926.304,+0.1042,+0.0481,-0.0533,-0.0314,-0.4657,3.072,-8.699,1.065,-0.141,0.0000,0.0000,0.0000,0.0000,0.0000,0.0000,0.0000,0.0000,25.76,27.53,29,-7.840,1,335.5
1926.352,+0.1042,+0.0481,-0.0533,-0.0300,-0.4671,3.127,-8.710,1.734,-0.092,0.0000,0.0000,0.0000,0.0000,0.0000,0.0000,0.0000,0.0000,25.76,27.53,29,-7.830,1,335.5
1926.374,+0.1042,+0.0481,-0.0533,-0.0300,-0.4671,3.127,-8.710,1.734,-0.092,0.0000,0.0000,0.0000,0.0000,0.0000,0.0000,0.0000,0.0000,25.76,27.53,29,-7.830,1,335.5
1926.416,+0.1042,+0.0481,-0.0533,-0.0300,-0.4671,3.229,-8.720,2.109,0.091,0.0000,0.0000,0.0000,0.0000,0.0000,0.0000,0.0000,0.0000,25.17,27.52,29,-7.800,1,329.8
1926.445,+0.1042,+0.0481,-0.0533,-0.0314,-0.4657,3.329,-8.703,2.151,0.583,0.0000,0.0000,0.0000,0.0000,0.0000,0.0000,0.0000,0.0000,25.17,27.52,29,-7.770,1,329.8
1926.533,+0.0930,+0.0481,-0.0467,-0.0300,-0.4643,3.436,-8.662,2.576,1.394,0.0000,0.0000,0.0000,0.0000,0.0000,0.0000,0.0000,0.0000,25.17,27.51,29,-7.720,1,329.8
1926.574,+0.1234,+0.0102,-0.0467,-0.0300,-0.4643,3.436,-8.662,2.576,1.394,0.0000,0.0000,0.0000,0.0000,0.0000,0.0000,0.0000,0.0000,25.17,27.51,29,-7.720,1,329.8
1926.604,+0.1042,-0.0062,-0.0467,-0.0300,-0.4643,3.436,-8.662,2.576,1.394,0.0000,0.0000,0.0000,0.0000,0.0000,0.0000,0.0000,0.0000,25.17,27.51,29,-7.720,1,329.8
1926.678,+0.1042,+0.0181,-0.0467,-0.0314,-0.4629,3.574,-8.573,2.672,1.931,0.0000,0.0000,0.0000,0.0000,0.0000,0.0000,0.0000,0.0000,25.17,27.51,29,-7.670,1,329.8
1926.702,+0.1389,+0.0370,-0.0467,-0.0314,-0.4629,3.574,-8.573,2.672,1.931,0.0000,0.0000,0.0000,0.0000,0.0000,0.0000,0.0000,0.0000,25.17,27.51,29,-7.650,1,329.8
1926.736,+0.1062,-0.0077,-0.0467,-0.0314,-0.4629,3.694,-8.486,2.532,1.865,0.0000,0.0000,0.0000,0.0000,0.0000,0.0000,0.0000,0.0000,24.60,27.51,29,-7.650,1,324.3
1926.820,+0.1062,+0.0127,-0.0467,-0.0271,-0.4271,4.017,-8.270,0.942,0.893,0.0000,0.0000,0.0000,0.0000,0.0000,0.0000,0.0000,0.0000,24.60,27.50,27,-10.180,1,324.3
1926.858,+0.1062,+0.0296,-0.0533,-0.0257,-0.4257,4.017,-8.270,0.942,0.893,0.0000,0.0000,0.0000,0.0000,0.0000,0.0000,0.0000,0.0000,24.06,27.49,27,-10.950,1,318.9
1926.886,+0.1062,+0.0296,-0.0533,-0.0243,-0.4129,4.019,-8.268,0.808,0.937,0.0000,0.0000,0.0000,0.0000,0.0000,0.0000,0.0000,0.0000,24.06,27.49,27,-12.530,1,318.9
1926.911,+0.1062,+0.0296,-0.0533,-0.0229,-0.4057,4.048,-8.225,0.723,0.868,0.0000,0.0000,0.0000,0.0000,0.0000,0.0000,0.0000,0.0000,24.06,27.49,27,-11.730,1,318.9
1926.947,+0.0820,+0.0296,-0.0533,-0.0243,-0.4071,4.069,-8.217,0.794,0.031,0.0000,0.0000,0.0000,0.0000,0.0000,0.0000,0.0000,0.0000,24.06,27.49,27,-10.800,1,318.9
1926.972,+0.1042,+0.0296,-0.0533,-0.0257,-0.4200,4.069,-8.217,0.794,0.031,0.0000,0.0000,0.0000,0.0000,0.0000,0.0000,0.0000,0.0000,24.06,27.49,27,-9.470,1,318.9
1927.009,+0.0808,+0.0296,-0.0533,-0.0257,-0.4257,4.107,-8.234,1.258,-0.232,0.0000,0.0000,0.0000,0.0000,0.0000,0.0000,0.0000,0.0000,24.06,27.48,28,-9.120,1,318.9
1927.040,+0.1021,+0.0296,-0.0533,-0.0257,-0.4257,4.167,-8.253,1.694,-0.109,0.0000,0.0000,0.0000,0.0000,0.0000,0.0000,0.0000,0.0000,23.67,27.48,28,-9.120,1,314.8
1927.126,+0.0908,+0.0296,-0.0467,-0.0271,-0.4300,4.245,-8.262,1.969,0.148,0.0000,0.0000,0.0000,0.0000,0.0000,0.0000,0.0000,0.0000,23.67,27.48,28,-8.890,1,314.8
1927.155,+0.1000,+0.0296,-0.0467,-0.0286,-0.4343,4.341,-8.255,1.999,0.329,0.0000,0.0000,0.0000,0.0000,0.0000,0.0000,0.0000,0.0000,23.67,27.46,28,-8.890,1,314.8
1927.186,+0.1000,+0.0296,-0.0533,-0.0286,-0.4371,4.435,-8.236,2.166,0.585,0.0000,0.0000,0.0000,0.0000,0.0000,0.0000,0.0000,0.0000,23.67,27.46,28,-8.800,1,314.8
1927.217,+0.1000,+0.0296,-0.0467,-0.0286,-0.4371,4.435,-8.236,2.166,0.585,0.0000,0.0000,0.0000,0.0000,0.0000,0.0000,0.0000,0.0000,23.15,27.45,28,-8.770,1,309.5
1927.243,+0.1328,+0.0296,-0.0467,-0.0286,-0.4371,4.535,-8.202,2.099,0.808,0.0000,0.0000,0.0000,0.0000,0.0000,0.0000,0.0000,0.0000,23.15,27.45,28,-8.750,1,309.5
1927.293,+0.1021,+0.0296,-0.0467,-0.0271,-0.4386,4.641,-8.173,2.269,0.523,0.0000,0.0000,0.0000,0.0000,0.0000,0.0000,0.0000,0.0000,23.15,27.44,28,-8.730,1,309.5
1927.319,+0.1343,+0.0869,-0.0533,-0.0243,-0.4386,4.641,-8.173,2.269,0.523,0.0000,0.0000,0.0000,0.0000,0.0000,0.0000,0.0000,0.0000,23.15,27.44,28,-8.720,1,309.5
1927.347,+0.1042,+0.0880,-0.0533,-0.0243,-0.4386,4.870,-8.277,2.095,-1.683,0.0000,0.0000,0.0000,0.0000,0.0000,0.0000,0.0000,0.0000,23.15,27.44,28,-8.690,1,309.5
1927.450,+0.1140,+0.0718,-0.0467,-0.0300,-0.4529,5.024,-8.500,1.493,-2.154,0.0000,0.0000,0.0000,0.0000,0.0000,0.0000,0.0000,0.0000,22.50,27.42,28,-8.030,1,302.7
1927.483,+0.1062,+0.0900,-0.0467,-0.0314,-0.4571,5.027,-8.505,1.495,-2.133,0.0000,0.0000,0.0000,0.0000,0.0000,0.0000,0.0000,0.0000,22.50,27.41,28,-7.900,1,302.7
1927.509,+0.0740,+0.1054,-0.0467,-0.0300,-0.4586,5.028,-8.507,1.490,-2.132,0.0000,0.0000,0.0000,0.0000,0.0000,0.0000,0.0000,0.0000,22.50,27.41,28,-7.840,1,302.7
1927.534,+0.1042,+0.1139,-0.0467,-0.0300,-0.4586,5.028,-8.507,1.490,-2.132,0.0000,0.0000,0.0000,0.0000,0.0000,0.0000,0.0000,0.0000,22.50,27.41,28,-7.840,1,302.7
1927.582,+0.0856,+0.1216,-0.0467,-0.0300,-0.4586,5.028,-8.507,1.490,-2.132,0.0000,0.0000,0.0000,0.0000,0.0000,0.0000,0.0000,0.0000,22.50,27.41,28,-7.840,1,302.7
1927.618,+0.1021,+0.1057,-0.0467,-0.0300,-0.4586,5.028,-8.507,1.490,-2.132,0.0000,0.0000,0.0000,0.0000,0.0000,0.0000,0.0000,0.0000,22.50,27.41,28,-7.840,1,302.7
1927.651,+0.0766,+0.1120,-0.0467,-0.0300,-0.4586,5.028,-8.507,1.490,-2.132,0.0000,0.0000,0.0000,0.0000,0.0000,0.0000,0.0000,0.0000,22.50,27.41,28,-7.840,1,302.7
1927.684,+0.1000,+0.1175,-0.0467,-0.0300,-0.4614,5.279,-8.785,2.474,-1.447,0.0000,0.0000,0.0000,0.0000,0.0000,0.0000,0.0000,0.0000,22.50,27.41,28,-7.500,1,302.7
1927.707,+0.0637,+0.2031,-0.0467,-0.0314,-0.4657,5.279,-8.785,2.474,-1.447,0.0000,0.0000,0.0000,0.0000,0.0000,0.0000,0.0000,0.0000,22.50,27.38,28,-7.500,1,302.7
1927.753,+0.0979,+0.1160,-0.0467,-0.0329,-0.4700,5.400,-8.865,2.843,-1.385,0.0000,0.0000,0.0000,0.0000,0.0000,0.0000,0.0000,0.0000,21.97,27.38,28,-7.210,1,297.3
1927.776,+0.0979,+0.1496,-0.0467,-0.0329,-0.4729,5.400,-8.865,2.843,-1.385,0.0000,0.0000,0.0000,0.0000,0.0000,0.0000,0.0000,0.0000,21.97,27.37,28,-7.210,1,297.3
1927.807,+0.0979,+0.1381,-0.0467,-0.0343,-0.4800,5.673,-9.020,2.768,-1.404,0.0000,0.0000,0.0000,0.0000,0.0000,0.0000,0.0000,0.0000,21.97,27.37,28,-7.010,1,297.3
1927.838,+0.0979,+0.1413,-0.0400,-0.0386,-0.4871,5.781,-9.102,1.995,-1.707,0.0000,0.0000,0.0000,0.0000,0.0000,0.0000,0.0000,0.0000,21.97,27.36,28,-6.280,1,297.3
1927.880,+0.0770,+0.1335,-0.0467,-0.0357,-0.4929,5.864,-9.192,1.438,-1.742,0.0000,0.0000,0.0000,0.0000,0.0000,0.0000,0.0000,0.0000,21.39,27.36,28,-6.370,1,291.9
1927.924,+0.0958,+0.1000,-0.0467,-0.0357,-0.4929,5.903,-9.256,0.518,-0.316,0.0000,0.0000,0.0000,0.0000,0.0000,0.0000,0.0000,0.0000,21.39,27.35,28,-6.270,1,291.9
1927.953,+0.0958,+0.0484,-0.0467,-0.0371,-0.4829,5.986,-9.018,1.285,4.157,0.0000,0.0000,0.0000,0.0000,0.0000,0.0000,0.0000,0.0000,21.39,27.35,28,-6.200,1,291.9
1927.977,+0.0612,-0.0269,-0.0467,-0.0371,-0.4829,5.986,-9.018,1.285,4.157,0.0000,0.0000,0.0000,0.0000,0.0000,0.0000,0.0000,0.0000,21.39,27.35,28,-6.200,1,291.9
1928.007,+0.0938,+0.0375,-0.0467,-0.0343,-0.4857,6.037,-8.815,1.227,4.068,0.0000,0.0000,0.0000,0.0000,0.0000,0.0000,0.0000,0.0000,21.39,27.35,28,-6.370,1,291.9
1928.056,+0.0938,+0.0206,-0.0400,-0.0386,-0.4814,6.039,-8.807,1.205,3.980,0.0000,0.0000,0.0000,0.0000,0.0000,0.0000,0.0000,0.0000,20.65,27.35,28,-7.060,1,285.3
1928.079,+0.0575,-0.0511,-0.0400,-0.0386,-0.4814,6.039,-8.807,1.205,3.980,0.0000,0.0000,0.0000,0.0000,0.0000,0.0000,0.0000,0.0000,20.65,27.35,28,-7.060,1,285.3
1928.108,+0.0917,+0.0178,-0.0400,-0.0386,-0.4814,6.039,-8.807,1.205,3.980,0.0000,0.0000,0.0000,0.0000,0.0000,0.0000,0.0000,0.0000,20.65,27.35,28,-7.060,1,285.3
1928.134,+0.0917,+0.0095,-0.0467,-0.0357,-0.4786,6.084,-8.653,1.105,2.849,0.0000,0.0000,0.0000,0.0000,0.0000,0.0000,0.0000,0.0000,20.65,27.35,28,-7.320,1,285.3
1928.172,+0.0917,+0.0217,-0.0467,-0.0343,-0.4771,6.126,-8.545,0.984,2.012,0.0000,0.0000,0.0000,0.0000,0.0000,0.0000,0.0000,0.0000,20.65,27.36,28,-7.280,1,285.3
1928.235,+0.0917,+0.0071,-0.0467,-0.0329,-0.4700,6.187,-8.385,0.371,1.977,0.0000,0.0000,0.0000,0.0000,0.0000,0.0000,0.0000,0.0000,20.21,27.36,28,-7.670,1,281.2
1928.264,+0.0627,+0.0003,-0.0467,-0.0329,-0.4671,6.191,-8.291,0.283,2.240,0.0000,0.0000,0.0000,0.0000,0.0000,0.0000,0.0000,0.0000,20.21,27.36,28,-7.550,1,281.2
1928.288,+0.0896,-0.0146,-0.0467,-0.0329,-0.4643,6.191,-8.291,0.283,2.240,0.0000,0.0000,0.0000,0.0000,0.0000,0.0000,0.0000,0.0000,20.21,27.36,27,-7.460,1,281.2
1928.320,+0.0625,-0.0037,-0.0467,-0.0329,-0.4586,6.191,-8.288,0.244,2.352,0.0000,0.0000,0.0000,0.0000,0.0000,0.0000,0.0000,0.0000,20.21,27.36,27,-9.290,1,281.2
1928.376,+0.0875,+0.0118,-0.0467,-0.0314,-0.4371,6.194,-8.079,0.301,2.351,0.0000,0.0000,0.0000,0.0000,0.0000,0.0000,0.0000,0.0000,20.21,27.36,27,-10.220,1,281.2
1928.404,+0.0580,-0.0153,-0.0400,-0.0314,-0.4229,6.194,-8.075,0.309,2.307,0.0000,0.0000,0.0000,0.0000,0.0000,0.0000,0.0000,0.0000,20.21,27.36,26,-11.880,1,281.2
1928.454,+0.0674,-0.0309,-0.0467,-0.0286,-0.4143,6.201,-7.983,0.434,2.138,0.0000,0.0000,0.0000,0.0000,0.0000,0.0000,0.0000,0.0000,19.67,27.36,26,-11.000,1,275.9
1928.500,+0.0641,-0.0082,-0.0400,-0.0314,-0.4171,6.213,-7.895,0.546,2.048,0.0000,0.0000,0.0000,0.0000,0.0000,0.0000,0.0000,0.0000,19.67,27.35,27,-9.720,1,275.9
1928.535,+0.0813,-0.0224,-0.0400,-0.0314,-0.4200,6.213,-7.895,0.546,2.048,0.0000,0.0000,0.0000,0.0000,0.0000,0.0000,0.0000,0.0000,19.67,27.35,27,-9.360,1,275.9
1928.571,+0.0572,-0.0668,-0.0400,-0.0314,-0.4200,6.213,-7.895,0.546,2.048,0.0000,0.0000,0.0000,0.0000,0.0000,0.0000,0.0000,0.0000,19.67,27.35,27,-9.360,1,275.9
1928.611,+0.0792,-0.0279,-0.0400,-0.0314,-0.4200,6.213,-7.895,0.546,2.048,0.0000,0.0000,0.0000,0.0000,0.0000,0.0000,0.0000,0.0000,19.67,27.35,27,-9.360,1,275.9
1928.638,+0.0792,-0.0479,-0.0400,-0.0314,-0.4200,6.213,-7.895,0.546,2.048,0.0000,0.0000,0.0000,0.0000,0.0000,0.0000,0.0000,0.0000,19.67,27.35,27,-9.360,1,275.9
1928.665,+0.0479,+0.0037,-0.0400,-0.0314,-0.4200,6.231,-7.805,0.602,2.046,0.0000,0.0000,0.0000,0.0000,0.0000,0.0000,0.0000,0.0000,19.67,27.35,27,-9.360,1,275.9
1928.701,+0.0771,-0.0395,-0.0467,-0.0286,-0.4114,6.251,-7.717,0.594,2.082,0.0000,0.0000,0.0000,0.0000,0.0000,0.0000,0.0000,0.0000,19.67,27.34,26,-10.770,1,275.9
1928.736,+0.0771,-0.0435,-0.0467,-0.0286,-0.4114,6.269,-7.624,0.422,2.077,0.0000,0.0000,0.0000,0.0000,0.0000,0.0000,0.0000,0.0000,19.18,27.34,26,-10.770,1,270.6
1928.806,+0.0771,-0.0037,-0.0467,-0.0286,-0.4114,6.241,-7.390,0.230,1.065,0.0000,0.0000,0.0000,0.0000,0.0000,0.0000,0.0000,0.0000,19.18,27.32,27,-11.220,1,270.6
1928.829,+0.0771,+0.1262,-0.0467,-0.0286,-0.4200,6.220,-7.509,-0.449,-4.818,0.0000,0.0000,0.0000,0.0000,0.0000,0.0000,0.0000,0.0000,19.18,27.32,27,-10.380,1,270.6
1928.863,+0.0517,+0.1392,-0.0467,-0.0286,-0.4200,6.220,-7.509,-0.449,-4.818,0.0000,0.0000,0.0000,0.0000,0.0000,0.0000,0.0000,0.0000,18.60,27.30,26,-10.380,1,264.0
1928.888,+0.0406,+0.1370,-0.0467,-0.0286,-0.4171,6.219,-7.519,-0.427,-4.576,0.0000,0.0000,0.0000,0.0000,0.0000,0.0000,0.0000,0.0000,18.60,27.30,26,-10.070,1,264.0
1928.926,+0.0729,+0.1418,-0.0467,-0.0286,-0.4229,6.194,-7.846,-0.208,-7.038,0.0000,0.0000,0.0000,0.0000,0.0000,0.0000,0.0000,0.0000,18.60,27.29,26,-11.410,1,264.0
1928.973,+0.0538,+0.1695,-0.0400,-0.0343,-0.4371,6.188,-8.476,0.368,-5.100,0.0000,0.0000,0.0000,0.0000,0.0000,0.0000,0.0000,0.0000,18.60,27.29,26,-8.400,1,264.0
1929.005,+0.0440,+0.1915,-0.0467,-0.0329,-0.4471,6.206,-8.689,0.613,-3.663,0.0000,0.0000,0.0000,0.0000,0.0000,0.0000,0.0000,0.0000,18.60,27.24,27,-7.880,1,264.0
1929.037,+0.0688,+0.2033,-0.0467,-0.0329,-0.4471,6.232,-8.854,0.741,-2.998,0.0000,0.0000,0.0000,0.0000,0.0000,0.0000,0.0000,0.0000,18.11,27.24,27,-7.880,1,258.5
1929.078,+0.0478,+0.1821,-0.0400,-0.0357,-0.4557,6.232,-8.854,0.741,-2.998,0.0000,0.0000,0.0000,0.0000,0.0000,0.0000,0.0000,0.0000,18.11,27.24,27,-7.490,1,258.5
1929.125,+0.0477,+0.1824,-0.0400,-0.0357,-0.4557,6.271,-9.004,1.095,-2.802,0.0000,0.0000,0.0000,0.0000,0.0000,0.0000,0.0000,0.0000,18.11,27.24,27,-7.010,1,258.5
1929.152,+0.0325,+0.1497,-0.0400,-0.0386,-0.4671,6.272,-9.007,1.177,-2.777,0.0000,0.0000,0.0000,0.0000,0.0000,0.0000,0.0000,0.0000,18.11,27.21,27,-7.010,1,258.5
1929.179,+0.0625,+0.2076,-0.0400,-0.0400,-0.4857,6.320,-9.149,1.132,-2.916,0.0000,0.0000,0.0000,0.0000,0.0000,0.0000,0.0000,0.0000,18.11,27.21,27,-6.540,1,258.5
1929.203,+0.0625,+0.2297,-0.0400,-0.0400,-0.4914,6.365,-9.307,0.998,-3.140,0.0000,0.0000,0.0000,0.0000,0.0000,0.0000,0.0000,0.0000,18.11,27.19,28,-6.420,1,258.5
1929.232,+0.0338,+0.1621,-0.0400,-0.0400,-0.4914,6.365,-9.307,0.998,-3.140,0.0000,0.0000,0.0000,0.0000,0.0000,0.0000,0.0000,0.0000,17.55,27.19,28,-6.420,1,253.1
1929.268,+0.0604,+0.2013,-0.0400,-0.0400,-0.4943,6.387,-9.459,0.335,-1.819,0.0000,0.0000,0.0000,0.0000,0.0000,0.0000,0.0000,0.0000,17.55,27.19,28,-6.280,1,253.1
1929.308,+0.0385,+0.1612,-0.0400,-0.0400,-0.5000,6.391,-9.534,0.540,-1.137,0.0000,0.0000,0.0000,0.0000,0.0000,0.0000,0.0000,0.0000,17.55,27.18,28,-5.830,1,253.1
1929.334,+0.0258,+0.1259,-0.0400,-0.0429,-0.5000,6.391,-9.534,0.540,-1.137,0.0000,0.0000,0.0000,0.0000,0.0000,0.0000,0.0000,0.0000,17.55,27.18,28,-5.960,1,253.1
1929.397,+0.0563,+0.0999,-0.0333,-0.0443,-0.4929,6.538,-9.328,1.831,4.495,0.0000,0.0000,0.0000,0.0000,0.0000,0.0000,0.0000,0.0000,17.55,27.18,28,-5.990,1,253.1
1929.436,+0.0563,+0.0426,-0.0333,-0.0443,-0.4929,6.542,-9.320,1.840,4.423,0.0000,0.0000,0.0000,0.0000,0.0000,0.0000,0.0000,0.0000,16.92,27.18,28,-5.990,1,247.7
1929.461,+0.0897,-0.0041,-0.0333,-0.0457,-0.4943,6.542,-9.320,1.840,4.423,0.0000,0.0000,0.0000,0.0000,0.0000,0.0000,0.0000,0.0000,16.92,27.18,28,-6.130,1,247.7
1929.549,+0.0583,+0.0483,-0.0400,-0.0414,-0.4900,6.604,-9.117,1.028,4.209,0.0000,0.0000,0.0000,0.0000,0.0000,0.0000,0.0000,0.0000,16.92,27.19,27,-6.620,1,247.7
1929.581,+0.0858,+0.0474,-0.0400,-0.0414,-0.4900,6.604,-9.117,1.028,4.209,0.0000,0.0000,0.0000,0.0000,0.0000,0.0000,0.0000,0.0000,16.92,27.19,27,-6.620,1,247.7
1929.614,+0.0604,+0.0010,-0.0400,-0.0414,-0.4900,6.604,-9.117,1.028,4.209,0.0000,0.0000,0.0000,0.0000,0.0000,0.0000,0.0000,0.0000,16.92,27.19,27,-6.620,1,247.7
1929.644,+0.0604,+0.0852,-0.0400,-0.0414,-0.4900,6.604,-9.117,1.028,4.209,0.0000,0.0000,0.0000,0.0000,0.0000,0.0000,0.0000,0.0000,16.92,27.19,27,-6.620,1,247.7
1929.687,+0.0396,+0.0481,-0.0467,-0.0343,-0.4657,6.611,-8.832,-0.753,1.798,0.0000,0.0000,0.0000,0.0000,0.0000,0.0000,0.0000,0.0000,16.92,27.19,27,-10.890,1,247.7
1929.714,+0.0277,+0.0271,-0.0467,-0.0329,-0.4443,6.611,-8.832,-0.753,1.798,0.0000,0.0000,0.0000,0.0000,0.0000,0.0000,0.0000,0.0000,16.47,27.20,26,-12.160,1,243.8
1929.743,+0.0563,+0.0778,-0.0467,-0.0329,-0.4443,6.558,-8.766,-1.164,1.285,0.0000,0.0000,0.0000,0.0000,0.0000,0.0000,0.0000,0.0000,16.47,27.20,26,-9.780,1,243.8
1929.779,+0.0320,+0.0778,-0.0400,-0.0329,-0.4414,6.478,-8.721,-1.813,0.900,0.0000,0.0000,0.0000,0.0000,0.0000,0.0000,0.0000,0.0000,16.47,27.21,26,-10.500,1,243.8
1929.835,+0.0219,+0.0491,-0.0400,-0.0357,-0.4557,6.246,-8.657,-0.301,1.012,0.0000,0.0000,0.0000,0.0000,0.0000,0.0000,0.0000,0.0000,16.47,27.20,27,-7.850,1,243.8
1929.867,+0.0230,+0.1220,-0.0400,-0.0357,-0.4557,6.229,-8.641,-0.222,-0.135,0.0000,0.0000,0.0000,0.0000,0.0000,0.0000,0.0000,0.0000,15.76,27.20,27,-7.850,1,237.2
1929.954,+0.0368,+0.0976,-0.0400,-0.0400,-0.4829,6.170,-8.857,-0.333,-2.687,0.0000,0.0000,0.0000,0.0000,0.0000,0.0000,0.0000,0.0000,15.76,27.20,27,-7.030,1,237.2
1929.982,+0.0151,+0.1907,-0.0400,-0.0400,-0.4829,6.170,-8.857,-0.333,-2.687,0.0000,0.0000,0.0000,0.0000,0.0000,0.0000,0.0000,0.0000,15.76,27.20,27,-7.030,1,237.2
1930.020,+0.0209,+0.1702,-0.0400,-0.0414,-0.4871,6.148,-8.994,-0.257,-2.467,0.0000,0.0000,0.0000,0.0000,0.0000,0.0000,0.0000,0.0000,15.20,27.19,27,-6.750,1,231.9
1930.045,+0.0417,+0.1564,-0.0400,-0.0414,-0.4871,6.129,-9.099,-0.245,-1.812,0.0000,0.0000,0.0000,0.0000,0.0000,0.0000,0.0000,0.0000,15.20,27.19,27,-6.380,1,231.9
1930.113,+0.0279,+0.1491,-0.0400,-0.0414,-0.4900,6.107,-9.175,-0.300,-1.287,0.0000,0.0000,0.0000,0.0000,0.0000,0.0000,0.0000,0.0000,15.20,27.19,27,-6.380,1,231.9
1930.142,+0.0396,+0.1596,-0.0400,-0.0429,-0.4971,6.107,-9.175,-0.300,-1.287,0.0000,0.0000,0.0000,0.0000,0.0000,0.0000,0.0000,0.0000,15.20,27.19,27,-5.970,1,231.9
1930.184,+0.0190,+0.1477,-0.0400,-0.0414,-0.5071,6.066,-9.289,0.026,-0.831,0.0000,0.0000,0.0000,0.0000,0.0000,0.0000,0.0000,0.0000,15.20,27.19,27,-5.770,1,231.9
1930.208,+0.0375,+0.1148,-0.0400,-0.0414,-0.5100,6.066,-9.289,0.026,-0.831,0.0000,0.0000,0.0000,0.0000,0.0000,0.0000,0.0000,0.0000,15.20,27.18,28,-5.660,1,231.9
1930.247,+0.0375,+0.1550,-0.0400,-0.0443,-0.5129,6.059,-9.338,0.040,-0.844,0.0000,0.0000,0.0000,0.0000,0.0000,0.0000,0.0000,0.0000,14.62,27.18,28,-5.580,1,226.7
1930.275,+0.0375,+0.1185,-0.0400,-0.0429,-0.5143,6.041,-9.381,-0.465,0.268,0.0000,0.0000,0.0000,0.0000,0.0000,0.0000,0.0000,0.0000,14.62,27.18,28,-5.650,1,226.7
1930.300,+0.0034,+0.1185,-0.0400,-0.0429,-0.5143,6.040,-9.381,-0.446,0.231,0.0000,0.0000,0.0000,0.0000,0.0000,0.0000,0.0000,0.0000,14.62,27.18,28,-5.650,1,226.7
1930.334,+0.0101,+0.0735,-0.0400,-0.0429,-0.5143,6.040,-9.381,-0.446,0.231,0.0000,0.0000,0.0000,0.0000,0.0000,0.0000,0.0000,0.0000,14.62,27.18,28,-5.700,1,226.7
1930.369,+0.0085,+0.0707,-0.0267,-0.0500,-0.5014,6.025,-9.161,0.997,5.060,0.0000,0.0000,0.0000,0.0000,0.0000,0.0000,0.0000,0.0000,14.62,27.18,28,-5.600,1,226.7
1930.402,+0.0057,-0.0249,-0.0133,-0.0600,-0.5000,6.078,-8.828,1.108,6.489,0.0000,0.0000,0.0000,0.0000,0.0000,0.0000,0.0000,0.0000,14.62,27.19,27,-5.760,1,226.7
1930.451,+0.0292,+0.0343,-0.0133,-0.0614,-0.4986,6.080,-8.815,1.074,6.668,0.0000,0.0000,0.0000,0.0000,0.0000,0.0000,0.0000,0.0000,13.84,27.19,27,-5.930,1,219.9
1930.484,+0.0292,-0.0448,-0.0067,-0.0643,-0.4957,6.108,-8.532,0.330,5.350,0.0000,0.0000,0.0000,0.0000,0.0000,0.0000,0.0000,0.0000,13.84,27.20,27,-6.650,1,219.9
1930.508,+0.0638,-0.0417,-0.0067,-0.0629,-0.4914,6.108,-8.527,0.359,5.392,0.0000,0.0000,0.0000,0.0000,0.0000,0.0000,0.0000,0.0000,13.84,27.20,27,-6.870,1,219.9
1930.581,+0.0312,+0.0047,-0.0067,-0.0629,-0.4914,6.108,-8.527,0.359,5.392,0.0000,0.0000,0.0000,0.0000,0.0000,0.0000,0.0000,0.0000,13.84,27.20,27,-6.870,1,219.9
1930.614,+0.0575,-0.0769,-0.0067,-0.0629,-0.4914,6.108,-8.527,0.359,5.392,0.0000,0.0000,0.0000,0.0000,0.0000,0.0000,0.0000,0.0000,13.84,27.20,27,-6.870,1,219.9
1930.638,+0.0333,-0.0099,-0.0067,-0.0629,-0.4914,6.108,-8.527,0.359,5.392,0.0000,0.0000,0.0000,0.0000,0.0000,0.0000,0.0000,0.0000,13.84,27.20,27,-6.870,1,219.9
1930.673,+0.0333,-0.0825,-0.0133,-0.0614,-0.4871,6.064,-8.145,-0.871,3.308,0.0000,0.0000,0.0000,0.0000,0.0000,0.0000,0.0000,0.0000,13.84,27.20,27,-7.170,1,219.9
1930.725,+0.0160,-0.0246,-0.0133,-0.0571,-0.4800,6.062,-8.139,-0.996,3.146,0.0000,0.0000,0.0000,0.0000,0.0000,0.0000,0.0000,0.0000,13.41,27.21,27,-7.360,1,215.9
1930.752,+0.0312,-0.0258,-0.0133,-0.0571,-0.4743,5.930,-7.838,-1.381,3.573,0.0000,0.0000,0.0000,0.0000,0.0000,0.0000,0.0000,0.0000,13.41,27.21,27,-8.680,1,215.9
1930.779,-0.0003,-0.0301,-0.0133,-0.0571,-0.4629,5.929,-7.834,-1.397,3.639,0.0000,0.0000,0.0000,0.0000,0.0000,0.0000,0.0000,0.0000,13.41,27.21,26,-8.680,1,215.9
1930.808,-0.0008,-0.0311,-0.0133,-0.0557,-0.4586,5.812,-7.687,-3.257,2.873,0.0000,0.0000,0.0000,0.0000,0.0000,0.0000,0.0000,0.0000,13.41,27.21,26,-8.100,1,215.9
1930.876,+0.0135,-0.0298,-0.0133,-0.0571,-0.4571,5.452,-7.500,-3.972,2.488,0.0000,0.0000,0.0000,0.0000,0.0000,0.0000,0.0000,0.0000,12.92,27.20,26,-7.800,1,210.7
1930.905,+0.0250,-0.0410,-0.0133,-0.0543,-0.4514,5.205,-7.351,-4.222,3.009,0.0000,0.0000,0.0000,0.0000,0.0000,0.0000,0.0000,0.0000,12.92,27.19,26,-7.750,1,210.7
1930.930,+0.0250,+0.0074,-0.0133,-0.0543,-0.4514,5.200,-7.348,-4.214,2.984,0.0000,0.0000,0.0000,0.0000,0.0000,0.0000,0.0000,0.0000,12.92,27.19,26,-7.750,1,210.7
1930.965,+0.0495,+0.0074,-0.0133,-0.0557,-0.4557,5.010,-7.263,-4.048,1.236,0.0000,0.0000,0.0000,0.0000,0.0000,0.0000,0.0000,0.0000,12.92,27.19,26,-7.740,1,210.7
1931.026,+0.0423,+0.0074,-0.0133,-0.0529,-0.4529,4.785,-7.241,-5.237,-0.620,0.0000,0.0000,0.0000,0.0000,0.0000,0.0000,0.0000,0.0000,12.46,27.17,26,-9.370,1,205.4
1931.055,+0.0579,+0.0585,-0.0200,-0.0471,-0.4386,4.516,-7.299,-5.997,-1.667,0.0000,0.0000,0.0000,0.0000,0.0000,0.0000,0.0000,0.0000,12.46,27.17,26,-11.110,1,205.4
1931.086,+0.0312,+0.0605,-0.0200,-0.0471,-0.4386,4.516,-7.299,-5.997,-1.667,0.0000,0.0000,0.0000,0.0000,0.0000,0.0000,0.0000,0.0000,12.46,27.17,26,-11.110,1,205.4
1931.114,+0.0312,+0.0692,-0.0200,-0.0471,-0.4386,4.516,-7.299,-5.997,-1.667,0.0000,0.0000,0.0000,0.0000,0.0000,0.0000,0.0000,0.0000,12.46,27.17,26,-11.110,1,205.4
1931.146,+0.0312,+0.0185,-0.0267,-0.0443,-0.4243,3.913,-7.444,-6.434,-1.135,0.0000,0.0000,0.0000,0.0000,0.0000,0.0000,0.0000,0.0000,12.46,27.14,25,-12.090,1,205.4
1931.196,+0.0133,+0.0504,-0.0267,-0.0429,-0.4314,3.256,-7.520,-5.596,-0.283,0.0000,0.0000,0.0000,0.0000,0.0000,0.0000,0.0000,0.0000,12.46,27.14,25,-8.280,1,205.4
1931.223,+0.0292,+0.0222,-0.0267,-0.0429,-0.4314,3.256,-7.520,-5.596,-0.283,0.0000,0.0000,0.0000,0.0000,0.0000,0.0000,0.0000,0.0000,11.92,27.11,26,-8.280,1,198.7
1931.248,+0.0292,+0.0809,-0.0267,-0.0443,-0.4386,3.244,-7.521,-5.620,-0.287,0.0000,0.0000,0.0000,0.0000,0.0000,0.0000,0.0000,0.0000,11.92,27.11,26,-8.100,1,198.7
1931.289,+0.0078,+0.0259,-0.0267,-0.0443,-0.4443,2.996,-7.540,-4.678,-0.125,0.0000,0.0000,0.0000,0.0000,0.0000,0.0000,0.0000,0.0000,11.92,27.09,26,-7.900,1,198.7
1931.341,+0.0271,+0.0259,-0.0267,-0.0443,-0.4443,2.707,-7.527,-2.163,0.240,0.0000,0.0000,0.0000,0.0000,0.0000,0.0000,0.0000,0.0000,11.92,27.09,26,-7.890,1,198.7
1931.369,+0.0271,+0.0797,-0.0267,-0.0457,-0.4514,2.707,-7.527,-2.163,0.240,0.0000,0.0000,0.0000,0.0000,0.0000,0.0000,0.0000,0.0000,11.92,27.09,26,-7.570,1,198.7
1931.446,+0.0271,+0.0296,-0.0267,-0.0457,-0.4543,2.607,-7.526,-2.086,0.027,0.0000,0.0000,0.0000,0.0000,0.0000,0.0000,0.0000,0.0000,11.59,27.07,26,-7.480,1,194.8
1931.470,+0.0271,+0.0296,-0.0267,-0.0457,-0.4600,2.487,-7.540,-2.606,-0.865,0.0000,0.0000,0.0000,0.0000,0.0000,0.0000,0.0000,0.0000,11.59,27.07,26,-7.220,1,194.8
1931.504,+0.0530,+0.0758,-0.0267,-0.0457,-0.4600,2.485,-7.541,-2.587,-0.835,0.0000,0.0000,0.0000,0.0000,0.0000,0.0000,0.0000,0.0000,11.59,27.05,26,-7.220,1,194.8
1931.536,+0.0553,+0.0799,-0.0267,-0.0457,-0.4600,2.485,-7.541,-2.587,-0.835,0.0000,0.0000,0.0000,0.0000,0.0000,0.0000,0.0000,0.0000,11.59,27.05,26,-7.130,1,194.8
1931.617,+0.0312,+0.1003,-0.0267,-0.0457,-0.4600,2.485,-7.541,-2.587,-0.835,0.0000,0.0000,0.0000,0.0000,0.0000,0.0000,0.0000,0.0000,11.59,27.05,26,-7.130,1,194.8
1931.645,+0.0624,+0.1588,-0.0267,-0.0457,-0.4600,2.485,-7.541,-2.587,-0.835,0.0000,0.0000,0.0000,0.0000,0.0000,0.0000,0.0000,0.0000,11.59,27.05,26,-7.130,1,194.8
1931.670,+0.0000,+0.1148,-0.0267,-0.0457,-0.4600,2.197,-7.748,-3.045,-2.497,0.0000,0.0000,0.0000,0.0000,0.0000,0.0000,0.0000,0.0000,11.59,27.05,26,-7.230,1,194.8
1931.717,+0.0502,+0.0929,-0.0333,-0.0429,-0.4686,2.047,-7.876,-2.954,-2.420,0.0000,0.0000,0.0000,0.0000,0.0000,0.0000,0.0000,0.0000,11.04,27.01,26,-7.040,1,188.1
1931.744,+0.0333,+0.1186,-0.0333,-0.0429,-0.4686,2.041,-7.881,-2.922,-2.368,0.0000,0.0000,0.0000,0.0000,0.0000,0.0000,0.0000,0.0000,11.04,27.01,26,-6.920,1,188.1
1931.768,+0.0682,+0.1287,-0.0333,-0.0443,-0.4757,1.908,-7.984,-2.768,-2.091,0.0000,0.0000,0.0000,0.0000,0.0000,0.0000,0.0000,0.0000,11.04,27.00,26,-6.750,1,188.1
1931.808,+0.0354,+0.1098,-0.0333,-0.0443,-0.4757,1.773,-8.080,-2.430,-1.644,0.0000,0.0000,0.0000,0.0000,0.0000,0.0000,0.0000,0.0000,11.04,27.00,26,-6.250,1,188.1
1931.851,+0.0557,+0.1101,-0.0333,-0.0457,-0.4857,1.655,-8.162,-2.204,-1.504,0.0000,0.0000,0.0000,0.0000,0.0000,0.0000,0.0000,0.0000,10.68,26.97,26,-6.200,1,184.2
1931.910,+0.0375,+0.1330,-0.0333,-0.0443,-0.4929,1.440,-8.324,-1.821,-1.461,0.0000,0.0000,0.0000,0.0000,0.0000,0.0000,0.0000,0.0000,10.68,26.94,26,-5.950,1,184.2
1931.943,+0.0632,+0.1309,-0.0333,-0.0443,-0.4957,1.280,-8.464,-1.472,-1.503,0.0000,0.0000,0.0000,0.0000,0.0000,0.0000,0.0000,0.0000,10.68,26.94,26,-5.930,1,184.2
1931.969,+0.0729,+0.1481,-0.0400,-0.0429,-0.5000,1.280,-8.464,-1.472,-1.503,0.0000,0.0000,0.0000,0.0000,0.0000,0.0000,0.0000,0.0000,10.68,26.94,26,-5.860,1,184.2
1932.015,+0.0417,+0.0926,-0.0400,-0.0414,-0.5014,1.206,-8.540,-1.920,-1.067,0.0000,0.0000,0.0000,0.0000,0.0000,0.0000,0.0000,0.0000,10.68,26.93,27,-5.630,1,184.2
1932.058,+0.0417,+0.0926,-0.0400,-0.0414,-0.4986,1.103,-8.542,-1.791,0.843,0.0000,0.0000,0.0000,0.0000,0.0000,0.0000,0.0000,0.0000,10.06,26.93,27,-5.420,1,177.6
1932.085,+0.0737,+0.0356,-0.0400,-0.0414,-0.4986,1.103,-8.542,-1.791,0.843,0.0000,0.0000,0.0000,0.0000,0.0000,0.0000,0.0000,0.0000,10.06,26.93,27,-5.420,1,177.6
1932.108,+0.0437,+0.0237,-0.0400,-0.0414,-0.4986,1.103,-8.542,-1.791,0.843,0.0000,0.0000,0.0000,0.0000,0.0000,0.0000,0.0000,0.0000,10.06,26.93,27,-5.420,1,177.6
1932.132,+0.0437,-0.0357,-0.0400,-0.0429,-0.5029,1.099,-8.539,-1.765,1.362,0.0000,0.0000,0.0000,0.0000,0.0000,0.0000,0.0000,0.0000,10.06,26.93,27,-5.450,1,177.6
1932.171,+0.0437,+0.0380,-0.0400,-0.0429,-0.4943,0.972,-8.171,-0.976,4.529,0.0000,0.0000,0.0000,0.0000,0.0000,0.0000,0.0000,0.0000,10.06,26.91,27,-5.530,1,177.6
1932.201,+0.0722,-0.0271,-0.0400,-0.0414,-0.4900,0.917,-7.966,-1.075,3.343,0.0000,0.0000,0.0000,0.0000,0.0000,0.0000,0.0000,0.0000,10.06,26.91,26,-6.500,1,177.6
1932.240,+0.0458,-0.0139,-0.0400,-0.0414,-0.4900,0.862,-7.837,-1.345,2.308,0.0000,0.0000,0.0000,0.0000,0.0000,0.0000,0.0000,0.0000,9.53,26.91,26,-6.500,1,172.2
1932.276,+0.0935,+0.0168,-0.0467,-0.0357,-0.4814,0.794,-7.748,-1.513,1.916,0.0000,0.0000,0.0000,0.0000,0.0000,0.0000,0.0000,0.0000,9.53,26.91,26,-6.860,1,172.2
1932.313,+0.0736,+0.0137,-0.0400,-0.0371,-0.4800,0.792,-7.746,-1.563,1.801,0.0000,0.0000,0.0000,0.0000,0.0000,0.0000,0.0000,0.0000,9.53,26.91,26,-6.890,1,172.2
1932.347,+0.0778,+0.0062,-0.0400,-0.0371,-0.4800,0.726,-7.660,-1.284,1.882,0.0000,0.0000,0.0000,0.0000,0.0000,0.0000,0.0000,0.0000,9.53,26.91,26,-6.710,1,172.2
1932.375,+0.0542,-0.0056,-0.0467,-0.0329,-0.4757,0.726,-7.660,-1.284,1.882,0.0000,0.0000,0.0000,0.0000,0.0000,0.0000,0.0000,0.0000,9.53,26.91,26,-6.710,1,172.2
1932.407,+0.0808,-0.0029,-0.0467,-0.0343,-0.4743,0.669,-7.571,-1.227,2.114,0.0000,0.0000,0.0000,0.0000,0.0000,0.0000,0.0000,0.0000,9.53,26.89,26,-6.640,1,172.2
1932.456,+0.0746,+0.0081,-0.0467,-0.0329,-0.4586,0.606,-7.464,-1.322,2.358,0.0000,0.0000,0.0000,0.0000,0.0000,0.0000,0.0000,0.0000,9.06,26.89,26,-9.420,1,167.0
1932.481,+0.0583,+0.0370,-0.0467,-0.0300,-0.4414,0.540,-7.376,-1.233,1.899,0.0000,0.0000,0.0000,0.0000,0.0000,0.0000,0.0000,0.0000,9.06,26.89,26,-10.890,1,167.0
1932.512,+0.0858,-0.0117,-0.0467,-0.0271,-0.4329,0.539,-7.375,-1.216,1.764,0.0000,0.0000,0.0000,0.0000,0.0000,0.0000,0.0000,0.0000,9.06,26.88,25,-11.380,1,167.0
1932.541,+0.0311,-0.0189,-0.0467,-0.0271,-0.4329,0.539,-7.375,-1.216,1.764,0.0000,0.0000,0.0000,0.0000,0.0000,0.0000,0.0000,0.0000,9.06,26.88,25,-11.380,1,167.0
1932.576,+0.0583,-0.0148,-0.0467,-0.0271,-0.4329,0.539,-7.375,-1.216,1.764,0.0000,0.0000,0.0000,0.0000,0.0000,0.0000,0.0000,0.0000,9.06,26.88,25,-11.380,1,167.0
1932.610,+0.0334,+0.0259,-0.0467,-0.0271,-0.4329,0.539,-7.375,-1.216,1.764,0.0000,0.0000,0.0000,0.0000,0.0000,0.0000,0.0000,0.0000,9.06,26.88,25,-11.380,1,167.0
1932.642,+0.0837,-0.0229,-0.0467,-0.0271,-0.4329,0.539,-7.375,-1.216,1.764,0.0000,0.0000,0.0000,0.0000,0.0000,0.0000,0.0000,0.0000,9.06,26.88,25,-11.380,1,167.0
1932.666,+0.0583,-0.0383,-0.0467,-0.0271,-0.4329,0.485,-7.299,-0.631,1.606,0.0000,0.0000,0.0000,0.0000,0.0000,0.0000,0.0000,0.0000,9.06,26.88,25,-11.380,1,167.0
1932.702,+0.0583,-0.0247,-0.0400,-0.0314,-0.4314,0.462,-7.226,0.040,1.639,0.0000,0.0000,0.0000,0.0000,0.0000,0.0000,0.0000,0.0000,9.06,26.86,25,-8.370,1,167.0
1932.731,+0.0877,-0.0375,-0.0400,-0.0314,-0.4314,0.470,-7.151,0.543,1.739,0.0000,0.0000,0.0000,0.0000,0.0000,0.0000,0.0000,0.0000,8.63,26.86,25,-8.370,1,161.8
1932.771,+0.0822,-0.0277,-0.0400,-0.0329,-0.4386,0.499,-7.069,0.726,1.904,0.0000,0.0000,0.0000,0.0000,0.0000,0.0000,0.0000,0.0000,8.63,26.83,25,-7.740,1,161.8
1932.832,+0.0927,+0.0074,-0.0467,-0.0286,-0.4429,0.667,-6.809,1.285,0.685,0.0000,0.0000,0.0000,0.0000,0.0000,0.0000,0.0000,0.0000,8.63,26.83,25,-8.000,1,161.8
1932.855,+0.1032,+0.0723,-0.0467,-0.0286,-0.4429,0.667,-6.809,1.285,0.685,0.0000,0.0000,0.0000,0.0000,0.0000,0.0000,0.0000,0.0000,8.13,26.80,25,-8.000,1,155.3
1932.883,+0.1288,+0.0645,-0.0467,-0.0286,-0.4514,0.701,-6.898,0.015,-3.252,0.0000,0.0000,0.0000,0.0000,0.0000,0.0000,0.0000,0.0000,8.13,26.80,25,-8.030,1,155.3
1932.913,+0.1013,+0.1159,-0.0467,-0.0300,-0.4500,0.701,-6.898,0.015,-3.252,0.0000,0.0000,0.0000,0.0000,0.0000,0.0000,0.0000,0.0000,8.13,26.77,25,-8.030,1,155.3
1932.942,+0.1048,+0.1283,-0.0533,-0.0286,-0.4486,0.692,-7.097,-0.301,-4.402,0.0000,0.0000,0.0000,0.0000,0.0000,0.0000,0.0000,0.0000,8.13,26.77,25,-9.680,1,155.3
1932.975,+0.0771,+0.1216,-0.0600,-0.0243,-0.4500,0.673,-7.334,-0.285,-4.446,0.0000,0.0000,0.0000,0.0000,0.0000,0.0000,0.0000,0.0000,8.13,26.77,25,-7.830,1,155.3
1933.010,+0.1018,+0.1249,-0.0533,-0.0271,-0.4586,0.664,-7.531,0.137,-3.398,0.0000,0.0000,0.0000,0.0000,0.0000,0.0000,0.0000,0.0000,8.13,26.73,25,-6.920,1,155.3
1933.035,+0.0792,+0.1653,-0.0533,-0.0271,-0.4586,0.664,-7.538,0.121,-3.444,0.0000,0.0000,0.0000,0.0000,0.0000,0.0000,0.0000,0.0000,7.74,26.73,25,-6.920,1,150.1
1933.076,+0.0792,+0.1279,-0.0467,-0.0314,-0.4686,0.664,-7.538,0.121,-3.444,0.0000,0.0000,0.0000,0.0000,0.0000,0.0000,0.0000,0.0000,7.74,26.73,25,-6.500,1,150.1
1933.123,+0.0792,+0.1261,-0.0467,-0.0314,-0.4686,0.677,-7.677,0.723,-2.498,0.0000,0.0000,0.0000,0.0000,0.0000,0.0000,0.0000,0.0000,7.74,26.73,25,-6.250,1,150.1
1933.150,+0.0471,+0.1237,-0.0533,-0.0300,-0.4729,0.723,-7.789,1.446,-2.049,0.0000,0.0000,0.0000,0.0000,0.0000,0.0000,0.0000,0.0000,7.74,26.70,26,-6.250,1,150.1
1933.184,+0.0771,+0.1614,-0.0467,-0.0357,-0.4871,0.983,-7.995,3.042,-1.797,0.0000,0.0000,0.0000,0.0000,0.0000,0.0000,0.0000,0.0000,7.74,26.70,26,-5.750,1,150.1
1933.223,+0.0990,+0.1168,-0.0467,-0.0343,-0.4914,0.983,-7.995,3.042,-1.797,0.0000,0.0000,0.0000,0.0000,0.0000,0.0000,0.0000,0.0000,7.32,26.67,26,-5.750,1,145.0
1933.250,+0.0792,+0.1388,-0.0400,-0.0386,-0.4929,1.121,-8.051,2.955,-0.768,0.0000,0.0000,0.0000,0.0000,0.0000,0.0000,0.0000,0.0000,7.32,26.67,26,-5.710,1,145.0
1933.283,+0.0792,+0.1307,-0.0467,-0.0329,-0.4900,1.280,-8.037,3.309,0.827,0.0000,0.0000,0.0000,0.0000,0.0000,0.0000,0.0000,0.0000,7.32,26.65,26,-5.550,1,145.0
1933.331,+0.0792,+0.1220,-0.0533,-0.0329,-0.4900,1.283,-8.036,3.431,1.253,0.0000,0.0000,0.0000,0.0000,0.0000,0.0000,0.0000,0.0000,7.32,26.65,26,-5.570,1,145.0
1933.359,+0.1092,+0.0391,-0.0467,-0.0371,-0.4943,1.444,-7.962,3.209,1.789,0.0000,0.0000,0.0000,0.0000,0.0000,0.0000,0.0000,0.0000,7.32,26.65,26,-5.380,1,145.0
1933.389,+0.0813,+0.0889,-0.0467,-0.0371,-0.4943,1.588,-7.889,2.871,1.490,0.0000,0.0000,0.0000,0.0000,0.0000,0.0000,0.0000,0.0000,7.32,26.65,26,-5.380,1,145.0
1933.484,+0.1022,+0.0889,-0.0467,-0.0371,-0.4971,1.727,-7.834,2.296,0.739,0.0000,0.0000,0.0000,0.0000,0.0000,0.0000,0.0000,0.0000,6.85,26.63,26,-5.700,1,139.8
1933.517,+0.1112,+0.0431,-0.0467,-0.0371,-0.4971,1.730,-7.834,2.293,0.738,0.0000,0.0000,0.0000,0.0000,0.0000,0.0000,0.0000,0.0000,6.85,26.63,26,-5.650,1,139.8
1933.543,+0.1200,+0.0852,-0.0467,-0.0371,-0.4971,1.730,-7.834,2.293,0.738,0.0000,0.0000,0.0000,0.0000,0.0000,0.0000,0.0000,0.0000,6.85,26.63,26,-5.650,1,139.8
1933.579,+0.1136,+0.1279,-0.0467,-0.0371,-0.4971,1.730,-7.834,2.293,0.738,0.0000,0.0000,0.0000,0.0000,0.0000,0.0000,0.0000,0.0000,6.85,26.63,26,-5.650,1,139.8
1933.615,+0.1158,+0.0889,-0.0467,-0.0371,-0.4971,1.730,-7.834,2.293,0.738,0.0000,0.0000,0.0000,0.0000,0.0000,0.0000,0.0000,0.0000,6.85,26.63,26,-5.650,1,139.8
1933.660,+0.0938,+0.0889,-0.0467,-0.0371,-0.4971,1.730,-7.834,2.293,0.738,0.0000,0.0000,0.0000,0.0000,0.0000,0.0000,0.0000,0.0000,6.85,26.63,26,-5.650,1,139.8
1933.686,+0.0938,+0.0889,-0.0467,-0.0357,-0.4986,1.915,-7.817,1.882,0.055,0.0000,0.0000,0.0000,0.0000,0.0000,0.0000,0.0000,0.0000,6.85,26.63,26,-5.620,1,139.8
1933.742,+0.0938,+0.1178,-0.0533,-0.0343,-0.5000,1.986,-7.830,1.545,-0.238,0.0000,0.0000,0.0000,0.0000,0.0000,0.0000,0.0000,0.0000,6.49,26.61,26,-5.330,1,135.8
1933.770,+0.0938,+0.0926,-0.0533,-0.0343,-0.5029,2.055,-7.852,1.631,-0.326,0.0000,0.0000,0.0000,0.0000,0.0000,0.0000,0.0000,0.0000,6.49,26.60,26,-5.200,1,135.8
1933.807,+0.0938,+0.0512,-0.0467,-0.0371,-0.5057,2.193,-7.869,1.320,0.340,0.0000,0.0000,0.0000,0.0000,0.0000,0.0000,0.0000,0.0000,6.49,26.60,26,-5.180,1,135.8
1933.846,+0.0938,+0.0889,-0.0467,-0.0371,-0.5057,2.241,-7.833,1.169,0.770,0.0000,0.0000,0.0000,0.0000,0.0000,0.0000,0.0000,0.0000,6.49,26.57,26,-5.000,1,135.8
1933.882,+0.0938,+0.0044,-0.0467,-0.0371,-0.5057,2.242,-7.830,1.009,1.513,0.0000,0.0000,0.0000,0.0000,0.0000,0.0000,0.0000,0.0000,5.92,26.57,26,-4.910,1,129.5
1933.917,+0.0938,+0.0373,-0.0467,-0.0371,-0.5029,2.361,-7.574,1.661,3.723,0.0000,0.0000,0.0000,0.0000,0.0000,0.0000,0.0000,0.0000,5.92,26.56,26,-5.070,1,129.5
1933.939,+0.1307,+0.0121,-0.0467,-0.0357,-0.4986,2.361,-7.574,1.661,3.723,0.0000,0.0000,0.0000,0.0000,0.0000,0.0000,0.0000,0.0000,5.92,26.56,26,-5.180,1,129.5
1933.999,+0.1113,+0.0191,-0.0533,-0.0300,-0.4757,2.495,-7.215,0.884,2.780,0.0000,0.0000,0.0000,0.0000,0.0000,0.0000,0.0000,0.0000,5.92,26.56,26,-6.990,1,129.5
1934.024,+0.0979,+0.0077,-0.0533,-0.0300,-0.4757,2.495,-7.215,0.884,2.780,0.0000,0.0000,0.0000,0.0000,0.0000,0.0000,0.0000,0.0000,5.46,26.55,25,-6.990,1,124.2
1934.080,+0.1141,+0.0341,-0.0533,-0.0300,-0.4757,2.528,-7.100,0.549,2.299,0.0000,0.0000,0.0000,0.0000,0.0000,0.0000,0.0000,0.0000,5.46,26.55,25,-6.500,1,124.2
1934.106,+0.1328,-0.0572,-0.0533,-0.0300,-0.4757,2.528,-7.100,0.549,2.299,0.0000,0.0000,0.0000,0.0000,0.0000,0.0000,0.0000,0.0000,5.46,26.55,25,-6.500,1,124.2
1934.140,+0.1273,+0.0070,-0.0467,-0.0314,-0.4686,2.546,-6.985,0.285,2.295,0.0000,0.0000,0.0000,0.0000,0.0000,0.0000,0.0000,0.0000,5.46,26.54,25,-7.940,1,124.2
1934.176,+0.1284,+0.0050,-0.0533,-0.0271,-0.4500,2.546,-6.756,0.154,2.233,0.0000,0.0000,0.0000,0.0000,0.0000,0.0000,0.0000,0.0000,5.46,26.54,25,-7.830,1,124.2
1934.215,+0.1062,+0.0046,-0.0533,-0.0243,-0.4443,2.546,-6.752,0.182,2.203,0.0000,0.0000,0.0000,0.0000,0.0000,0.0000,0.0000,0.0000,5.46,26.52,24,-9.010,1,124.2
1934.242,+0.1379,-0.0155,-0.0533,-0.0243,-0.4443,2.556,-6.675,0.328,1.773,0.0000,0.0000,0.0000,0.0000,0.0000,0.0000,0.0000,0.0000,5.03,26.52,24,-9.010,1,118.8
1934.281,+0.1083,+0.0370,-0.0533,-0.0243,-0.4186,2.557,-6.672,0.411,1.541,0.0000,0.0000,0.0000,0.0000,0.0000,0.0000,0.0000,0.0000,5.03,26.49,24,-11.400,1,118.8
1934.313,+0.1083,+0.0370,-0.0533,-0.0214,-0.4186,2.565,-6.631,0.173,0.607,0.0000,0.0000,0.0000,0.0000,0.0000,0.0000,0.0000,0.0000,5.03,26.49,24,-10.030,1,118.8
1934.345,+0.1083,+0.0370,-0.0533,-0.0214,-0.4186,2.566,-6.644,0.299,-0.383,0.0000,0.0000,0.0000,0.0000,0.0000,0.0000,0.0000,0.0000,5.03,26.49,24,-10.030,1,118.8
1934.377,+0.1083,+0.0845,-0.0533,-0.0257,-0.4314,2.566,-6.644,0.299,-0.383,0.0000,0.0000,0.0000,0.0000,0.0000,0.0000,0.0000,0.0000,5.03,26.49,24,-7.940,1,118.8
1934.421,+0.1083,+0.0407,-0.0533,-0.0257,-0.4400,2.585,-6.673,0.821,-0.352,0.0000,0.0000,0.0000,0.0000,0.0000,0.0000,0.0000,0.0000,4.67,26.47,25,-7.330,1,113.8
1934.445,+0.0736,+0.0407,-0.0533,-0.0257,-0.4457,2.628,-6.689,1.266,0.051,0.0000,0.0000,0.0000,0.0000,0.0000,0.0000,0.0000,0.0000,4.67,26.47,25,-6.870,1,113.8
1934.496,+0.1062,+0.0721,-0.0533,-0.0257,-0.4514,2.765,-6.657,1.565,0.632,0.0000,0.0000,0.0000,0.0000,0.0000,0.0000,0.0000,0.0000,4.67,26.42,25,-6.680,1,113.8
1934.522,+0.1062,+0.0444,-0.0533,-0.0271,-0.4529,2.765,-6.657,1.565,0.632,0.0000,0.0000,0.0000,0.0000,0.0000,0.0000,0.0000,0.0000,4.67,26.42,25,-6.690,1,113.8
1934.558,+0.1303,+0.0444,-0.0533,-0.0271,-0.4529,2.765,-6.657,1.565,0.632,0.0000,0.0000,0.0000,0.0000,0.0000,0.0000,0.0000,0.0000,4.67,26.42,25,-6.690,1,113.8
1934.587,+0.1083,+0.0444,-0.0533,-0.0271,-0.4529,2.765,-6.657,1.565,0.632,0.0000,0.0000,0.0000,0.0000,0.0000,0.0000,0.0000,0.0000,4.67,26.42,25,-6.690,1,113.8
1934.620,+0.1343,+0.0907,-0.0533,-0.0271,-0.4529,2.765,-6.657,1.565,0.632,0.0000,0.0000,0.0000,0.0000,0.0000,0.0000,0.0000,0.0000,4.67,26.42,25,-6.690,1,113.8
1934.646,+0.1104,+0.0481,-0.0533,-0.0271,-0.4529,2.765,-6.657,1.565,0.632,0.0000,0.0000,0.0000,0.0000,0.0000,0.0000,0.0000,0.0000,4.67,26.42,25,-6.690,1,113.8
1934.726,+0.1224,+0.0481,-0.0533,-0.0271,-0.4586,2.838,-6.625,1.424,0.728,0.0000,0.0000,0.0000,0.0000,0.0000,0.0000,0.0000,0.0000,4.30,26.41,25,-6.580,1,108.5
1934.766,+0.1344,+0.0481,-0.0600,-0.0257,-0.4600,2.985,-6.547,1.650,0.838,0.0000,0.0000,0.0000,0.0000,0.0000,0.0000,0.0000,0.0000,4.30,26.38,25,-6.350,1,108.5
1934.789,+0.1518,+0.0481,-0.0600,-0.0257,-0.4600,2.986,-6.546,1.668,0.807,0.0000,0.0000,0.0000,0.0000,0.0000,0.0000,0.0000,0.0000,4.30,26.38,25,-6.200,1,108.5
1934.823,+0.1167,+0.0927,-0.0533,-0.0271,-0.4643,3.151,-6.546,1.712,-0.578,0.0000,0.0000,0.0000,0.0000,0.0000,0.0000,0.0000,0.0000,4.30,26.38,25,-6.340,1,108.5
1934.865,+0.1378,+0.0893,-0.0533,-0.0271,-0.4671,3.220,-6.607,1.360,-1.519,0.0000,0.0000,0.0000,0.0000,0.0000,0.0000,0.0000,0.0000,3.94,26.34,25,-6.340,1,103.3
1934.892,+0.1496,+0.1104,-0.0600,-0.0257,-0.4714,3.280,-6.725,1.308,-2.239,0.0000,0.0000,0.0000,0.0000,0.0000,0.0000,0.0000,0.0000,3.94,26.34,25,-6.110,1,103.3
1934.924,+0.1208,+0.1545,-0.0533,-0.0271,-0.4729,3.281,-6.728,1.319,-2.369,0.0000,0.0000,0.0000,0.0000,0.0000,0.0000,0.0000,0.0000,3.94,26.31,25,-6.110,1,103.3
1934.960,+0.1208,+0.1097,-0.0600,-0.0257,-0.4800,3.425,-6.955,1.965,-1.921,0.0000,0.0000,0.0000,0.0000,0.0000,0.0000,0.0000,0.0000,3.94,26.31,25,-5.650,1,103.3
1934.986,+0.0883,+0.1281,-0.0600,-0.0257,-0.4829,3.425,-6.955,1.965,-1.921,0.0000,0.0000,0.0000,0.0000,0.0000,0.0000,0.0000,0.0000,3.94,26.28,25,-5.540,1,103.3
1935.015,+0.1187,+0.1777,-0.0600,-0.0257,-0.4829,3.425,-6.955,1.965,-1.921,0.0000,0.0000,0.0000,0.0000,0.0000,0.0000,0.0000,0.0000,3.57,26.28,25,-5.540,1,98.1
1935.045,+0.1187,+0.1828,-0.0533,-0.0286,-0.4886,3.524,-7.044,2.388,-1.474,0.0000,0.0000,0.0000,0.0000,0.0000,0.0000,0.0000,0.0000,3.57,26.28,25,-5.240,1,98.1
1935.081,+0.1187,+0.1321,-0.0533,-0.0286,-0.4886,3.524,-7.044,2.388,-1.474,0.0000,0.0000,0.0000,0.0000,0.0000,0.0000,0.0000,0.0000,3.57,26.28,25,-5.240,1,98.1
1935.111,+0.1187,+0.1425,-0.0533,-0.0314,-0.4943,3.636,-7.117,2.586,-1.279,0.0000,0.0000,0.0000,0.0000,0.0000,0.0000,0.0000,0.0000,3.57,26.28,25,-4.850,1,98.1
1935.152,+0.1187,+0.1729,-0.0533,-0.0314,-0.4971,3.882,-7.249,2.633,-0.941,0.0000,0.0000,0.0000,0.0000,0.0000,0.0000,0.0000,0.0000,3.57,26.23,25,-4.620,1,98.1
1935.188,+0.1187,+0.1465,-0.0533,-0.0329,-0.5043,3.887,-7.251,2.634,-0.949,0.0000,0.0000,0.0000,0.0000,0.0000,0.0000,0.0000,0.0000,3.57,26.23,25,-4.380,1,98.1
1935.222,+0.1187,+0.1531,-0.0533,-0.0314,-0.5086,3.887,-7.251,2.634,-0.949,0.0000,0.0000,0.0000,0.0000,0.0000,0.0000,0.0000,0.0000,3.19,26.22,25,-4.380,1,93.0
1935.252,+0.1187,+0.1111,-0.0533,-0.0329,-0.5100,4.006,-7.275,2.485,0.048,0.0000,0.0000,0.0000,0.0000,0.0000,0.0000,0.0000,0.0000,3.19,26.22,25,-4.110,1,93.0
1935.281,+0.1187,+0.1111,-0.0533,-0.0329,-0.5100,4.121,-7.270,2.950,0.837,0.0000,0.0000,0.0000,0.0000,0.0000,0.0000,0.0000,0.0000,3.19,26.18,25,-4.100,1,93.0
1935.311,+0.1187,+0.1111,-0.0533,-0.0329,-0.5071,4.279,-7.185,3.193,2.156,0.0000,0.0000,0.0000,0.0000,0.0000,0.0000,0.0000,0.0000,3.19,26.18,25,-4.040,1,93.0
1935.341,+0.1187,+0.1111,-0.0533,-0.0329,-0.5071,4.424,-7.061,3.029,2.632,0.0000,0.0000,0.0000,0.0000,0.0000,0.0000,0.0000,0.0000,3.19,26.18,25,-4.040,1,93.0
1935.373,+0.1453,+0.0638,-0.0533,-0.0329,-0.5071,4.424,-7.061,3.029,2.632,0.0000,0.0000,0.0000,0.0000,0.0000,0.0000,0.0000,0.0000,3.19,26.18,25,-4.260,1,93.0
1935.403,+0.1496,+0.1074,-0.0533,-0.0343,-0.5086,4.564,-6.942,2.621,2.150,0.0000,0.0000,0.0000,0.0000,0.0000,0.0000,0.0000,0.0000,3.19,26.16,25,-4.260,1,93.0
1935.450,+0.1420,+0.0734,-0.0533,-0.0314,-0.5086,4.669,-6.867,2.118,1.422,0.0000,0.0000,0.0000,0.0000,0.0000,0.0000,0.0000,0.0000,2.66,26.16,25,-4.410,1,86.5
1935.489,+0.1250,+0.1037,-0.0600,-0.0300,-0.5071,4.752,-6.822,1.894,1.122,0.0000,0.0000,0.0000,0.0000,0.0000,0.0000,0.0000,0.0000,2.66,26.14,25,-4.400,1,86.5
1935.523,+0.1503,+0.1037,-0.0600,-0.0314,-0.5086,4.752,-6.822,1.894,1.122,0.0000,0.0000,0.0000,0.0000,0.0000,0.0000,0.0000,0.0000,2.66,26.14,25,-4.300,1,86.5
1935.597,+0.1271,+0.0810,-0.0600,-0.0314,-0.5086,4.752,-6.822,1.894,1.122,0.0000,0.0000,0.0000,0.0000,0.0000,0.0000,0.0000,0.0000,2.66,26.14,25,-4.300,1,86.5
1935.637,+0.1271,+0.1000,-0.0600,-0.0314,-0.5086,4.752,-6.822,1.894,1.122,0.0000,0.0000,0.0000,0.0000,0.0000,0.0000,0.0000,0.0000,2.66,26.14,25,-4.300,1,86.5
1935.681,+0.1271,+0.1000,-0.0533,-0.0343,-0.5086,4.823,-6.786,1.467,0.920,0.0000,0.0000,0.0000,0.0000,0.0000,0.0000,0.0000,0.0000,2.66,26.14,25,-4.200,1,86.5
1935.736,+0.1271,+0.1000,-0.0600,-0.0300,-0.5100,4.894,-6.742,1.636,1.118,0.0000,0.0000,0.0000,0.0000,0.0000,0.0000,0.0000,0.0000,2.37,26.13,25,-4.030,1,82.7
1935.770,+0.1020,+0.0554,-0.0533,-0.0329,-0.5100,4.894,-6.742,1.636,1.118,0.0000,0.0000,0.0000,0.0000,0.0000,0.0000,0.0000,0.0000,2.37,26.11,25,-4.100,1,82.7
1935.813,+0.1045,+0.0963,-0.0533,-0.0329,-0.5129,5.159,-6.581,2.503,1.911,0.0000,0.0000,0.0000,0.0000,0.0000,0.0000,0.0000,0.0000,2.37,26.11,25,-3.860,1,82.7
1935.857,+0.1229,+0.0601,-0.0533,-0.0329,-0.5129,5.159,-6.581,2.503,1.911,0.0000,0.0000,0.0000,0.0000,0.0000,0.0000,0.0000,0.0000,2.00,26.08,25,-3.780,1,77.7
1935.889,+0.0960,+0.0926,-0.0467,-0.0357,-0.5100,5.422,-6.385,3.184,2.613,0.0000,0.0000,0.0000,0.0000,0.0000,0.0000,0.0000,0.0000,2.00,26.08,25,-3.860,1,77.7
1935.962,+0.1208,+0.0697,-0.0467,-0.0371,-0.5114,5.703,-6.161,2.752,2.155,0.0000,0.0000,0.0000,0.0000,0.0000,0.0000,0.0000,0.0000,2.00,26.06,25,-3.780,1,77.7
1935.995,+0.1469,+0.0425,-0.0467,-0.0371,-0.5114,5.708,-6.157,2.699,2.103,0.0000,0.0000,0.0000,0.0000,0.0000,0.0000,0.0000,0.0000,2.00,26.03,25,-3.620,1,77.7
1936.027,+0.1229,+0.0852,-0.0467,-0.0371,-0.5114,5.822,-6.068,2.357,1.936,0.0000,0.0000,0.0000,0.0000,0.0000,0.0000,0.0000,0.0000,1.64,26.03,25,-3.620,1,72.6
1936.065,+0.1459,+0.0444,-0.0533,-0.0343,-0.5114,5.822,-6.068,2.357,1.936,0.0000,0.0000,0.0000,0.0000,0.0000,0.0000,0.0000,0.0000,1.64,26.03,25,-3.620,1,72.6
1936.108,+0.1250,+0.0815,-0.0533,-0.0343,-0.5114,5.921,-5.976,0.592,0.505,0.0000,0.0000,0.0000,0.0000,0.0000,0.0000,0.0000,0.0000,1.64,26.03,25,-3.620,1,72.6
1936.143,+0.1250,+0.0369,-0.0600,-0.0300,-0.5157,5.921,-5.976,0.025,0.043,0.0000,0.0000,0.0000,0.0000,0.0000,0.0000,0.0000,0.0000,1.64,0.00,25,-3.840,1,72.6
1936.182,+0.1250,+0.0778,-0.0533,-0.0343,-0.5143,6.124,-5.706,0.116,0.122,0.0000,0.0000,0.0000,0.0000,0.0000,0.0000,0.0000,0.0000,1.64,0.00,25,-3.560,1,72.6
1936.227,+0.1250,+0.0426,-0.0533,-0.0343,-0.5143,6.137,-5.616,0.116,0.124,0.0000,0.0000,0.0000,0.0000,0.0000,0.0000,0.0000,0.0000,3.25,0.00,25,-3.750,1,66.1
1936.269,+0.1038,+0.0741,-0.0533,-0.0343,-0.5143,6.156,-5.533,0.122,0.114,0.0000,0.0000,0.0000,0.0000,0.0000,0.0000,0.0000,0.0000,3.25,0.00,25,-3.530,1,66.1
1936.353,+0.1115,+0.0537,-0.0467,-0.0371,-0.5143,6.196,-5.443,0.119,0.122,0.0000,0.0000,0.0000,0.0000,0.0000,0.0000,0.0000,0.0000,3.25,0.00,25,-3.470,1,66.1
1936.396,+0.1208,+0.0337,-0.0467,-0.0371,-0.5143,6.250,-5.342,0.124,0.119,0.0000,0.0000,0.0000,0.0000,0.0000,0.0000,0.0000,0.0000,3.25,0.00,25,-3.350,1,66.1
1936.437,+0.0996,+0.0289,-0.0533,-0.0357,-0.5157,6.250,-5.342,0.116,0.124,0.0000,0.0000,0.0000,0.0000,0.0000,0.0000,0.0000,0.0000,2.96,0.00,25,-3.360,1,61.0
1936.485,+0.1187,+0.0296,-0.0533,-0.0357,-0.5129,6.360,-5.125,0.124,0.122,0.0000,0.0000,0.0000,0.0000,0.0000,0.0000,0.0000,0.0000,2.96,0.00,25,-3.540,1,61.0
1936.534,+0.1368,+0.0272,-0.0533,-0.0357,-0.5129,6.360,-5.125,0.124,0.122,0.0000,0.0000,0.0000,0.0000,0.0000,0.0000,0.0000,0.0000,2.96,0.00,25,-3.540,1,61.0
1936.583,+0.1208,+0.0556,-0.0533,-0.0357,-0.5129,6.360,-5.125,0.124,0.122,0.0000,0.0000,0.0000,0.0000,0.0000,0.0000,0.0000,0.0000,2.96,0.00,25,-3.540,1,61.0
1936.635,+0.1208,-0.0061,-0.0533,-0.0357,-0.5129,6.399,-5.023,0.123,0.117,0.0000,0.0000,0.0000,0.0000,0.0000,0.0000,0.0000,0.0000,2.96,0.00,25,-3.640,1,61.0
1936.687,+0.1381,+0.0481,-0.0467,-0.0343,-0.5029,6.427,-4.923,0.712,2.287,0.0000,0.0000,0.0000,0.0000,0.0000,0.0000,0.0000,0.0000,2.72,25.80,25,-3.650,1,56.0
1936.751,+0.1229,-0.0035,-0.0467,-0.0357,-0.5014,6.501,-4.722,1.217,2.179,0.0000,0.0000,0.0000,0.0000,0.0000,0.0000,0.0000,0.0000,2.72,25.76,25,-3.440,1,56.0
1936.808,+0.1070,+0.0407,-0.0533,-0.0314,-0.4743,6.560,-4.635,1.412,1.872,0.0000,0.0000,0.0000,0.0000,0.0000,0.0000,0.0000,0.0000,2.72,25.71,24,-6.100,1,56.0
1936.866,+0.1208,+0.0407,-0.0467,-0.0329,-0.4643,6.770,-4.438,1.744,1.675,0.0000,0.0000,0.0000,0.0000,0.0000,0.0000,0.0000,0.0000,2.50,25.66,24,-7.150,1,51.0
1936.931,+0.1208,+0.0154,-0.0467,-0.0343,-0.4686,6.853,-4.368,1.869,1.773,0.0000,0.0000,0.0000,0.0000,0.0000,0.0000,0.0000,0.0000,2.50,25.66,24,-4.650,1,51.0
1937.002,+0.1208,+0.0370,-0.0467,-0.0357,-0.4757,7.013,-4.227,1.817,1.786,0.0000,0.0000,0.0000,0.0000,0.0000,0.0000,0.0000,0.0000,2.32,25.61,24,-4.210,1,46.0
1937.074,+0.1208,+0.0138,-0.0467,-0.0343,-0.4771,7.087,-4.153,1.282,1.528,0.0000,0.0000,0.0000,0.0000,0.0000,0.0000,0.0000,0.0000,2.32,25.55,24,-4.240,1,46.0
1937.169,+0.1208,+0.0518,-0.0467,-0.0357,-0.4843,7.193,-4.134,-0.003,-1.772,0.0000,0.0000,0.0000,0.0000,0.0000,0.0000,0.0000,0.0000,2.16,25.49,24,-4.020,1,41.1
1937.262,+0.1314,+0.0746,-0.0467,-0.0371,-0.4943,7.147,-4.397,-0.383,-2.722,0.0000,0.0000,0.0000,0.0000,0.0000,0.0000,0.0000,0.0000,2.16,25.41,24,-4.020,1,41.1
1937.370,+0.1323,+0.1115,-0.0467,-0.0371,-0.5086,7.156,-4.757,0.941,-1.451,0.0000,0.0000,0.0000,0.0000,0.0000,0.0000,0.0000,0.0000,1.96,25.30,24,-3.340,1,35.0
1937.508,+0.1093,+0.1709,-0.0467,-0.0400,-0.5171,7.313,-4.999,1.123,-0.864,0.0000,0.0000,0.0000,0.0000,0.0000,0.0000,0.0000,0.0000,1.96,25.30,24,-2.940,1,35.0
1937.701,+0.1208,+0.1878,-0.0400,-0.0443,-0.5414,7.448,-4.677,-0.001,0.702,0.0000,0.0000,0.0000,0.0000,0.0000,0.0000,0.0000,0.0000,1.60,25.14,25,-1.290,1,26.3
1937.945,+0.1794,+0.2738,-0.0467,-0.0443,-0.5614,7.128,-3.475,-1.336,2.631,0.0000,0.0000,0.0000,0.0000,0.0000,0.0000,0.0000,0.0000,0.99,24.88,25,0.790,1,10.3
1938.460,+0.2437,+0.0481,-0.4400,0.2314,-0.5771,-2.419,-3.208,4.552,-1.909,0.0000,0.0000,0.0000,0.0000,0.0000,0.0000,0.0000,0.0000,0.26,2.67,31,11.360,1,8.0
1940.434,+0.6729,-0.0778,-0.4533,0.0043,-0.9957,-0.589,-3.190,1.250,-0.451,0.0000,0.0000,0.0000,0.0000,0.0000,0.0000,0.0000,0.0000,0.25,0.00,32,10.010,1,9.6
1941.556,+0.8500,-0.0741,-0.7867,0.2371,-0.7629,-0.380,-3.271,2.207,-0.041,0.0000,0.0000,0.0000,0.0000,0.0000,0.0000,0.0000,0.0000,0.25,0.00,33,8.040,1,9.6
